time,latitude,longitude,year,month,day,station,salmon_smolt_count_per_day,date,week,dailyCountCum,dailyPercentageCum
1970-04-13T00:00:00Z,-9.578038,53.922202,1970,4,13,Newport,4,1970-04-13,15,4,0.02786485545106235
1970-04-14T00:00:00Z,-9.578038,53.922202,1970,4,14,Newport,1,1970-04-14,15,5,0.034831069313827935
1970-04-17T00:00:00Z,-9.578038,53.922202,1970,4,17,Newport,5,1970-04-17,16,10,0.06966213862765587
1970-04-18T00:00:00Z,-9.578038,53.922202,1970,4,18,Newport,7,1970-04-18,16,17,0.11842563566701499
1970-04-19T00:00:00Z,-9.578038,53.922202,1970,4,19,Newport,36,1970-04-19,16,53,0.3692093347265761
1970-04-20T00:00:00Z,-9.578038,53.922202,1970,4,20,Newport,17,1970-04-20,16,70,0.48763497039359105
1970-04-21T00:00:00Z,-9.578038,53.922202,1970,4,21,Newport,5,1970-04-21,16,75,0.522466039707419
1970-04-22T00:00:00Z,-9.578038,53.922202,1970,4,22,Newport,28,1970-04-22,16,103,0.7175200278648555
1970-04-23T00:00:00Z,-9.578038,53.922202,1970,4,23,Newport,33,1970-04-23,17,136,0.9474050853361199
1970-04-24T00:00:00Z,-9.578038,53.922202,1970,4,24,Newport,83,1970-04-24,17,219,1.5256008359456636
1970-04-25T00:00:00Z,-9.578038,53.922202,1970,4,25,Newport,88,1970-04-25,17,307,2.138627655869035
1970-04-26T00:00:00Z,-9.578038,53.922202,1970,4,26,Newport,61,1970-04-26,17,368,2.563566701497736
1970-04-27T00:00:00Z,-9.578038,53.922202,1970,4,27,Newport,78,1970-04-27,17,446,3.106931382793452
1970-04-28T00:00:00Z,-9.578038,53.922202,1970,4,28,Newport,64,1970-04-28,17,510,3.5527690700104495
1970-04-29T00:00:00Z,-9.578038,53.922202,1970,4,29,Newport,62,1970-04-29,17,572,3.984674329501916
1970-04-30T00:00:00Z,-9.578038,53.922202,1970,4,30,Newport,117,1970-04-30,18,689,4.7997213514454895
1970-05-01T00:00:00Z,-9.578038,53.922202,1970,5,1,Newport,68,1970-05-01,18,757,5.273423894113549
1970-05-02T00:00:00Z,-9.578038,53.922202,1970,5,2,Newport,289,1970-05-02,18,1046,7.2866597004528035
1970-05-03T00:00:00Z,-9.578038,53.922202,1970,5,3,Newport,141,1970-05-03,18,1187,8.268895855102752
1970-05-04T00:00:00Z,-9.578038,53.922202,1970,5,4,Newport,186,1970-05-04,18,1373,9.564611633577151
1970-05-05T00:00:00Z,-9.578038,53.922202,1970,5,5,Newport,443,1970-05-05,18,1816,12.650644374782305
1970-05-06T00:00:00Z,-9.578038,53.922202,1970,5,6,Newport,1721,1970-05-06,18,3537,24.63949843260188
1970-05-07T00:00:00Z,-9.578038,53.922202,1970,5,7,Newport,737,1970-05-07,19,4274,29.77359804946012
1970-05-08T00:00:00Z,-9.578038,53.922202,1970,5,8,Newport,372,1970-05-08,19,4646,32.36502960640892
1970-05-09T00:00:00Z,-9.578038,53.922202,1970,5,9,Newport,265,1970-05-09,19,4911,34.211076280041794
1970-05-10T00:00:00Z,-9.578038,53.922202,1970,5,10,Newport,413,1970-05-10,19,5324,37.088122605363985
1970-05-11T00:00:00Z,-9.578038,53.922202,1970,5,11,Newport,350,1970-05-11,19,5674,39.526297457331935
1970-05-12T00:00:00Z,-9.578038,53.922202,1970,5,12,Newport,1104,1970-05-12,19,6778,47.216997561825146
1970-05-13T00:00:00Z,-9.578038,53.922202,1970,5,13,Newport,1066,1970-05-13,19,7844,54.64298153953327
1970-05-14T00:00:00Z,-9.578038,53.922202,1970,5,14,Newport,1136,1970-05-14,20,8980,62.556600487634974
1970-05-15T00:00:00Z,-9.578038,53.922202,1970,5,15,Newport,861,1970-05-15,20,9841,68.55451062347613
1970-05-16T00:00:00Z,-9.578038,53.922202,1970,5,16,Newport,190,1970-05-16,20,10031,69.878091257401593
1970-05-17T00:00:00Z,-9.578038,53.922202,1970,5,17,Newport,28,1970-05-17,20,10059,70.07314524555905
1970-05-18T00:00:00Z,-9.578038,53.922202,1970,5,18,Newport,34,1970-05-18,20,10093,70.30999651689307
1970-05-19T00:00:00Z,-9.578038,53.922202,1970,5,19,Newport,46,1970-05-19,20,10139,70.63044235458028
1970-05-20T00:00:00Z,-9.578038,53.922202,1970,5,20,Newport,53,1970-05-20,20,10192,70.99965168930686
1970-05-21T00:00:00Z,-9.578038,53.922202,1970,5,21,Newport,26,1970-05-21,21,10218,71.18077324973878
1970-05-22T00:00:00Z,-9.578038,53.922202,1970,5,22,Newport,188,1970-05-22,21,10406,72.4904214559387
1970-05-23T00:00:00Z,-9.578038,53.922202,1970,5,23,Newport,476,1970-05-23,21,10882,75.80633925461512
1970-05-24T00:00:00Z,-9.578038,53.922202,1970,5,24,Newport,374,1970-05-24,21,11256,78.41170323928944
1970-05-25T00:00:00Z,-9.578038,53.922202,1970,5,25,Newport,513,1970-05-25,21,11769,81.9853709508882
1970-05-26T00:00:00Z,-9.578038,53.922202,1970,5,26,Newport,847,1970-05-26,21,12616,87.88575409265064
1970-05-27T00:00:00Z,-9.578038,53.922202,1970,5,27,Newport,297,1970-05-27,21,12913,89.95471960989202
1970-05-28T00:00:00Z,-9.578038,53.922202,1970,5,28,Newport,415,1970-05-28,22,13328,92.84569836293974
1970-05-29T00:00:00Z,-9.578038,53.922202,1970,5,29,Newport,144,1970-05-29,22,13472,93.84883315917799
1970-05-30T00:00:00Z,-9.578038,53.922202,1970,5,30,Newport,88,1970-05-30,22,13560,94.46185997910136
1970-05-31T00:00:00Z,-9.578038,53.922202,1970,5,31,Newport,41,1970-05-31,22,13601,94.74747474747474
1970-06-01T00:00:00Z,-9.578038,53.922202,1970,6,1,Newport,111,1970-06-01,22,13712,95.52072448624173
1970-06-02T00:00:00Z,-9.578038,53.922202,1970,6,2,Newport,116,1970-06-02,22,13828,96.32880529432254
1970-06-03T00:00:00Z,-9.578038,53.922202,1970,6,3,Newport,182,1970-06-03,22,14010,97.59665621734587
1970-06-04T00:00:00Z,-9.578038,53.922202,1970,6,4,Newport,141,1970-06-04,23,14151,98.57889237199582
1970-06-05T00:00:00Z,-9.578038,53.922202,1970,6,5,Newport,96,1970-06-05,23,14247,99.24764890282131
1970-06-06T00:00:00Z,-9.578038,53.922202,1970,6,6,Newport,36,1970-06-06,23,14283,99.49843260188088
1970-06-07T00:00:00Z,-9.578038,53.922202,1970,6,7,Newport,16,1970-06-07,23,14299,99.60989202368513
1970-06-08T00:00:00Z,-9.578038,53.922202,1970,6,8,Newport,16,1970-06-08,23,14315,99.72135144548938
1970-06-09T00:00:00Z,-9.578038,53.922202,1970,6,9,Newport,10,1970-06-09,23,14325,99.79101358411702
1970-06-10T00:00:00Z,-9.578038,53.922202,1970,6,10,Newport,6,1970-06-10,23,14331,99.83281086729363
1970-06-11T00:00:00Z,-9.578038,53.922202,1970,6,11,Newport,10,1970-06-11,24,14341,99.90247300592128
1970-06-12T00:00:00Z,-9.578038,53.922202,1970,6,12,Newport,3,1970-06-12,24,14344,99.92337164750957
1970-06-13T00:00:00Z,-9.578038,53.922202,1970,6,13,Newport,2,1970-06-13,24,14346,99.93730407523512
1970-06-14T00:00:00Z,-9.578038,53.922202,1970,6,14,Newport,2,1970-06-14,24,14348,99.95123650296064
1970-06-15T00:00:00Z,-9.578038,53.922202,1970,6,15,Newport,2,1970-06-15,24,14350,99.96516893068618
1970-07-12T00:00:00Z,-9.578038,53.922202,1970,7,12,Newport,5,1970-07-12,28,14355,100
1971-03-30T00:00:00Z,-9.578038,53.922202,1971,3,30,Newport,1,1971-03-30,13,1,0.007211365111415591
1971-03-31T00:00:00Z,-9.578038,53.922202,1971,3,31,Newport,1,1971-03-31,13,2,0.014422730222831182
1971-04-04T00:00:00Z,-9.578038,53.922202,1971,4,4,Newport,1,1971-04-04,14,3,0.02163409533424677
1971-04-05T00:00:00Z,-9.578038,53.922202,1971,4,5,Newport,1,1971-04-05,14,4,0.028845460445662365
1971-04-09T00:00:00Z,-9.578038,53.922202,1971,4,9,Newport,2,1971-04-09,15,6,0.04326819066849354
1971-04-11T00:00:00Z,-9.578038,53.922202,1971,4,11,Newport,6,1971-04-11,15,12,0.08653638133698709
1971-04-12T00:00:00Z,-9.578038,53.922202,1971,4,12,Newport,3,1971-04-12,15,15,0.10817047667123385
1971-04-13T00:00:00Z,-9.578038,53.922202,1971,4,13,Newport,3,1971-04-13,15,18,0.12980457200548065
1971-04-14T00:00:00Z,-9.578038,53.922202,1971,4,14,Newport,4,1971-04-14,15,22,0.158650032451143
1971-04-15T00:00:00Z,-9.578038,53.922202,1971,4,15,Newport,13,1971-04-15,15,35,0.2523977788995457
1971-04-16T00:00:00Z,-9.578038,53.922202,1971,4,16,Newport,9,1971-04-16,16,44,0.317300064902286
1971-04-17T00:00:00Z,-9.578038,53.922202,1971,4,17,Newport,9,1971-04-17,16,53,0.3822023509050263
1971-04-18T00:00:00Z,-9.578038,53.922202,1971,4,18,Newport,36,1971-04-18,16,89,0.6418114949159875
1971-04-19T00:00:00Z,-9.578038,53.922202,1971,4,19,Newport,17,1971-04-19,16,106,0.7644047018100526
1971-04-20T00:00:00Z,-9.578038,53.922202,1971,4,20,Newport,14,1971-04-20,16,120,0.8653638133698708
1971-04-21T00:00:00Z,-9.578038,53.922202,1971,4,21,Newport,17,1971-04-21,16,137,0.987957020263936
1971-04-22T00:00:00Z,-9.578038,53.922202,1971,4,22,Newport,14,1971-04-22,16,151,1.0889161318237541
1971-04-23T00:00:00Z,-9.578038,53.922202,1971,4,23,Newport,57,1971-04-23,17,208,1.499963943174443
1971-04-24T00:00:00Z,-9.578038,53.922202,1971,4,24,Newport,119,1971-04-24,17,327,2.3581163914328984
1971-04-25T00:00:00Z,-9.578038,53.922202,1971,4,25,Newport,50,1971-04-25,17,377,2.718684647003678
1971-04-26T00:00:00Z,-9.578038,53.922202,1971,4,26,Newport,49,1971-04-26,17,426,3.0720415374630416
1971-04-27T00:00:00Z,-9.578038,53.922202,1971,4,27,Newport,31,1971-04-27,17,457,3.295593855916925
1971-04-28T00:00:00Z,-9.578038,53.922202,1971,4,28,Newport,24,1971-04-28,17,481,3.4686666185908996
1971-04-29T00:00:00Z,-9.578038,53.922202,1971,4,29,Newport,59,1971-04-29,17,540,3.894137160164419
1971-04-30T00:00:00Z,-9.578038,53.922202,1971,4,30,Newport,14,1971-04-30,18,554,3.9950962717242375
1971-05-02T00:00:00Z,-9.578038,53.922202,1971,5,2,Newport,49,1971-05-02,18,603,4.348453162183601
1971-05-03T00:00:00Z,-9.578038,53.922202,1971,5,3,Newport,20,1971-05-03,18,623,4.492680464411913
1971-05-04T00:00:00Z,-9.578038,53.922202,1971,5,4,Newport,37,1971-05-04,18,660,4.75950097353429
1971-05-05T00:00:00Z,-9.578038,53.922202,1971,5,5,Newport,807,1971-05-05,18,1467,10.579072618446672
1971-05-06T00:00:00Z,-9.578038,53.922202,1971,5,6,Newport,1141,1971-05-06,18,2608,18.80724021057186
1971-05-07T00:00:00Z,-9.578038,53.922202,1971,5,7,Newport,90,1971-05-07,19,2698,19.456263070599263
1971-05-08T00:00:00Z,-9.578038,53.922202,1971,5,8,Newport,33,1971-05-08,19,2731,19.69423811927598
1971-05-09T00:00:00Z,-9.578038,53.922202,1971,5,9,Newport,19,1971-05-09,19,2750,19.831254056392876
1971-05-10T00:00:00Z,-9.578038,53.922202,1971,5,10,Newport,121,1971-05-10,19,2871,20.70382923487416
1971-05-11T00:00:00Z,-9.578038,53.922202,1971,5,11,Newport,1013,1971-05-11,19,3884,28.008942092738152
1971-05-12T00:00:00Z,-9.578038,53.922202,1971,5,12,Newport,1241,1971-05-12,19,5125,36.9582461960049
1971-05-13T00:00:00Z,-9.578038,53.922202,1971,5,13,Newport,2711,1971-05-13,19,7836,56.50825701305258
1971-05-14T00:00:00Z,-9.578038,53.922202,1971,5,14,Newport,146,1971-05-14,20,7982,57.56111631931925
1971-05-15T00:00:00Z,-9.578038,53.922202,1971,5,15,Newport,66,1971-05-15,20,8048,58.03706641667268
1971-05-16T00:00:00Z,-9.578038,53.922202,1971,5,16,Newport,17,1971-05-16,20,8065,58.15965962356674
1971-05-17T00:00:00Z,-9.578038,53.922202,1971,5,17,Newport,6,1971-05-17,20,8071,58.20292781423524
1971-05-18T00:00:00Z,-9.578038,53.922202,1971,5,18,Newport,58,1971-05-18,20,8129,58.62118699069734
1971-05-19T00:00:00Z,-9.578038,53.922202,1971,5,19,Newport,36,1971-05-19,20,8165,58.880796134708305
1971-05-20T00:00:00Z,-9.578038,53.922202,1971,5,20,Newport,110,1971-05-20,20,8275,59.674046296964015
1971-05-21T00:00:00Z,-9.578038,53.922202,1971,5,21,Newport,1802,1971-05-21,21,10077,72.66892622773491
1971-05-22T00:00:00Z,-9.578038,53.922202,1971,5,22,Newport,163,1971-05-22,21,10240,73.84437874089565
1971-05-23T00:00:00Z,-9.578038,53.922202,1971,5,23,Newport,225,1971-05-23,21,10465,75.46693589096417
1971-05-24T00:00:00Z,-9.578038,53.922202,1971,5,24,Newport,63,1971-05-24,21,10528,75.92125189298335
1971-05-25T00:00:00Z,-9.578038,53.922202,1971,5,25,Newport,298,1971-05-25,21,10826,78.07023869618519
1971-05-26T00:00:00Z,-9.578038,53.922202,1971,5,26,Newport,195,1971-05-26,21,11021,79.47645489291124
1971-05-27T00:00:00Z,-9.578038,53.922202,1971,5,27,Newport,179,1971-05-27,21,11200,80.76728924785462
1971-05-28T00:00:00Z,-9.578038,53.922202,1971,5,28,Newport,549,1971-05-28,22,11749,84.72632869402177
1971-05-29T00:00:00Z,-9.578038,53.922202,1971,5,29,Newport,365,1971-05-29,22,12114,87.35847695968847
1971-05-30T00:00:00Z,-9.578038,53.922202,1971,5,30,Newport,1051,1971-05-30,22,13165,94.93762169178626
1971-05-31T00:00:00Z,-9.578038,53.922202,1971,5,31,Newport,120,1971-05-31,22,13285,95.80298550515613
1971-06-01T00:00:00Z,-9.578038,53.922202,1971,6,1,Newport,188,1971-06-01,22,13473,97.15872214610226
1971-06-02T00:00:00Z,-9.578038,53.922202,1971,6,2,Newport,65,1971-06-02,22,13538,97.62746087834428
1971-06-03T00:00:00Z,-9.578038,53.922202,1971,6,3,Newport,50,1971-06-03,22,13588,97.98802913391505
1971-06-04T00:00:00Z,-9.578038,53.922202,1971,6,4,Newport,18,1971-06-04,23,13606,98.11783370592053
1971-06-05T00:00:00Z,-9.578038,53.922202,1971,6,5,Newport,24,1971-06-05,23,13630,98.29090646859451
1971-06-06T00:00:00Z,-9.578038,53.922202,1971,6,6,Newport,19,1971-06-06,23,13649,98.4279224057114
1971-06-07T00:00:00Z,-9.578038,53.922202,1971,6,7,Newport,14,1971-06-07,23,13663,98.52888151727122
1971-06-08T00:00:00Z,-9.578038,53.922202,1971,6,8,Newport,22,1971-06-08,23,13685,98.68753154972237
1971-06-09T00:00:00Z,-9.578038,53.922202,1971,6,9,Newport,6,1971-06-09,23,13691,98.73079974039085
1971-06-10T00:00:00Z,-9.578038,53.922202,1971,6,10,Newport,3,1971-06-10,23,13694,98.7524338357251
1971-06-11T00:00:00Z,-9.578038,53.922202,1971,6,11,Newport,10,1971-06-11,24,13704,98.82454748683925
1971-06-12T00:00:00Z,-9.578038,53.922202,1971,6,12,Newport,1,1971-06-12,24,13705,98.83175885195068
1971-06-13T00:00:00Z,-9.578038,53.922202,1971,6,13,Newport,8,1971-06-13,24,13713,98.889449772842
1971-06-14T00:00:00Z,-9.578038,53.922202,1971,6,14,Newport,7,1971-06-14,24,13720,98.93992932862191
1971-06-15T00:00:00Z,-9.578038,53.922202,1971,6,15,Newport,4,1971-06-15,24,13724,98.96877478906757
1971-06-16T00:00:00Z,-9.578038,53.922202,1971,6,16,Newport,3,1971-06-16,24,13727,98.99040888440182
1971-06-17T00:00:00Z,-9.578038,53.922202,1971,6,17,Newport,6,1971-06-17,24,13733,99.03367707507032
1971-06-19T00:00:00Z,-9.578038,53.922202,1971,6,19,Newport,11,1971-06-19,25,13744,99.11300209129588
1971-06-20T00:00:00Z,-9.578038,53.922202,1971,6,20,Newport,33,1971-06-20,25,13777,99.3509771399726
1971-06-21T00:00:00Z,-9.578038,53.922202,1971,6,21,Newport,47,1971-06-21,25,13824,99.68991130020913
1971-06-22T00:00:00Z,-9.578038,53.922202,1971,6,22,Newport,12,1971-06-22,25,13836,99.77644768154612
1971-06-23T00:00:00Z,-9.578038,53.922202,1971,6,23,Newport,16,1971-06-23,25,13852,99.89182952332877
1971-06-24T00:00:00Z,-9.578038,53.922202,1971,6,24,Newport,9,1971-06-24,25,13861,99.95673180933152
1971-06-27T00:00:00Z,-9.578038,53.922202,1971,6,27,Newport,1,1971-06-27,26,13862,99.96394317444293
1971-06-28T00:00:00Z,-9.578038,53.922202,1971,6,28,Newport,3,1971-06-28,26,13865,99.98557726977717
1971-06-29T00:00:00Z,-9.578038,53.922202,1971,6,29,Newport,2,1971-06-29,26,13867,100
1972-04-06T00:00:00Z,-9.578038,53.922202,1972,4,6,Newport,1,1972-04-06,14,1,0.007125552230297848
1972-04-07T00:00:00Z,-9.578038,53.922202,1972,4,7,Newport,5,1972-04-07,14,6,0.04275331338178709
1972-04-08T00:00:00Z,-9.578038,53.922202,1972,4,8,Newport,3,1972-04-08,15,9,0.06412997007268063
1972-04-09T00:00:00Z,-9.578038,53.922202,1972,4,9,Newport,6,1972-04-09,15,15,0.10688328345446774
1972-04-10T00:00:00Z,-9.578038,53.922202,1972,4,10,Newport,10,1972-04-10,15,25,0.1781388057574462
1972-04-11T00:00:00Z,-9.578038,53.922202,1972,4,11,Newport,9,1972-04-11,15,34,0.24226877583012682
1972-04-12T00:00:00Z,-9.578038,53.922202,1972,4,12,Newport,24,1972-04-12,15,58,0.4132820293572752
1972-04-13T00:00:00Z,-9.578038,53.922202,1972,4,13,Newport,10,1972-04-13,15,68,0.48453755166025364
1972-04-14T00:00:00Z,-9.578038,53.922202,1972,4,14,Newport,9,1972-04-14,15,77,0.5486675217329343
1972-04-15T00:00:00Z,-9.578038,53.922202,1972,4,15,Newport,8,1972-04-15,16,85,0.6056719395753171
1972-04-16T00:00:00Z,-9.578038,53.922202,1972,4,16,Newport,150,1972-04-16,16,235,1.6745047741199943
1972-04-17T00:00:00Z,-9.578038,53.922202,1972,4,17,Newport,72,1972-04-17,16,307,2.1875445347014395
1972-04-18T00:00:00Z,-9.578038,53.922202,1972,4,18,Newport,88,1972-04-18,16,395,2.81459313096765
1972-04-19T00:00:00Z,-9.578038,53.922202,1972,4,19,Newport,50,1972-04-19,16,445,3.170870742482542
1972-04-20T00:00:00Z,-9.578038,53.922202,1972,4,20,Newport,37,1972-04-20,16,482,3.434516175003563
1972-04-21T00:00:00Z,-9.578038,53.922202,1972,4,21,Newport,38,1972-04-21,16,520,3.705287159754881
1972-04-22T00:00:00Z,-9.578038,53.922202,1972,4,22,Newport,35,1972-04-22,17,555,3.954681487815306
1972-04-23T00:00:00Z,-9.578038,53.922202,1972,4,23,Newport,22,1972-04-23,17,577,4.111443636881859
1972-04-24T00:00:00Z,-9.578038,53.922202,1972,4,24,Newport,30,1972-04-24,17,607,4.325210203790794
1972-04-25T00:00:00Z,-9.578038,53.922202,1972,4,25,Newport,25,1972-04-25,17,632,4.5033490095482405
1972-04-26T00:00:00Z,-9.578038,53.922202,1972,4,26,Newport,27,1972-04-26,17,659,4.695738919766282
1972-04-27T00:00:00Z,-9.578038,53.922202,1972,4,27,Newport,102,1972-04-27,17,761,5.422545247256663
1972-04-28T00:00:00Z,-9.578038,53.922202,1972,4,28,Newport,467,1972-04-28,17,1228,8.750178138805758
1972-04-29T00:00:00Z,-9.578038,53.922202,1972,4,29,Newport,611,1972-04-29,18,1839,13.103890551517743
1972-04-30T00:00:00Z,-9.578038,53.922202,1972,4,30,Newport,753,1972-04-30,18,2592,18.469431380932022
1972-05-01T00:00:00Z,-9.578038,53.922202,1972,5,1,Newport,482,1972-05-01,18,3074,21.903947555935584
1972-05-02T00:00:00Z,-9.578038,53.922202,1972,5,2,Newport,185,1972-05-02,18,3259,23.222174718540685
1972-05-03T00:00:00Z,-9.578038,53.922202,1972,5,3,Newport,192,1972-05-03,18,3451,24.590280746757873
1972-05-04T00:00:00Z,-9.578038,53.922202,1972,5,4,Newport,267,1972-05-04,18,3718,26.4928031922474
1972-05-05T00:00:00Z,-9.578038,53.922202,1972,5,5,Newport,59,1972-05-05,18,3777,26.913210773834972
1972-05-06T00:00:00Z,-9.578038,53.922202,1972,5,6,Newport,977,1972-05-06,19,4754,33.874875302835974
1972-05-07T00:00:00Z,-9.578038,53.922202,1972,5,7,Newport,232,1972-05-07,19,4986,35.52800342026507
1972-05-08T00:00:00Z,-9.578038,53.922202,1972,5,8,Newport,2192,1972-05-08,19,7178,51.14721390907795
1972-05-09T00:00:00Z,-9.578038,53.922202,1972,5,9,Newport,421,1972-05-09,19,7599,54.147071398033354
1972-05-10T00:00:00Z,-9.578038,53.922202,1972,5,10,Newport,1446,1972-05-10,19,9045,64.45061992304404
1972-05-11T00:00:00Z,-9.578038,53.922202,1972,5,11,Newport,416,1972-05-11,19,9461,67.41484965084794
1972-05-12T00:00:00Z,-9.578038,53.922202,1972,5,12,Newport,320,1972-05-12,19,9781,69.69502636454325
1972-05-13T00:00:00Z,-9.578038,53.922202,1972,5,13,Newport,75,1972-05-13,20,9856,70.22944278181559
1972-05-14T00:00:00Z,-9.578038,53.922202,1972,5,14,Newport,96,1972-05-14,20,9952,70.91349579592419
1972-05-15T00:00:00Z,-9.578038,53.922202,1972,5,15,Newport,16,1972-05-15,20,9968,71.02750463160895
1972-05-16T00:00:00Z,-9.578038,53.922202,1972,5,16,Newport,241,1972-05-16,20,10209,72.74476271911074
1972-05-17T00:00:00Z,-9.578038,53.922202,1972,5,17,Newport,100,1972-05-17,20,10309,73.45731794214052
1972-05-18T00:00:00Z,-9.578038,53.922202,1972,5,18,Newport,63,1972-05-18,20,10372,73.90622773264927
1972-05-19T00:00:00Z,-9.578038,53.922202,1972,5,19,Newport,1374,1972-05-19,20,11746,83.69673649707853
1972-05-20T00:00:00Z,-9.578038,53.922202,1972,5,20,Newport,123,1972-05-20,21,11869,84.57317942140516
1972-05-21T00:00:00Z,-9.578038,53.922202,1972,5,21,Newport,46,1972-05-21,21,11915,84.90095482399886
1972-05-22T00:00:00Z,-9.578038,53.922202,1972,5,22,Newport,151,1972-05-22,21,12066,85.97691321077383
1972-05-23T00:00:00Z,-9.578038,53.922202,1972,5,23,Newport,948,1972-05-23,21,13014,92.7319367250962
1972-05-24T00:00:00Z,-9.578038,53.922202,1972,5,24,Newport,40,1972-05-24,21,13054,93.0169588143081
1972-05-25T00:00:00Z,-9.578038,53.922202,1972,5,25,Newport,67,1972-05-25,21,13121,93.49437081373807
1972-05-26T00:00:00Z,-9.578038,53.922202,1972,5,26,Newport,239,1972-05-26,21,13360,95.19737779677925
1972-05-27T00:00:00Z,-9.578038,53.922202,1972,5,27,Newport,99,1972-05-27,22,13459,95.90280746757873
1972-05-28T00:00:00Z,-9.578038,53.922202,1972,5,28,Newport,40,1972-05-28,22,13499,96.18782955679065
1972-05-29T00:00:00Z,-9.578038,53.922202,1972,5,29,Newport,65,1972-05-29,22,13564,96.65099045176001
1972-05-30T00:00:00Z,-9.578038,53.922202,1972,5,30,Newport,174,1972-05-30,22,13738,97.89083653983184
1972-05-31T00:00:00Z,-9.578038,53.922202,1972,5,31,Newport,101,1972-05-31,22,13839,98.61051731509191
1972-06-01T00:00:00Z,-9.578038,53.922202,1972,6,1,Newport,28,1972-06-01,22,13867,98.81003277754026
1972-06-02T00:00:00Z,-9.578038,53.922202,1972,6,2,Newport,26,1972-06-02,22,13893,98.995297135528
1972-06-03T00:00:00Z,-9.578038,53.922202,1972,6,3,Newport,26,1972-06-03,23,13919,99.18056149351575
1972-06-04T00:00:00Z,-9.578038,53.922202,1972,6,4,Newport,34,1972-06-04,23,13953,99.42283026934588
1972-06-05T00:00:00Z,-9.578038,53.922202,1972,6,5,Newport,27,1972-06-05,23,13980,99.6152201795639
1972-06-06T00:00:00Z,-9.578038,53.922202,1972,6,6,Newport,4,1972-06-06,23,13984,99.64372238848512
1972-06-07T00:00:00Z,-9.578038,53.922202,1972,6,7,Newport,9,1972-06-07,23,13993,99.70785235855779
1972-06-08T00:00:00Z,-9.578038,53.922202,1972,6,8,Newport,6,1972-06-08,23,13999,99.75060567193957
1972-06-09T00:00:00Z,-9.578038,53.922202,1972,6,9,Newport,8,1972-06-09,23,14007,99.80761008978196
1972-06-10T00:00:00Z,-9.578038,53.922202,1972,6,10,Newport,3,1972-06-10,24,14010,99.82898674647285
1972-06-11T00:00:00Z,-9.578038,53.922202,1972,6,11,Newport,7,1972-06-11,24,14017,99.87886561208494
1972-06-17T00:00:00Z,-9.578038,53.922202,1972,6,17,Newport,2,1972-06-17,25,14019,99.89311671654552
1972-06-19T00:00:00Z,-9.578038,53.922202,1972,6,19,Newport,5,1972-06-19,25,14024,99.92874447769702
1972-06-21T00:00:00Z,-9.578038,53.922202,1972,6,21,Newport,1,1972-06-21,25,14025,99.93587002992732
1972-06-23T00:00:00Z,-9.578038,53.922202,1972,6,23,Newport,3,1972-06-23,25,14028,99.95724668661822
1972-07-04T00:00:00Z,-9.578038,53.922202,1972,7,4,Newport,4,1972-07-04,27,14032,99.9857488955394
1972-07-06T00:00:00Z,-9.578038,53.922202,1972,7,6,Newport,1,1972-07-06,27,14033,99.9928744477697
1972-07-09T00:00:00Z,-9.578038,53.922202,1972,7,9,Newport,1,1972-07-09,28,14034,100
1973-04-03T00:00:00Z,-9.578038,53.922202,1973,4,3,Newport,1,1973-04-03,14,1,0.008863676653075695
1973-04-05T00:00:00Z,-9.578038,53.922202,1973,4,5,Newport,1,1973-04-05,14,2,0.01772735330615139
1973-04-06T00:00:00Z,-9.578038,53.922202,1973,4,6,Newport,4,1973-04-06,14,6,0.05318205991845417
1973-04-07T00:00:00Z,-9.578038,53.922202,1973,4,7,Newport,1,1973-04-07,14,7,0.06204573657152987
1973-04-08T00:00:00Z,-9.578038,53.922202,1973,4,8,Newport,4,1973-04-08,14,11,0.09750044318383265
1973-04-09T00:00:00Z,-9.578038,53.922202,1973,4,9,Newport,2,1973-04-09,15,13,0.11522779648998405
1973-04-10T00:00:00Z,-9.578038,53.922202,1973,4,10,Newport,4,1973-04-10,15,17,0.15068250310228684
1973-04-11T00:00:00Z,-9.578038,53.922202,1973,4,11,Newport,2,1973-04-11,15,19,0.16840985640843822
1973-04-12T00:00:00Z,-9.578038,53.922202,1973,4,12,Newport,6,1973-04-12,15,25,0.22159191632689237
1973-04-13T00:00:00Z,-9.578038,53.922202,1973,4,13,Newport,7,1973-04-13,15,32,0.28363765289842224
1973-04-14T00:00:00Z,-9.578038,53.922202,1973,4,14,Newport,22,1973-04-14,15,54,0.47863853926608757
1973-04-15T00:00:00Z,-9.578038,53.922202,1973,4,15,Newport,5,1973-04-15,15,59,0.5229569225314661
1973-04-16T00:00:00Z,-9.578038,53.922202,1973,4,16,Newport,7,1973-04-16,16,66,0.5850026591029959
1973-04-17T00:00:00Z,-9.578038,53.922202,1973,4,17,Newport,3,1973-04-17,16,69,0.611593689062223
1973-04-18T00:00:00Z,-9.578038,53.922202,1973,4,18,Newport,15,1973-04-18,16,84,0.7445488388583584
1973-04-19T00:00:00Z,-9.578038,53.922202,1973,4,19,Newport,9,1973-04-19,16,93,0.8243219287360397
1973-04-20T00:00:00Z,-9.578038,53.922202,1973,4,20,Newport,4,1973-04-20,16,97,0.8597766353483425
1973-04-21T00:00:00Z,-9.578038,53.922202,1973,4,21,Newport,8,1973-04-21,16,105,0.9306860485729481
1973-04-22T00:00:00Z,-9.578038,53.922202,1973,4,22,Newport,4,1973-04-22,16,109,0.9661407551852509
1973-04-23T00:00:00Z,-9.578038,53.922202,1973,4,23,Newport,7,1973-04-23,17,116,1.0281864917567807
1973-04-24T00:00:00Z,-9.578038,53.922202,1973,4,24,Newport,14,1973-04-24,17,130,1.1522779648998405
1973-04-25T00:00:00Z,-9.578038,53.922202,1973,4,25,Newport,25,1973-04-25,17,155,1.373869881226733
1973-04-26T00:00:00Z,-9.578038,53.922202,1973,4,26,Newport,71,1973-04-26,17,226,2.003190923595107
1973-04-27T00:00:00Z,-9.578038,53.922202,1973,4,27,Newport,39,1973-04-27,17,265,2.3488743130650596
1973-04-28T00:00:00Z,-9.578038,53.922202,1973,4,28,Newport,7,1973-04-28,17,272,2.4109200496365895
1973-04-29T00:00:00Z,-9.578038,53.922202,1973,4,29,Newport,5,1973-04-29,17,277,2.4552384329019676
1973-04-30T00:00:00Z,-9.578038,53.922202,1973,4,30,Newport,46,1973-04-30,18,323,2.86296755894345
1973-05-01T00:00:00Z,-9.578038,53.922202,1973,5,1,Newport,12,1973-05-01,18,335,2.969331678780358
1973-05-02T00:00:00Z,-9.578038,53.922202,1973,5,2,Newport,27,1973-05-02,18,362,3.2086509484134016
1973-05-03T00:00:00Z,-9.578038,53.922202,1973,5,3,Newport,328,1973-05-03,18,690,6.115936890622231
1973-05-04T00:00:00Z,-9.578038,53.922202,1973,5,4,Newport,152,1973-05-04,18,842,7.463215741889735
1973-05-05T00:00:00Z,-9.578038,53.922202,1973,5,5,Newport,779,1973-05-05,18,1621,14.368019854635703
1973-05-06T00:00:00Z,-9.578038,53.922202,1973,5,6,Newport,313,1973-05-06,18,1934,17.142350647048396
1973-05-07T00:00:00Z,-9.578038,53.922202,1973,5,7,Newport,270,1973-05-07,19,2204,19.535543343378833
1973-05-08T00:00:00Z,-9.578038,53.922202,1973,5,8,Newport,908,1973-05-08,19,3112,27.583761744371564
1973-05-09T00:00:00Z,-9.578038,53.922202,1973,5,9,Newport,1019,1973-05-09,19,4131,36.615848253855695
1973-05-10T00:00:00Z,-9.578038,53.922202,1973,5,10,Newport,2195,1973-05-10,19,6326,56.071618507356845
1973-05-11T00:00:00Z,-9.578038,53.922202,1973,5,11,Newport,500,1973-05-11,19,6826,60.503456833894695
1973-05-12T00:00:00Z,-9.578038,53.922202,1973,5,12,Newport,2614,1973-05-12,19,9440,83.67310760503457
1973-05-13T00:00:00Z,-9.578038,53.922202,1973,5,13,Newport,547,1973-05-13,19,9987,88.52153873426697
1973-05-14T00:00:00Z,-9.578038,53.922202,1973,5,14,Newport,165,1973-05-14,20,10152,89.98404538202448
1973-05-15T00:00:00Z,-9.578038,53.922202,1973,5,15,Newport,171,1973-05-15,20,10323,91.49973408970041
1973-05-16T00:00:00Z,-9.578038,53.922202,1973,5,16,Newport,22,1973-05-16,20,10345,91.69473497606808
1973-05-17T00:00:00Z,-9.578038,53.922202,1973,5,17,Newport,28,1973-05-17,20,10373,91.9429179223542
1973-05-18T00:00:00Z,-9.578038,53.922202,1973,5,18,Newport,58,1973-05-18,20,10431,92.45701116823258
1973-05-19T00:00:00Z,-9.578038,53.922202,1973,5,19,Newport,32,1973-05-19,20,10463,92.740648821131
1973-05-20T00:00:00Z,-9.578038,53.922202,1973,5,20,Newport,58,1973-05-20,20,10521,93.2547420670094
1973-05-21T00:00:00Z,-9.578038,53.922202,1973,5,21,Newport,132,1973-05-21,21,10653,94.4247473852154
1973-05-22T00:00:00Z,-9.578038,53.922202,1973,5,22,Newport,100,1973-05-22,21,10753,95.31111505052296
1973-05-23T00:00:00Z,-9.578038,53.922202,1973,5,23,Newport,134,1973-05-23,21,10887,96.4988477220351
1973-05-24T00:00:00Z,-9.578038,53.922202,1973,5,24,Newport,68,1973-05-24,21,10955,97.10157773444425
1973-05-25T00:00:00Z,-9.578038,53.922202,1973,5,25,Newport,90,1973-05-25,21,11045,97.89930863322105
1973-05-26T00:00:00Z,-9.578038,53.922202,1973,5,26,Newport,40,1973-05-26,21,11085,98.25385569934409
1973-05-27T00:00:00Z,-9.578038,53.922202,1973,5,27,Newport,39,1973-05-27,21,11124,98.59953908881404
1973-05-28T00:00:00Z,-9.578038,53.922202,1973,5,28,Newport,26,1973-05-28,22,11150,98.829994681794
1973-05-29T00:00:00Z,-9.578038,53.922202,1973,5,29,Newport,11,1973-05-29,22,11161,98.92749512497784
1973-05-30T00:00:00Z,-9.578038,53.922202,1973,5,30,Newport,9,1973-05-30,22,11170,99.00726821485553
1973-05-31T00:00:00Z,-9.578038,53.922202,1973,5,31,Newport,2,1973-05-31,22,11172,99.02499556816167
1973-06-01T00:00:00Z,-9.578038,53.922202,1973,6,1,Newport,9,1973-06-01,22,11181,99.10476865803936
1973-06-02T00:00:00Z,-9.578038,53.922202,1973,6,2,Newport,13,1973-06-02,22,11194,99.21999645452934
1973-06-03T00:00:00Z,-9.578038,53.922202,1973,6,3,Newport,29,1973-06-03,22,11223,99.47704307746854
1973-06-04T00:00:00Z,-9.578038,53.922202,1973,6,4,Newport,14,1973-06-04,23,11237,99.60113455061159
1973-06-05T00:00:00Z,-9.578038,53.922202,1973,6,5,Newport,7,1973-06-05,23,11244,99.66318028718312
1973-06-06T00:00:00Z,-9.578038,53.922202,1973,6,6,Newport,6,1973-06-06,23,11250,99.71636234710158
1973-06-07T00:00:00Z,-9.578038,53.922202,1973,6,7,Newport,6,1973-06-07,23,11256,99.76954440702002
1973-06-08T00:00:00Z,-9.578038,53.922202,1973,6,8,Newport,2,1973-06-08,23,11258,99.78727176032618
1973-06-09T00:00:00Z,-9.578038,53.922202,1973,6,9,Newport,2,1973-06-09,23,11260,99.80499911363233
1973-06-12T00:00:00Z,-9.578038,53.922202,1973,6,12,Newport,6,1973-06-12,24,11266,99.85818117355079
1973-06-15T00:00:00Z,-9.578038,53.922202,1973,6,15,Newport,1,1973-06-15,24,11267,99.86704485020387
1973-06-16T00:00:00Z,-9.578038,53.922202,1973,6,16,Newport,1,1973-06-16,24,11268,99.87590852685693
1973-06-17T00:00:00Z,-9.578038,53.922202,1973,6,17,Newport,3,1973-06-17,24,11271,99.90249955681617
1973-06-18T00:00:00Z,-9.578038,53.922202,1973,6,18,Newport,4,1973-06-18,25,11275,99.93795426342848
1973-06-19T00:00:00Z,-9.578038,53.922202,1973,6,19,Newport,1,1973-06-19,25,11276,99.94681794008154
1973-06-20T00:00:00Z,-9.578038,53.922202,1973,6,20,Newport,2,1973-06-20,25,11278,99.9645452933877
1973-06-21T00:00:00Z,-9.578038,53.922202,1973,6,21,Newport,4,1973-06-21,25,11282,100
1974-01-17T00:00:00Z,-9.578038,53.922202,1974,1,17,Newport,1,1974-01-17,3,1,0.010001000100010001
1974-01-18T00:00:00Z,-9.578038,53.922202,1974,1,18,Newport,1,1974-01-18,3,2,0.020002000200020003
1974-03-17T00:00:00Z,-9.578038,53.922202,1974,3,17,Newport,2,1974-03-17,11,4,0.040004000400040006
1974-03-21T00:00:00Z,-9.578038,53.922202,1974,3,21,Newport,1,1974-03-21,12,5,0.05000500050005
1974-03-29T00:00:00Z,-9.578038,53.922202,1974,3,29,Newport,1,1974-03-29,13,6,0.06000600060006001
1974-03-30T00:00:00Z,-9.578038,53.922202,1974,3,30,Newport,3,1974-03-30,13,9,0.09000900090009001
1974-04-05T00:00:00Z,-9.578038,53.922202,1974,4,5,Newport,1,1974-04-05,14,10,0.1000100010001
1974-04-06T00:00:00Z,-9.578038,53.922202,1974,4,6,Newport,3,1974-04-06,14,13,0.13001300130013002
1974-04-07T00:00:00Z,-9.578038,53.922202,1974,4,7,Newport,8,1974-04-07,14,21,0.21002100210021002
1974-04-08T00:00:00Z,-9.578038,53.922202,1974,4,8,Newport,4,1974-04-08,14,25,0.25002500250025006
1974-04-09T00:00:00Z,-9.578038,53.922202,1974,4,9,Newport,3,1974-04-09,15,28,0.28002800280028
1974-04-10T00:00:00Z,-9.578038,53.922202,1974,4,10,Newport,3,1974-04-10,15,31,0.31003100310031007
1974-04-11T00:00:00Z,-9.578038,53.922202,1974,4,11,Newport,11,1974-04-11,15,42,0.42004200420042004
1974-04-12T00:00:00Z,-9.578038,53.922202,1974,4,12,Newport,2,1974-04-12,15,44,0.44004400440044
1974-04-13T00:00:00Z,-9.578038,53.922202,1974,4,13,Newport,11,1974-04-13,15,55,0.5500550055005501
1974-04-14T00:00:00Z,-9.578038,53.922202,1974,4,14,Newport,7,1974-04-14,15,62,0.6200620062006201
1974-04-15T00:00:00Z,-9.578038,53.922202,1974,4,15,Newport,48,1974-04-15,15,110,1.1001100110011002
1974-04-16T00:00:00Z,-9.578038,53.922202,1974,4,16,Newport,26,1974-04-16,16,136,1.36013601360136
1974-04-17T00:00:00Z,-9.578038,53.922202,1974,4,17,Newport,18,1974-04-17,16,154,1.54015401540154
1974-04-18T00:00:00Z,-9.578038,53.922202,1974,4,18,Newport,76,1974-04-18,16,230,2.3002300230023005
1974-04-19T00:00:00Z,-9.578038,53.922202,1974,4,19,Newport,20,1974-04-19,16,250,2.5002500250025
1974-04-20T00:00:00Z,-9.578038,53.922202,1974,4,20,Newport,15,1974-04-20,16,265,2.6502650265026504
1974-04-21T00:00:00Z,-9.578038,53.922202,1974,4,21,Newport,10,1974-04-21,16,275,2.7502750275027505
1974-04-22T00:00:00Z,-9.578038,53.922202,1974,4,22,Newport,85,1974-04-22,16,360,3.6003600360036003
1974-04-23T00:00:00Z,-9.578038,53.922202,1974,4,23,Newport,42,1974-04-23,17,402,4.02040204020402
1974-04-24T00:00:00Z,-9.578038,53.922202,1974,4,24,Newport,49,1974-04-24,17,451,4.51045104510451
1974-04-25T00:00:00Z,-9.578038,53.922202,1974,4,25,Newport,19,1974-04-25,17,470,4.700470047004701
1974-04-26T00:00:00Z,-9.578038,53.922202,1974,4,26,Newport,8,1974-04-26,17,478,4.780478047804781
1974-04-27T00:00:00Z,-9.578038,53.922202,1974,4,27,Newport,24,1974-04-27,17,502,5.02050205020502
1974-04-28T00:00:00Z,-9.578038,53.922202,1974,4,28,Newport,35,1974-04-28,17,537,5.3705370537053705
1974-04-29T00:00:00Z,-9.578038,53.922202,1974,4,29,Newport,11,1974-04-29,17,548,5.480548054805481
1974-04-30T00:00:00Z,-9.578038,53.922202,1974,4,30,Newport,12,1974-04-30,18,560,5.600560056005601
1974-05-01T00:00:00Z,-9.578038,53.922202,1974,5,1,Newport,17,1974-05-01,18,577,5.77057705770577
1974-05-02T00:00:00Z,-9.578038,53.922202,1974,5,2,Newport,13,1974-05-02,18,590,5.900590059005901
1974-05-03T00:00:00Z,-9.578038,53.922202,1974,5,3,Newport,48,1974-05-03,18,638,6.380638063806381
1974-05-04T00:00:00Z,-9.578038,53.922202,1974,5,4,Newport,383,1974-05-04,18,1021,10.21102110211021
1974-05-05T00:00:00Z,-9.578038,53.922202,1974,5,5,Newport,20,1974-05-05,18,1041,10.41104110411041
1974-05-06T00:00:00Z,-9.578038,53.922202,1974,5,6,Newport,8,1974-05-06,18,1049,10.491049104910491
1974-05-07T00:00:00Z,-9.578038,53.922202,1974,5,7,Newport,74,1974-05-07,19,1123,11.23112311231123
1974-05-08T00:00:00Z,-9.578038,53.922202,1974,5,8,Newport,165,1974-05-08,19,1288,12.881288128812882
1974-05-09T00:00:00Z,-9.578038,53.922202,1974,5,9,Newport,469,1974-05-09,19,1757,17.571757175717572
1974-05-10T00:00:00Z,-9.578038,53.922202,1974,5,10,Newport,3085,1974-05-10,19,4842,48.42484248424842
1974-05-11T00:00:00Z,-9.578038,53.922202,1974,5,11,Newport,395,1974-05-11,19,5237,52.375237523752375
1974-05-12T00:00:00Z,-9.578038,53.922202,1974,5,12,Newport,729,1974-05-12,19,5966,59.66596659665967
1974-05-13T00:00:00Z,-9.578038,53.922202,1974,5,13,Newport,222,1974-05-13,19,6188,61.88618861886188
1974-05-14T00:00:00Z,-9.578038,53.922202,1974,5,14,Newport,15,1974-05-14,20,6203,62.03620362036204
1974-05-15T00:00:00Z,-9.578038,53.922202,1974,5,15,Newport,992,1974-05-15,20,7195,71.95719571957196
1974-05-16T00:00:00Z,-9.578038,53.922202,1974,5,16,Newport,200,1974-05-16,20,7395,73.95739573957397
1974-05-17T00:00:00Z,-9.578038,53.922202,1974,5,17,Newport,856,1974-05-17,20,8251,82.51825182518252
1974-05-18T00:00:00Z,-9.578038,53.922202,1974,5,18,Newport,720,1974-05-18,20,8971,89.71897189718972
1974-05-19T00:00:00Z,-9.578038,53.922202,1974,5,19,Newport,71,1974-05-19,20,9042,90.42904290429043
1974-05-20T00:00:00Z,-9.578038,53.922202,1974,5,20,Newport,37,1974-05-20,20,9079,90.7990799079908
1974-05-21T00:00:00Z,-9.578038,53.922202,1974,5,21,Newport,26,1974-05-21,21,9105,91.05910591059106
1974-05-22T00:00:00Z,-9.578038,53.922202,1974,5,22,Newport,60,1974-05-22,21,9165,91.65916591659166
1974-05-23T00:00:00Z,-9.578038,53.922202,1974,5,23,Newport,28,1974-05-23,21,9193,91.93919391939194
1974-05-24T00:00:00Z,-9.578038,53.922202,1974,5,24,Newport,47,1974-05-24,21,9240,92.4092409240924
1974-05-25T00:00:00Z,-9.578038,53.922202,1974,5,25,Newport,80,1974-05-25,21,9320,93.2093209320932
1974-05-26T00:00:00Z,-9.578038,53.922202,1974,5,26,Newport,104,1974-05-26,21,9424,94.24942494249426
1974-05-27T00:00:00Z,-9.578038,53.922202,1974,5,27,Newport,40,1974-05-27,21,9464,94.64946494649466
1974-05-28T00:00:00Z,-9.578038,53.922202,1974,5,28,Newport,83,1974-05-28,22,9547,95.47954795479548
1974-05-29T00:00:00Z,-9.578038,53.922202,1974,5,29,Newport,21,1974-05-29,22,9568,95.68956895689568
1974-05-30T00:00:00Z,-9.578038,53.922202,1974,5,30,Newport,22,1974-05-30,22,9590,95.90959095909591
1974-05-31T00:00:00Z,-9.578038,53.922202,1974,5,31,Newport,23,1974-05-31,22,9613,96.13961396139614
1974-06-01T00:00:00Z,-9.578038,53.922202,1974,6,1,Newport,38,1974-06-01,22,9651,96.51965196519652
1974-06-02T00:00:00Z,-9.578038,53.922202,1974,6,2,Newport,51,1974-06-02,22,9702,97.02970297029702
1974-06-03T00:00:00Z,-9.578038,53.922202,1974,6,3,Newport,27,1974-06-03,22,9729,97.2997299729973
1974-06-04T00:00:00Z,-9.578038,53.922202,1974,6,4,Newport,38,1974-06-04,23,9767,97.67976797679768
1974-06-05T00:00:00Z,-9.578038,53.922202,1974,6,5,Newport,42,1974-06-05,23,9809,98.0998099809981
1974-06-06T00:00:00Z,-9.578038,53.922202,1974,6,6,Newport,30,1974-06-06,23,9839,98.3998399839984
1974-06-07T00:00:00Z,-9.578038,53.922202,1974,6,7,Newport,7,1974-06-07,23,9846,98.46984698469848
1974-06-08T00:00:00Z,-9.578038,53.922202,1974,6,8,Newport,42,1974-06-08,23,9888,98.88988898889889
1974-06-09T00:00:00Z,-9.578038,53.922202,1974,6,9,Newport,14,1974-06-09,23,9902,99.02990299029904
1974-06-10T00:00:00Z,-9.578038,53.922202,1974,6,10,Newport,8,1974-06-10,23,9910,99.10991099109911
1974-06-11T00:00:00Z,-9.578038,53.922202,1974,6,11,Newport,18,1974-06-11,24,9928,99.28992899289929
1974-06-12T00:00:00Z,-9.578038,53.922202,1974,6,12,Newport,12,1974-06-12,24,9940,99.40994099409941
1974-06-13T00:00:00Z,-9.578038,53.922202,1974,6,13,Newport,14,1974-06-13,24,9954,99.54995499549955
1974-06-14T00:00:00Z,-9.578038,53.922202,1974,6,14,Newport,3,1974-06-14,24,9957,99.57995799579959
1974-06-15T00:00:00Z,-9.578038,53.922202,1974,6,15,Newport,1,1974-06-15,24,9958,99.58995899589958
1974-06-16T00:00:00Z,-9.578038,53.922202,1974,6,16,Newport,2,1974-06-16,24,9960,99.60996099609962
1974-06-18T00:00:00Z,-9.578038,53.922202,1974,6,18,Newport,7,1974-06-18,25,9967,99.67996799679968
1974-06-19T00:00:00Z,-9.578038,53.922202,1974,6,19,Newport,4,1974-06-19,25,9971,99.71997199719972
1974-06-20T00:00:00Z,-9.578038,53.922202,1974,6,20,Newport,8,1974-06-20,25,9979,99.7999799979998
1974-06-21T00:00:00Z,-9.578038,53.922202,1974,6,21,Newport,2,1974-06-21,25,9981,99.81998199819982
1974-06-23T00:00:00Z,-9.578038,53.922202,1974,6,23,Newport,1,1974-06-23,25,9982,99.82998299829983
1974-07-06T00:00:00Z,-9.578038,53.922202,1974,7,6,Newport,1,1974-07-06,27,9983,99.83998399839984
1974-07-08T00:00:00Z,-9.578038,53.922202,1974,7,8,Newport,2,1974-07-08,27,9985,99.85998599859987
1974-07-15T00:00:00Z,-9.578038,53.922202,1974,7,15,Newport,6,1974-07-15,28,9991,99.91999199919992
1974-07-17T00:00:00Z,-9.578038,53.922202,1974,7,17,Newport,1,1974-07-17,29,9992,99.92999299929993
1974-07-18T00:00:00Z,-9.578038,53.922202,1974,7,18,Newport,3,1974-07-18,29,9995,99.95999599959995
1974-07-19T00:00:00Z,-9.578038,53.922202,1974,7,19,Newport,1,1974-07-19,29,9996,99.96999699969997
1974-07-22T00:00:00Z,-9.578038,53.922202,1974,7,22,Newport,2,1974-07-22,29,9998,99.98999899989998
1974-07-29T00:00:00Z,-9.578038,53.922202,1974,7,29,Newport,1,1974-07-29,30,9999,100
1975-03-31T00:00:00Z,-9.578038,53.922202,1975,3,31,Newport,4,1975-03-31,13,4,0.027335474612177956
1975-04-01T00:00:00Z,-9.578038,53.922202,1975,4,1,Newport,39,1975-04-01,13,43,0.293856352080913
1975-04-02T00:00:00Z,-9.578038,53.922202,1975,4,2,Newport,10,1975-04-02,14,53,0.3621950386113579
1975-04-03T00:00:00Z,-9.578038,53.922202,1975,4,3,Newport,9,1975-04-03,14,62,0.42369985648875824
1975-04-04T00:00:00Z,-9.578038,53.922202,1975,4,4,Newport,4,1975-04-04,14,66,0.45103533110093624
1975-04-05T00:00:00Z,-9.578038,53.922202,1975,4,5,Newport,3,1975-04-05,14,69,0.4715369370600697
1975-04-06T00:00:00Z,-9.578038,53.922202,1975,4,6,Newport,5,1975-04-06,14,74,0.5057062803252922
1975-04-07T00:00:00Z,-9.578038,53.922202,1975,4,7,Newport,5,1975-04-07,14,79,0.5398756235905147
1975-04-08T00:00:00Z,-9.578038,53.922202,1975,4,8,Newport,8,1975-04-08,14,87,0.5945465728148704
1975-04-09T00:00:00Z,-9.578038,53.922202,1975,4,9,Newport,7,1975-04-09,15,94,0.6423836533861819
1975-04-10T00:00:00Z,-9.578038,53.922202,1975,4,10,Newport,10,1975-04-10,15,104,0.7107223399166268
1975-04-11T00:00:00Z,-9.578038,53.922202,1975,4,11,Newport,4,1975-04-11,15,108,0.7380578145288048
1975-04-12T00:00:00Z,-9.578038,53.922202,1975,4,12,Newport,14,1975-04-12,15,122,0.8337319756714275
1975-04-13T00:00:00Z,-9.578038,53.922202,1975,4,13,Newport,16,1975-04-13,15,138,0.9430738741201394
1975-04-14T00:00:00Z,-9.578038,53.922202,1975,4,14,Newport,47,1975-04-14,15,185,1.2642657008132303
1975-04-15T00:00:00Z,-9.578038,53.922202,1975,4,15,Newport,68,1975-04-15,15,253,1.7289687692202558
1975-04-16T00:00:00Z,-9.578038,53.922202,1975,4,16,Newport,116,1975-04-16,16,369,2.521697532973416
1975-04-17T00:00:00Z,-9.578038,53.922202,1975,4,17,Newport,46,1975-04-17,16,415,2.8360554910134628
1975-04-18T00:00:00Z,-9.578038,53.922202,1975,4,18,Newport,19,1975-04-18,16,434,2.965898995421308
1975-04-19T00:00:00Z,-9.578038,53.922202,1975,4,19,Newport,60,1975-04-19,16,494,3.375931114603977
1975-04-20T00:00:00Z,-9.578038,53.922202,1975,4,20,Newport,43,1975-04-20,16,537,3.66978746668489
1975-04-21T00:00:00Z,-9.578038,53.922202,1975,4,21,Newport,238,1975-04-21,16,775,5.296248206109479
1975-04-22T00:00:00Z,-9.578038,53.922202,1975,4,22,Newport,78,1975-04-22,16,853,5.829289961046949
1975-04-23T00:00:00Z,-9.578038,53.922202,1975,4,23,Newport,175,1975-04-23,17,1028,7.025216975329735
1975-04-24T00:00:00Z,-9.578038,53.922202,1975,4,24,Newport,240,1975-04-24,17,1268,8.665345452060413
1975-04-25T00:00:00Z,-9.578038,53.922202,1975,4,25,Newport,89,1975-04-25,17,1357,9.273559762181371
1975-04-26T00:00:00Z,-9.578038,53.922202,1975,4,26,Newport,121,1975-04-26,17,1478,10.100457869199754
1975-04-27T00:00:00Z,-9.578038,53.922202,1975,4,27,Newport,31,1975-04-27,17,1509,10.312307797444133
1975-04-28T00:00:00Z,-9.578038,53.922202,1975,4,28,Newport,145,1975-04-28,17,1654,11.303218752135583
1975-04-29T00:00:00Z,-9.578038,53.922202,1975,4,29,Newport,2152,1975-04-29,17,3806,26.009704093487322
1975-04-30T00:00:00Z,-9.578038,53.922202,1975,4,30,Newport,462,1975-04-30,18,4268,29.166951411193875
1975-05-01T00:00:00Z,-9.578038,53.922202,1975,5,1,Newport,271,1975-05-01,18,4539,31.01892981616893
1975-05-02T00:00:00Z,-9.578038,53.922202,1975,5,2,Newport,365,1975-05-02,18,4904,33.51329187453017
1975-05-03T00:00:00Z,-9.578038,53.922202,1975,5,3,Newport,1828,1975-05-03,18,6732,46.005603772295494
1975-05-04T00:00:00Z,-9.578038,53.922202,1975,5,4,Newport,2992,1975-05-04,18,9724,66.45253878220461
1975-05-05T00:00:00Z,-9.578038,53.922202,1975,5,5,Newport,91,1975-05-05,18,9815,67.07442082963165
1975-05-06T00:00:00Z,-9.578038,53.922202,1975,5,6,Newport,531,1975-05-06,18,10346,70.70320508439828
1975-05-07T00:00:00Z,-9.578038,53.922202,1975,5,7,Newport,59,1975-05-07,19,10405,71.1064033349279
1975-05-08T00:00:00Z,-9.578038,53.922202,1975,5,8,Newport,16,1975-05-08,19,10421,71.21574523337661
1975-05-09T00:00:00Z,-9.578038,53.922202,1975,5,9,Newport,22,1975-05-09,19,10443,71.3660903437436
1975-05-10T00:00:00Z,-9.578038,53.922202,1975,5,10,Newport,41,1975-05-10,19,10484,71.64627895851842
1975-05-11T00:00:00Z,-9.578038,53.922202,1975,5,11,Newport,101,1975-05-11,19,10585,72.33649969247591
1975-05-12T00:00:00Z,-9.578038,53.922202,1975,5,12,Newport,203,1975-05-12,19,10788,73.72377502904394
1975-05-13T00:00:00Z,-9.578038,53.922202,1975,5,13,Newport,408,1975-05-13,19,11196,76.51199343948609
1975-05-14T00:00:00Z,-9.578038,53.922202,1975,5,14,Newport,324,1975-05-14,20,11520,78.72616688307251
1975-05-15T00:00:00Z,-9.578038,53.922202,1975,5,15,Newport,660,1975-05-15,20,12180,83.23652019408186
1975-05-16T00:00:00Z,-9.578038,53.922202,1975,5,16,Newport,384,1975-05-16,20,12564,85.86072575685095
1975-05-17T00:00:00Z,-9.578038,53.922202,1975,5,17,Newport,430,1975-05-17,20,12994,88.7992892776601
1975-05-18T00:00:00Z,-9.578038,53.922202,1975,5,18,Newport,69,1975-05-18,20,13063,89.27082621472016
1975-05-19T00:00:00Z,-9.578038,53.922202,1975,5,19,Newport,113,1975-05-19,20,13176,90.04305337251418
1975-05-20T00:00:00Z,-9.578038,53.922202,1975,5,20,Newport,60,1975-05-20,20,13236,90.45308549169685
1975-05-21T00:00:00Z,-9.578038,53.922202,1975,5,21,Newport,141,1975-05-21,21,13377,91.41666097177612
1975-05-22T00:00:00Z,-9.578038,53.922202,1975,5,22,Newport,19,1975-05-22,21,13396,91.54650447618397
1975-05-23T00:00:00Z,-9.578038,53.922202,1975,5,23,Newport,10,1975-05-23,21,13406,91.61484316271441
1975-05-24T00:00:00Z,-9.578038,53.922202,1975,5,24,Newport,71,1975-05-24,21,13477,92.10004783708057
1975-05-25T00:00:00Z,-9.578038,53.922202,1975,5,25,Newport,340,1975-05-25,21,13817,94.4235631791157
1975-05-26T00:00:00Z,-9.578038,53.922202,1975,5,26,Newport,88,1975-05-26,21,13905,95.02494362058361
1975-05-27T00:00:00Z,-9.578038,53.922202,1975,5,27,Newport,62,1975-05-27,21,13967,95.44864347707237
1975-05-28T00:00:00Z,-9.578038,53.922202,1975,5,28,Newport,148,1975-05-28,22,14115,96.46005603772295
1975-05-29T00:00:00Z,-9.578038,53.922202,1975,5,29,Newport,60,1975-05-29,22,14175,96.87008815690562
1975-05-30T00:00:00Z,-9.578038,53.922202,1975,5,30,Newport,15,1975-05-30,22,14190,96.97259618670128
1975-05-31T00:00:00Z,-9.578038,53.922202,1975,5,31,Newport,7,1975-05-31,22,14197,97.0204332672726
1975-06-01T00:00:00Z,-9.578038,53.922202,1975,6,1,Newport,16,1975-06-01,22,14213,97.12977516572131
1975-06-17T00:00:00Z,-9.578038,53.922202,1975,6,17,Newport,38,1975-06-17,24,14251,97.389462174537
1975-06-18T00:00:00Z,-9.578038,53.922202,1975,6,18,Newport,110,1975-06-18,25,14361,98.1411877263719
1975-06-19T00:00:00Z,-9.578038,53.922202,1975,6,19,Newport,105,1975-06-19,25,14466,98.85874393494157
1975-06-20T00:00:00Z,-9.578038,53.922202,1975,6,20,Newport,30,1975-06-20,25,14496,99.0637599945329
1975-06-21T00:00:00Z,-9.578038,53.922202,1975,6,21,Newport,25,1975-06-21,25,14521,99.23460671085903
1975-06-22T00:00:00Z,-9.578038,53.922202,1975,6,22,Newport,27,1975-06-22,25,14548,99.41912116449122
1975-07-13T00:00:00Z,-9.578038,53.922202,1975,7,13,Newport,3,1975-07-13,28,14551,99.43962277045036
1975-07-14T00:00:00Z,-9.578038,53.922202,1975,7,14,Newport,15,1975-07-14,28,14566,99.54213080024601
1975-07-15T00:00:00Z,-9.578038,53.922202,1975,7,15,Newport,14,1975-07-15,28,14580,99.63780496138864
1975-07-16T00:00:00Z,-9.578038,53.922202,1975,7,16,Newport,2,1975-07-16,29,14582,99.65147269869473
1975-07-19T00:00:00Z,-9.578038,53.922202,1975,7,19,Newport,30,1975-07-19,29,14612,99.85648875828606
1975-07-20T00:00:00Z,-9.578038,53.922202,1975,7,20,Newport,6,1975-07-20,29,14618,99.89749197020433
1975-07-21T00:00:00Z,-9.578038,53.922202,1975,7,21,Newport,3,1975-07-21,29,14621,99.91799357616347
1975-07-22T00:00:00Z,-9.578038,53.922202,1975,7,22,Newport,6,1975-07-22,29,14627,99.95899678808173
1975-07-23T00:00:00Z,-9.578038,53.922202,1975,7,23,Newport,5,1975-07-23,30,14632,99.99316613134695
1975-07-24T00:00:00Z,-9.578038,53.922202,1975,7,24,Newport,1,1975-07-24,30,14633,100
1976-03-03T00:00:00Z,-9.578038,53.922202,1976,3,3,Newport,1,1976-03-03,9,1,0.0061961707664663235
1976-03-04T00:00:00Z,-9.578038,53.922202,1976,3,4,Newport,1,1976-03-04,10,2,0.012392341532932647
1976-03-11T00:00:00Z,-9.578038,53.922202,1976,3,11,Newport,1,1976-03-11,11,3,0.018588512299398972
1976-04-01T00:00:00Z,-9.578038,53.922202,1976,4,1,Newport,1,1976-04-01,14,4,0.024784683065865294
1976-04-02T00:00:00Z,-9.578038,53.922202,1976,4,2,Newport,1,1976-04-02,14,5,0.030980853832331616
1976-04-03T00:00:00Z,-9.578038,53.922202,1976,4,3,Newport,1,1976-04-03,14,6,0.037177024598797945
1976-04-04T00:00:00Z,-9.578038,53.922202,1976,4,4,Newport,1,1976-04-04,14,7,0.04337319536526427
1976-04-05T00:00:00Z,-9.578038,53.922202,1976,4,5,Newport,2,1976-04-05,14,9,0.05576553689819691
1976-04-06T00:00:00Z,-9.578038,53.922202,1976,4,6,Newport,1,1976-04-06,14,10,0.06196170766466323
1976-04-08T00:00:00Z,-9.578038,53.922202,1976,4,8,Newport,4,1976-04-08,15,14,0.08674639073052853
1976-04-09T00:00:00Z,-9.578038,53.922202,1976,4,9,Newport,1,1976-04-09,15,15,0.09294256149699485
1976-04-10T00:00:00Z,-9.578038,53.922202,1976,4,10,Newport,59,1976-04-10,15,74,0.458516636718508
1976-04-11T00:00:00Z,-9.578038,53.922202,1976,4,11,Newport,14,1976-04-11,15,88,0.5452630274490365
1976-04-12T00:00:00Z,-9.578038,53.922202,1976,4,12,Newport,31,1976-04-12,15,119,0.7373443212094926
1976-04-13T00:00:00Z,-9.578038,53.922202,1976,4,13,Newport,29,1976-04-13,15,148,0.917033273437016
1976-04-14T00:00:00Z,-9.578038,53.922202,1976,4,14,Newport,78,1976-04-14,15,226,1.400334593221389
1976-04-15T00:00:00Z,-9.578038,53.922202,1976,4,15,Newport,33,1976-04-15,16,259,1.6048082285147778
1976-04-16T00:00:00Z,-9.578038,53.922202,1976,4,16,Newport,36,1976-04-16,16,295,1.8278703761075654
1976-04-17T00:00:00Z,-9.578038,53.922202,1976,4,17,Newport,163,1976-04-17,16,458,2.8378462110415765
1976-04-18T00:00:00Z,-9.578038,53.922202,1976,4,18,Newport,83,1976-04-18,16,541,3.352128384658281
1976-04-19T00:00:00Z,-9.578038,53.922202,1976,4,19,Newport,105,1976-04-19,16,646,4.002726315137245
1976-04-20T00:00:00Z,-9.578038,53.922202,1976,4,20,Newport,143,1976-04-20,16,789,4.88877873474193
1976-04-21T00:00:00Z,-9.578038,53.922202,1976,4,21,Newport,223,1976-04-21,16,1012,6.2705248156639195
1976-04-22T00:00:00Z,-9.578038,53.922202,1976,4,22,Newport,431,1976-04-22,17,1443,8.941074416010904
1976-04-23T00:00:00Z,-9.578038,53.922202,1976,4,23,Newport,1314,1976-04-23,17,2757,17.082842803147656
1976-04-24T00:00:00Z,-9.578038,53.922202,1976,4,24,Newport,1516,1976-04-24,17,4273,26.476237685110604
1976-04-25T00:00:00Z,-9.578038,53.922202,1976,4,25,Newport,100,1976-04-25,17,4373,27.09585476175723
1976-04-26T00:00:00Z,-9.578038,53.922202,1976,4,26,Newport,1812,1976-04-26,17,6185,38.32331619059421
1976-04-27T00:00:00Z,-9.578038,53.922202,1976,4,27,Newport,1258,1976-04-27,17,7443,46.11809901480885
1976-04-28T00:00:00Z,-9.578038,53.922202,1976,4,28,Newport,56,1976-04-28,17,7499,46.46508457773096
1976-04-29T00:00:00Z,-9.578038,53.922202,1976,4,29,Newport,80,1976-04-29,18,7579,46.96077823904827
1976-04-30T00:00:00Z,-9.578038,53.922202,1976,4,30,Newport,33,1976-04-30,18,7612,47.165251874341656
1976-05-01T00:00:00Z,-9.578038,53.922202,1976,5,1,Newport,141,1976-05-01,18,7753,48.03891195241341
1976-05-02T00:00:00Z,-9.578038,53.922202,1976,5,2,Newport,554,1976-05-02,18,8307,51.47159055703575
1976-05-03T00:00:00Z,-9.578038,53.922202,1976,5,3,Newport,1354,1976-05-03,18,9661,59.86120577483115
1976-05-04T00:00:00Z,-9.578038,53.922202,1976,5,4,Newport,804,1976-05-04,18,10465,64.84292707107008
1976-05-05T00:00:00Z,-9.578038,53.922202,1976,5,5,Newport,726,1976-05-05,18,11191,69.34134704752462
1976-05-06T00:00:00Z,-9.578038,53.922202,1976,5,6,Newport,176,1976-05-06,19,11367,70.4318731024227
1976-05-07T00:00:00Z,-9.578038,53.922202,1976,5,7,Newport,46,1976-05-07,19,11413,70.71689695768015
1976-05-08T00:00:00Z,-9.578038,53.922202,1976,5,8,Newport,54,1976-05-08,19,11467,71.05149017906933
1976-05-09T00:00:00Z,-9.578038,53.922202,1976,5,9,Newport,106,1976-05-09,19,11573,71.70828428031476
1976-05-10T00:00:00Z,-9.578038,53.922202,1976,5,10,Newport,98,1976-05-10,19,11671,72.31550901542847
1976-05-11T00:00:00Z,-9.578038,53.922202,1976,5,11,Newport,26,1976-05-11,19,11697,72.4766094553566
1976-05-12T00:00:00Z,-9.578038,53.922202,1976,5,12,Newport,921,1976-05-12,19,12618,78.18328273127207
1976-05-13T00:00:00Z,-9.578038,53.922202,1976,5,13,Newport,381,1976-05-13,20,12999,80.54402379329574
1976-05-14T00:00:00Z,-9.578038,53.922202,1976,5,14,Newport,1939,1976-05-14,20,14938,92.55839890947395
1976-05-15T00:00:00Z,-9.578038,53.922202,1976,5,15,Newport,41,1976-05-15,20,14979,92.81244191089907
1976-05-16T00:00:00Z,-9.578038,53.922202,1976,5,16,Newport,277,1976-05-16,20,15256,94.52878121321024
1976-05-17T00:00:00Z,-9.578038,53.922202,1976,5,17,Newport,306,1976-05-17,20,15562,96.42480946774893
1976-05-18T00:00:00Z,-9.578038,53.922202,1976,5,18,Newport,155,1976-05-18,20,15717,97.3852159365512
1976-05-19T00:00:00Z,-9.578038,53.922202,1976,5,19,Newport,35,1976-05-19,20,15752,97.60208191337753
1976-05-20T00:00:00Z,-9.578038,53.922202,1976,5,20,Newport,41,1976-05-20,21,15793,97.85612491480265
1976-05-21T00:00:00Z,-9.578038,53.922202,1976,5,21,Newport,38,1976-05-21,21,15831,98.09157940392838
1976-05-22T00:00:00Z,-9.578038,53.922202,1976,5,22,Newport,13,1976-05-22,21,15844,98.17212962389243
1976-05-24T00:00:00Z,-9.578038,53.922202,1976,5,24,Newport,11,1976-05-24,21,15855,98.24028750232357
1976-05-25T00:00:00Z,-9.578038,53.922202,1976,5,25,Newport,21,1976-05-25,21,15876,98.37040708841936
1976-05-26T00:00:00Z,-9.578038,53.922202,1976,5,26,Newport,25,1976-05-26,21,15901,98.52531135758102
1976-05-27T00:00:00Z,-9.578038,53.922202,1976,5,27,Newport,26,1976-05-27,22,15927,98.68641179750914
1976-05-28T00:00:00Z,-9.578038,53.922202,1976,5,28,Newport,10,1976-05-28,22,15937,98.7483735051738
1976-05-29T00:00:00Z,-9.578038,53.922202,1976,5,29,Newport,41,1976-05-29,22,15978,99.00241650659892
1976-05-30T00:00:00Z,-9.578038,53.922202,1976,5,30,Newport,23,1976-05-30,22,16001,99.14492843422765
1976-05-31T00:00:00Z,-9.578038,53.922202,1976,5,31,Newport,28,1976-05-31,22,16029,99.3184212156887
1976-06-01T00:00:00Z,-9.578038,53.922202,1976,6,1,Newport,16,1976-06-01,22,16045,99.41755994795216
1976-06-02T00:00:00Z,-9.578038,53.922202,1976,6,2,Newport,11,1976-06-02,22,16056,99.4857178263833
1976-06-03T00:00:00Z,-9.578038,53.922202,1976,6,3,Newport,14,1976-06-03,23,16070,99.57246421711382
1976-06-04T00:00:00Z,-9.578038,53.922202,1976,6,4,Newport,3,1976-06-04,23,16073,99.59105272941322
1976-06-05T00:00:00Z,-9.578038,53.922202,1976,6,5,Newport,13,1976-06-05,23,16086,99.67160294937727
1976-06-07T00:00:00Z,-9.578038,53.922202,1976,6,7,Newport,2,1976-06-07,23,16088,99.68399529091022
1976-06-09T00:00:00Z,-9.578038,53.922202,1976,6,9,Newport,1,1976-06-09,23,16089,99.69019146167668
1976-06-10T00:00:00Z,-9.578038,53.922202,1976,6,10,Newport,4,1976-06-10,24,16093,99.71497614474255
1976-06-11T00:00:00Z,-9.578038,53.922202,1976,6,11,Newport,5,1976-06-11,24,16098,99.74595699857488
1976-06-12T00:00:00Z,-9.578038,53.922202,1976,6,12,Newport,1,1976-06-12,24,16099,99.752153169341355
1976-06-15T00:00:00Z,-9.578038,53.922202,1976,6,15,Newport,2,1976-06-15,24,16101,99.76454551087429
1976-06-16T00:00:00Z,-9.578038,53.922202,1976,6,16,Newport,2,1976-06-16,24,16103,99.77693785240722
1976-06-17T00:00:00Z,-9.578038,53.922202,1976,6,17,Newport,9,1976-06-17,25,16112,99.83270338930541
1976-06-19T00:00:00Z,-9.578038,53.922202,1976,6,19,Newport,8,1976-06-19,25,16120,99.88227275543714
1976-06-21T00:00:00Z,-9.578038,53.922202,1976,6,21,Newport,6,1976-06-21,25,16126,99.91944978003595
1976-06-22T00:00:00Z,-9.578038,53.922202,1976,6,22,Newport,4,1976-06-22,25,16130,99.9442344631018
1976-06-29T00:00:00Z,-9.578038,53.922202,1976,6,29,Newport,4,1976-06-29,26,16134,99.96901914616767
1976-06-30T00:00:00Z,-9.578038,53.922202,1976,6,30,Newport,2,1976-06-30,26,16136,99.9814114877006
1976-07-09T00:00:00Z,-9.578038,53.922202,1976,7,9,Newport,1,1976-07-09,28,16137,99.98760765846707
1976-07-10T00:00:00Z,-9.578038,53.922202,1976,7,10,Newport,2,1976-07-10,28,16139,100
1977-03-31T00:00:00Z,-9.578038,53.922202,1977,3,31,Newport,4,1977-03-31,13,4,0.06339144215530904
1977-04-06T00:00:00Z,-9.578038,53.922202,1977,4,6,Newport,1,1977-04-06,14,5,0.07923930269413629
1977-04-07T00:00:00Z,-9.578038,53.922202,1977,4,7,Newport,1,1977-04-07,14,6,0.09508716323296355
1977-04-10T00:00:00Z,-9.578038,53.922202,1977,4,10,Newport,2,1977-04-10,15,8,0.12678288431061807
1977-04-11T00:00:00Z,-9.578038,53.922202,1977,4,11,Newport,39,1977-04-11,15,47,0.7448494453248812
1977-04-12T00:00:00Z,-9.578038,53.922202,1977,4,12,Newport,12,1977-04-12,15,59,0.9350237717908083
1977-04-13T00:00:00Z,-9.578038,53.922202,1977,4,13,Newport,2,1977-04-13,15,61,0.9667194928684628
1977-04-14T00:00:00Z,-9.578038,53.922202,1977,4,14,Newport,4,1977-04-14,15,65,1.0301109350237718
1977-04-15T00:00:00Z,-9.578038,53.922202,1977,4,15,Newport,7,1977-04-15,15,72,1.1410459587955626
1977-04-16T00:00:00Z,-9.578038,53.922202,1977,4,16,Newport,10,1977-04-16,16,82,1.2995245641838353
1977-04-17T00:00:00Z,-9.578038,53.922202,1977,4,17,Newport,11,1977-04-17,16,93,1.473851030110935
1977-04-18T00:00:00Z,-9.578038,53.922202,1977,4,18,Newport,11,1977-04-18,16,104,1.6481774960380349
1977-04-19T00:00:00Z,-9.578038,53.922202,1977,4,19,Newport,46,1977-04-19,16,150,2.3771790808240887
1977-04-20T00:00:00Z,-9.578038,53.922202,1977,4,20,Newport,52,1977-04-20,16,202,3.201267828843106
1977-04-21T00:00:00Z,-9.578038,53.922202,1977,4,21,Newport,67,1977-04-21,16,269,4.263074484944532
1977-04-22T00:00:00Z,-9.578038,53.922202,1977,4,22,Newport,137,1977-04-22,16,406,6.434231378763868
1977-04-23T00:00:00Z,-9.578038,53.922202,1977,4,23,Newport,143,1977-04-23,17,549,8.700475435816164
1977-04-24T00:00:00Z,-9.578038,53.922202,1977,4,24,Newport,109,1977-04-24,17,658,10.427892234548336
1977-04-25T00:00:00Z,-9.578038,53.922202,1977,4,25,Newport,56,1977-04-25,17,714,11.315372424722662
1977-04-26T00:00:00Z,-9.578038,53.922202,1977,4,26,Newport,102,1977-04-26,17,816,12.931854199683043
1977-04-27T00:00:00Z,-9.578038,53.922202,1977,4,27,Newport,39,1977-04-27,17,855,13.549920760697306
1977-04-28T00:00:00Z,-9.578038,53.922202,1977,4,28,Newport,446,1977-04-28,17,1301,20.618066561014263
1977-04-29T00:00:00Z,-9.578038,53.922202,1977,4,29,Newport,432,1977-04-29,17,1733,27.464342313787636
1977-04-30T00:00:00Z,-9.578038,53.922202,1977,4,30,Newport,370,1977-04-30,18,2103,33.32805071315372
1977-05-01T00:00:00Z,-9.578038,53.922202,1977,5,1,Newport,231,1977-05-01,18,2334,36.98890649762282
1977-05-02T00:00:00Z,-9.578038,53.922202,1977,5,2,Newport,126,1977-05-02,18,2460,38.985736925515056
1977-05-03T00:00:00Z,-9.578038,53.922202,1977,5,3,Newport,158,1977-05-03,18,2618,41.48969889064976
1977-05-04T00:00:00Z,-9.578038,53.922202,1977,5,4,Newport,100,1977-05-04,18,2718,43.074484944532486
1977-05-05T00:00:00Z,-9.578038,53.922202,1977,5,5,Newport,206,1977-05-05,18,2924,46.3391442155309
1977-05-06T00:00:00Z,-9.578038,53.922202,1977,5,6,Newport,78,1977-05-06,18,3002,47.57527733755943
1977-05-07T00:00:00Z,-9.578038,53.922202,1977,5,7,Newport,87,1977-05-07,19,3089,48.954041204437395
1977-05-08T00:00:00Z,-9.578038,53.922202,1977,5,8,Newport,44,1977-05-08,19,3133,49.6513470681458
1977-05-09T00:00:00Z,-9.578038,53.922202,1977,5,9,Newport,31,1977-05-09,19,3164,50.14263074484945
1977-05-10T00:00:00Z,-9.578038,53.922202,1977,5,10,Newport,133,1977-05-10,19,3297,52.25039619651347
1977-05-11T00:00:00Z,-9.578038,53.922202,1977,5,11,Newport,76,1977-05-11,19,3373,53.454833597464344
1977-05-12T00:00:00Z,-9.578038,53.922202,1977,5,12,Newport,497,1977-05-12,19,3870,61.33122028526149
1977-05-13T00:00:00Z,-9.578038,53.922202,1977,5,13,Newport,529,1977-05-13,19,4399,69.71473851030112
1977-05-14T00:00:00Z,-9.578038,53.922202,1977,5,14,Newport,203,1977-05-14,20,4602,72.93185419968304
1977-05-15T00:00:00Z,-9.578038,53.922202,1977,5,15,Newport,284,1977-05-15,20,4886,77.43264659270999
1977-05-16T00:00:00Z,-9.578038,53.922202,1977,5,16,Newport,109,1977-05-16,20,4995,79.16006339144216
1977-05-17T00:00:00Z,-9.578038,53.922202,1977,5,17,Newport,51,1977-05-17,20,5046,79.96830427892235
1977-05-18T00:00:00Z,-9.578038,53.922202,1977,5,18,Newport,7,1977-05-18,20,5053,80.07923930269413
1977-05-19T00:00:00Z,-9.578038,53.922202,1977,5,19,Newport,18,1977-05-19,20,5071,80.36450079239302
1977-05-20T00:00:00Z,-9.578038,53.922202,1977,5,20,Newport,10,1977-05-20,20,5081,80.5229793977813
1977-05-21T00:00:00Z,-9.578038,53.922202,1977,5,21,Newport,9,1977-05-21,21,5090,80.66561014263075
1977-05-22T00:00:00Z,-9.578038,53.922202,1977,5,22,Newport,67,1977-05-22,21,5157,81.72741679873216
1977-05-23T00:00:00Z,-9.578038,53.922202,1977,5,23,Newport,163,1977-05-23,21,5320,84.31061806656102
1977-05-24T00:00:00Z,-9.578038,53.922202,1977,5,24,Newport,151,1977-05-24,21,5471,86.70364500792394
1977-05-25T00:00:00Z,-9.578038,53.922202,1977,5,25,Newport,143,1977-05-25,21,5614,88.96988906497623
1977-05-26T00:00:00Z,-9.578038,53.922202,1977,5,26,Newport,89,1977-05-26,21,5703,90.38034865293186
1977-05-27T00:00:00Z,-9.578038,53.922202,1977,5,27,Newport,32,1977-05-27,21,5735,90.88748019017433
1977-05-28T00:00:00Z,-9.578038,53.922202,1977,5,28,Newport,11,1977-05-28,22,5746,91.06180665610142
1977-05-29T00:00:00Z,-9.578038,53.922202,1977,5,29,Newport,134,1977-05-29,22,5880,93.18541996830429
1977-05-30T00:00:00Z,-9.578038,53.922202,1977,5,30,Newport,215,1977-05-30,22,6095,96.59270998415214
1977-05-31T00:00:00Z,-9.578038,53.922202,1977,5,31,Newport,52,1977-05-31,22,6147,97.41679873217116
1977-06-01T00:00:00Z,-9.578038,53.922202,1977,6,1,Newport,22,1977-06-01,22,6169,97.76545166402536
1977-06-04T00:00:00Z,-9.578038,53.922202,1977,6,4,Newport,3,1977-06-04,23,6172,97.81299524564184
1977-06-05T00:00:00Z,-9.578038,53.922202,1977,6,5,Newport,2,1977-06-05,23,6174,97.8446909667195
1977-06-06T00:00:00Z,-9.578038,53.922202,1977,6,6,Newport,4,1977-06-06,23,6178,97.90808240887479
1977-06-07T00:00:00Z,-9.578038,53.922202,1977,6,7,Newport,3,1977-06-07,23,6181,97.95562599049128
1977-06-08T00:00:00Z,-9.578038,53.922202,1977,6,8,Newport,10,1977-06-08,23,6191,98.11410459587955
1977-06-09T00:00:00Z,-9.578038,53.922202,1977,6,9,Newport,6,1977-06-09,23,6197,98.20919175911253
1977-06-10T00:00:00Z,-9.578038,53.922202,1977,6,10,Newport,1,1977-06-10,23,6198,98.22503961965134
1977-06-11T00:00:00Z,-9.578038,53.922202,1977,6,11,Newport,4,1977-06-11,24,6202,98.28843106180666
1977-06-12T00:00:00Z,-9.578038,53.922202,1977,6,12,Newport,5,1977-06-12,24,6207,98.3676703645008
1977-06-29T00:00:00Z,-9.578038,53.922202,1977,6,29,Newport,2,1977-06-29,26,6209,98.39936608557845
1977-06-30T00:00:00Z,-9.578038,53.922202,1977,6,30,Newport,30,1977-06-30,26,6239,98.87480190174327
1977-07-01T00:00:00Z,-9.578038,53.922202,1977,7,1,Newport,2,1977-07-01,26,6241,98.90649762282092
1977-07-02T00:00:00Z,-9.578038,53.922202,1977,7,2,Newport,11,1977-07-02,27,6252,99.08082408874802
1977-07-03T00:00:00Z,-9.578038,53.922202,1977,7,3,Newport,22,1977-07-03,27,6274,99.42947702060222
1977-07-04T00:00:00Z,-9.578038,53.922202,1977,7,4,Newport,13,1977-07-04,27,6287,99.63549920760697
1977-07-05T00:00:00Z,-9.578038,53.922202,1977,7,5,Newport,6,1977-07-05,27,6293,99.73058637083993
1977-07-06T00:00:00Z,-9.578038,53.922202,1977,7,6,Newport,4,1977-07-06,27,6297,99.79397781299525
1977-07-07T00:00:00Z,-9.578038,53.922202,1977,7,7,Newport,2,1977-07-07,27,6299,99.8256735340729
1977-07-09T00:00:00Z,-9.578038,53.922202,1977,7,9,Newport,2,1977-07-09,28,6301,99.85736925515056
1977-07-23T00:00:00Z,-9.578038,53.922202,1977,7,23,Newport,5,1977-07-23,30,6306,99.93660855784469
1977-07-24T00:00:00Z,-9.578038,53.922202,1977,7,24,Newport,1,1977-07-24,30,6307,99.95245641838352
1977-07-26T00:00:00Z,-9.578038,53.922202,1977,7,26,Newport,1,1977-07-26,30,6308,99.96830427892235
1977-07-28T00:00:00Z,-9.578038,53.922202,1977,7,28,Newport,2,1977-07-28,30,6310,100
1978-03-26T00:00:00Z,-9.578038,53.922202,1978,3,26,Newport,2,1978-03-26,13,2,0.02004208838560978
1978-04-02T00:00:00Z,-9.578038,53.922202,1978,4,2,Newport,1,1978-04-02,14,3,0.030063132578414673
1978-04-04T00:00:00Z,-9.578038,53.922202,1978,4,4,Newport,2,1978-04-04,14,5,0.05010522096402445
1978-04-09T00:00:00Z,-9.578038,53.922202,1978,4,9,Newport,2,1978-04-09,15,7,0.07014730934963423
1978-04-14T00:00:00Z,-9.578038,53.922202,1978,4,14,Newport,1,1978-04-14,15,8,0.08016835354243912
1978-04-16T00:00:00Z,-9.578038,53.922202,1978,4,16,Newport,2,1978-04-16,16,10,0.1002104419280489
1978-04-17T00:00:00Z,-9.578038,53.922202,1978,4,17,Newport,2,1978-04-17,16,12,0.12025253031365869
1978-04-18T00:00:00Z,-9.578038,53.922202,1978,4,18,Newport,2,1978-04-18,16,14,0.14029461869926846
1978-04-19T00:00:00Z,-9.578038,53.922202,1978,4,19,Newport,27,1978-04-19,16,41,0.41086281190500046
1978-04-20T00:00:00Z,-9.578038,53.922202,1978,4,20,Newport,32,1978-04-20,16,73,0.731536226074757
1978-04-21T00:00:00Z,-9.578038,53.922202,1978,4,21,Newport,3,1978-04-21,16,76,0.7615993586531717
1978-04-22T00:00:00Z,-9.578038,53.922202,1978,4,22,Newport,35,1978-04-22,16,111,1.1123359054013429
1978-04-23T00:00:00Z,-9.578038,53.922202,1978,4,23,Newport,87,1978-04-23,17,198,1.9841667501753684
1978-04-24T00:00:00Z,-9.578038,53.922202,1978,4,24,Newport,26,1978-04-24,17,224,2.2447138991882953
1978-04-25T00:00:00Z,-9.578038,53.922202,1978,4,25,Newport,40,1978-04-25,17,264,2.6455556669004907
1978-04-26T00:00:00Z,-9.578038,53.922202,1978,4,26,Newport,17,1978-04-26,17,281,2.815913418178174
1978-04-27T00:00:00Z,-9.578038,53.922202,1978,4,27,Newport,19,1978-04-27,17,300,3.006313257841467
1978-04-28T00:00:00Z,-9.578038,53.922202,1978,4,28,Newport,100,1978-04-28,17,400,4.008417677121956
1978-04-29T00:00:00Z,-9.578038,53.922202,1978,4,29,Newport,12,1978-04-29,17,412,4.128670207435615
1978-04-30T00:00:00Z,-9.578038,53.922202,1978,4,30,Newport,17,1978-04-30,18,429,4.299027958713298
1978-05-01T00:00:00Z,-9.578038,53.922202,1978,5,1,Newport,21,1978-05-01,18,450,4.509469886762201
1978-05-02T00:00:00Z,-9.578038,53.922202,1978,5,2,Newport,36,1978-05-02,18,486,4.870227477703177
1978-05-03T00:00:00Z,-9.578038,53.922202,1978,5,3,Newport,70,1978-05-03,18,556,5.57170057119952
1978-05-04T00:00:00Z,-9.578038,53.922202,1978,5,4,Newport,59,1978-05-04,18,615,6.162942178575007
1978-05-05T00:00:00Z,-9.578038,53.922202,1978,5,5,Newport,154,1978-05-05,18,769,7.706182984266961
1978-05-06T00:00:00Z,-9.578038,53.922202,1978,5,6,Newport,77,1978-05-06,18,846,8.477803387112937
1978-05-07T00:00:00Z,-9.578038,53.922202,1978,5,7,Newport,360,1978-05-07,19,1206,12.085379296522698
1978-05-08T00:00:00Z,-9.578038,53.922202,1978,5,8,Newport,513,1978-05-08,19,1719,17.226174967431607
1978-05-09T00:00:00Z,-9.578038,53.922202,1978,5,9,Newport,210,1978-05-09,19,1929,19.330594247920633
1978-05-10T00:00:00Z,-9.578038,53.922202,1978,5,10,Newport,27,1978-05-10,19,1956,19.601162441126366
1978-05-11T00:00:00Z,-9.578038,53.922202,1978,5,11,Newport,23,1978-05-11,19,1979,19.83164645756088
1978-05-12T00:00:00Z,-9.578038,53.922202,1978,5,12,Newport,34,1978-05-12,19,2013,20.172361960116245
1978-05-13T00:00:00Z,-9.578038,53.922202,1978,5,13,Newport,137,1978-05-13,19,2150,21.545245014530515
1978-05-14T00:00:00Z,-9.578038,53.922202,1978,5,14,Newport,1143,1978-05-14,20,3293,32.9992985269065
1978-05-15T00:00:00Z,-9.578038,53.922202,1978,5,15,Newport,989,1978-05-15,20,4282,42.91011123359054
1978-05-16T00:00:00Z,-9.578038,53.922202,1978,5,16,Newport,360,1978-05-16,20,4642,46.5176871430003
1978-05-17T00:00:00Z,-9.578038,53.922202,1978,5,17,Newport,822,1978-05-17,20,5464,54.754985469485916
1978-05-18T00:00:00Z,-9.578038,53.922202,1978,5,18,Newport,838,1978-05-18,20,6302,63.152620503056426
1978-05-19T00:00:00Z,-9.578038,53.922202,1978,5,19,Newport,143,1978-05-19,20,6445,64.58562982262752
1978-05-20T00:00:00Z,-9.578038,53.922202,1978,5,20,Newport,390,1978-05-20,20,6835,68.49383705782142
1978-05-21T00:00:00Z,-9.578038,53.922202,1978,5,21,Newport,50,1978-05-21,21,6885,68.99488926746167
1978-05-22T00:00:00Z,-9.578038,53.922202,1978,5,22,Newport,13,1978-05-22,21,6898,69.12516284196813
1978-05-23T00:00:00Z,-9.578038,53.922202,1978,5,23,Newport,1,1978-05-23,21,6899,69.13518388616093
1978-05-24T00:00:00Z,-9.578038,53.922202,1978,5,24,Newport,11,1978-05-24,21,6910,69.2454153722818
1978-05-25T00:00:00Z,-9.578038,53.922202,1978,5,25,Newport,25,1978-05-25,21,6935,69.49594147710192
1978-05-26T00:00:00Z,-9.578038,53.922202,1978,5,26,Newport,773,1978-05-26,21,7708,77.2422086381401
1978-05-27T00:00:00Z,-9.578038,53.922202,1978,5,27,Newport,307,1978-05-27,21,8015,80.31866920533119
1978-05-28T00:00:00Z,-9.578038,53.922202,1978,5,28,Newport,829,1978-05-28,22,8844,88.62611484116644
1978-05-29T00:00:00Z,-9.578038,53.922202,1978,5,29,Newport,39,1978-05-29,22,8883,89.01693556468584
1978-05-30T00:00:00Z,-9.578038,53.922202,1978,5,30,Newport,554,1978-05-30,22,9437,94.56859404749976
1978-05-31T00:00:00Z,-9.578038,53.922202,1978,5,31,Newport,133,1978-05-31,22,9570,95.9013929251428
1978-06-01T00:00:00Z,-9.578038,53.922202,1978,6,1,Newport,119,1978-06-01,22,9689,97.09389718408659
1978-06-02T00:00:00Z,-9.578038,53.922202,1978,6,2,Newport,28,1978-06-02,22,9717,97.37448642148512
1978-06-03T00:00:00Z,-9.578038,53.922202,1978,6,3,Newport,6,1978-06-03,22,9723,97.43461268664196
1978-06-04T00:00:00Z,-9.578038,53.922202,1978,6,4,Newport,13,1978-06-04,23,9736,97.56488626114842
1978-06-05T00:00:00Z,-9.578038,53.922202,1978,6,5,Newport,16,1978-06-05,23,9752,97.7252229682333
1978-06-06T00:00:00Z,-9.578038,53.922202,1978,6,6,Newport,40,1978-06-06,23,9792,98.12606473594549
1978-06-07T00:00:00Z,-9.578038,53.922202,1978,6,7,Newport,26,1978-06-07,23,9818,98.38661188495841
1978-06-08T00:00:00Z,-9.578038,53.922202,1978,6,8,Newport,13,1978-06-08,23,9831,98.51688545946487
1978-06-10T00:00:00Z,-9.578038,53.922202,1978,6,10,Newport,9,1978-06-10,23,9840,98.60707485720012
1978-06-11T00:00:00Z,-9.578038,53.922202,1978,6,11,Newport,3,1978-06-11,24,9843,98.63713798977854
1978-06-12T00:00:00Z,-9.578038,53.922202,1978,6,12,Newport,2,1978-06-12,24,9845,98.65718007816415
1978-06-13T00:00:00Z,-9.578038,53.922202,1978,6,13,Newport,2,1978-06-13,24,9847,98.67722216654975
1978-06-14T00:00:00Z,-9.578038,53.922202,1978,6,14,Newport,4,1978-06-14,24,9851,98.71730634332097
1978-06-15T00:00:00Z,-9.578038,53.922202,1978,6,15,Newport,1,1978-06-15,24,9852,98.72732738751378
1978-06-21T00:00:00Z,-9.578038,53.922202,1978,6,21,Newport,2,1978-06-21,25,9854,98.74736947589939
1978-06-29T00:00:00Z,-9.578038,53.922202,1978,6,29,Newport,9,1978-06-29,26,9863,98.83755887363463
1978-06-30T00:00:00Z,-9.578038,53.922202,1978,6,30,Newport,11,1978-06-30,26,9874,98.94779035975549
1978-07-01T00:00:00Z,-9.578038,53.922202,1978,7,1,Newport,21,1978-07-01,26,9895,99.1582322878044
1978-07-02T00:00:00Z,-9.578038,53.922202,1978,7,2,Newport,20,1978-07-02,27,9915,99.35865317166048
1978-07-03T00:00:00Z,-9.578038,53.922202,1978,7,3,Newport,22,1978-07-03,27,9937,99.5791161439022
1978-07-04T00:00:00Z,-9.578038,53.922202,1978,7,4,Newport,12,1978-07-04,27,9949,99.69936867421585
1978-07-05T00:00:00Z,-9.578038,53.922202,1978,7,5,Newport,2,1978-07-05,27,9951,99.71941076260147
1978-07-06T00:00:00Z,-9.578038,53.922202,1978,7,6,Newport,1,1978-07-06,27,9952,99.72943180679427
1978-07-07T00:00:00Z,-9.578038,53.922202,1978,7,7,Newport,3,1978-07-07,27,9955,99.75949493937269
1978-07-08T00:00:00Z,-9.578038,53.922202,1978,7,8,Newport,8,1978-07-08,27,9963,99.83966329291512
1978-07-09T00:00:00Z,-9.578038,53.922202,1978,7,9,Newport,1,1978-07-09,28,9964,99.84968433710793
1978-07-10T00:00:00Z,-9.578038,53.922202,1978,7,10,Newport,8,1978-07-10,28,9972,99.92985269065036
1978-07-11T00:00:00Z,-9.578038,53.922202,1978,7,11,Newport,1,1978-07-11,28,9973,99.93987373484316
1978-07-12T00:00:00Z,-9.578038,53.922202,1978,7,12,Newport,2,1978-07-12,28,9975,99.95991582322878
1978-07-13T00:00:00Z,-9.578038,53.922202,1978,7,13,Newport,4,1978-07-13,28,9979,100
1979-04-06T00:00:00Z,-9.578038,53.922202,1979,4,6,Newport,1,1979-04-06,14,1,0.01247193813918683
1979-04-17T00:00:00Z,-9.578038,53.922202,1979,4,17,Newport,1,1979-04-17,16,2,0.02494387627837366
1979-04-18T00:00:00Z,-9.578038,53.922202,1979,4,18,Newport,1,1979-04-18,16,3,0.037415814417560485
1979-04-22T00:00:00Z,-9.578038,53.922202,1979,4,22,Newport,5,1979-04-22,16,8,0.09977550511349464
1979-04-23T00:00:00Z,-9.578038,53.922202,1979,4,23,Newport,1,1979-04-23,17,9,0.11224744325268148
1979-04-24T00:00:00Z,-9.578038,53.922202,1979,4,24,Newport,1,1979-04-24,17,10,0.1247193813918683
1979-04-25T00:00:00Z,-9.578038,53.922202,1979,4,25,Newport,3,1979-04-25,17,13,0.16213519580942878
1979-04-26T00:00:00Z,-9.578038,53.922202,1979,4,26,Newport,2,1979-04-26,17,15,0.18707907208780244
1979-04-27T00:00:00Z,-9.578038,53.922202,1979,4,27,Newport,12,1979-04-27,17,27,0.33674232975804436
1979-04-28T00:00:00Z,-9.578038,53.922202,1979,4,28,Newport,16,1979-04-28,17,43,0.5362933399850337
1979-04-29T00:00:00Z,-9.578038,53.922202,1979,4,29,Newport,24,1979-04-29,17,67,0.8356198553255176
1979-04-30T00:00:00Z,-9.578038,53.922202,1979,4,30,Newport,28,1979-04-30,18,95,1.1848341232227488
1979-05-01T00:00:00Z,-9.578038,53.922202,1979,5,1,Newport,51,1979-05-01,18,146,1.8209029683212772
1979-05-02T00:00:00Z,-9.578038,53.922202,1979,5,2,Newport,81,1979-05-02,18,227,2.8311299575954103
1979-05-03T00:00:00Z,-9.578038,53.922202,1979,5,3,Newport,134,1979-05-03,18,361,4.502369668246446
1979-05-04T00:00:00Z,-9.578038,53.922202,1979,5,4,Newport,79,1979-05-04,18,440,5.487652781242205
1979-05-05T00:00:00Z,-9.578038,53.922202,1979,5,5,Newport,59,1979-05-05,18,499,6.223497131454228
1979-05-06T00:00:00Z,-9.578038,53.922202,1979,5,6,Newport,319,1979-05-06,18,818,10.202045397854826
1979-05-07T00:00:00Z,-9.578038,53.922202,1979,5,7,Newport,540,1979-05-07,19,1358,16.936891993015717
1979-05-08T00:00:00Z,-9.578038,53.922202,1979,5,8,Newport,169,1979-05-08,19,1527,19.044649538538287
1979-05-09T00:00:00Z,-9.578038,53.922202,1979,5,9,Newport,63,1979-05-09,19,1590,19.83038164130706
1979-05-10T00:00:00Z,-9.578038,53.922202,1979,5,10,Newport,115,1979-05-10,19,1705,21.264654527313546
1979-05-11T00:00:00Z,-9.578038,53.922202,1979,5,11,Newport,186,1979-05-11,19,1891,23.584435021202292
1979-05-12T00:00:00Z,-9.578038,53.922202,1979,5,12,Newport,129,1979-05-12,19,2020,25.193315041157394
1979-05-13T00:00:00Z,-9.578038,53.922202,1979,5,13,Newport,201,1979-05-13,19,2221,27.70017460713395
1979-05-14T00:00:00Z,-9.578038,53.922202,1979,5,14,Newport,349,1979-05-14,20,2570,32.05288101771015
1979-05-15T00:00:00Z,-9.578038,53.922202,1979,5,15,Newport,277,1979-05-15,20,2847,35.5076078822649
1979-05-16T00:00:00Z,-9.578038,53.922202,1979,5,16,Newport,169,1979-05-16,20,3016,37.61536542778748
1979-05-17T00:00:00Z,-9.578038,53.922202,1979,5,17,Newport,566,1979-05-17,20,3582,44.67448241456722
1979-05-18T00:00:00Z,-9.578038,53.922202,1979,5,18,Newport,376,1979-05-18,20,3958,49.36393115490147
1979-05-19T00:00:00Z,-9.578038,53.922202,1979,5,19,Newport,1824,1979-05-19,20,5782,72.11274632077826
1979-05-20T00:00:00Z,-9.578038,53.922202,1979,5,20,Newport,611,1979-05-20,20,6393,79.73310052382139
1979-05-21T00:00:00Z,-9.578038,53.922202,1979,5,21,Newport,392,1979-05-21,21,6785,84.62210027438263
1979-05-22T00:00:00Z,-9.578038,53.922202,1979,5,22,Newport,301,1979-05-22,21,7086,88.37615365427787
1979-05-23T00:00:00Z,-9.578038,53.922202,1979,5,23,Newport,180,1979-05-23,21,7266,90.62110251933152
1979-05-24T00:00:00Z,-9.578038,53.922202,1979,5,24,Newport,70,1979-05-24,21,7336,91.49413818907458
1979-05-25T00:00:00Z,-9.578038,53.922202,1979,5,25,Newport,92,1979-05-25,21,7428,92.64155649787978
1979-05-26T00:00:00Z,-9.578038,53.922202,1979,5,26,Newport,93,1979-05-26,21,7521,93.80144674482415
1979-05-27T00:00:00Z,-9.578038,53.922202,1979,5,27,Newport,48,1979-05-27,21,7569,94.40009977550511
1979-05-28T00:00:00Z,-9.578038,53.922202,1979,5,28,Newport,85,1979-05-28,22,7654,95.460214517336
1979-05-29T00:00:00Z,-9.578038,53.922202,1979,5,29,Newport,48,1979-05-29,22,7702,96.05886754801696
1979-05-30T00:00:00Z,-9.578038,53.922202,1979,5,30,Newport,30,1979-05-30,22,7732,96.43302569219256
1979-05-31T00:00:00Z,-9.578038,53.922202,1979,5,31,Newport,53,1979-05-31,22,7785,97.09403841356948
1979-06-01T00:00:00Z,-9.578038,53.922202,1979,6,1,Newport,73,1979-06-01,22,7858,98.00448989773011
1979-06-02T00:00:00Z,-9.578038,53.922202,1979,6,2,Newport,28,1979-06-02,22,7886,98.35370416562735
1979-06-03T00:00:00Z,-9.578038,53.922202,1979,6,3,Newport,10,1979-06-03,22,7896,98.47842354701922
1979-06-04T00:00:00Z,-9.578038,53.922202,1979,6,4,Newport,12,1979-06-04,23,7908,98.62808680468945
1979-06-05T00:00:00Z,-9.578038,53.922202,1979,6,5,Newport,7,1979-06-05,23,7915,98.71539037166376
1979-06-06T00:00:00Z,-9.578038,53.922202,1979,6,6,Newport,15,1979-06-06,23,7930,98.90246944375156
1979-06-07T00:00:00Z,-9.578038,53.922202,1979,6,7,Newport,4,1979-06-07,23,7934,98.9523571963083
1979-06-08T00:00:00Z,-9.578038,53.922202,1979,6,8,Newport,5,1979-06-08,23,7939,99.01471688700424
1979-06-09T00:00:00Z,-9.578038,53.922202,1979,6,9,Newport,4,1979-06-09,23,7943,99.06460463956098
1979-06-10T00:00:00Z,-9.578038,53.922202,1979,6,10,Newport,9,1979-06-10,23,7952,99.17685208281367
1979-06-11T00:00:00Z,-9.578038,53.922202,1979,6,11,Newport,2,1979-06-11,24,7954,99.20179595909204
1979-06-12T00:00:00Z,-9.578038,53.922202,1979,6,12,Newport,1,1979-06-12,24,7955,99.21426789723124
1979-06-13T00:00:00Z,-9.578038,53.922202,1979,6,13,Newport,3,1979-06-13,24,7958,99.25168371164878
1979-06-14T00:00:00Z,-9.578038,53.922202,1979,6,14,Newport,1,1979-06-14,24,7959,99.26415564978798
1979-06-16T00:00:00Z,-9.578038,53.922202,1979,6,16,Newport,2,1979-06-16,24,7961,99.28909952606635
1979-06-21T00:00:00Z,-9.578038,53.922202,1979,6,21,Newport,3,1979-06-21,25,7964,99.32651534048391
1979-06-22T00:00:00Z,-9.578038,53.922202,1979,6,22,Newport,5,1979-06-22,25,7969,99.38887503117985
1979-06-23T00:00:00Z,-9.578038,53.922202,1979,6,23,Newport,5,1979-06-23,25,7974,99.45123472187578
1979-06-24T00:00:00Z,-9.578038,53.922202,1979,6,24,Newport,4,1979-06-24,25,7978,99.50112247443252
1979-06-26T00:00:00Z,-9.578038,53.922202,1979,6,26,Newport,2,1979-06-26,26,7980,99.52606635071089
1979-06-28T00:00:00Z,-9.578038,53.922202,1979,6,28,Newport,3,1979-06-28,26,7983,99.56348216512846
1979-07-01T00:00:00Z,-9.578038,53.922202,1979,7,1,Newport,1,1979-07-01,26,7984,99.57595410326765
1979-07-03T00:00:00Z,-9.578038,53.922202,1979,7,3,Newport,1,1979-07-03,27,7985,99.58842604140683
1979-07-04T00:00:00Z,-9.578038,53.922202,1979,7,4,Newport,1,1979-07-04,27,7986,99.60089797954602
1979-07-19T00:00:00Z,-9.578038,53.922202,1979,7,19,Newport,1,1979-07-19,29,7987,99.61336991768522
1979-07-27T00:00:00Z,-9.578038,53.922202,1979,7,27,Newport,1,1979-07-27,30,7988,99.62584185582439
1979-07-29T00:00:00Z,-9.578038,53.922202,1979,7,29,Newport,1,1979-07-29,30,7989,99.63831379396359
1979-07-30T00:00:00Z,-9.578038,53.922202,1979,7,30,Newport,2,1979-07-30,31,7991,99.66325767024196
1979-08-02T00:00:00Z,-9.578038,53.922202,1979,8,2,Newport,1,1979-08-02,31,7992,99.67572960838115
1979-08-03T00:00:00Z,-9.578038,53.922202,1979,8,3,Newport,1,1979-08-03,31,7993,99.68820154652033
1979-08-05T00:00:00Z,-9.578038,53.922202,1979,8,5,Newport,4,1979-08-05,31,7997,99.73808929907707
1979-08-07T00:00:00Z,-9.578038,53.922202,1979,8,7,Newport,2,1979-08-07,32,7999,99.76303317535546
1979-08-08T00:00:00Z,-9.578038,53.922202,1979,8,8,Newport,2,1979-08-08,32,8001,99.78797705163383
1979-08-09T00:00:00Z,-9.578038,53.922202,1979,8,9,Newport,2,1979-08-09,32,8003,99.8129209279122
1979-08-15T00:00:00Z,-9.578038,53.922202,1979,8,15,Newport,2,1979-08-15,33,8005,99.83786480419057
1979-08-16T00:00:00Z,-9.578038,53.922202,1979,8,16,Newport,1,1979-08-16,33,8006,99.85033674232976
1979-08-18T00:00:00Z,-9.578038,53.922202,1979,8,18,Newport,1,1979-08-18,33,8007,99.86280868046894
1979-08-23T00:00:00Z,-9.578038,53.922202,1979,8,23,Newport,1,1979-08-23,34,8008,99.87528061860813
1979-08-24T00:00:00Z,-9.578038,53.922202,1979,8,24,Newport,4,1979-08-24,34,8012,99.92516837116487
1979-08-26T00:00:00Z,-9.578038,53.922202,1979,8,26,Newport,2,1979-08-26,34,8014,99.95011224744326
1979-08-27T00:00:00Z,-9.578038,53.922202,1979,8,27,Newport,4,1979-08-27,35,8018,100
1980-04-07T00:00:00Z,-9.578038,53.922202,1980,4,7,Newport,1,1980-04-07,14,1,0.008852691218130312
1980-04-13T00:00:00Z,-9.578038,53.922202,1980,4,13,Newport,2,1980-04-13,15,3,0.02655807365439094
1980-04-26T00:00:00Z,-9.578038,53.922202,1980,4,26,Newport,8,1980-04-26,17,11,0.09737960339943343
1980-04-27T00:00:00Z,-9.578038,53.922202,1980,4,27,Newport,11,1980-04-27,17,22,0.19475920679886685
1980-04-28T00:00:00Z,-9.578038,53.922202,1980,4,28,Newport,14,1980-04-28,17,36,0.3186968838526912
1980-04-29T00:00:00Z,-9.578038,53.922202,1980,4,29,Newport,11,1980-04-29,18,47,0.4160764872521246
1980-04-30T00:00:00Z,-9.578038,53.922202,1980,4,30,Newport,12,1980-04-30,18,59,0.5223087818696884
1980-05-20T00:00:00Z,-9.578038,53.922202,1980,5,20,Newport,3,1980-05-20,21,62,0.5488668555240793
1980-05-21T00:00:00Z,-9.578038,53.922202,1980,5,21,Newport,4,1980-05-21,21,66,0.5842776203966006
1980-05-22T00:00:00Z,-9.578038,53.922202,1980,5,22,Newport,2,1980-05-22,21,68,0.6019830028328611
1980-05-26T00:00:00Z,-9.578038,53.922202,1980,5,26,Newport,13,1980-05-26,21,81,0.7170679886685553
1980-06-03T00:00:00Z,-9.578038,53.922202,1980,6,3,Newport,5849,1980-06-03,23,5930,52.49645892351275
1980-06-04T00:00:00Z,-9.578038,53.922202,1980,6,4,Newport,3826,1980-06-04,23,9756,86.36685552407933
1980-06-05T00:00:00Z,-9.578038,53.922202,1980,6,5,Newport,966,1980-06-05,23,10722,94.9185552407932
1980-06-06T00:00:00Z,-9.578038,53.922202,1980,6,6,Newport,227,1980-06-06,23,10949,96.92811614730878
1980-06-07T00:00:00Z,-9.578038,53.922202,1980,6,7,Newport,69,1980-06-07,23,11018,97.53895184135978
1980-06-08T00:00:00Z,-9.578038,53.922202,1980,6,8,Newport,55,1980-06-08,23,11073,98.02584985835693
1980-06-09T00:00:00Z,-9.578038,53.922202,1980,6,9,Newport,34,1980-06-09,23,11107,98.32684135977338
1980-06-10T00:00:00Z,-9.578038,53.922202,1980,6,10,Newport,56,1980-06-10,24,11163,98.82259206798867
1980-06-11T00:00:00Z,-9.578038,53.922202,1980,6,11,Newport,39,1980-06-11,24,11202,99.16784702549575
1980-06-12T00:00:00Z,-9.578038,53.922202,1980,6,12,Newport,15,1980-06-12,24,11217,99.30063739376772
1980-06-13T00:00:00Z,-9.578038,53.922202,1980,6,13,Newport,12,1980-06-13,24,11229,99.40686968838527
1980-06-14T00:00:00Z,-9.578038,53.922202,1980,6,14,Newport,3,1980-06-14,24,11232,99.43342776203966
1980-06-16T00:00:00Z,-9.578038,53.922202,1980,6,16,Newport,2,1980-06-16,24,11234,99.45113314447592
1980-06-17T00:00:00Z,-9.578038,53.922202,1980,6,17,Newport,6,1980-06-17,25,11240,99.5042492917847
1980-06-18T00:00:00Z,-9.578038,53.922202,1980,6,18,Newport,5,1980-06-18,25,11245,99.54851274787535
1980-06-19T00:00:00Z,-9.578038,53.922202,1980,6,19,Newport,5,1980-06-19,25,11250,99.59277620396601
1980-06-21T00:00:00Z,-9.578038,53.922202,1980,6,21,Newport,1,1980-06-21,25,11251,99.60162889518413
1980-06-22T00:00:00Z,-9.578038,53.922202,1980,6,22,Newport,1,1980-06-22,25,11252,99.61048158640227
1980-06-23T00:00:00Z,-9.578038,53.922202,1980,6,23,Newport,1,1980-06-23,25,11253,99.6193342776204
1980-06-24T00:00:00Z,-9.578038,53.922202,1980,6,24,Newport,4,1980-06-24,26,11257,99.65474504249292
1980-06-25T00:00:00Z,-9.578038,53.922202,1980,6,25,Newport,4,1980-06-25,26,11261,99.69015580736544
1980-06-26T00:00:00Z,-9.578038,53.922202,1980,6,26,Newport,4,1980-06-26,26,11265,99.72556657223795
1980-06-28T00:00:00Z,-9.578038,53.922202,1980,6,28,Newport,1,1980-06-28,26,11266,99.73441926345609
1980-06-30T00:00:00Z,-9.578038,53.922202,1980,6,30,Newport,1,1980-06-30,26,11267,99.74327195467421
1980-07-01T00:00:00Z,-9.578038,53.922202,1980,7,1,Newport,12,1980-07-01,27,11279,99.84950424929178
1980-07-02T00:00:00Z,-9.578038,53.922202,1980,7,2,Newport,4,1980-07-02,27,11283,99.8849150141643
1980-07-03T00:00:00Z,-9.578038,53.922202,1980,7,3,Newport,3,1980-07-03,27,11286,99.91147308781869
1980-07-06T00:00:00Z,-9.578038,53.922202,1980,7,6,Newport,1,1980-07-06,27,11287,99.92032577903683
1980-07-07T00:00:00Z,-9.578038,53.922202,1980,7,7,Newport,1,1980-07-07,27,11288,99.92917847025495
1980-07-16T00:00:00Z,-9.578038,53.922202,1980,7,16,Newport,1,1980-07-16,29,11289,99.93803116147308
1980-07-17T00:00:00Z,-9.578038,53.922202,1980,7,17,Newport,7,1980-07-17,29,11296,100
1981-04-04T00:00:00Z,-9.578038,53.922202,1981,4,4,Newport,2,1981-04-04,14,2,0.02119317579739324
1981-04-05T00:00:00Z,-9.578038,53.922202,1981,4,5,Newport,2,1981-04-05,14,4,0.04238635159478648
1981-04-06T00:00:00Z,-9.578038,53.922202,1981,4,6,Newport,1,1981-04-06,14,5,0.052982939493483094
1981-04-07T00:00:00Z,-9.578038,53.922202,1981,4,7,Newport,5,1981-04-07,14,10,0.10596587898696619
1981-04-08T00:00:00Z,-9.578038,53.922202,1981,4,8,Newport,1,1981-04-08,14,11,0.11656246688566281
1981-04-09T00:00:00Z,-9.578038,53.922202,1981,4,9,Newport,3,1981-04-09,15,14,0.14835223058175268
1981-04-10T00:00:00Z,-9.578038,53.922202,1981,4,10,Newport,3,1981-04-10,15,17,0.18014199427784253
1981-04-11T00:00:00Z,-9.578038,53.922202,1981,4,11,Newport,1,1981-04-11,15,18,0.19073858217653916
1981-04-12T00:00:00Z,-9.578038,53.922202,1981,4,12,Newport,5,1981-04-12,15,23,0.24372152167002223
1981-04-14T00:00:00Z,-9.578038,53.922202,1981,4,14,Newport,7,1981-04-14,15,30,0.31789763696089857
1981-04-15T00:00:00Z,-9.578038,53.922202,1981,4,15,Newport,4,1981-04-15,15,34,0.36028398855568505
1981-04-16T00:00:00Z,-9.578038,53.922202,1981,4,16,Newport,14,1981-04-16,16,48,0.5086362191374377
1981-04-17T00:00:00Z,-9.578038,53.922202,1981,4,17,Newport,9,1981-04-17,16,57,0.6040055102257074
1981-04-18T00:00:00Z,-9.578038,53.922202,1981,4,18,Newport,73,1981-04-18,16,130,1.3775564268305607
1981-04-19T00:00:00Z,-9.578038,53.922202,1981,4,19,Newport,72,1981-04-19,16,202,2.140510755536717
1981-04-20T00:00:00Z,-9.578038,53.922202,1981,4,20,Newport,44,1981-04-20,16,246,2.606760623079368
1981-04-21T00:00:00Z,-9.578038,53.922202,1981,4,21,Newport,52,1981-04-21,16,298,3.157783193811593
1981-04-22T00:00:00Z,-9.578038,53.922202,1981,4,22,Newport,19,1981-04-22,16,317,3.3591183638868283
1981-04-23T00:00:00Z,-9.578038,53.922202,1981,4,23,Newport,19,1981-04-23,17,336,3.560453533962064
1981-04-24T00:00:00Z,-9.578038,53.922202,1981,4,24,Newport,15,1981-04-24,17,351,3.7194023524425135
1981-04-25T00:00:00Z,-9.578038,53.922202,1981,4,25,Newport,14,1981-04-25,17,365,3.867754583024266
1981-04-26T00:00:00Z,-9.578038,53.922202,1981,4,26,Newport,22,1981-04-26,17,387,4.100879516795592
1981-04-27T00:00:00Z,-9.578038,53.922202,1981,4,27,Newport,26,1981-04-27,17,413,4.376390802161704
1981-04-28T00:00:00Z,-9.578038,53.922202,1981,4,28,Newport,39,1981-04-28,17,452,4.789657730210872
1981-04-29T00:00:00Z,-9.578038,53.922202,1981,4,29,Newport,22,1981-04-29,17,474,5.0227826639821975
1981-04-30T00:00:00Z,-9.578038,53.922202,1981,4,30,Newport,125,1981-04-30,18,599,6.347356151319275
1981-05-01T00:00:00Z,-9.578038,53.922202,1981,5,1,Newport,71,1981-05-01,18,670,7.0997138921267355
1981-05-02T00:00:00Z,-9.578038,53.922202,1981,5,2,Newport,1156,1981-05-02,18,1826,19.34936950302003
1981-05-03T00:00:00Z,-9.578038,53.922202,1981,5,3,Newport,900,1981-05-03,18,2726,28.886298611846982
1981-05-04T00:00:00Z,-9.578038,53.922202,1981,5,4,Newport,673,1981-05-04,18,3399,36.017802267669815
1981-05-05T00:00:00Z,-9.578038,53.922202,1981,5,5,Newport,1806,1981-05-05,18,5205,55.1552400127159
1981-05-06T00:00:00Z,-9.578038,53.922202,1981,5,6,Newport,623,1981-05-06,18,5828,61.756914273603904
1981-05-07T00:00:00Z,-9.578038,53.922202,1981,5,7,Newport,657,1981-05-07,19,6485,68.71887252304758
1981-05-08T00:00:00Z,-9.578038,53.922202,1981,5,8,Newport,242,1981-05-08,19,6727,71.28324679453216
1981-05-09T00:00:00Z,-9.578038,53.922202,1981,5,9,Newport,506,1981-05-09,19,7233,76.64512027127265
1981-05-10T00:00:00Z,-9.578038,53.922202,1981,5,10,Newport,584,1981-05-10,19,7817,82.83352760411148
1981-05-11T00:00:00Z,-9.578038,53.922202,1981,5,11,Newport,70,1981-05-11,19,7887,83.57528875702023
1981-05-12T00:00:00Z,-9.578038,53.922202,1981,5,12,Newport,559,1981-05-12,19,8446,89.49878139239165
1981-05-13T00:00:00Z,-9.578038,53.922202,1981,5,13,Newport,305,1981-05-13,19,8751,92.73074070149411
1981-05-14T00:00:00Z,-9.578038,53.922202,1981,5,14,Newport,54,1981-05-14,20,8805,93.30295644802374
1981-05-15T00:00:00Z,-9.578038,53.922202,1981,5,15,Newport,70,1981-05-15,20,8875,94.0447176009325
1981-05-16T00:00:00Z,-9.578038,53.922202,1981,5,16,Newport,46,1981-05-16,20,8921,94.53216064427255
1981-05-17T00:00:00Z,-9.578038,53.922202,1981,5,17,Newport,61,1981-05-17,20,8982,95.17855250609304
1981-05-18T00:00:00Z,-9.578038,53.922202,1981,5,18,Newport,29,1981-05-18,20,9011,95.48585355515524
1981-05-19T00:00:00Z,-9.578038,53.922202,1981,5,19,Newport,59,1981-05-19,20,9070,96.11105224117834
1981-05-20T00:00:00Z,-9.578038,53.922202,1981,5,20,Newport,38,1981-05-20,20,9108,96.5137225813288
1981-05-21T00:00:00Z,-9.578038,53.922202,1981,5,21,Newport,80,1981-05-21,21,9188,97.36144961322454
1981-05-22T00:00:00Z,-9.578038,53.922202,1981,5,22,Newport,29,1981-05-22,21,9217,97.66875066228674
1981-05-23T00:00:00Z,-9.578038,53.922202,1981,5,23,Newport,30,1981-05-23,21,9247,97.98664829924765
1981-05-24T00:00:00Z,-9.578038,53.922202,1981,5,24,Newport,55,1981-05-24,21,9302,98.56946063367596
1981-05-25T00:00:00Z,-9.578038,53.922202,1981,5,25,Newport,26,1981-05-25,21,9328,98.84497191904207
1981-05-26T00:00:00Z,-9.578038,53.922202,1981,5,26,Newport,49,1981-05-26,21,9377,99.3642047260782
1981-05-27T00:00:00Z,-9.578038,53.922202,1981,5,27,Newport,12,1981-05-27,21,9389,99.49136378086256
1981-05-28T00:00:00Z,-9.578038,53.922202,1981,5,28,Newport,11,1981-05-28,22,9400,99.60792624774822
1981-05-29T00:00:00Z,-9.578038,53.922202,1981,5,29,Newport,16,1981-05-29,22,9416,99.77747165412737
1981-05-30T00:00:00Z,-9.578038,53.922202,1981,5,30,Newport,5,1981-05-30,22,9421,99.83045459362086
1981-05-31T00:00:00Z,-9.578038,53.922202,1981,5,31,Newport,1,1981-05-31,22,9422,99.84105118151955
1981-06-01T00:00:00Z,-9.578038,53.922202,1981,6,1,Newport,3,1981-06-01,22,9425,99.87284094521563
1981-06-02T00:00:00Z,-9.578038,53.922202,1981,6,2,Newport,4,1981-06-02,22,9429,99.91522729681043
1981-06-03T00:00:00Z,-9.578038,53.922202,1981,6,3,Newport,1,1981-06-03,22,9430,99.92582388470912
1981-06-04T00:00:00Z,-9.578038,53.922202,1981,6,4,Newport,1,1981-06-04,23,9431,99.93642047260782
1981-06-08T00:00:00Z,-9.578038,53.922202,1981,6,8,Newport,2,1981-06-08,23,9433,99.95761364840521
1981-06-09T00:00:00Z,-9.578038,53.922202,1981,6,9,Newport,1,1981-06-09,23,9434,99.96821023630392
1981-06-10T00:00:00Z,-9.578038,53.922202,1981,6,10,Newport,1,1981-06-10,23,9435,99.97880682420261
1981-06-12T00:00:00Z,-9.578038,53.922202,1981,6,12,Newport,2,1981-06-12,24,9437,100
1982-04-04T00:00:00Z,-9.578038,53.922202,1982,4,4,Newport,1,1982-04-04,14,1,0.009584970765839165
1982-04-11T00:00:00Z,-9.578038,53.922202,1982,4,11,Newport,1,1982-04-11,15,2,0.01916994153167833
1982-04-13T00:00:00Z,-9.578038,53.922202,1982,4,13,Newport,1,1982-04-13,15,3,0.02875491229751749
1982-04-14T00:00:00Z,-9.578038,53.922202,1982,4,14,Newport,1,1982-04-14,15,4,0.03833988306335666
1982-04-15T00:00:00Z,-9.578038,53.922202,1982,4,15,Newport,3,1982-04-15,15,7,0.06709479536087415
1982-04-16T00:00:00Z,-9.578038,53.922202,1982,4,16,Newport,4,1982-04-16,16,11,0.10543467842423081
1982-04-17T00:00:00Z,-9.578038,53.922202,1982,4,17,Newport,3,1982-04-17,16,14,0.1341895907217483
1982-04-18T00:00:00Z,-9.578038,53.922202,1982,4,18,Newport,6,1982-04-18,16,20,0.19169941531678328
1982-04-19T00:00:00Z,-9.578038,53.922202,1982,4,19,Newport,7,1982-04-19,16,27,0.25879421067765745
1982-04-20T00:00:00Z,-9.578038,53.922202,1982,4,20,Newport,5,1982-04-20,16,32,0.30671906450685327
1982-04-21T00:00:00Z,-9.578038,53.922202,1982,4,21,Newport,9,1982-04-21,16,41,0.39298380139940575
1982-04-22T00:00:00Z,-9.578038,53.922202,1982,4,22,Newport,4,1982-04-22,16,45,0.43132368446276237
1982-04-23T00:00:00Z,-9.578038,53.922202,1982,4,23,Newport,3,1982-04-23,17,48,0.46007859676027985
1982-04-24T00:00:00Z,-9.578038,53.922202,1982,4,24,Newport,12,1982-04-24,17,60,0.5750982459503499
1982-04-25T00:00:00Z,-9.578038,53.922202,1982,4,25,Newport,36,1982-04-25,17,96,0.9201571935205597
1982-04-26T00:00:00Z,-9.578038,53.922202,1982,4,26,Newport,5,1982-04-26,17,101,0.9680820473497556
1982-04-27T00:00:00Z,-9.578038,53.922202,1982,4,27,Newport,13,1982-04-27,17,114,1.0926866673056648
1982-04-28T00:00:00Z,-9.578038,53.922202,1982,4,28,Newport,15,1982-04-28,17,129,1.2364612287932522
1982-04-29T00:00:00Z,-9.578038,53.922202,1982,4,29,Newport,10,1982-04-29,17,139,1.3323109364516437
1982-04-30T00:00:00Z,-9.578038,53.922202,1982,4,30,Newport,14,1982-04-30,18,153,1.4665005271733922
1982-05-01T00:00:00Z,-9.578038,53.922202,1982,5,1,Newport,5,1982-05-01,18,158,1.514425381002588
1982-05-02T00:00:00Z,-9.578038,53.922202,1982,5,2,Newport,8,1982-05-02,18,166,1.5911051471293014
1982-05-03T00:00:00Z,-9.578038,53.922202,1982,5,3,Newport,127,1982-05-03,18,293,2.8083964343908754
1982-05-04T00:00:00Z,-9.578038,53.922202,1982,5,4,Newport,128,1982-05-04,18,421,4.035272692418288
1982-05-05T00:00:00Z,-9.578038,53.922202,1982,5,5,Newport,587,1982-05-05,18,1008,9.661650531965877
1982-05-06T00:00:00Z,-9.578038,53.922202,1982,5,6,Newport,307,1982-05-06,18,1315,12.604236557078503
1982-05-07T00:00:00Z,-9.578038,53.922202,1982,5,7,Newport,2450,1982-05-07,19,3765,36.08741493338445
1982-05-08T00:00:00Z,-9.578038,53.922202,1982,5,8,Newport,203,1982-05-08,19,3968,38.03316399884981
1982-05-09T00:00:00Z,-9.578038,53.922202,1982,5,9,Newport,599,1982-05-09,19,4567,43.77456148758746
1982-05-10T00:00:00Z,-9.578038,53.922202,1982,5,10,Newport,279,1982-05-10,19,4846,46.44876833125659
1982-05-11T00:00:00Z,-9.578038,53.922202,1982,5,11,Newport,1321,1982-05-11,19,6167,59.110514712930126
1982-05-12T00:00:00Z,-9.578038,53.922202,1982,5,12,Newport,2438,1982-05-12,19,8605,82.47867344004601
1982-05-13T00:00:00Z,-9.578038,53.922202,1982,5,13,Newport,284,1982-05-13,19,8889,85.20080513754434
1982-05-14T00:00:00Z,-9.578038,53.922202,1982,5,14,Newport,156,1982-05-14,20,9045,86.69606057701525
1982-05-15T00:00:00Z,-9.578038,53.922202,1982,5,15,Newport,120,1982-05-15,20,9165,87.84625706891595
1982-05-16T00:00:00Z,-9.578038,53.922202,1982,5,16,Newport,159,1982-05-16,20,9324,89.37026742068437
1982-05-17T00:00:00Z,-9.578038,53.922202,1982,5,17,Newport,64,1982-05-17,20,9388,89.98370554969807
1982-05-18T00:00:00Z,-9.578038,53.922202,1982,5,18,Newport,37,1982-05-18,20,9425,90.33834946803412
1982-05-19T00:00:00Z,-9.578038,53.922202,1982,5,19,Newport,134,1982-05-19,20,9559,91.62273555065657
1982-05-20T00:00:00Z,-9.578038,53.922202,1982,5,20,Newport,72,1982-05-20,20,9631,92.31285344579699
1982-05-21T00:00:00Z,-9.578038,53.922202,1982,5,21,Newport,72,1982-05-21,21,9703,93.0029713409374
1982-05-22T00:00:00Z,-9.578038,53.922202,1982,5,22,Newport,67,1982-05-22,21,9770,93.64516438224864
1982-05-23T00:00:00Z,-9.578038,53.922202,1982,5,23,Newport,268,1982-05-23,21,10038,96.21393654749353
1982-05-24T00:00:00Z,-9.578038,53.922202,1982,5,24,Newport,60,1982-05-24,21,10098,96.78903479344389
1982-05-25T00:00:00Z,-9.578038,53.922202,1982,5,25,Newport,81,1982-05-25,21,10179,97.56541742547685
1982-05-26T00:00:00Z,-9.578038,53.922202,1982,5,26,Newport,82,1982-05-26,21,10261,98.35138502827566
1982-05-27T00:00:00Z,-9.578038,53.922202,1982,5,27,Newport,22,1982-05-27,21,10283,98.56225438512412
1982-05-28T00:00:00Z,-9.578038,53.922202,1982,5,28,Newport,20,1982-05-28,22,10303,98.75395380044091
1982-05-29T00:00:00Z,-9.578038,53.922202,1982,5,29,Newport,8,1982-05-29,22,10311,98.83063356656763
1982-05-30T00:00:00Z,-9.578038,53.922202,1982,5,30,Newport,7,1982-05-30,22,10318,98.8977283619285
1982-05-31T00:00:00Z,-9.578038,53.922202,1982,5,31,Newport,10,1982-05-31,22,10328,98.99357806958689
1982-06-01T00:00:00Z,-9.578038,53.922202,1982,6,1,Newport,5,1982-06-01,22,10333,99.04150292341608
1982-06-02T00:00:00Z,-9.578038,53.922202,1982,6,2,Newport,3,1982-06-02,22,10336,99.0702578357136
1982-06-03T00:00:00Z,-9.578038,53.922202,1982,6,3,Newport,7,1982-06-03,22,10343,99.13735263107448
1982-06-04T00:00:00Z,-9.578038,53.922202,1982,6,4,Newport,1,1982-06-04,23,10344,99.1469376018403
1982-06-05T00:00:00Z,-9.578038,53.922202,1982,6,5,Newport,2,1982-06-05,23,10346,99.166107543372
1982-06-06T00:00:00Z,-9.578038,53.922202,1982,6,6,Newport,5,1982-06-06,23,10351,99.2140323972012
1982-06-07T00:00:00Z,-9.578038,53.922202,1982,6,7,Newport,2,1982-06-07,23,10353,99.23320233873287
1982-06-08T00:00:00Z,-9.578038,53.922202,1982,6,8,Newport,4,1982-06-08,23,10357,99.27154222179622
1982-06-09T00:00:00Z,-9.578038,53.922202,1982,6,9,Newport,1,1982-06-09,23,10358,99.28112719256205
1982-06-10T00:00:00Z,-9.578038,53.922202,1982,6,10,Newport,4,1982-06-10,23,10362,99.31946707562543
1982-06-11T00:00:00Z,-9.578038,53.922202,1982,6,11,Newport,2,1982-06-11,24,10364,99.3386370171571
1982-06-12T00:00:00Z,-9.578038,53.922202,1982,6,12,Newport,11,1982-06-12,24,10375,99.44407169558133
1982-06-13T00:00:00Z,-9.578038,53.922202,1982,6,13,Newport,9,1982-06-13,24,10384,99.53033643247387
1982-06-14T00:00:00Z,-9.578038,53.922202,1982,6,14,Newport,5,1982-06-14,24,10389,99.57826128630307
1982-06-15T00:00:00Z,-9.578038,53.922202,1982,6,15,Newport,3,1982-06-15,24,10392,99.60701619860059
1982-06-16T00:00:00Z,-9.578038,53.922202,1982,6,16,Newport,4,1982-06-16,24,10396,99.64535608166395
1982-06-17T00:00:00Z,-9.578038,53.922202,1982,6,17,Newport,7,1982-06-17,24,10403,99.71245087702482
1982-06-18T00:00:00Z,-9.578038,53.922202,1982,6,18,Newport,9,1982-06-18,25,10412,99.79871561391738
1982-06-19T00:00:00Z,-9.578038,53.922202,1982,6,19,Newport,5,1982-06-19,25,10417,99.84664046774657
1982-06-20T00:00:00Z,-9.578038,53.922202,1982,6,20,Newport,4,1982-06-20,25,10421,99.88498035080993
1982-06-21T00:00:00Z,-9.578038,53.922202,1982,6,21,Newport,2,1982-06-21,25,10423,99.90415029234161
1982-06-22T00:00:00Z,-9.578038,53.922202,1982,6,22,Newport,5,1982-06-22,25,10428,99.9520751461708
1982-06-24T00:00:00Z,-9.578038,53.922202,1982,6,24,Newport,2,1982-06-24,25,10430,99.97124508770248
1982-07-06T00:00:00Z,-9.578038,53.922202,1982,7,6,Newport,1,1982-07-06,27,10431,99.98083005846831
1982-07-08T00:00:00Z,-9.578038,53.922202,1982,7,8,Newport,1,1982-07-08,27,10432,99.99041502923416
1982-07-14T00:00:00Z,-9.578038,53.922202,1982,7,14,Newport,1,1982-07-14,28,10433,100
1983-04-05T00:00:00Z,-9.578038,53.922202,1983,4,5,Newport,1,1983-04-05,14,1,0.01051745898190997
1983-04-07T00:00:00Z,-9.578038,53.922202,1983,4,7,Newport,1,1983-04-07,14,2,0.02103491796381994
1983-04-15T00:00:00Z,-9.578038,53.922202,1983,4,15,Newport,2,1983-04-15,15,4,0.04206983592763988
1983-04-16T00:00:00Z,-9.578038,53.922202,1983,4,16,Newport,1,1983-04-16,16,5,0.05258729490954985
1983-04-19T00:00:00Z,-9.578038,53.922202,1983,4,19,Newport,7,1983-04-19,16,12,0.12620950778291964
1983-04-20T00:00:00Z,-9.578038,53.922202,1983,4,20,Newport,2,1983-04-20,16,14,0.1472444257467396
1983-04-21T00:00:00Z,-9.578038,53.922202,1983,4,21,Newport,6,1983-04-21,16,20,0.2103491796381994
1983-04-22T00:00:00Z,-9.578038,53.922202,1983,4,22,Newport,6,1983-04-22,16,26,0.27345393352965924
1983-04-23T00:00:00Z,-9.578038,53.922202,1983,4,23,Newport,4,1983-04-23,17,30,0.3155237694572991
1983-04-24T00:00:00Z,-9.578038,53.922202,1983,4,24,Newport,20,1983-04-24,17,50,0.5258729490954985
1983-04-25T00:00:00Z,-9.578038,53.922202,1983,4,25,Newport,202,1983-04-25,17,252,2.6503996634413123
1983-04-26T00:00:00Z,-9.578038,53.922202,1983,4,26,Newport,108,1983-04-26,17,360,3.786285233487589
1983-04-27T00:00:00Z,-9.578038,53.922202,1983,4,27,Newport,176,1983-04-27,17,536,5.637358014303744
1983-04-28T00:00:00Z,-9.578038,53.922202,1983,4,28,Newport,112,1983-04-28,17,648,6.81531342027766
1983-04-29T00:00:00Z,-9.578038,53.922202,1983,4,29,Newport,229,1983-04-29,17,877,9.223811527135044
1983-04-30T00:00:00Z,-9.578038,53.922202,1983,4,30,Newport,111,1983-04-30,18,988,10.39124947412705
1983-05-01T00:00:00Z,-9.578038,53.922202,1983,5,1,Newport,110,1983-05-01,18,1098,11.548169962137148
1983-05-02T00:00:00Z,-9.578038,53.922202,1983,5,2,Newport,77,1983-05-02,18,1175,12.358014303744215
1983-05-03T00:00:00Z,-9.578038,53.922202,1983,5,3,Newport,149,1983-05-03,18,1324,13.9251156920488
1983-05-04T00:00:00Z,-9.578038,53.922202,1983,5,4,Newport,210,1983-05-04,18,1534,16.133782078249894
1983-05-05T00:00:00Z,-9.578038,53.922202,1983,5,5,Newport,149,1983-05-05,18,1683,17.700883466554483
1983-05-06T00:00:00Z,-9.578038,53.922202,1983,5,6,Newport,109,1983-05-06,18,1792,18.84728649558267
1983-05-07T00:00:00Z,-9.578038,53.922202,1983,5,7,Newport,49,1983-05-07,19,1841,19.362641985696253
1983-05-08T00:00:00Z,-9.578038,53.922202,1983,5,8,Newport,50,1983-05-08,19,1891,19.888514934791754
1983-05-09T00:00:00Z,-9.578038,53.922202,1983,5,9,Newport,74,1983-05-09,19,1965,20.666806899453093
1983-05-10T00:00:00Z,-9.578038,53.922202,1983,5,10,Newport,202,1983-05-10,19,2167,22.791333613798905
1983-05-11T00:00:00Z,-9.578038,53.922202,1983,5,11,Newport,704,1983-05-11,19,2871,30.195624737063525
1983-05-12T00:00:00Z,-9.578038,53.922202,1983,5,12,Newport,293,1983-05-12,19,3164,33.27724021876315
1983-05-13T00:00:00Z,-9.578038,53.922202,1983,5,13,Newport,378,1983-05-13,19,3542,37.25283971392512
1983-05-14T00:00:00Z,-9.578038,53.922202,1983,5,14,Newport,825,1983-05-14,20,4367,45.92974337400084
1983-05-15T00:00:00Z,-9.578038,53.922202,1983,5,15,Newport,2540,1983-05-15,20,6907,72.64408918805216
1983-05-16T00:00:00Z,-9.578038,53.922202,1983,5,16,Newport,1573,1983-05-16,20,8480,89.18805216659655
1983-05-17T00:00:00Z,-9.578038,53.922202,1983,5,17,Newport,146,1983-05-17,20,8626,90.7236011779554
1983-05-18T00:00:00Z,-9.578038,53.922202,1983,5,18,Newport,296,1983-05-18,20,8922,93.83676903660076
1983-05-19T00:00:00Z,-9.578038,53.922202,1983,5,19,Newport,56,1983-05-19,20,8978,94.42574673958771
1983-05-20T00:00:00Z,-9.578038,53.922202,1983,5,20,Newport,73,1983-05-20,20,9051,95.19352124526715
1983-05-21T00:00:00Z,-9.578038,53.922202,1983,5,21,Newport,55,1983-05-21,21,9106,95.77198148927219
1983-05-22T00:00:00Z,-9.578038,53.922202,1983,5,22,Newport,58,1983-05-22,21,9164,96.38199411022296
1983-05-23T00:00:00Z,-9.578038,53.922202,1983,5,23,Newport,32,1983-05-23,21,9196,96.71855279764408
1983-05-24T00:00:00Z,-9.578038,53.922202,1983,5,24,Newport,37,1983-05-24,21,9233,97.10769877997475
1983-05-25T00:00:00Z,-9.578038,53.922202,1983,5,25,Newport,65,1983-05-25,21,9298,97.7913336137989
1983-05-26T00:00:00Z,-9.578038,53.922202,1983,5,26,Newport,77,1983-05-26,21,9375,98.60117795540597
1983-05-27T00:00:00Z,-9.578038,53.922202,1983,5,27,Newport,20,1983-05-27,21,9395,98.81152713504417
1983-05-28T00:00:00Z,-9.578038,53.922202,1983,5,28,Newport,2,1983-05-28,22,9397,98.83256205300799
1983-05-29T00:00:00Z,-9.578038,53.922202,1983,5,29,Newport,5,1983-05-29,22,9402,98.88514934791755
1983-05-30T00:00:00Z,-9.578038,53.922202,1983,5,30,Newport,3,1983-05-30,22,9405,98.91670172486327
1983-05-31T00:00:00Z,-9.578038,53.922202,1983,5,31,Newport,5,1983-05-31,22,9410,98.96928901977282
1983-06-01T00:00:00Z,-9.578038,53.922202,1983,6,1,Newport,7,1983-06-01,22,9417,99.04291123264619
1983-06-02T00:00:00Z,-9.578038,53.922202,1983,6,2,Newport,12,1983-06-02,22,9429,99.16912074042912
1983-06-03T00:00:00Z,-9.578038,53.922202,1983,6,3,Newport,13,1983-06-03,22,9442,99.30584770719393
1983-06-04T00:00:00Z,-9.578038,53.922202,1983,6,4,Newport,7,1983-06-04,23,9449,99.37946992006731
1983-06-05T00:00:00Z,-9.578038,53.922202,1983,6,5,Newport,14,1983-06-05,23,9463,99.52671434581404
1983-06-06T00:00:00Z,-9.578038,53.922202,1983,6,6,Newport,8,1983-06-06,23,9471,99.61085401766933
1983-06-07T00:00:00Z,-9.578038,53.922202,1983,6,7,Newport,5,1983-06-07,23,9476,99.66344131257888
1983-06-08T00:00:00Z,-9.578038,53.922202,1983,6,8,Newport,2,1983-06-08,23,9478,99.6844762305427
1983-06-09T00:00:00Z,-9.578038,53.922202,1983,6,9,Newport,7,1983-06-09,23,9485,99.75809844341606
1983-06-10T00:00:00Z,-9.578038,53.922202,1983,6,10,Newport,4,1983-06-10,23,9489,99.80016827934371
1983-06-12T00:00:00Z,-9.578038,53.922202,1983,6,12,Newport,2,1983-06-12,24,9491,99.82120319730753
1983-06-13T00:00:00Z,-9.578038,53.922202,1983,6,13,Newport,1,1983-06-13,24,9492,99.83172065628943
1983-06-14T00:00:00Z,-9.578038,53.922202,1983,6,14,Newport,6,1983-06-14,24,9498,99.8948254101809
1983-06-15T00:00:00Z,-9.578038,53.922202,1983,6,15,Newport,2,1983-06-15,24,9500,99.91586032814472
1983-06-16T00:00:00Z,-9.578038,53.922202,1983,6,16,Newport,5,1983-06-16,24,9505,99.96844762305427
1983-06-17T00:00:00Z,-9.578038,53.922202,1983,6,17,Newport,1,1983-06-17,24,9506,99.97896508203617
1983-06-20T00:00:00Z,-9.578038,53.922202,1983,6,20,Newport,2,1983-06-20,25,9508,100
1984-04-15T00:00:00Z,-9.578038,53.922202,1984,4,15,Newport,1,1984-04-15,16,1,0.013753266400770183
1984-04-18T00:00:00Z,-9.578038,53.922202,1984,4,18,Newport,2,1984-04-18,16,3,0.04125979920231055
1984-04-19T00:00:00Z,-9.578038,53.922202,1984,4,19,Newport,4,1984-04-19,16,7,0.09627286480539128
1984-04-20T00:00:00Z,-9.578038,53.922202,1984,4,20,Newport,4,1984-04-20,16,11,0.15128593040847202
1984-04-21T00:00:00Z,-9.578038,53.922202,1984,4,21,Newport,9,1984-04-21,16,20,0.2750653280154037
1984-04-22T00:00:00Z,-9.578038,53.922202,1984,4,22,Newport,84,1984-04-22,17,104,1.430339705680099
1984-04-23T00:00:00Z,-9.578038,53.922202,1984,4,23,Newport,32,1984-04-23,17,136,1.8704442305047446
1984-04-24T00:00:00Z,-9.578038,53.922202,1984,4,24,Newport,15,1984-04-24,17,151,2.0767432265162977
1984-04-25T00:00:00Z,-9.578038,53.922202,1984,4,25,Newport,122,1984-04-25,17,273,3.75464172741026
1984-04-26T00:00:00Z,-9.578038,53.922202,1984,4,26,Newport,165,1984-04-26,17,438,6.0239306835373405
1984-04-27T00:00:00Z,-9.578038,53.922202,1984,4,27,Newport,127,1984-04-27,17,565,7.770595516435154
1984-04-28T00:00:00Z,-9.578038,53.922202,1984,4,28,Newport,315,1984-04-28,17,880,12.102874432677762
1984-04-29T00:00:00Z,-9.578038,53.922202,1984,4,29,Newport,251,1984-04-29,18,1131,15.554944299271076
1984-04-30T00:00:00Z,-9.578038,53.922202,1984,4,30,Newport,35,1984-04-30,18,1166,16.036308623298034
1984-05-01T00:00:00Z,-9.578038,53.922202,1984,5,1,Newport,38,1984-05-01,18,1204,16.5589327465273
1984-05-02T00:00:00Z,-9.578038,53.922202,1984,5,2,Newport,192,1984-05-02,18,1396,19.199559895475176
1984-05-03T00:00:00Z,-9.578038,53.922202,1984,5,3,Newport,207,1984-05-03,18,1603,22.046486040434605
1984-05-04T00:00:00Z,-9.578038,53.922202,1984,5,4,Newport,31,1984-05-04,18,1634,22.47283729885848
1984-05-05T00:00:00Z,-9.578038,53.922202,1984,5,5,Newport,142,1984-05-05,18,1776,24.425801127767848
1984-05-06T00:00:00Z,-9.578038,53.922202,1984,5,6,Newport,382,1984-05-06,19,2158,29.679548892862055
1984-05-07T00:00:00Z,-9.578038,53.922202,1984,5,7,Newport,60,1984-05-07,19,2218,30.504744876908262
1984-05-08T00:00:00Z,-9.578038,53.922202,1984,5,8,Newport,841,1984-05-08,19,3059,42.07124191995599
1984-05-09T00:00:00Z,-9.578038,53.922202,1984,5,9,Newport,605,1984-05-09,19,3664,50.39196809242195
1984-05-10T00:00:00Z,-9.578038,53.922202,1984,5,10,Newport,50,1984-05-10,19,3714,51.07963141246046
1984-05-11T00:00:00Z,-9.578038,53.922202,1984,5,11,Newport,182,1984-05-11,19,3896,53.58272589740063
1984-05-12T00:00:00Z,-9.578038,53.922202,1984,5,12,Newport,612,1984-05-12,19,4508,61.99972493467199
1984-05-13T00:00:00Z,-9.578038,53.922202,1984,5,13,Newport,175,1984-05-13,20,4683,64.40654655480677
1984-05-14T00:00:00Z,-9.578038,53.922202,1984,5,14,Newport,232,1984-05-14,20,4915,67.59730435978545
1984-05-15T00:00:00Z,-9.578038,53.922202,1984,5,15,Newport,128,1984-05-15,20,5043,69.35772245908403
1984-05-16T00:00:00Z,-9.578038,53.922202,1984,5,16,Newport,39,1984-05-16,20,5082,69.89409984871406
1984-05-17T00:00:00Z,-9.578038,53.922202,1984,5,17,Newport,40,1984-05-17,20,5122,70.44423050474488
1984-05-18T00:00:00Z,-9.578038,53.922202,1984,5,18,Newport,427,1984-05-18,20,5549,76.31687525787373
1984-05-19T00:00:00Z,-9.578038,53.922202,1984,5,19,Newport,87,1984-05-19,20,5636,77.51340943474075
1984-05-20T00:00:00Z,-9.578038,53.922202,1984,5,20,Newport,26,1984-05-20,21,5662,77.87099436116077
1984-05-21T00:00:00Z,-9.578038,53.922202,1984,5,21,Newport,115,1984-05-21,21,5777,79.45261999724936
1984-05-22T00:00:00Z,-9.578038,53.922202,1984,5,22,Newport,63,1984-05-22,21,5840,80.31907578049787
1984-05-23T00:00:00Z,-9.578038,53.922202,1984,5,23,Newport,14,1984-05-23,21,5854,80.51162151010865
1984-05-24T00:00:00Z,-9.578038,53.922202,1984,5,24,Newport,12,1984-05-24,21,5866,80.67666070691789
1984-05-25T00:00:00Z,-9.578038,53.922202,1984,5,25,Newport,23,1984-05-25,21,5889,80.99298583413561
1984-05-26T00:00:00Z,-9.578038,53.922202,1984,5,26,Newport,6,1984-05-26,21,5895,81.07550543254023
1984-05-27T00:00:00Z,-9.578038,53.922202,1984,5,27,Newport,40,1984-05-27,22,5935,81.62563608857104
1984-05-28T00:00:00Z,-9.578038,53.922202,1984,5,28,Newport,127,1984-05-28,22,6062,83.37230092146885
1984-05-29T00:00:00Z,-9.578038,53.922202,1984,5,29,Newport,128,1984-05-29,22,6190,85.13271902076744
1984-05-30T00:00:00Z,-9.578038,53.922202,1984,5,30,Newport,86,1984-05-30,22,6276,86.31549993123366
1984-05-31T00:00:00Z,-9.578038,53.922202,1984,5,31,Newport,11,1984-05-31,22,6287,86.46678586164214
1984-06-01T00:00:00Z,-9.578038,53.922202,1984,6,1,Newport,77,1984-06-01,22,6364,87.52578737450143
1984-06-02T00:00:00Z,-9.578038,53.922202,1984,6,2,Newport,63,1984-06-02,22,6427,88.39224315774996
1984-06-03T00:00:00Z,-9.578038,53.922202,1984,6,3,Newport,136,1984-06-03,23,6563,90.26268738825472
1984-06-04T00:00:00Z,-9.578038,53.922202,1984,6,4,Newport,97,1984-06-04,23,6660,91.59675422912942
1984-06-05T00:00:00Z,-9.578038,53.922202,1984,6,5,Newport,123,1984-06-05,23,6783,93.28840599642415
1984-06-06T00:00:00Z,-9.578038,53.922202,1984,6,6,Newport,121,1984-06-06,23,6904,94.95255123091735
1984-06-07T00:00:00Z,-9.578038,53.922202,1984,6,7,Newport,104,1984-06-07,23,7008,96.38289093659745
1984-06-08T00:00:00Z,-9.578038,53.922202,1984,6,8,Newport,79,1984-06-08,23,7087,97.46939898225828
1984-06-09T00:00:00Z,-9.578038,53.922202,1984,6,9,Newport,41,1984-06-09,23,7128,98.03328290468987
1984-06-10T00:00:00Z,-9.578038,53.922202,1984,6,10,Newport,27,1984-06-10,24,7155,98.40462109751066
1984-06-11T00:00:00Z,-9.578038,53.922202,1984,6,11,Newport,6,1984-06-11,24,7161,98.48714069591527
1984-06-12T00:00:00Z,-9.578038,53.922202,1984,6,12,Newport,6,1984-06-12,24,7167,98.5696602943199
1984-06-13T00:00:00Z,-9.578038,53.922202,1984,6,13,Newport,8,1984-06-13,24,7175,98.67968642552606
1984-06-14T00:00:00Z,-9.578038,53.922202,1984,6,14,Newport,31,1984-06-14,24,7206,99.10603768394995
1984-06-15T00:00:00Z,-9.578038,53.922202,1984,6,15,Newport,26,1984-06-15,24,7232,99.46362261036997
1984-06-16T00:00:00Z,-9.578038,53.922202,1984,6,16,Newport,29,1984-06-16,24,7261,99.8624673359923
1984-06-17T00:00:00Z,-9.578038,53.922202,1984,6,17,Newport,4,1984-06-17,25,7265,99.91748040159538
1984-06-18T00:00:00Z,-9.578038,53.922202,1984,6,18,Newport,3,1984-06-18,25,7268,99.95874020079769
1984-06-20T00:00:00Z,-9.578038,53.922202,1984,6,20,Newport,1,1984-06-20,25,7269,99.97249346719846
1984-07-15T00:00:00Z,-9.578038,53.922202,1984,7,15,Newport,1,1984-07-15,29,7270,99.98624673359923
1984-07-18T00:00:00Z,-9.578038,53.922202,1984,7,18,Newport,1,1984-07-18,29,7271,100
1985-04-03T00:00:00Z,-9.578038,53.922202,1985,4,3,Newport,1,1985-04-03,14,1,0.01591596371160274
1985-04-04T00:00:00Z,-9.578038,53.922202,1985,4,4,Newport,1,1985-04-04,14,2,0.03183192742320548
1985-04-07T00:00:00Z,-9.578038,53.922202,1985,4,7,Newport,2,1985-04-07,14,4,0.06366385484641096
1985-04-08T00:00:00Z,-9.578038,53.922202,1985,4,8,Newport,1,1985-04-08,14,5,0.07957981855801369
1985-04-11T00:00:00Z,-9.578038,53.922202,1985,4,11,Newport,2,1985-04-11,15,7,0.11141174598121915
1985-04-12T00:00:00Z,-9.578038,53.922202,1985,4,12,Newport,2,1985-04-12,15,9,0.14324367340442465
1985-04-13T00:00:00Z,-9.578038,53.922202,1985,4,13,Newport,1,1985-04-13,15,10,0.15915963711602737
1985-04-14T00:00:00Z,-9.578038,53.922202,1985,4,14,Newport,2,1985-04-14,15,12,0.19099156453923286
1985-04-15T00:00:00Z,-9.578038,53.922202,1985,4,15,Newport,2,1985-04-15,15,14,0.2228234919624383
1985-04-16T00:00:00Z,-9.578038,53.922202,1985,4,16,Newport,1,1985-04-16,16,15,0.23873945567404103
1985-04-18T00:00:00Z,-9.578038,53.922202,1985,4,18,Newport,5,1985-04-18,16,20,0.31831927423205475
1985-04-19T00:00:00Z,-9.578038,53.922202,1985,4,19,Newport,6,1985-04-19,16,26,0.41381505650167116
1985-04-20T00:00:00Z,-9.578038,53.922202,1985,4,20,Newport,2,1985-04-20,16,28,0.4456469839248766
1985-04-21T00:00:00Z,-9.578038,53.922202,1985,4,21,Newport,2,1985-04-21,16,30,0.47747891134808207
1985-04-23T00:00:00Z,-9.578038,53.922202,1985,4,23,Newport,2,1985-04-23,17,32,0.5093108387712877
1985-04-24T00:00:00Z,-9.578038,53.922202,1985,4,24,Newport,7,1985-04-24,17,39,0.6207225847525067
1985-04-25T00:00:00Z,-9.578038,53.922202,1985,4,25,Newport,4,1985-04-25,17,43,0.6843864395989177
1985-04-26T00:00:00Z,-9.578038,53.922202,1985,4,26,Newport,2,1985-04-26,17,45,0.7162183670221232
1985-04-27T00:00:00Z,-9.578038,53.922202,1985,4,27,Newport,2,1985-04-27,17,47,0.7480502944453287
1985-04-28T00:00:00Z,-9.578038,53.922202,1985,4,28,Newport,14,1985-04-28,17,61,0.9708737864077669
1985-04-29T00:00:00Z,-9.578038,53.922202,1985,4,29,Newport,6,1985-04-29,17,67,1.0663695686773835
1985-04-30T00:00:00Z,-9.578038,53.922202,1985,4,30,Newport,10,1985-04-30,18,77,1.2255292057934108
1985-05-01T00:00:00Z,-9.578038,53.922202,1985,5,1,Newport,46,1985-05-01,18,123,1.9576635365271366
1985-05-02T00:00:00Z,-9.578038,53.922202,1985,5,2,Newport,92,1985-05-02,18,215,3.4219321979945887
1985-05-03T00:00:00Z,-9.578038,53.922202,1985,5,3,Newport,218,1985-05-03,18,433,6.891612287123985
1985-05-04T00:00:00Z,-9.578038,53.922202,1985,5,4,Newport,260,1985-05-04,18,693,11.029762852140697
1985-05-05T00:00:00Z,-9.578038,53.922202,1985,5,5,Newport,251,1985-05-05,18,944,15.024669743752984
1985-05-06T00:00:00Z,-9.578038,53.922202,1985,5,6,Newport,300,1985-05-06,18,1244,19.799458857233805
1985-05-07T00:00:00Z,-9.578038,53.922202,1985,5,7,Newport,593,1985-05-07,19,1837,29.23762533821423
1985-05-08T00:00:00Z,-9.578038,53.922202,1985,5,8,Newport,654,1985-05-08,19,2491,39.64666560560242
1985-05-09T00:00:00Z,-9.578038,53.922202,1985,5,9,Newport,383,1985-05-09,19,2874,45.742479707146266
1985-05-10T00:00:00Z,-9.578038,53.922202,1985,5,10,Newport,71,1985-05-10,19,2945,46.872513130670065
1985-05-11T00:00:00Z,-9.578038,53.922202,1985,5,11,Newport,212,1985-05-11,19,3157,50.24669743752984
1985-05-12T00:00:00Z,-9.578038,53.922202,1985,5,12,Newport,749,1985-05-12,19,3906,62.16775425752029
1985-05-13T00:00:00Z,-9.578038,53.922202,1985,5,13,Newport,222,1985-05-13,19,4128,65.7010982014961
1985-05-14T00:00:00Z,-9.578038,53.922202,1985,5,14,Newport,415,1985-05-14,20,4543,72.30622314181123
1985-05-15T00:00:00Z,-9.578038,53.922202,1985,5,15,Newport,110,1985-05-15,20,4653,74.05697915008754
1985-05-16T00:00:00Z,-9.578038,53.922202,1985,5,16,Newport,68,1985-05-16,20,4721,75.13926468247652
1985-05-17T00:00:00Z,-9.578038,53.922202,1985,5,17,Newport,212,1985-05-17,20,4933,78.51344898933631
1985-05-18T00:00:00Z,-9.578038,53.922202,1985,5,18,Newport,653,1985-05-18,20,5586,88.9065732930129
1985-05-19T00:00:00Z,-9.578038,53.922202,1985,5,19,Newport,159,1985-05-19,20,5745,91.43721152315773
1985-05-20T00:00:00Z,-9.578038,53.922202,1985,5,20,Newport,47,1985-05-20,20,5792,92.18526181760306
1985-05-21T00:00:00Z,-9.578038,53.922202,1985,5,21,Newport,14,1985-05-21,21,5806,92.4080853095655
1985-05-22T00:00:00Z,-9.578038,53.922202,1985,5,22,Newport,43,1985-05-22,21,5849,93.0924717491644
1985-05-23T00:00:00Z,-9.578038,53.922202,1985,5,23,Newport,65,1985-05-23,21,5914,94.12700939041859
1985-05-24T00:00:00Z,-9.578038,53.922202,1985,5,24,Newport,27,1985-05-24,21,5941,94.55674041063187
1985-05-25T00:00:00Z,-9.578038,53.922202,1985,5,25,Newport,12,1985-05-25,21,5953,94.7477319751711
1985-05-26T00:00:00Z,-9.578038,53.922202,1985,5,26,Newport,21,1985-05-26,21,5974,95.08196721311475
1985-05-27T00:00:00Z,-9.578038,53.922202,1985,5,27,Newport,141,1985-05-27,21,6115,97.32611809645074
1985-05-28T00:00:00Z,-9.578038,53.922202,1985,5,28,Newport,83,1985-05-28,22,6198,98.64714308451377
1985-05-29T00:00:00Z,-9.578038,53.922202,1985,5,29,Newport,16,1985-05-29,22,6214,98.90179850389941
1985-05-30T00:00:00Z,-9.578038,53.922202,1985,5,30,Newport,28,1985-05-30,22,6242,99.34744548782429
1985-05-31T00:00:00Z,-9.578038,53.922202,1985,5,31,Newport,21,1985-05-31,22,6263,99.68168072576795
1985-06-01T00:00:00Z,-9.578038,53.922202,1985,6,1,Newport,4,1985-06-01,22,6267,99.74534458061436
1985-06-03T00:00:00Z,-9.578038,53.922202,1985,6,3,Newport,4,1985-06-03,22,6271,99.80900843546077
1985-06-04T00:00:00Z,-9.578038,53.922202,1985,6,4,Newport,2,1985-06-04,23,6273,99.84084036288398
1985-06-05T00:00:00Z,-9.578038,53.922202,1985,6,5,Newport,1,1985-06-05,23,6274,99.85675632659557
1985-06-13T00:00:00Z,-9.578038,53.922202,1985,6,13,Newport,1,1985-06-13,24,6275,99.87267229030718
1985-06-22T00:00:00Z,-9.578038,53.922202,1985,6,22,Newport,1,1985-06-22,25,6276,99.88858825401879
1985-06-23T00:00:00Z,-9.578038,53.922202,1985,6,23,Newport,1,1985-06-23,25,6277,99.90450421773038
1985-06-25T00:00:00Z,-9.578038,53.922202,1985,6,25,Newport,2,1985-06-25,26,6279,99.93633614515359
1985-07-05T00:00:00Z,-9.578038,53.922202,1985,7,5,Newport,1,1985-07-05,27,6280,99.9522521088652
1985-07-19T00:00:00Z,-9.578038,53.922202,1985,7,19,Newport,1,1985-07-19,29,6281,99.96816807257679
1985-07-22T00:00:00Z,-9.578038,53.922202,1985,7,22,Newport,1,1985-07-22,29,6282,99.98408403628841
1985-07-24T00:00:00Z,-9.578038,53.922202,1985,7,24,Newport,1,1985-07-24,30,6283,100
1986-04-14T00:00:00Z,-9.578038,53.922202,1986,4,14,Newport,1,1986-04-14,15,1,0.018782870022539446
1986-04-16T00:00:00Z,-9.578038,53.922202,1986,4,16,Newport,2,1986-04-16,16,3,0.05634861006761833
1986-04-17T00:00:00Z,-9.578038,53.922202,1986,4,17,Newport,1,1986-04-17,16,4,0.07513148009015778
1986-04-20T00:00:00Z,-9.578038,53.922202,1986,4,20,Newport,2,1986-04-20,16,6,0.11269722013523666
1986-04-22T00:00:00Z,-9.578038,53.922202,1986,4,22,Newport,9,1986-04-22,16,15,0.28174305033809166
1986-04-23T00:00:00Z,-9.578038,53.922202,1986,4,23,Newport,2,1986-04-23,17,17,0.31930879038317056
1986-04-24T00:00:00Z,-9.578038,53.922202,1986,4,24,Newport,1,1986-04-24,17,18,0.33809166040571
1986-04-25T00:00:00Z,-9.578038,53.922202,1986,4,25,Newport,2,1986-04-25,17,20,0.3756574004507889
1986-04-26T00:00:00Z,-9.578038,53.922202,1986,4,26,Newport,1,1986-04-26,17,21,0.39444027047332836
1986-04-27T00:00:00Z,-9.578038,53.922202,1986,4,27,Newport,2,1986-04-27,17,23,0.4320060105184072
1986-04-29T00:00:00Z,-9.578038,53.922202,1986,4,29,Newport,2,1986-04-29,17,25,0.46957175056348605
1986-04-30T00:00:00Z,-9.578038,53.922202,1986,4,30,Newport,2,1986-04-30,18,27,0.5071374906085651
1986-05-01T00:00:00Z,-9.578038,53.922202,1986,5,1,Newport,11,1986-05-01,18,38,0.7137490608564989
1986-05-02T00:00:00Z,-9.578038,53.922202,1986,5,2,Newport,2,1986-05-02,18,40,0.7513148009015778
1986-05-03T00:00:00Z,-9.578038,53.922202,1986,5,3,Newport,30,1986-05-03,18,70,1.314800901577761
1986-05-04T00:00:00Z,-9.578038,53.922202,1986,5,4,Newport,12,1986-05-04,18,82,1.5401953418482344
1986-05-05T00:00:00Z,-9.578038,53.922202,1986,5,5,Newport,71,1986-05-05,18,153,2.873779113448535
1986-05-06T00:00:00Z,-9.578038,53.922202,1986,5,6,Newport,30,1986-05-06,18,183,3.4372652141247184
1986-05-07T00:00:00Z,-9.578038,53.922202,1986,5,7,Newport,17,1986-05-07,19,200,3.7565740045078884
1986-05-08T00:00:00Z,-9.578038,53.922202,1986,5,8,Newport,35,1986-05-08,19,235,4.41397445529677
1986-05-09T00:00:00Z,-9.578038,53.922202,1986,5,9,Newport,36,1986-05-09,19,271,5.09015777610819
1986-05-10T00:00:00Z,-9.578038,53.922202,1986,5,10,Newport,35,1986-05-10,19,306,5.74755822689707
1986-05-11T00:00:00Z,-9.578038,53.922202,1986,5,11,Newport,83,1986-05-11,19,389,7.306536438767844
1986-05-12T00:00:00Z,-9.578038,53.922202,1986,5,12,Newport,56,1986-05-12,19,445,8.358377160030054
1986-05-13T00:00:00Z,-9.578038,53.922202,1986,5,13,Newport,92,1986-05-13,19,537,10.086401202103682
1986-05-14T00:00:00Z,-9.578038,53.922202,1986,5,14,Newport,203,1986-05-14,20,740,13.899323816679187
1986-05-15T00:00:00Z,-9.578038,53.922202,1986,5,15,Newport,570,1986-05-15,20,1310,24.60555972952667
1986-05-16T00:00:00Z,-9.578038,53.922202,1986,5,16,Newport,253,1986-05-16,20,1563,29.35762584522915
1986-05-17T00:00:00Z,-9.578038,53.922202,1986,5,17,Newport,399,1986-05-17,20,1962,36.85199098422239
1986-05-18T00:00:00Z,-9.578038,53.922202,1986,5,18,Newport,86,1986-05-18,20,2048,38.467317806160786
1986-05-19T00:00:00Z,-9.578038,53.922202,1986,5,19,Newport,215,1986-05-19,20,2263,42.50563486100676
1986-05-20T00:00:00Z,-9.578038,53.922202,1986,5,20,Newport,386,1986-05-20,20,2649,49.75582268970699
1986-05-21T00:00:00Z,-9.578038,53.922202,1986,5,21,Newport,397,1986-05-21,21,3046,57.21262208865515
1986-05-22T00:00:00Z,-9.578038,53.922202,1986,5,22,Newport,214,1986-05-22,21,3260,61.23215627347859
1986-05-23T00:00:00Z,-9.578038,53.922202,1986,5,23,Newport,295,1986-05-23,21,3555,66.77310293012772
1986-05-24T00:00:00Z,-9.578038,53.922202,1986,5,24,Newport,202,1986-05-24,21,3757,70.56724267468068
1986-05-25T00:00:00Z,-9.578038,53.922202,1986,5,25,Newport,116,1986-05-25,21,3873,72.74605559729527
1986-05-26T00:00:00Z,-9.578038,53.922202,1986,5,26,Newport,83,1986-05-26,21,3956,74.30503380916605
1986-05-27T00:00:00Z,-9.578038,53.922202,1986,5,27,Newport,108,1986-05-27,21,4064,76.3335837716003
1986-05-28T00:00:00Z,-9.578038,53.922202,1986,5,28,Newport,68,1986-05-28,22,4132,77.61081893313299
1986-05-29T00:00:00Z,-9.578038,53.922202,1986,5,29,Newport,192,1986-05-29,22,4324,81.21712997746056
1986-05-30T00:00:00Z,-9.578038,53.922202,1986,5,30,Newport,453,1986-05-30,22,4777,89.72577009767092
1986-05-31T00:00:00Z,-9.578038,53.922202,1986,5,31,Newport,195,1986-05-31,22,4972,93.38842975206612
1986-06-01T00:00:00Z,-9.578038,53.922202,1986,6,1,Newport,141,1986-06-01,22,5113,96.03681442524417
1986-06-02T00:00:00Z,-9.578038,53.922202,1986,6,2,Newport,89,1986-06-02,22,5202,97.70848985725019
1986-06-03T00:00:00Z,-9.578038,53.922202,1986,6,3,Newport,23,1986-06-03,22,5225,98.14049586776859
1986-06-04T00:00:00Z,-9.578038,53.922202,1986,6,4,Newport,18,1986-06-04,23,5243,98.4785875281743
1986-06-05T00:00:00Z,-9.578038,53.922202,1986,6,5,Newport,12,1986-06-05,23,5255,98.70398196844478
1986-06-06T00:00:00Z,-9.578038,53.922202,1986,6,6,Newport,16,1986-06-06,23,5271,99.0045078888054
1986-06-07T00:00:00Z,-9.578038,53.922202,1986,6,7,Newport,10,1986-06-07,23,5281,99.1923365890308
1986-06-09T00:00:00Z,-9.578038,53.922202,1986,6,9,Newport,4,1986-06-09,23,5285,99.26746806912095
1986-06-10T00:00:00Z,-9.578038,53.922202,1986,6,10,Newport,4,1986-06-10,23,5289,99.34259954921112
1986-06-11T00:00:00Z,-9.578038,53.922202,1986,6,11,Newport,13,1986-06-11,24,5302,99.58677685950413
1986-06-12T00:00:00Z,-9.578038,53.922202,1986,6,12,Newport,10,1986-06-12,24,5312,99.77460555972952
1986-06-13T00:00:00Z,-9.578038,53.922202,1986,6,13,Newport,3,1986-06-13,24,5315,99.83095416979715
1986-06-14T00:00:00Z,-9.578038,53.922202,1986,6,14,Newport,1,1986-06-14,24,5316,99.84973703981969
1986-06-15T00:00:00Z,-9.578038,53.922202,1986,6,15,Newport,2,1986-06-15,24,5318,99.88730277986477
1986-06-16T00:00:00Z,-9.578038,53.922202,1986,6,16,Newport,1,1986-06-16,24,5319,99.9060856498873
1986-06-17T00:00:00Z,-9.578038,53.922202,1986,6,17,Newport,1,1986-06-17,24,5320,99.92486851990984
1986-07-05T00:00:00Z,-9.578038,53.922202,1986,7,5,Newport,1,1986-07-05,27,5321,99.94365138993238
1986-07-09T00:00:00Z,-9.578038,53.922202,1986,7,9,Newport,1,1986-07-09,28,5322,99.96243425995492
1986-07-20T00:00:00Z,-9.578038,53.922202,1986,7,20,Newport,1,1986-07-20,29,5323,99.98121712997747
1986-08-29T00:00:00Z,-9.578038,53.922202,1986,8,29,Newport,1,1986-08-29,35,5324,100
1987-04-14T00:00:00Z,-9.578038,53.922202,1987,4,14,Newport,1,1987-04-14,15,1,0.026595744680851064
1987-04-19T00:00:00Z,-9.578038,53.922202,1987,4,19,Newport,1,1987-04-19,16,2,0.05319148936170213
1987-04-20T00:00:00Z,-9.578038,53.922202,1987,4,20,Newport,1,1987-04-20,16,3,0.07978723404255318
1987-04-21T00:00:00Z,-9.578038,53.922202,1987,4,21,Newport,1,1987-04-21,16,4,0.10638297872340426
1987-04-22T00:00:00Z,-9.578038,53.922202,1987,4,22,Newport,2,1987-04-22,16,6,0.15957446808510636
1987-04-23T00:00:00Z,-9.578038,53.922202,1987,4,23,Newport,2,1987-04-23,17,8,0.2127659574468085
1987-04-24T00:00:00Z,-9.578038,53.922202,1987,4,24,Newport,2,1987-04-24,17,10,0.26595744680851063
1987-04-25T00:00:00Z,-9.578038,53.922202,1987,4,25,Newport,5,1987-04-25,17,15,0.39893617021276595
1987-04-26T00:00:00Z,-9.578038,53.922202,1987,4,26,Newport,12,1987-04-26,17,27,0.7180851063829787
1987-04-27T00:00:00Z,-9.578038,53.922202,1987,4,27,Newport,13,1987-04-27,17,40,1.0638297872340425
1987-04-28T00:00:00Z,-9.578038,53.922202,1987,4,28,Newport,70,1987-04-28,17,110,2.925531914893617
1987-04-29T00:00:00Z,-9.578038,53.922202,1987,4,29,Newport,42,1987-04-29,17,152,4.042553191489362
1987-04-30T00:00:00Z,-9.578038,53.922202,1987,4,30,Newport,51,1987-04-30,18,203,5.3989361702127665
1987-05-01T00:00:00Z,-9.578038,53.922202,1987,5,1,Newport,26,1987-05-01,18,229,6.090425531914893
1987-05-02T00:00:00Z,-9.578038,53.922202,1987,5,2,Newport,49,1987-05-02,18,278,7.3936170212765955
1987-05-04T00:00:00Z,-9.578038,53.922202,1987,5,4,Newport,57,1987-05-04,18,335,8.909574468085106
1987-05-05T00:00:00Z,-9.578038,53.922202,1987,5,5,Newport,123,1987-05-05,18,458,12.180851063829786
1987-05-06T00:00:00Z,-9.578038,53.922202,1987,5,6,Newport,45,1987-05-06,18,503,13.377659574468085
1987-05-07T00:00:00Z,-9.578038,53.922202,1987,5,7,Newport,147,1987-05-07,19,650,17.287234042553195
1987-05-08T00:00:00Z,-9.578038,53.922202,1987,5,8,Newport,41,1987-05-08,19,691,18.377659574468087
1987-05-09T00:00:00Z,-9.578038,53.922202,1987,5,9,Newport,54,1987-05-09,19,745,19.81382978723404
1987-05-10T00:00:00Z,-9.578038,53.922202,1987,5,10,Newport,15,1987-05-10,19,760,20.212765957446805
1987-05-11T00:00:00Z,-9.578038,53.922202,1987,5,11,Newport,15,1987-05-11,19,775,20.611702127659576
1987-05-12T00:00:00Z,-9.578038,53.922202,1987,5,12,Newport,41,1987-05-12,19,816,21.70212765957447
1987-05-13T00:00:00Z,-9.578038,53.922202,1987,5,13,Newport,229,1987-05-13,19,1045,27.79255319148936
1987-05-14T00:00:00Z,-9.578038,53.922202,1987,5,14,Newport,351,1987-05-14,20,1396,37.12765957446808
1987-05-15T00:00:00Z,-9.578038,53.922202,1987,5,15,Newport,228,1987-05-15,20,1624,43.19148936170213
1987-05-16T00:00:00Z,-9.578038,53.922202,1987,5,16,Newport,604,1987-05-16,20,2228,59.25531914893617
1987-05-17T00:00:00Z,-9.578038,53.922202,1987,5,17,Newport,77,1987-05-17,20,2305,61.303191489361694
1987-05-18T00:00:00Z,-9.578038,53.922202,1987,5,18,Newport,38,1987-05-18,20,2343,62.31382978723404
1987-05-19T00:00:00Z,-9.578038,53.922202,1987,5,19,Newport,17,1987-05-19,20,2360,62.76595744680851
1987-05-20T00:00:00Z,-9.578038,53.922202,1987,5,20,Newport,17,1987-05-20,20,2377,63.21808510638298
1987-05-21T00:00:00Z,-9.578038,53.922202,1987,5,21,Newport,22,1987-05-21,21,2399,63.8031914893617
1987-05-22T00:00:00Z,-9.578038,53.922202,1987,5,22,Newport,14,1987-05-22,21,2413,64.17553191489361
1987-05-23T00:00:00Z,-9.578038,53.922202,1987,5,23,Newport,5,1987-05-23,21,2418,64.30851063829788
1987-05-24T00:00:00Z,-9.578038,53.922202,1987,5,24,Newport,5,1987-05-24,21,2423,64.44148936170212
1987-05-25T00:00:00Z,-9.578038,53.922202,1987,5,25,Newport,119,1987-05-25,21,2542,67.6063829787234
1987-05-26T00:00:00Z,-9.578038,53.922202,1987,5,26,Newport,20,1987-05-26,21,2562,68.13829787234043
1987-05-27T00:00:00Z,-9.578038,53.922202,1987,5,27,Newport,37,1987-05-27,21,2599,69.12234042553192
1987-05-28T00:00:00Z,-9.578038,53.922202,1987,5,28,Newport,41,1987-05-28,22,2640,70.2127659574468
1987-05-29T00:00:00Z,-9.578038,53.922202,1987,5,29,Newport,18,1987-05-29,22,2658,70.69148936170212
1987-05-30T00:00:00Z,-9.578038,53.922202,1987,5,30,Newport,9,1987-05-30,22,2667,70.93085106382979
1987-05-31T00:00:00Z,-9.578038,53.922202,1987,5,31,Newport,10,1987-05-31,22,2677,71.1968085106383
1987-06-01T00:00:00Z,-9.578038,53.922202,1987,6,1,Newport,211,1987-06-01,22,2888,76.80851063829788
1987-06-02T00:00:00Z,-9.578038,53.922202,1987,6,2,Newport,164,1987-06-02,22,3052,81.17021276595744
1987-06-03T00:00:00Z,-9.578038,53.922202,1987,6,3,Newport,248,1987-06-03,22,3300,87.7659574468085
1987-06-04T00:00:00Z,-9.578038,53.922202,1987,6,4,Newport,352,1987-06-04,23,3652,97.12765957446808
1987-06-05T00:00:00Z,-9.578038,53.922202,1987,6,5,Newport,25,1987-06-05,23,3677,97.79255319148936
1987-06-06T00:00:00Z,-9.578038,53.922202,1987,6,6,Newport,23,1987-06-06,23,3700,98.40425531914893
1987-06-07T00:00:00Z,-9.578038,53.922202,1987,6,7,Newport,9,1987-06-07,23,3709,98.6436170212766
1987-06-08T00:00:00Z,-9.578038,53.922202,1987,6,8,Newport,8,1987-06-08,23,3717,98.8563829787234
1987-06-09T00:00:00Z,-9.578038,53.922202,1987,6,9,Newport,4,1987-06-09,23,3721,98.9627659574468
1987-06-10T00:00:00Z,-9.578038,53.922202,1987,6,10,Newport,1,1987-06-10,23,3722,98.98936170212767
1987-06-13T00:00:00Z,-9.578038,53.922202,1987,6,13,Newport,1,1987-06-13,24,3723,99.01595744680851
1987-06-14T00:00:00Z,-9.578038,53.922202,1987,6,14,Newport,1,1987-06-14,24,3724,99.04255319148936
1987-06-20T00:00:00Z,-9.578038,53.922202,1987,6,20,Newport,1,1987-06-20,25,3725,99.06914893617021
1987-06-22T00:00:00Z,-9.578038,53.922202,1987,6,22,Newport,1,1987-06-22,25,3726,99.09574468085106
1987-06-28T00:00:00Z,-9.578038,53.922202,1987,6,28,Newport,1,1987-06-28,26,3727,99.12234042553192
1987-07-07T00:00:00Z,-9.578038,53.922202,1987,7,7,Newport,1,1987-07-07,27,3728,99.14893617021276
1987-07-13T00:00:00Z,-9.578038,53.922202,1987,7,13,Newport,1,1987-07-13,28,3729,99.17553191489363
1987-07-15T00:00:00Z,-9.578038,53.922202,1987,7,15,Newport,1,1987-07-15,28,3730,99.20212765957447
1987-07-17T00:00:00Z,-9.578038,53.922202,1987,7,17,Newport,1,1987-07-17,29,3731,99.22872340425532
1987-07-19T00:00:00Z,-9.578038,53.922202,1987,7,19,Newport,1,1987-07-19,29,3732,99.25531914893617
1987-07-23T00:00:00Z,-9.578038,53.922202,1987,7,23,Newport,1,1987-07-23,30,3733,99.28191489361701
1987-07-25T00:00:00Z,-9.578038,53.922202,1987,7,25,Newport,1,1987-07-25,30,3734,99.30851063829788
1987-07-26T00:00:00Z,-9.578038,53.922202,1987,7,26,Newport,1,1987-07-26,30,3735,99.33510638297872
1987-07-27T00:00:00Z,-9.578038,53.922202,1987,7,27,Newport,1,1987-07-27,30,3736,99.36170212765958
1987-08-01T00:00:00Z,-9.578038,53.922202,1987,8,1,Newport,1,1987-08-01,31,3737,99.38829787234043
1987-08-03T00:00:00Z,-9.578038,53.922202,1987,8,3,Newport,2,1987-08-03,31,3739,99.44148936170212
1987-08-11T00:00:00Z,-9.578038,53.922202,1987,8,11,Newport,2,1987-08-11,32,3741,99.49468085106383
1987-08-15T00:00:00Z,-9.578038,53.922202,1987,8,15,Newport,1,1987-08-15,33,3742,99.52127659574468
1987-08-16T00:00:00Z,-9.578038,53.922202,1987,8,16,Newport,1,1987-08-16,33,3743,99.54787234042554
1987-08-17T00:00:00Z,-9.578038,53.922202,1987,8,17,Newport,1,1987-08-17,33,3744,99.57446808510639
1987-08-18T00:00:00Z,-9.578038,53.922202,1987,8,18,Newport,1,1987-08-18,33,3745,99.60106382978722
1987-08-19T00:00:00Z,-9.578038,53.922202,1987,8,19,Newport,1,1987-08-19,33,3746,99.62765957446808
1987-08-20T00:00:00Z,-9.578038,53.922202,1987,8,20,Newport,3,1987-08-20,34,3749,99.70744680851064
1987-08-21T00:00:00Z,-9.578038,53.922202,1987,8,21,Newport,2,1987-08-21,34,3751,99.76063829787233
1987-08-22T00:00:00Z,-9.578038,53.922202,1987,8,22,Newport,3,1987-08-22,34,3754,99.84042553191489
1987-08-23T00:00:00Z,-9.578038,53.922202,1987,8,23,Newport,4,1987-08-23,34,3758,99.94680851063829
1987-08-24T00:00:00Z,-9.578038,53.922202,1987,8,24,Newport,1,1987-08-24,34,3759,99.97340425531915
1987-08-27T00:00:00Z,-9.578038,53.922202,1987,8,27,Newport,1,1987-08-27,35,3760,100
1988-04-05T00:00:00Z,-9.578038,53.922202,1988,4,5,Newport,1,1988-04-05,14,1,0.015583606046439146
1988-04-12T00:00:00Z,-9.578038,53.922202,1988,4,12,Newport,1,1988-04-12,15,2,0.03116721209287829
1988-04-13T00:00:00Z,-9.578038,53.922202,1988,4,13,Newport,1,1988-04-13,15,3,0.04675081813931744
1988-04-17T00:00:00Z,-9.578038,53.922202,1988,4,17,Newport,4,1988-04-17,16,7,0.10908524232507402
1988-04-18T00:00:00Z,-9.578038,53.922202,1988,4,18,Newport,12,1988-04-18,16,19,0.2960885148823438
1988-04-19T00:00:00Z,-9.578038,53.922202,1988,4,19,Newport,9,1988-04-19,16,28,0.4363409693002961
1988-04-20T00:00:00Z,-9.578038,53.922202,1988,4,20,Newport,25,1988-04-20,16,53,0.8259311204612747
1988-04-21T00:00:00Z,-9.578038,53.922202,1988,4,21,Newport,19,1988-04-21,16,72,1.1220196353436185
1988-04-22T00:00:00Z,-9.578038,53.922202,1988,4,22,Newport,79,1988-04-22,17,151,2.353124513012311
1988-04-23T00:00:00Z,-9.578038,53.922202,1988,4,23,Newport,27,1988-04-23,17,178,2.773881876266168
1988-04-24T00:00:00Z,-9.578038,53.922202,1988,4,24,Newport,23,1988-04-24,17,201,3.1323048153342685
1988-04-25T00:00:00Z,-9.578038,53.922202,1988,4,25,Newport,242,1988-04-25,17,443,6.903537478572542
1988-04-26T00:00:00Z,-9.578038,53.922202,1988,4,26,Newport,285,1988-04-26,17,728,11.344865201807698
1988-04-27T00:00:00Z,-9.578038,53.922202,1988,4,27,Newport,83,1988-04-27,17,811,12.638304503662148
1988-04-28T00:00:00Z,-9.578038,53.922202,1988,4,28,Newport,27,1988-04-28,17,838,13.059061866916005
1988-04-29T00:00:00Z,-9.578038,53.922202,1988,4,29,Newport,72,1988-04-29,18,910,14.181081502259623
1988-04-30T00:00:00Z,-9.578038,53.922202,1988,4,30,Newport,35,1988-04-30,18,945,14.726507713884992
1988-05-01T00:00:00Z,-9.578038,53.922202,1988,5,1,Newport,15,1988-05-01,18,960,14.96026180458158
1988-05-02T00:00:00Z,-9.578038,53.922202,1988,5,2,Newport,17,1988-05-02,18,977,15.225183107371047
1988-05-03T00:00:00Z,-9.578038,53.922202,1988,5,3,Newport,36,1988-05-03,18,1013,15.786192925042855
1988-05-04T00:00:00Z,-9.578038,53.922202,1988,5,4,Newport,37,1988-05-04,18,1050,16.3627863487611
1988-05-05T00:00:00Z,-9.578038,53.922202,1988,5,5,Newport,33,1988-05-05,18,1083,16.877045348293596
1988-05-06T00:00:00Z,-9.578038,53.922202,1988,5,6,Newport,34,1988-05-06,19,1117,17.406887953872527
1988-05-07T00:00:00Z,-9.578038,53.922202,1988,5,7,Newport,10,1988-05-07,19,1127,17.562724014336915
1988-05-08T00:00:00Z,-9.578038,53.922202,1988,5,8,Newport,114,1988-05-08,19,1241,19.339255103630983
1988-05-10T00:00:00Z,-9.578038,53.922202,1988,5,10,Newport,29,1988-05-10,19,1270,19.791179678977716
1988-05-11T00:00:00Z,-9.578038,53.922202,1988,5,11,Newport,15,1988-05-11,19,1285,20.024933769674302
1988-05-12T00:00:00Z,-9.578038,53.922202,1988,5,12,Newport,11,1988-05-12,19,1296,20.196353436185134
1988-05-13T00:00:00Z,-9.578038,53.922202,1988,5,13,Newport,33,1988-05-13,20,1329,20.710612435717625
1988-05-14T00:00:00Z,-9.578038,53.922202,1988,5,14,Newport,568,1988-05-14,20,1897,29.56210067009506
1988-05-15T00:00:00Z,-9.578038,53.922202,1988,5,15,Newport,1225,1988-05-15,20,3122,48.65201807698301
1988-05-16T00:00:00Z,-9.578038,53.922202,1988,5,16,Newport,1240,1988-05-16,20,4362,67.97568957456755
1988-05-17T00:00:00Z,-9.578038,53.922202,1988,5,17,Newport,341,1988-05-17,20,4703,73.28969923640331
1988-05-18T00:00:00Z,-9.578038,53.922202,1988,5,18,Newport,13,1988-05-18,20,4716,73.492286115007
1988-05-19T00:00:00Z,-9.578038,53.922202,1988,5,19,Newport,14,1988-05-19,20,4730,73.71045659965716
1988-05-20T00:00:00Z,-9.578038,53.922202,1988,5,20,Newport,61,1988-05-20,21,4791,74.66105656848995
1988-05-21T00:00:00Z,-9.578038,53.922202,1988,5,21,Newport,34,1988-05-21,21,4825,75.19089917406887
1988-05-22T00:00:00Z,-9.578038,53.922202,1988,5,22,Newport,127,1988-05-22,21,4952,77.17001714196665
1988-05-23T00:00:00Z,-9.578038,53.922202,1988,5,23,Newport,83,1988-05-23,21,5035,78.4634564438211
1988-05-24T00:00:00Z,-9.578038,53.922202,1988,5,24,Newport,24,1988-05-24,21,5059,78.83746298893564
1988-05-25T00:00:00Z,-9.578038,53.922202,1988,5,25,Newport,48,1988-05-25,21,5107,79.58547607916472
1988-05-26T00:00:00Z,-9.578038,53.922202,1988,5,26,Newport,33,1988-05-26,21,5140,80.09973507869721
1988-05-27T00:00:00Z,-9.578038,53.922202,1988,5,27,Newport,319,1988-05-27,22,5459,85.0709054075113
1988-05-28T00:00:00Z,-9.578038,53.922202,1988,5,28,Newport,73,1988-05-28,22,5532,86.20850864890136
1988-05-29T00:00:00Z,-9.578038,53.922202,1988,5,29,Newport,411,1988-05-29,22,5943,92.61337073398785
1988-05-30T00:00:00Z,-9.578038,53.922202,1988,5,30,Newport,220,1988-05-30,22,6163,96.04176406420446
1988-05-31T00:00:00Z,-9.578038,53.922202,1988,5,31,Newport,36,1988-05-31,22,6199,96.60277388187627
1988-06-01T00:00:00Z,-9.578038,53.922202,1988,6,1,Newport,54,1988-06-01,22,6253,97.44428860838397
1988-06-02T00:00:00Z,-9.578038,53.922202,1988,6,2,Newport,21,1988-06-02,22,6274,97.77154433535921
1988-06-03T00:00:00Z,-9.578038,53.922202,1988,6,3,Newport,23,1988-06-03,23,6297,98.1299672744273
1988-06-04T00:00:00Z,-9.578038,53.922202,1988,6,4,Newport,19,1988-06-04,23,6316,98.42605578930964
1988-06-05T00:00:00Z,-9.578038,53.922202,1988,6,5,Newport,17,1988-06-05,23,6333,98.6909770920991
1988-06-06T00:00:00Z,-9.578038,53.922202,1988,6,6,Newport,2,1988-06-06,23,6335,98.722144304192
1988-06-07T00:00:00Z,-9.578038,53.922202,1988,6,7,Newport,8,1988-06-07,23,6343,98.84681315256351
1988-06-08T00:00:00Z,-9.578038,53.922202,1988,6,8,Newport,6,1988-06-08,23,6349,98.94031478884214
1988-06-09T00:00:00Z,-9.578038,53.922202,1988,6,9,Newport,3,1988-06-09,23,6352,98.98706560698145
1988-06-10T00:00:00Z,-9.578038,53.922202,1988,6,10,Newport,1,1988-06-10,24,6353,99.0026492130279
1988-06-11T00:00:00Z,-9.578038,53.922202,1988,6,11,Newport,4,1988-06-11,24,6357,99.06498363721366
1988-06-13T00:00:00Z,-9.578038,53.922202,1988,6,13,Newport,1,1988-06-13,24,6358,99.08056724326009
1988-07-03T00:00:00Z,-9.578038,53.922202,1988,7,3,Newport,3,1988-07-03,27,6361,99.12731806139941
1988-07-05T00:00:00Z,-9.578038,53.922202,1988,7,5,Newport,1,1988-07-05,27,6362,99.14290166744586
1988-07-10T00:00:00Z,-9.578038,53.922202,1988,7,10,Newport,1,1988-07-10,28,6363,99.15848527349227
1988-07-13T00:00:00Z,-9.578038,53.922202,1988,7,13,Newport,1,1988-07-13,28,6364,99.17406887953872
1988-07-16T00:00:00Z,-9.578038,53.922202,1988,7,16,Newport,1,1988-07-16,29,6365,99.18965248558517
1988-07-23T00:00:00Z,-9.578038,53.922202,1988,7,23,Newport,1,1988-07-23,30,6366,99.2052360916316
1988-07-26T00:00:00Z,-9.578038,53.922202,1988,7,26,Newport,4,1988-07-26,30,6370,99.26757051581735
1988-08-02T00:00:00Z,-9.578038,53.922202,1988,8,2,Newport,1,1988-08-02,31,6371,99.2831541218638
1988-08-09T00:00:00Z,-9.578038,53.922202,1988,8,9,Newport,1,1988-08-09,32,6372,99.29873772791024
1988-08-11T00:00:00Z,-9.578038,53.922202,1988,8,11,Newport,2,1988-08-11,32,6374,99.32990494000312
1988-08-12T00:00:00Z,-9.578038,53.922202,1988,8,12,Newport,3,1988-08-12,33,6377,99.37665575814243
1988-08-13T00:00:00Z,-9.578038,53.922202,1988,8,13,Newport,7,1988-08-13,33,6384,99.48574100046751
1988-08-14T00:00:00Z,-9.578038,53.922202,1988,8,14,Newport,4,1988-08-14,33,6388,99.54807542465326
1988-08-15T00:00:00Z,-9.578038,53.922202,1988,8,15,Newport,6,1988-08-15,33,6394,99.6415770609319
1988-08-16T00:00:00Z,-9.578038,53.922202,1988,8,16,Newport,5,1988-08-16,33,6399,99.71949509116409
1988-08-17T00:00:00Z,-9.578038,53.922202,1988,8,17,Newport,3,1988-08-17,33,6402,99.76624590930341
1988-08-18T00:00:00Z,-9.578038,53.922202,1988,8,18,Newport,3,1988-08-18,33,6405,99.81299672744272
1988-08-20T00:00:00Z,-9.578038,53.922202,1988,8,20,Newport,3,1988-08-20,34,6408,99.85974754558204
1988-08-21T00:00:00Z,-9.578038,53.922202,1988,8,21,Newport,1,1988-08-21,34,6409,99.87533115162849
1988-08-23T00:00:00Z,-9.578038,53.922202,1988,8,23,Newport,1,1988-08-23,34,6410,99.89091475767493
1988-08-24T00:00:00Z,-9.578038,53.922202,1988,8,24,Newport,2,1988-08-24,34,6412,99.9220819697678
1988-08-25T00:00:00Z,-9.578038,53.922202,1988,8,25,Newport,1,1988-08-25,34,6413,99.93766557581424
1988-08-27T00:00:00Z,-9.578038,53.922202,1988,8,27,Newport,1,1988-08-27,35,6414,99.95324918186068
1988-08-28T00:00:00Z,-9.578038,53.922202,1988,8,28,Newport,1,1988-08-28,35,6415,99.96883278790712
1988-08-31T00:00:00Z,-9.578038,53.922202,1988,8,31,Newport,2,1988-08-31,35,6417,100
1989-04-03T00:00:00Z,-9.578038,53.922202,1989,4,3,Newport,2,1989-04-03,14,2,0.03036283588887202
1989-04-04T00:00:00Z,-9.578038,53.922202,1989,4,4,Newport,3,1989-04-04,14,5,0.07590708972218005
1989-04-05T00:00:00Z,-9.578038,53.922202,1989,4,5,Newport,1,1989-04-05,14,6,0.09108850766661605
1989-04-10T00:00:00Z,-9.578038,53.922202,1989,4,10,Newport,1,1989-04-10,15,7,0.10626992561105207
1989-04-11T00:00:00Z,-9.578038,53.922202,1989,4,11,Newport,3,1989-04-11,15,10,0.1518141794443601
1989-04-12T00:00:00Z,-9.578038,53.922202,1989,4,12,Newport,6,1989-04-12,15,16,0.24290268711097615
1989-04-13T00:00:00Z,-9.578038,53.922202,1989,4,13,Newport,3,1989-04-13,15,19,0.2884469409442842
1989-04-14T00:00:00Z,-9.578038,53.922202,1989,4,14,Newport,5,1989-04-14,15,24,0.3643540306664642
1989-04-15T00:00:00Z,-9.578038,53.922202,1989,4,15,Newport,13,1989-04-15,15,37,0.5617124639441324
1989-04-16T00:00:00Z,-9.578038,53.922202,1989,4,16,Newport,8,1989-04-16,16,45,0.6831638074996205
1989-04-17T00:00:00Z,-9.578038,53.922202,1989,4,17,Newport,5,1989-04-17,16,50,0.7590708972218005
1989-04-18T00:00:00Z,-9.578038,53.922202,1989,4,18,Newport,10,1989-04-18,16,60,0.9108850766661606
1989-04-19T00:00:00Z,-9.578038,53.922202,1989,4,19,Newport,13,1989-04-19,16,73,1.1082435099438288
1989-04-20T00:00:00Z,-9.578038,53.922202,1989,4,20,Newport,4,1989-04-20,16,77,1.1689691817215728
1989-04-22T00:00:00Z,-9.578038,53.922202,1989,4,22,Newport,17,1989-04-22,16,94,1.427053286776985
1989-04-23T00:00:00Z,-9.578038,53.922202,1989,4,23,Newport,9,1989-04-23,17,103,1.563686048276909
1989-04-24T00:00:00Z,-9.578038,53.922202,1989,4,24,Newport,8,1989-04-24,17,111,1.685137391832397
1989-04-25T00:00:00Z,-9.578038,53.922202,1989,4,25,Newport,8,1989-04-25,17,119,1.8065887353878853
1989-04-26T00:00:00Z,-9.578038,53.922202,1989,4,26,Newport,17,1989-04-26,17,136,2.0646728404432975
1989-04-27T00:00:00Z,-9.578038,53.922202,1989,4,27,Newport,5,1989-04-27,17,141,2.1405799301654773
1989-04-28T00:00:00Z,-9.578038,53.922202,1989,4,28,Newport,66,1989-04-28,17,207,3.1425535144982546
1989-04-29T00:00:00Z,-9.578038,53.922202,1989,4,29,Newport,44,1989-04-29,17,251,3.8105359040534386
1989-04-30T00:00:00Z,-9.578038,53.922202,1989,4,30,Newport,114,1989-04-30,18,365,5.541217549719144
1989-05-01T00:00:00Z,-9.578038,53.922202,1989,5,1,Newport,55,1989-05-01,18,420,6.376195536663125
1989-05-02T00:00:00Z,-9.578038,53.922202,1989,5,2,Newport,367,1989-05-02,18,787,11.947775922271141
1989-05-03T00:00:00Z,-9.578038,53.922202,1989,5,3,Newport,210,1989-05-03,18,997,15.135873690602702
1989-05-04T00:00:00Z,-9.578038,53.922202,1989,5,4,Newport,906,1989-05-04,18,1903,28.890238348261725
1989-05-05T00:00:00Z,-9.578038,53.922202,1989,5,5,Newport,559,1989-05-05,18,2462,37.37665097920146
1989-05-06T00:00:00Z,-9.578038,53.922202,1989,5,6,Newport,97,1989-05-06,18,2559,38.84924851981175
1989-05-07T00:00:00Z,-9.578038,53.922202,1989,5,7,Newport,413,1989-05-07,19,2972,45.11917413086382
1989-05-08T00:00:00Z,-9.578038,53.922202,1989,5,8,Newport,159,1989-05-08,19,3131,47.53301958402915
1989-05-09T00:00:00Z,-9.578038,53.922202,1989,5,9,Newport,56,1989-05-09,19,3187,48.383178988917564
1989-05-10T00:00:00Z,-9.578038,53.922202,1989,5,10,Newport,49,1989-05-10,19,3236,49.12706846819493
1989-05-11T00:00:00Z,-9.578038,53.922202,1989,5,11,Newport,42,1989-05-11,19,3278,49.76468802186124
1989-05-12T00:00:00Z,-9.578038,53.922202,1989,5,12,Newport,24,1989-05-12,19,3302,50.12904205252771
1989-05-13T00:00:00Z,-9.578038,53.922202,1989,5,13,Newport,95,1989-05-13,19,3397,51.57127675724913
1989-05-14T00:00:00Z,-9.578038,53.922202,1989,5,14,Newport,50,1989-05-14,20,3447,52.330347654470934
1989-05-15T00:00:00Z,-9.578038,53.922202,1989,5,15,Newport,6,1989-05-15,20,3453,52.421436162137546
1989-05-16T00:00:00Z,-9.578038,53.922202,1989,5,16,Newport,19,1989-05-16,20,3472,52.70988310308182
1989-05-17T00:00:00Z,-9.578038,53.922202,1989,5,17,Newport,28,1989-05-17,20,3500,53.13496280552603
1989-05-18T00:00:00Z,-9.578038,53.922202,1989,5,18,Newport,113,1989-05-18,20,3613,54.85046303324731
1989-05-19T00:00:00Z,-9.578038,53.922202,1989,5,19,Newport,235,1989-05-19,20,3848,58.41809625018976
1989-05-20T00:00:00Z,-9.578038,53.922202,1989,5,20,Newport,1382,1989-05-20,20,5230,79.39881584940034
1989-05-21T00:00:00Z,-9.578038,53.922202,1989,5,21,Newport,569,1989-05-21,21,5799,88.03704265978442
1989-05-22T00:00:00Z,-9.578038,53.922202,1989,5,22,Newport,398,1989-05-22,21,6197,94.07924700166996
1989-05-23T00:00:00Z,-9.578038,53.922202,1989,5,23,Newport,275,1989-05-23,21,6472,98.25413693638986
1989-05-24T00:00:00Z,-9.578038,53.922202,1989,5,24,Newport,24,1989-05-24,21,6496,98.61849096705633
1989-05-25T00:00:00Z,-9.578038,53.922202,1989,5,25,Newport,6,1989-05-25,21,6502,98.70957947472294
1989-05-26T00:00:00Z,-9.578038,53.922202,1989,5,26,Newport,2,1989-05-26,21,6504,98.73994231061181
1989-05-27T00:00:00Z,-9.578038,53.922202,1989,5,27,Newport,7,1989-05-27,21,6511,98.84621223622287
1989-05-28T00:00:00Z,-9.578038,53.922202,1989,5,28,Newport,3,1989-05-28,22,6514,98.89175649005617
1989-05-30T00:00:00Z,-9.578038,53.922202,1989,5,30,Newport,2,1989-05-30,22,6516,98.92211932594505
1989-05-31T00:00:00Z,-9.578038,53.922202,1989,5,31,Newport,1,1989-05-31,22,6517,98.93730074388948
1989-06-01T00:00:00Z,-9.578038,53.922202,1989,6,1,Newport,2,1989-06-01,22,6519,98.96766357977836
1989-06-02T00:00:00Z,-9.578038,53.922202,1989,6,2,Newport,1,1989-06-02,22,6520,98.98284499772278
1989-06-03T00:00:00Z,-9.578038,53.922202,1989,6,3,Newport,1,1989-06-03,22,6521,98.99802641566723
1989-06-04T00:00:00Z,-9.578038,53.922202,1989,6,4,Newport,3,1989-06-04,23,6524,99.04357066950054
1989-06-06T00:00:00Z,-9.578038,53.922202,1989,6,6,Newport,4,1989-06-06,23,6528,99.10429634127827
1989-06-09T00:00:00Z,-9.578038,53.922202,1989,6,9,Newport,1,1989-06-09,23,6529,99.1194777592227
1989-06-10T00:00:00Z,-9.578038,53.922202,1989,6,10,Newport,6,1989-06-10,23,6535,99.21056626688933
1989-06-11T00:00:00Z,-9.578038,53.922202,1989,6,11,Newport,3,1989-06-11,24,6538,99.25611052072264
1989-06-12T00:00:00Z,-9.578038,53.922202,1989,6,12,Newport,6,1989-06-12,24,6544,99.34719902838926
1989-06-13T00:00:00Z,-9.578038,53.922202,1989,6,13,Newport,2,1989-06-13,24,6546,99.37756186427812
1989-06-14T00:00:00Z,-9.578038,53.922202,1989,6,14,Newport,3,1989-06-14,24,6549,99.42310611811142
1989-06-15T00:00:00Z,-9.578038,53.922202,1989,6,15,Newport,1,1989-06-15,24,6550,99.43828753605587
1989-06-30T00:00:00Z,-9.578038,53.922202,1989,6,30,Newport,1,1989-06-30,26,6551,99.4534689540003
1989-08-05T00:00:00Z,-9.578038,53.922202,1989,8,5,Newport,3,1989-08-05,31,6554,99.49901320783361
1989-08-10T00:00:00Z,-9.578038,53.922202,1989,8,10,Newport,5,1989-08-10,32,6559,99.57492029755579
1989-08-11T00:00:00Z,-9.578038,53.922202,1989,8,11,Newport,5,1989-08-11,32,6564,99.65082738727797
1989-08-12T00:00:00Z,-9.578038,53.922202,1989,8,12,Newport,1,1989-08-12,32,6565,99.6660088052224
1989-08-13T00:00:00Z,-9.578038,53.922202,1989,8,13,Newport,5,1989-08-13,33,6570,99.74191589494458
1989-08-14T00:00:00Z,-9.578038,53.922202,1989,8,14,Newport,4,1989-08-14,33,6574,99.80264156672233
1989-08-15T00:00:00Z,-9.578038,53.922202,1989,8,15,Newport,2,1989-08-15,33,6576,99.83300440261121
1989-08-16T00:00:00Z,-9.578038,53.922202,1989,8,16,Newport,1,1989-08-16,33,6577,99.84818582055564
1989-08-18T00:00:00Z,-9.578038,53.922202,1989,8,18,Newport,1,1989-08-18,33,6578,99.86336723850008
1989-08-24T00:00:00Z,-9.578038,53.922202,1989,8,24,Newport,1,1989-08-24,34,6579,99.87854865644451
1989-08-26T00:00:00Z,-9.578038,53.922202,1989,8,26,Newport,2,1989-08-26,34,6581,99.90891149233339
1989-08-27T00:00:00Z,-9.578038,53.922202,1989,8,27,Newport,1,1989-08-27,35,6582,99.92409291027782
1989-08-28T00:00:00Z,-9.578038,53.922202,1989,8,28,Newport,1,1989-08-28,35,6583,99.93927432822225
1989-08-29T00:00:00Z,-9.578038,53.922202,1989,8,29,Newport,1,1989-08-29,35,6584,99.95445574616669
1989-08-30T00:00:00Z,-9.578038,53.922202,1989,8,30,Newport,3,1989-08-30,35,6587,100
1990-04-01T00:00:00Z,-9.578038,53.922202,1990,4,1,Newport,1,1990-04-01,13,1,0.017006802721088433
1990-04-02T00:00:00Z,-9.578038,53.922202,1990,4,2,Newport,1,1990-04-02,14,2,0.03401360544217687
1990-04-03T00:00:00Z,-9.578038,53.922202,1990,4,3,Newport,1,1990-04-03,14,3,0.05102040816326531
1990-04-04T00:00:00Z,-9.578038,53.922202,1990,4,4,Newport,2,1990-04-04,14,5,0.08503401360544217
1990-04-07T00:00:00Z,-9.578038,53.922202,1990,4,7,Newport,5,1990-04-07,14,10,0.17006802721088435
1990-04-09T00:00:00Z,-9.578038,53.922202,1990,4,9,Newport,4,1990-04-09,15,14,0.2380952380952381
1990-04-10T00:00:00Z,-9.578038,53.922202,1990,4,10,Newport,9,1990-04-10,15,23,0.39115646258503406
1990-04-11T00:00:00Z,-9.578038,53.922202,1990,4,11,Newport,3,1990-04-11,15,26,0.44217687074829937
1990-04-12T00:00:00Z,-9.578038,53.922202,1990,4,12,Newport,3,1990-04-12,15,29,0.49319727891156456
1990-04-13T00:00:00Z,-9.578038,53.922202,1990,4,13,Newport,3,1990-04-13,15,32,0.5442176870748299
1990-04-14T00:00:00Z,-9.578038,53.922202,1990,4,14,Newport,3,1990-04-14,15,35,0.5952380952380952
1990-04-15T00:00:00Z,-9.578038,53.922202,1990,4,15,Newport,1,1990-04-15,15,36,0.6122448979591837
1990-04-16T00:00:00Z,-9.578038,53.922202,1990,4,16,Newport,3,1990-04-16,16,39,0.6632653061224489
1990-04-17T00:00:00Z,-9.578038,53.922202,1990,4,17,Newport,2,1990-04-17,16,41,0.6972789115646258
1990-04-18T00:00:00Z,-9.578038,53.922202,1990,4,18,Newport,6,1990-04-18,16,47,0.7993197278911565
1990-04-19T00:00:00Z,-9.578038,53.922202,1990,4,19,Newport,7,1990-04-19,16,54,0.9183673469387756
1990-04-20T00:00:00Z,-9.578038,53.922202,1990,4,20,Newport,15,1990-04-20,16,69,1.1734693877551021
1990-04-21T00:00:00Z,-9.578038,53.922202,1990,4,21,Newport,62,1990-04-21,16,131,2.227891156462585
1990-04-22T00:00:00Z,-9.578038,53.922202,1990,4,22,Newport,52,1990-04-22,16,183,3.1122448979591835
1990-04-23T00:00:00Z,-9.578038,53.922202,1990,4,23,Newport,71,1990-04-23,17,254,4.319727891156463
1990-04-24T00:00:00Z,-9.578038,53.922202,1990,4,24,Newport,14,1990-04-24,17,268,4.557823129251701
1990-04-25T00:00:00Z,-9.578038,53.922202,1990,4,25,Newport,39,1990-04-25,17,307,5.221088435374149
1990-04-26T00:00:00Z,-9.578038,53.922202,1990,4,26,Newport,19,1990-04-26,17,326,5.5442176870748305
1990-04-27T00:00:00Z,-9.578038,53.922202,1990,4,27,Newport,90,1990-04-27,17,416,7.07482993197279
1990-04-28T00:00:00Z,-9.578038,53.922202,1990,4,28,Newport,36,1990-04-28,17,452,7.687074829931973
1990-04-29T00:00:00Z,-9.578038,53.922202,1990,4,29,Newport,16,1990-04-29,17,468,7.959183673469387
1990-04-30T00:00:00Z,-9.578038,53.922202,1990,4,30,Newport,37,1990-04-30,18,505,8.58843537414966
1990-05-01T00:00:00Z,-9.578038,53.922202,1990,5,1,Newport,117,1990-05-01,18,622,10.578231292517007
1990-05-02T00:00:00Z,-9.578038,53.922202,1990,5,2,Newport,120,1990-05-02,18,742,12.619047619047619
1990-05-03T00:00:00Z,-9.578038,53.922202,1990,5,3,Newport,557,1990-05-03,18,1299,22.091836734693878
1990-05-04T00:00:00Z,-9.578038,53.922202,1990,5,4,Newport,170,1990-05-04,18,1469,24.982993197278912
1990-05-05T00:00:00Z,-9.578038,53.922202,1990,5,5,Newport,241,1990-05-05,18,1710,29.081632653061224
1990-05-06T00:00:00Z,-9.578038,53.922202,1990,5,6,Newport,64,1990-05-06,18,1774,30.170068027210885
1990-05-07T00:00:00Z,-9.578038,53.922202,1990,5,7,Newport,231,1990-05-07,19,2005,34.09863945578231
1990-05-08T00:00:00Z,-9.578038,53.922202,1990,5,8,Newport,53,1990-05-08,19,2058,35
1990-05-09T00:00:00Z,-9.578038,53.922202,1990,5,9,Newport,60,1990-05-09,19,2118,36.0204081632653
1990-05-10T00:00:00Z,-9.578038,53.922202,1990,5,10,Newport,145,1990-05-10,19,2263,38.486394557823125
1990-05-11T00:00:00Z,-9.578038,53.922202,1990,5,11,Newport,16,1990-05-11,19,2279,38.75850340136054
1990-05-12T00:00:00Z,-9.578038,53.922202,1990,5,12,Newport,1849,1990-05-12,19,4128,70.20408163265306
1990-05-13T00:00:00Z,-9.578038,53.922202,1990,5,13,Newport,268,1990-05-13,19,4396,74.76190476190476
1990-05-14T00:00:00Z,-9.578038,53.922202,1990,5,14,Newport,259,1990-05-14,20,4655,79.16666666666666
1990-05-15T00:00:00Z,-9.578038,53.922202,1990,5,15,Newport,225,1990-05-15,20,4880,82.99319727891157
1990-05-16T00:00:00Z,-9.578038,53.922202,1990,5,16,Newport,226,1990-05-16,20,5106,86.83673469387755
1990-05-17T00:00:00Z,-9.578038,53.922202,1990,5,17,Newport,130,1990-05-17,20,5236,89.04761904761904
1990-05-18T00:00:00Z,-9.578038,53.922202,1990,5,18,Newport,152,1990-05-18,20,5388,91.63265306122449
1990-05-19T00:00:00Z,-9.578038,53.922202,1990,5,19,Newport,146,1990-05-19,20,5534,94.1156462585034
1990-05-20T00:00:00Z,-9.578038,53.922202,1990,5,20,Newport,66,1990-05-20,20,5600,95.23809523809523
1990-05-21T00:00:00Z,-9.578038,53.922202,1990,5,21,Newport,54,1990-05-21,21,5654,96.156462585034
1990-05-22T00:00:00Z,-9.578038,53.922202,1990,5,22,Newport,43,1990-05-22,21,5697,96.88775510204081
1990-05-23T00:00:00Z,-9.578038,53.922202,1990,5,23,Newport,46,1990-05-23,21,5743,97.67006802721089
1990-05-24T00:00:00Z,-9.578038,53.922202,1990,5,24,Newport,26,1990-05-24,21,5769,98.11224489795919
1990-05-25T00:00:00Z,-9.578038,53.922202,1990,5,25,Newport,4,1990-05-25,21,5773,98.18027210884354
1990-05-26T00:00:00Z,-9.578038,53.922202,1990,5,26,Newport,3,1990-05-26,21,5776,98.2312925170068
1990-05-27T00:00:00Z,-9.578038,53.922202,1990,5,27,Newport,1,1990-05-27,21,5777,98.24829931972789
1990-05-28T00:00:00Z,-9.578038,53.922202,1990,5,28,Newport,4,1990-05-28,22,5781,98.31632653061224
1990-05-29T00:00:00Z,-9.578038,53.922202,1990,5,29,Newport,4,1990-05-29,22,5785,98.3843537414966
1990-05-30T00:00:00Z,-9.578038,53.922202,1990,5,30,Newport,1,1990-05-30,22,5786,98.40136054421768
1990-06-01T00:00:00Z,-9.578038,53.922202,1990,6,1,Newport,1,1990-06-01,22,5787,98.41836734693878
1990-06-02T00:00:00Z,-9.578038,53.922202,1990,6,2,Newport,1,1990-06-02,22,5788,98.43537414965986
1990-06-03T00:00:00Z,-9.578038,53.922202,1990,6,3,Newport,3,1990-06-03,22,5791,98.48639455782313
1990-06-04T00:00:00Z,-9.578038,53.922202,1990,6,4,Newport,2,1990-06-04,23,5793,98.5204081632653
1990-06-06T00:00:00Z,-9.578038,53.922202,1990,6,6,Newport,3,1990-06-06,23,5796,98.57142857142858
1990-06-07T00:00:00Z,-9.578038,53.922202,1990,6,7,Newport,6,1990-06-07,23,5802,98.67346938775509
1990-06-08T00:00:00Z,-9.578038,53.922202,1990,6,8,Newport,6,1990-06-08,23,5808,98.77551020408163
1990-06-09T00:00:00Z,-9.578038,53.922202,1990,6,9,Newport,3,1990-06-09,23,5811,98.8265306122449
1990-06-10T00:00:00Z,-9.578038,53.922202,1990,6,10,Newport,5,1990-06-10,23,5816,98.91156462585035
1990-06-11T00:00:00Z,-9.578038,53.922202,1990,6,11,Newport,2,1990-06-11,24,5818,98.94557823129252
1990-06-12T00:00:00Z,-9.578038,53.922202,1990,6,12,Newport,2,1990-06-12,24,5820,98.9795918367347
1990-06-16T00:00:00Z,-9.578038,53.922202,1990,6,16,Newport,1,1990-06-16,24,5821,98.99659863945578
1990-06-20T00:00:00Z,-9.578038,53.922202,1990,6,20,Newport,1,1990-06-20,25,5822,99.01360544217687
1990-06-27T00:00:00Z,-9.578038,53.922202,1990,6,27,Newport,1,1990-06-27,26,5823,99.03061224489797
1990-06-30T00:00:00Z,-9.578038,53.922202,1990,6,30,Newport,2,1990-06-30,26,5825,99.06462585034014
1990-07-01T00:00:00Z,-9.578038,53.922202,1990,7,1,Newport,6,1990-07-01,26,5831,99.16666666666667
1990-07-02T00:00:00Z,-9.578038,53.922202,1990,7,2,Newport,9,1990-07-02,27,5840,99.31972789115646
1990-07-03T00:00:00Z,-9.578038,53.922202,1990,7,3,Newport,4,1990-07-03,27,5844,99.38775510204081
1990-07-04T00:00:00Z,-9.578038,53.922202,1990,7,4,Newport,2,1990-07-04,27,5846,99.421768707483
1990-07-05T00:00:00Z,-9.578038,53.922202,1990,7,5,Newport,7,1990-07-05,27,5853,99.54081632653062
1990-07-06T00:00:00Z,-9.578038,53.922202,1990,7,6,Newport,8,1990-07-06,27,5861,99.67687074829932
1990-07-08T00:00:00Z,-9.578038,53.922202,1990,7,8,Newport,6,1990-07-08,27,5867,99.77891156462584
1990-07-10T00:00:00Z,-9.578038,53.922202,1990,7,10,Newport,1,1990-07-10,28,5868,99.79591836734694
1990-07-13T00:00:00Z,-9.578038,53.922202,1990,7,13,Newport,1,1990-07-13,28,5869,99.81292517006803
1990-08-16T00:00:00Z,-9.578038,53.922202,1990,8,16,Newport,1,1990-08-16,33,5870,99.82993197278913
1990-08-18T00:00:00Z,-9.578038,53.922202,1990,8,18,Newport,1,1990-08-18,33,5871,99.84693877551021
1990-08-19T00:00:00Z,-9.578038,53.922202,1990,8,19,Newport,3,1990-08-19,33,5874,99.89795918367346
1990-08-21T00:00:00Z,-9.578038,53.922202,1990,8,21,Newport,1,1990-08-21,34,5875,99.91496598639455
1990-08-22T00:00:00Z,-9.578038,53.922202,1990,8,22,Newport,1,1990-08-22,34,5876,99.93197278911565
1990-08-23T00:00:00Z,-9.578038,53.922202,1990,8,23,Newport,2,1990-08-23,34,5878,99.96598639455783
1990-08-26T00:00:00Z,-9.578038,53.922202,1990,8,26,Newport,1,1990-08-26,34,5879,99.98299319727892
1990-08-28T00:00:00Z,-9.578038,53.922202,1990,8,28,Newport,1,1990-08-28,35,5880,100
1991-04-02T00:00:00Z,-9.578038,53.922202,1991,4,2,Newport,1,1991-04-02,14,1,0.02599428125812321
1991-04-03T00:00:00Z,-9.578038,53.922202,1991,4,3,Newport,2,1991-04-03,14,3,0.07798284377436965
1991-04-05T00:00:00Z,-9.578038,53.922202,1991,4,5,Newport,2,1991-04-05,14,5,0.12997140629061607
1991-04-06T00:00:00Z,-9.578038,53.922202,1991,4,6,Newport,1,1991-04-06,14,6,0.1559656875487393
1991-04-07T00:00:00Z,-9.578038,53.922202,1991,4,7,Newport,2,1991-04-07,14,8,0.2079542500649857
1991-04-08T00:00:00Z,-9.578038,53.922202,1991,4,8,Newport,3,1991-04-08,14,11,0.28593709383935534
1991-04-09T00:00:00Z,-9.578038,53.922202,1991,4,9,Newport,1,1991-04-09,15,12,0.3119313750974786
1991-04-10T00:00:00Z,-9.578038,53.922202,1991,4,10,Newport,5,1991-04-10,15,17,0.4419027813880946
1991-04-12T00:00:00Z,-9.578038,53.922202,1991,4,12,Newport,6,1991-04-12,15,23,0.5978684689368339
1991-04-13T00:00:00Z,-9.578038,53.922202,1991,4,13,Newport,20,1991-04-13,15,43,1.117754094099298
1991-04-14T00:00:00Z,-9.578038,53.922202,1991,4,14,Newport,12,1991-04-14,15,55,1.4296854691967766
1991-04-15T00:00:00Z,-9.578038,53.922202,1991,4,15,Newport,22,1991-04-15,15,77,2.001559656875487
1991-04-16T00:00:00Z,-9.578038,53.922202,1991,4,16,Newport,13,1991-04-16,16,90,2.3394853132310893
1991-04-18T00:00:00Z,-9.578038,53.922202,1991,4,18,Newport,10,1991-04-18,16,100,2.599428125812321
1991-04-19T00:00:00Z,-9.578038,53.922202,1991,4,19,Newport,4,1991-04-19,16,104,2.703405250844814
1991-04-20T00:00:00Z,-9.578038,53.922202,1991,4,20,Newport,3,1991-04-20,16,107,2.781388094619184
1991-04-21T00:00:00Z,-9.578038,53.922202,1991,4,21,Newport,7,1991-04-21,16,114,2.9633480634260465
1991-04-22T00:00:00Z,-9.578038,53.922202,1991,4,22,Newport,2,1991-04-22,16,116,3.0153366259422927
1991-04-23T00:00:00Z,-9.578038,53.922202,1991,4,23,Newport,5,1991-04-23,17,121,3.145308032232909
1991-04-25T00:00:00Z,-9.578038,53.922202,1991,4,25,Newport,19,1991-04-25,17,140,3.63919937613725
1991-04-26T00:00:00Z,-9.578038,53.922202,1991,4,26,Newport,24,1991-04-26,17,164,4.263062126332207
1991-04-27T00:00:00Z,-9.578038,53.922202,1991,4,27,Newport,10,1991-04-27,17,174,4.52300493891344
1991-04-28T00:00:00Z,-9.578038,53.922202,1991,4,28,Newport,12,1991-04-28,17,186,4.834936314010918
1991-04-29T00:00:00Z,-9.578038,53.922202,1991,4,29,Newport,59,1991-04-29,17,245,6.3685989082401875
1991-04-30T00:00:00Z,-9.578038,53.922202,1991,4,30,Newport,327,1991-04-30,18,572,14.86872887964648
1991-05-01T00:00:00Z,-9.578038,53.922202,1991,5,1,Newport,784,1991-05-01,18,1356,35.24824538601508
1991-05-02T00:00:00Z,-9.578038,53.922202,1991,5,2,Newport,153,1991-05-02,18,1509,39.22537041850793
1991-05-03T00:00:00Z,-9.578038,53.922202,1991,5,3,Newport,71,1991-05-03,18,1580,41.07096438783467
1991-05-04T00:00:00Z,-9.578038,53.922202,1991,5,4,Newport,3,1991-05-04,18,1583,41.14894723160904
1991-05-06T00:00:00Z,-9.578038,53.922202,1991,5,6,Newport,18,1991-05-06,18,1601,41.61684429425526
1991-05-07T00:00:00Z,-9.578038,53.922202,1991,5,7,Newport,14,1991-05-07,19,1615,41.98076423186899
1991-05-08T00:00:00Z,-9.578038,53.922202,1991,5,8,Newport,14,1991-05-08,19,1629,42.34468416948272
1991-05-09T00:00:00Z,-9.578038,53.922202,1991,5,9,Newport,16,1991-05-09,19,1645,42.760592669612684
1991-05-10T00:00:00Z,-9.578038,53.922202,1991,5,10,Newport,8,1991-05-10,19,1653,42.96854691967767
1991-05-11T00:00:00Z,-9.578038,53.922202,1991,5,11,Newport,9,1991-05-11,19,1662,43.20249545100078
1991-05-12T00:00:00Z,-9.578038,53.922202,1991,5,12,Newport,147,1991-05-12,19,1809,47.02365479594489
1991-05-13T00:00:00Z,-9.578038,53.922202,1991,5,13,Newport,27,1991-05-13,19,1836,47.725500389914224
1991-05-14T00:00:00Z,-9.578038,53.922202,1991,5,14,Newport,574,1991-05-14,20,2410,62.64621783207694
1991-05-15T00:00:00Z,-9.578038,53.922202,1991,5,15,Newport,344,1991-05-15,20,2754,71.58825058487133
1991-05-16T00:00:00Z,-9.578038,53.922202,1991,5,16,Newport,150,1991-05-16,20,2904,75.48739277358982
1991-05-17T00:00:00Z,-9.578038,53.922202,1991,5,17,Newport,23,1991-05-17,20,2927,76.08526124252664
1991-05-18T00:00:00Z,-9.578038,53.922202,1991,5,18,Newport,33,1991-05-18,20,2960,76.94307252404471
1991-05-19T00:00:00Z,-9.578038,53.922202,1991,5,19,Newport,34,1991-05-19,20,2994,77.8268780868209
1991-05-20T00:00:00Z,-9.578038,53.922202,1991,5,20,Newport,13,1991-05-20,20,3007,78.1648037431765
1991-05-21T00:00:00Z,-9.578038,53.922202,1991,5,21,Newport,40,1991-05-21,21,3047,79.20457499350142
1991-05-22T00:00:00Z,-9.578038,53.922202,1991,5,22,Newport,48,1991-05-22,21,3095,80.45230049389134
1991-05-23T00:00:00Z,-9.578038,53.922202,1991,5,23,Newport,95,1991-05-23,21,3190,82.92175721341304
1991-05-24T00:00:00Z,-9.578038,53.922202,1991,5,24,Newport,276,1991-05-24,21,3466,90.09617884065506
1991-05-25T00:00:00Z,-9.578038,53.922202,1991,5,25,Newport,81,1991-05-25,21,3547,92.20171562256304
1991-05-26T00:00:00Z,-9.578038,53.922202,1991,5,26,Newport,70,1991-05-26,21,3617,94.02131531063166
1991-05-27T00:00:00Z,-9.578038,53.922202,1991,5,27,Newport,37,1991-05-27,21,3654,94.98310371718222
1991-05-28T00:00:00Z,-9.578038,53.922202,1991,5,28,Newport,32,1991-05-28,22,3686,95.81492071744216
1991-05-29T00:00:00Z,-9.578038,53.922202,1991,5,29,Newport,19,1991-05-29,22,3705,96.3088120613465
1991-05-30T00:00:00Z,-9.578038,53.922202,1991,5,30,Newport,36,1991-05-30,22,3741,97.24460618663893
1991-05-31T00:00:00Z,-9.578038,53.922202,1991,5,31,Newport,9,1991-05-31,22,3750,97.47855471796206
1991-06-01T00:00:00Z,-9.578038,53.922202,1991,6,1,Newport,3,1991-06-01,22,3753,97.55653756173642
1991-06-09T00:00:00Z,-9.578038,53.922202,1991,6,9,Newport,10,1991-06-09,23,3763,97.81648037431765
1991-06-10T00:00:00Z,-9.578038,53.922202,1991,6,10,Newport,15,1991-06-10,23,3778,98.2063945931895
1991-06-11T00:00:00Z,-9.578038,53.922202,1991,6,11,Newport,14,1991-06-11,24,3792,98.57031453080323
1991-06-12T00:00:00Z,-9.578038,53.922202,1991,6,12,Newport,5,1991-06-12,24,3797,98.70028593709384
1991-06-13T00:00:00Z,-9.578038,53.922202,1991,6,13,Newport,4,1991-06-13,24,3801,98.80426306212632
1991-06-14T00:00:00Z,-9.578038,53.922202,1991,6,14,Newport,6,1991-06-14,24,3807,98.96022874967507
1991-06-15T00:00:00Z,-9.578038,53.922202,1991,6,15,Newport,13,1991-06-15,24,3820,99.29815440603068
1991-06-16T00:00:00Z,-9.578038,53.922202,1991,6,16,Newport,4,1991-06-16,24,3824,99.40213153106316
1991-06-17T00:00:00Z,-9.578038,53.922202,1991,6,17,Newport,2,1991-06-17,24,3826,99.4541200935794
1991-06-18T00:00:00Z,-9.578038,53.922202,1991,6,18,Newport,3,1991-06-18,25,3829,99.53210293735378
1991-06-19T00:00:00Z,-9.578038,53.922202,1991,6,19,Newport,2,1991-06-19,25,3831,99.58409149987003
1991-06-24T00:00:00Z,-9.578038,53.922202,1991,6,24,Newport,1,1991-06-24,25,3832,99.61008578112815
1991-06-25T00:00:00Z,-9.578038,53.922202,1991,6,25,Newport,1,1991-06-25,26,3833,99.63608006238628
1991-07-04T00:00:00Z,-9.578038,53.922202,1991,7,4,Newport,1,1991-07-04,27,3834,99.6620743436444
1991-07-10T00:00:00Z,-9.578038,53.922202,1991,7,10,Newport,1,1991-07-10,28,3835,99.68806862490253
1991-07-11T00:00:00Z,-9.578038,53.922202,1991,7,11,Newport,1,1991-07-11,28,3836,99.71406290616065
1991-07-12T00:00:00Z,-9.578038,53.922202,1991,7,12,Newport,1,1991-07-12,28,3837,99.74005718741876
1991-07-23T00:00:00Z,-9.578038,53.922202,1991,7,23,Newport,1,1991-07-23,30,3838,99.76605146867689
1991-08-10T00:00:00Z,-9.578038,53.922202,1991,8,10,Newport,5,1991-08-10,32,3843,99.8960228749675
1991-08-11T00:00:00Z,-9.578038,53.922202,1991,8,11,Newport,2,1991-08-11,32,3845,99.94801143748376
1991-08-18T00:00:00Z,-9.578038,53.922202,1991,8,18,Newport,1,1991-08-18,33,3846,99.97400571874188
1991-08-22T00:00:00Z,-9.578038,53.922202,1991,8,22,Newport,1,1991-08-22,34,3847,100
1992-04-01T00:00:00Z,-9.578038,53.922202,1992,4,1,Newport,1,1992-04-01,14,1,0.014461315979754159
1992-04-03T00:00:00Z,-9.578038,53.922202,1992,4,3,Newport,1,1992-04-03,14,2,0.028922631959508317
1992-04-04T00:00:00Z,-9.578038,53.922202,1992,4,4,Newport,1,1992-04-04,14,3,0.04338394793926247
1992-04-06T00:00:00Z,-9.578038,53.922202,1992,4,6,Newport,3,1992-04-06,14,6,0.08676789587852494
1992-04-07T00:00:00Z,-9.578038,53.922202,1992,4,7,Newport,3,1992-04-07,14,9,0.1301518438177874
1992-04-08T00:00:00Z,-9.578038,53.922202,1992,4,8,Newport,17,1992-04-08,15,26,0.37599421547360806
1992-04-09T00:00:00Z,-9.578038,53.922202,1992,4,9,Newport,4,1992-04-09,15,30,0.43383947939262474
1992-04-10T00:00:00Z,-9.578038,53.922202,1992,4,10,Newport,3,1992-04-10,15,33,0.4772234273318872
1992-04-11T00:00:00Z,-9.578038,53.922202,1992,4,11,Newport,1,1992-04-11,15,34,0.49168474331164136
1992-04-12T00:00:00Z,-9.578038,53.922202,1992,4,12,Newport,14,1992-04-12,15,48,0.6941431670281996
1992-04-13T00:00:00Z,-9.578038,53.922202,1992,4,13,Newport,2,1992-04-13,15,50,0.7230657989877078
1992-04-15T00:00:00Z,-9.578038,53.922202,1992,4,15,Newport,47,1992-04-15,16,97,1.4027476500361533
1992-04-16T00:00:00Z,-9.578038,53.922202,1992,4,16,Newport,27,1992-04-16,16,124,1.7932031814895155
1992-04-17T00:00:00Z,-9.578038,53.922202,1992,4,17,Newport,6,1992-04-17,16,130,1.8799710773680405
1992-04-18T00:00:00Z,-9.578038,53.922202,1992,4,18,Newport,27,1992-04-18,16,157,2.2704266088214027
1992-04-19T00:00:00Z,-9.578038,53.922202,1992,4,19,Newport,44,1992-04-19,16,201,2.9067245119305856
1992-04-20T00:00:00Z,-9.578038,53.922202,1992,4,20,Newport,11,1992-04-20,16,212,3.0657989877078817
1992-04-21T00:00:00Z,-9.578038,53.922202,1992,4,21,Newport,53,1992-04-21,16,265,3.8322487346348515
1992-04-22T00:00:00Z,-9.578038,53.922202,1992,4,22,Newport,131,1992-04-22,17,396,5.726681127982646
1992-04-23T00:00:00Z,-9.578038,53.922202,1992,4,23,Newport,56,1992-04-23,17,452,6.536514822848879
1992-04-24T00:00:00Z,-9.578038,53.922202,1992,4,24,Newport,193,1992-04-24,17,645,9.327548806941431
1992-04-25T00:00:00Z,-9.578038,53.922202,1992,4,25,Newport,22,1992-04-25,17,667,9.645697758496024
1992-04-26T00:00:00Z,-9.578038,53.922202,1992,4,26,Newport,66,1992-04-26,17,733,10.600144613159799
1992-04-27T00:00:00Z,-9.578038,53.922202,1992,4,27,Newport,239,1992-04-27,17,972,14.05639913232104
1992-04-28T00:00:00Z,-9.578038,53.922202,1992,4,28,Newport,450,1992-04-28,17,1422,20.563991323210413
1992-04-29T00:00:00Z,-9.578038,53.922202,1992,4,29,Newport,252,1992-04-29,18,1674,24.20824295010846
1992-04-30T00:00:00Z,-9.578038,53.922202,1992,4,30,Newport,402,1992-04-30,18,2076,30.021691973969634
1992-05-01T00:00:00Z,-9.578038,53.922202,1992,5,1,Newport,242,1992-05-01,18,2318,33.521330441070134
1992-05-02T00:00:00Z,-9.578038,53.922202,1992,5,2,Newport,225,1992-05-02,18,2543,36.775126536514826
1992-05-03T00:00:00Z,-9.578038,53.922202,1992,5,3,Newport,499,1992-05-03,18,3042,43.99132321041215
1992-05-04T00:00:00Z,-9.578038,53.922202,1992,5,4,Newport,409,1992-05-04,18,3451,49.9060014461316
1992-05-05T00:00:00Z,-9.578038,53.922202,1992,5,5,Newport,236,1992-05-05,18,3687,53.31887201735358
1992-05-06T00:00:00Z,-9.578038,53.922202,1992,5,6,Newport,506,1992-05-06,19,4193,60.63629790310918
1992-05-07T00:00:00Z,-9.578038,53.922202,1992,5,7,Newport,711,1992-05-07,19,4904,70.91829356471439
1992-05-08T00:00:00Z,-9.578038,53.922202,1992,5,8,Newport,271,1992-05-08,19,5175,74.83731019522777
1992-05-09T00:00:00Z,-9.578038,53.922202,1992,5,9,Newport,281,1992-05-09,19,5456,78.90093998553868
1992-05-10T00:00:00Z,-9.578038,53.922202,1992,5,10,Newport,241,1992-05-10,19,5697,82.38611713665944
1992-05-11T00:00:00Z,-9.578038,53.922202,1992,5,11,Newport,220,1992-05-11,19,5917,85.56760665220536
1992-05-12T00:00:00Z,-9.578038,53.922202,1992,5,12,Newport,126,1992-05-12,19,6043,87.38973246565438
1992-05-13T00:00:00Z,-9.578038,53.922202,1992,5,13,Newport,145,1992-05-13,20,6188,89.48662328271872
1992-05-14T00:00:00Z,-9.578038,53.922202,1992,5,14,Newport,186,1992-05-14,20,6374,92.17642805495299
1992-05-15T00:00:00Z,-9.578038,53.922202,1992,5,15,Newport,79,1992-05-15,20,6453,93.31887201735358
1992-05-16T00:00:00Z,-9.578038,53.922202,1992,5,16,Newport,114,1992-05-16,20,6567,94.96746203904556
1992-05-17T00:00:00Z,-9.578038,53.922202,1992,5,17,Newport,112,1992-05-17,20,6679,96.58712942877801
1992-05-18T00:00:00Z,-9.578038,53.922202,1992,5,18,Newport,65,1992-05-18,20,6744,97.52711496746204
1992-05-19T00:00:00Z,-9.578038,53.922202,1992,5,19,Newport,31,1992-05-19,20,6775,97.97541576283442
1992-05-20T00:00:00Z,-9.578038,53.922202,1992,5,20,Newport,33,1992-05-20,21,6808,98.45263919016631
1992-05-21T00:00:00Z,-9.578038,53.922202,1992,5,21,Newport,17,1992-05-21,21,6825,98.69848156182212
1992-05-22T00:00:00Z,-9.578038,53.922202,1992,5,22,Newport,10,1992-05-22,21,6835,98.84309472161966
1992-05-23T00:00:00Z,-9.578038,53.922202,1992,5,23,Newport,7,1992-05-23,21,6842,98.94432393347795
1992-05-27T00:00:00Z,-9.578038,53.922202,1992,5,27,Newport,1,1992-05-27,22,6843,98.9587852494577
1992-05-29T00:00:00Z,-9.578038,53.922202,1992,5,29,Newport,1,1992-05-29,22,6844,98.97324656543745
1992-06-02T00:00:00Z,-9.578038,53.922202,1992,6,2,Newport,2,1992-06-02,22,6846,99.00216919739697
1992-06-11T00:00:00Z,-9.578038,53.922202,1992,6,11,Newport,1,1992-06-11,24,6847,99.01663051337671
1992-06-14T00:00:00Z,-9.578038,53.922202,1992,6,14,Newport,8,1992-06-14,24,6855,99.13232104121475
1992-06-16T00:00:00Z,-9.578038,53.922202,1992,6,16,Newport,3,1992-06-16,24,6858,99.17570498915401
1992-06-17T00:00:00Z,-9.578038,53.922202,1992,6,17,Newport,2,1992-06-17,25,6860,99.20462762111352
1992-07-04T00:00:00Z,-9.578038,53.922202,1992,7,4,Newport,12,1992-07-04,27,6872,99.37816341287056
1992-07-05T00:00:00Z,-9.578038,53.922202,1992,7,5,Newport,12,1992-07-05,27,6884,99.55169920462762
1992-07-07T00:00:00Z,-9.578038,53.922202,1992,7,7,Newport,13,1992-07-07,27,6897,99.73969631236443
1992-07-09T00:00:00Z,-9.578038,53.922202,1992,7,9,Newport,1,1992-07-09,28,6898,99.75415762834417
1992-07-18T00:00:00Z,-9.578038,53.922202,1992,7,18,Newport,1,1992-07-18,29,6899,99.76861894432393
1992-07-19T00:00:00Z,-9.578038,53.922202,1992,7,19,Newport,4,1992-07-19,29,6903,99.82646420824295
1992-07-23T00:00:00Z,-9.578038,53.922202,1992,7,23,Newport,2,1992-07-23,30,6905,99.85538684020246
1992-07-24T00:00:00Z,-9.578038,53.922202,1992,7,24,Newport,1,1992-07-24,30,6906,99.86984815618221
1992-07-25T00:00:00Z,-9.578038,53.922202,1992,7,25,Newport,3,1992-07-25,30,6909,99.91323210412148
1992-07-26T00:00:00Z,-9.578038,53.922202,1992,7,26,Newport,1,1992-07-26,30,6910,99.92769342010122
1992-07-28T00:00:00Z,-9.578038,53.922202,1992,7,28,Newport,1,1992-07-28,30,6911,99.94215473608098
1992-07-29T00:00:00Z,-9.578038,53.922202,1992,7,29,Newport,4,1992-07-29,31,6915,100
1993-04-03T00:00:00Z,-9.578038,53.922202,1993,4,3,Newport,1,1993-04-03,14,1,0.018406037180195105
1993-04-04T00:00:00Z,-9.578038,53.922202,1993,4,4,Newport,1,1993-04-04,14,2,0.03681207436039021
1993-04-05T00:00:00Z,-9.578038,53.922202,1993,4,5,Newport,6,1993-04-05,14,8,0.14724829744156084
1993-04-08T00:00:00Z,-9.578038,53.922202,1993,4,8,Newport,14,1993-04-08,14,22,0.40493281796429226
1993-04-09T00:00:00Z,-9.578038,53.922202,1993,4,9,Newport,37,1993-04-09,15,59,1.085956193631511
1993-04-10T00:00:00Z,-9.578038,53.922202,1993,4,10,Newport,15,1993-04-10,15,74,1.3620467513344376
1993-04-11T00:00:00Z,-9.578038,53.922202,1993,4,11,Newport,2,1993-04-11,15,76,1.3988588256948278
1993-04-12T00:00:00Z,-9.578038,53.922202,1993,4,12,Newport,67,1993-04-12,15,143,2.6320633167679
1993-04-14T00:00:00Z,-9.578038,53.922202,1993,4,14,Newport,14,1993-04-14,15,157,2.8897478372906313
1993-04-15T00:00:00Z,-9.578038,53.922202,1993,4,15,Newport,3,1993-04-15,15,160,2.944965948831217
1993-04-18T00:00:00Z,-9.578038,53.922202,1993,4,18,Newport,215,1993-04-18,16,375,6.902263942573164
1993-04-19T00:00:00Z,-9.578038,53.922202,1993,4,19,Newport,135,1993-04-19,16,510,9.387078961899503
1993-04-20T00:00:00Z,-9.578038,53.922202,1993,4,20,Newport,79,1993-04-20,16,589,10.841155899134916
1993-04-21T00:00:00Z,-9.578038,53.922202,1993,4,21,Newport,62,1993-04-21,16,651,11.982330204307011
1993-04-22T00:00:00Z,-9.578038,53.922202,1993,4,22,Newport,123,1993-04-22,16,774,14.246272777471011
1993-04-23T00:00:00Z,-9.578038,53.922202,1993,4,23,Newport,481,1993-04-23,17,1255,23.099576661144855
1993-04-24T00:00:00Z,-9.578038,53.922202,1993,4,24,Newport,370,1993-04-24,17,1625,29.909810417817045
1993-04-25T00:00:00Z,-9.578038,53.922202,1993,4,25,Newport,1137,1993-04-25,17,2762,50.83747469169888
1993-04-26T00:00:00Z,-9.578038,53.922202,1993,4,26,Newport,398,1993-04-26,17,3160,58.16307748941652
1993-04-27T00:00:00Z,-9.578038,53.922202,1993,4,27,Newport,1,1993-04-27,17,3161,58.18148352659672
1993-04-28T00:00:00Z,-9.578038,53.922202,1993,4,28,Newport,29,1993-04-28,17,3190,58.71525860482238
1993-04-29T00:00:00Z,-9.578038,53.922202,1993,4,29,Newport,2,1993-04-29,17,3192,58.75207067918278
1993-04-30T00:00:00Z,-9.578038,53.922202,1993,4,30,Newport,508,1993-04-30,18,3700,68.10233756672189
1993-05-01T00:00:00Z,-9.578038,53.922202,1993,5,1,Newport,51,1993-05-01,18,3751,69.04104546291182
1993-05-02T00:00:00Z,-9.578038,53.922202,1993,5,2,Newport,44,1993-05-02,18,3795,69.85091109884041
1993-05-03T00:00:00Z,-9.578038,53.922202,1993,5,3,Newport,85,1993-05-03,18,3880,71.415424259157
1993-05-04T00:00:00Z,-9.578038,53.922202,1993,5,4,Newport,15,1993-05-04,18,3895,71.69151481685992
1993-05-05T00:00:00Z,-9.578038,53.922202,1993,5,5,Newport,1,1993-05-05,18,3896,71.70992085404012
1993-05-06T00:00:00Z,-9.578038,53.922202,1993,5,6,Newport,15,1993-05-06,18,3911,71.98601141174305
1993-05-07T00:00:00Z,-9.578038,53.922202,1993,5,7,Newport,9,1993-05-07,19,3920,72.15166574636481
1993-05-08T00:00:00Z,-9.578038,53.922202,1993,5,8,Newport,18,1993-05-08,19,3938,72.48297441560831
1993-05-09T00:00:00Z,-9.578038,53.922202,1993,5,9,Newport,6,1993-05-09,19,3944,72.59341063868949
1993-05-10T00:00:00Z,-9.578038,53.922202,1993,5,10,Newport,5,1993-05-10,19,3949,72.68544082459046
1993-05-11T00:00:00Z,-9.578038,53.922202,1993,5,11,Newport,1,1993-05-11,19,3950,72.70384686177066
1993-05-17T00:00:00Z,-9.578038,53.922202,1993,5,17,Newport,52,1993-05-17,20,4002,73.66096079514081
1993-05-18T00:00:00Z,-9.578038,53.922202,1993,5,18,Newport,71,1993-05-18,20,4073,74.96778943493466
1993-05-19T00:00:00Z,-9.578038,53.922202,1993,5,19,Newport,439,1993-05-19,20,4512,83.0480397570403
1993-05-20T00:00:00Z,-9.578038,53.922202,1993,5,20,Newport,455,1993-05-20,20,4967,91.42278667402908
1993-05-21T00:00:00Z,-9.578038,53.922202,1993,5,21,Newport,286,1993-05-21,21,5253,96.68691330756488
1993-05-22T00:00:00Z,-9.578038,53.922202,1993,5,22,Newport,72,1993-05-22,21,5325,98.01214798453893
1993-05-23T00:00:00Z,-9.578038,53.922202,1993,5,23,Newport,18,1993-05-23,21,5343,98.34345665378244
1993-05-24T00:00:00Z,-9.578038,53.922202,1993,5,24,Newport,3,1993-05-24,21,5346,98.39867476532302
1993-05-25T00:00:00Z,-9.578038,53.922202,1993,5,25,Newport,3,1993-05-25,21,5349,98.45389287686362
1993-05-26T00:00:00Z,-9.578038,53.922202,1993,5,26,Newport,38,1993-05-26,21,5387,99.15332228971103
1993-05-28T00:00:00Z,-9.578038,53.922202,1993,5,28,Newport,17,1993-05-28,22,5404,99.46622492177434
1993-05-30T00:00:00Z,-9.578038,53.922202,1993,5,30,Newport,4,1993-05-30,22,5408,99.53984907049512
1993-05-31T00:00:00Z,-9.578038,53.922202,1993,5,31,Newport,1,1993-05-31,22,5409,99.55825510767532
1993-06-01T00:00:00Z,-9.578038,53.922202,1993,6,1,Newport,6,1993-06-01,22,5415,99.66869133075649
1993-06-02T00:00:00Z,-9.578038,53.922202,1993,6,2,Newport,2,1993-06-02,22,5417,99.70550340511689
1993-06-04T00:00:00Z,-9.578038,53.922202,1993,6,4,Newport,2,1993-06-04,23,5419,99.74231547947727
1993-06-05T00:00:00Z,-9.578038,53.922202,1993,6,5,Newport,2,1993-06-05,23,5421,99.77912755383765
1993-06-06T00:00:00Z,-9.578038,53.922202,1993,6,6,Newport,1,1993-06-06,23,5422,99.79753359101785
1993-06-07T00:00:00Z,-9.578038,53.922202,1993,6,7,Newport,1,1993-06-07,23,5423,99.81593962819805
1993-06-10T00:00:00Z,-9.578038,53.922202,1993,6,10,Newport,1,1993-06-10,23,5424,99.83434566537824
1993-06-12T00:00:00Z,-9.578038,53.922202,1993,6,12,Newport,2,1993-06-12,24,5426,99.87115773973863
1993-06-13T00:00:00Z,-9.578038,53.922202,1993,6,13,Newport,1,1993-06-13,24,5427,99.88956377691883
1993-06-16T00:00:00Z,-9.578038,53.922202,1993,6,16,Newport,1,1993-06-16,24,5428,99.90796981409903
1993-08-02T00:00:00Z,-9.578038,53.922202,1993,8,2,Newport,2,1993-08-02,31,5430,99.94478188845942
1993-08-04T00:00:00Z,-9.578038,53.922202,1993,8,4,Newport,1,1993-08-04,31,5431,99.9631879256396
1993-08-11T00:00:00Z,-9.578038,53.922202,1993,8,11,Newport,1,1993-08-11,32,5432,99.9815939628198
1993-08-13T00:00:00Z,-9.578038,53.922202,1993,8,13,Newport,1,1993-08-13,33,5433,100
1994-04-02T00:00:00Z,-9.578038,53.922202,1994,4,2,Newport,1,1994-04-02,14,1,0.016815200941651252
1994-04-04T00:00:00Z,-9.578038,53.922202,1994,4,4,Newport,2,1994-04-04,14,3,0.050445602824953764
1994-04-05T00:00:00Z,-9.578038,53.922202,1994,4,5,Newport,1,1994-04-05,14,4,0.06726080376660501
1994-04-06T00:00:00Z,-9.578038,53.922202,1994,4,6,Newport,4,1994-04-06,14,8,0.13452160753321002
1994-04-07T00:00:00Z,-9.578038,53.922202,1994,4,7,Newport,2,1994-04-07,14,10,0.16815200941651254
1994-04-09T00:00:00Z,-9.578038,53.922202,1994,4,9,Newport,1,1994-04-09,15,11,0.18496721035816377
1994-04-10T00:00:00Z,-9.578038,53.922202,1994,4,10,Newport,1,1994-04-10,15,12,0.20178241129981506
1994-04-11T00:00:00Z,-9.578038,53.922202,1994,4,11,Newport,3,1994-04-11,15,15,0.2522280141247688
1994-04-12T00:00:00Z,-9.578038,53.922202,1994,4,12,Newport,4,1994-04-12,15,19,0.3194888178913738
1994-04-13T00:00:00Z,-9.578038,53.922202,1994,4,13,Newport,3,1994-04-13,15,22,0.36993442071632754
1994-04-15T00:00:00Z,-9.578038,53.922202,1994,4,15,Newport,4,1994-04-15,15,26,0.4371952244829325
1994-04-16T00:00:00Z,-9.578038,53.922202,1994,4,16,Newport,1,1994-04-16,16,27,0.45401042542458386
1994-04-17T00:00:00Z,-9.578038,53.922202,1994,4,17,Newport,2,1994-04-17,16,29,0.48764082730788627
1994-04-18T00:00:00Z,-9.578038,53.922202,1994,4,18,Newport,1,1994-04-18,16,30,0.5044560282495376
1994-04-20T00:00:00Z,-9.578038,53.922202,1994,4,20,Newport,4,1994-04-20,16,34,0.5717168320161425
1994-04-21T00:00:00Z,-9.578038,53.922202,1994,4,21,Newport,1,1994-04-21,16,35,0.5885320329577938
1994-04-22T00:00:00Z,-9.578038,53.922202,1994,4,22,Newport,2,1994-04-22,16,37,0.6221624348410963
1994-04-25T00:00:00Z,-9.578038,53.922202,1994,4,25,Newport,13,1994-04-25,17,50,0.8407600470825626
1994-04-26T00:00:00Z,-9.578038,53.922202,1994,4,26,Newport,6,1994-04-26,17,56,0.9416512527324702
1994-04-27T00:00:00Z,-9.578038,53.922202,1994,4,27,Newport,21,1994-04-27,17,77,1.2947704725071463
1994-04-28T00:00:00Z,-9.578038,53.922202,1994,4,28,Newport,15,1994-04-28,17,92,1.5469984866319153
1994-04-29T00:00:00Z,-9.578038,53.922202,1994,4,29,Newport,55,1994-04-29,17,147,2.471834538422734
1994-04-30T00:00:00Z,-9.578038,53.922202,1994,4,30,Newport,162,1994-04-30,18,309,5.195897090970237
1994-05-01T00:00:00Z,-9.578038,53.922202,1994,5,1,Newport,154,1994-05-01,18,463,7.785438035984529
1994-05-02T00:00:00Z,-9.578038,53.922202,1994,5,2,Newport,228,1994-05-02,18,691,11.619303850681016
1994-05-03T00:00:00Z,-9.578038,53.922202,1994,5,3,Newport,45,1994-05-03,18,736,12.375987893055322
1994-05-04T00:00:00Z,-9.578038,53.922202,1994,5,4,Newport,133,1994-05-04,18,869,14.612409618294938
1994-05-05T00:00:00Z,-9.578038,53.922202,1994,5,5,Newport,210,1994-05-05,18,1079,18.143601816041702
1994-05-06T00:00:00Z,-9.578038,53.922202,1994,5,6,Newport,122,1994-05-06,18,1201,20.195056330923155
1994-05-07T00:00:00Z,-9.578038,53.922202,1994,5,7,Newport,599,1994-05-07,19,1800,30.267361694972255
1994-05-08T00:00:00Z,-9.578038,53.922202,1994,5,8,Newport,483,1994-05-08,19,2283,38.38910374978981
1994-05-09T00:00:00Z,-9.578038,53.922202,1994,5,9,Newport,603,1994-05-09,19,2886,48.52866991760551
1994-05-10T00:00:00Z,-9.578038,53.922202,1994,5,10,Newport,230,1994-05-10,19,3116,52.39616613418531
1994-05-11T00:00:00Z,-9.578038,53.922202,1994,5,11,Newport,400,1994-05-11,19,3516,59.1222465108458
1994-05-12T00:00:00Z,-9.578038,53.922202,1994,5,12,Newport,279,1994-05-12,19,3795,63.813687573566504
1994-05-13T00:00:00Z,-9.578038,53.922202,1994,5,13,Newport,300,1994-05-13,19,4095,68.85824785606188
1994-05-14T00:00:00Z,-9.578038,53.922202,1994,5,14,Newport,400,1994-05-14,20,4495,75.58432823272238
1994-05-15T00:00:00Z,-9.578038,53.922202,1994,5,15,Newport,462,1994-05-15,20,4957,83.35295106776526
1994-05-16T00:00:00Z,-9.578038,53.922202,1994,5,16,Newport,138,1994-05-16,20,5095,85.67344879771314
1994-05-17T00:00:00Z,-9.578038,53.922202,1994,5,17,Newport,116,1994-05-17,20,5211,87.62401210694468
1994-05-18T00:00:00Z,-9.578038,53.922202,1994,5,18,Newport,139,1994-05-18,20,5350,89.9613250378342
1994-05-19T00:00:00Z,-9.578038,53.922202,1994,5,19,Newport,18,1994-05-19,20,5368,90.26399865478393
1994-05-20T00:00:00Z,-9.578038,53.922202,1994,5,20,Newport,271,1994-05-20,20,5639,94.82091810997142
1994-05-21T00:00:00Z,-9.578038,53.922202,1994,5,21,Newport,11,1994-05-21,21,5650,95.00588532032957
1994-05-22T00:00:00Z,-9.578038,53.922202,1994,5,22,Newport,12,1994-05-22,21,5662,95.2076677316294
1994-05-23T00:00:00Z,-9.578038,53.922202,1994,5,23,Newport,4,1994-05-23,21,5666,95.274928535396
1994-05-24T00:00:00Z,-9.578038,53.922202,1994,5,24,Newport,6,1994-05-24,21,5672,95.3758197410459
1994-05-27T00:00:00Z,-9.578038,53.922202,1994,5,27,Newport,1,1994-05-27,21,5673,95.39263494198755
1994-06-07T00:00:00Z,-9.578038,53.922202,1994,6,7,Newport,1,1994-06-07,23,5674,95.4094501429292
1994-06-10T00:00:00Z,-9.578038,53.922202,1994,6,10,Newport,5,1994-06-10,23,5679,95.49352614763747
1994-06-17T00:00:00Z,-9.578038,53.922202,1994,6,17,Newport,1,1994-06-17,24,5680,95.51034134857912
1994-06-20T00:00:00Z,-9.578038,53.922202,1994,6,20,Newport,54,1994-06-20,25,5734,96.41836219942829
1994-06-21T00:00:00Z,-9.578038,53.922202,1994,6,21,Newport,49,1994-06-21,25,5783,97.24230704556919
1994-06-22T00:00:00Z,-9.578038,53.922202,1994,6,22,Newport,4,1994-06-22,25,5787,97.30956784933579
1994-06-23T00:00:00Z,-9.578038,53.922202,1994,6,23,Newport,3,1994-06-23,25,5790,97.36001345216076
1994-06-24T00:00:00Z,-9.578038,53.922202,1994,6,24,Newport,42,1994-06-24,25,5832,98.06625189171011
1994-06-25T00:00:00Z,-9.578038,53.922202,1994,6,25,Newport,16,1994-06-25,26,5848,98.33529510677653
1994-06-26T00:00:00Z,-9.578038,53.922202,1994,6,26,Newport,12,1994-06-26,26,5860,98.53707751807634
1994-06-27T00:00:00Z,-9.578038,53.922202,1994,6,27,Newport,19,1994-06-27,26,5879,98.85656633596771
1994-06-28T00:00:00Z,-9.578038,53.922202,1994,6,28,Newport,4,1994-06-28,26,5883,98.92382713973433
1994-06-29T00:00:00Z,-9.578038,53.922202,1994,6,29,Newport,19,1994-06-29,26,5902,99.24331595762568
1994-06-30T00:00:00Z,-9.578038,53.922202,1994,6,30,Newport,7,1994-06-30,26,5909,99.36102236421725
1994-07-01T00:00:00Z,-9.578038,53.922202,1994,7,1,Newport,5,1994-07-01,26,5914,99.44509836892551
1994-07-02T00:00:00Z,-9.578038,53.922202,1994,7,2,Newport,5,1994-07-02,27,5919,99.52917437363377
1994-07-03T00:00:00Z,-9.578038,53.922202,1994,7,3,Newport,4,1994-07-03,27,5923,99.59643517740037
1994-07-04T00:00:00Z,-9.578038,53.922202,1994,7,4,Newport,5,1994-07-04,27,5928,99.68051118210862
1994-07-07T00:00:00Z,-9.578038,53.922202,1994,7,7,Newport,1,1994-07-07,27,5929,99.69732638305028
1994-07-08T00:00:00Z,-9.578038,53.922202,1994,7,8,Newport,2,1994-07-08,27,5931,99.73095678493358
1994-07-10T00:00:00Z,-9.578038,53.922202,1994,7,10,Newport,4,1994-07-10,28,5935,99.79821758870018
1994-07-11T00:00:00Z,-9.578038,53.922202,1994,7,11,Newport,2,1994-07-11,28,5937,99.83184799058348
1994-07-12T00:00:00Z,-9.578038,53.922202,1994,7,12,Newport,2,1994-07-12,28,5939,99.86547839246678
1994-07-13T00:00:00Z,-9.578038,53.922202,1994,7,13,Newport,1,1994-07-13,28,5940,99.88229359340845
1994-08-02T00:00:00Z,-9.578038,53.922202,1994,8,2,Newport,1,1994-08-02,31,5941,99.89910879435008
1994-08-03T00:00:00Z,-9.578038,53.922202,1994,8,3,Newport,1,1994-08-03,31,5942,99.91592399529175
1994-08-19T00:00:00Z,-9.578038,53.922202,1994,8,19,Newport,1,1994-08-19,33,5943,99.9327391962334
1994-08-27T00:00:00Z,-9.578038,53.922202,1994,8,27,Newport,2,1994-08-27,35,5945,99.9663695981167
1994-08-30T00:00:00Z,-9.578038,53.922202,1994,8,30,Newport,1,1994-08-30,35,5946,99.98318479905835
1994-08-31T00:00:00Z,-9.578038,53.922202,1994,8,31,Newport,1,1994-08-31,35,5947,100
1995-04-08T00:00:00Z,-9.578038,53.922202,1995,4,8,Newport,1,1995-04-08,14,1,0.016655562958027982
1995-04-09T00:00:00Z,-9.578038,53.922202,1995,4,9,Newport,1,1995-04-09,15,2,0.033311125916055964
1995-04-14T00:00:00Z,-9.578038,53.922202,1995,4,14,Newport,1,1995-04-14,15,3,0.049966688874083946
1995-04-17T00:00:00Z,-9.578038,53.922202,1995,4,17,Newport,1,1995-04-17,16,4,0.06662225183211193
1995-04-18T00:00:00Z,-9.578038,53.922202,1995,4,18,Newport,24,1995-04-18,16,28,0.4663557628247834
1995-04-19T00:00:00Z,-9.578038,53.922202,1995,4,19,Newport,14,1995-04-19,16,42,0.6995336442371752
1995-04-20T00:00:00Z,-9.578038,53.922202,1995,4,20,Newport,16,1995-04-20,16,58,0.9660226515656228
1995-04-21T00:00:00Z,-9.578038,53.922202,1995,4,21,Newport,15,1995-04-21,16,73,1.2158560959360427
1995-04-22T00:00:00Z,-9.578038,53.922202,1995,4,22,Newport,18,1995-04-22,16,91,1.5156562291805464
1995-04-23T00:00:00Z,-9.578038,53.922202,1995,4,23,Newport,26,1995-04-23,17,117,1.9487008660892737
1995-04-24T00:00:00Z,-9.578038,53.922202,1995,4,24,Newport,20,1995-04-24,17,137,2.2818121252498336
1995-04-25T00:00:00Z,-9.578038,53.922202,1995,4,25,Newport,132,1995-04-25,17,269,4.480346435709527
1995-04-26T00:00:00Z,-9.578038,53.922202,1995,4,26,Newport,50,1995-04-26,17,319,5.313124583610926
1995-04-27T00:00:00Z,-9.578038,53.922202,1995,4,27,Newport,34,1995-04-27,17,353,5.879413724183878
1995-04-28T00:00:00Z,-9.578038,53.922202,1995,4,28,Newport,17,1995-04-28,17,370,6.162558294470353
1995-04-29T00:00:00Z,-9.578038,53.922202,1995,4,29,Newport,8,1995-04-29,17,378,6.295802798134577
1995-04-30T00:00:00Z,-9.578038,53.922202,1995,4,30,Newport,7,1995-04-30,18,385,6.412391738840773
1995-05-01T00:00:00Z,-9.578038,53.922202,1995,5,1,Newport,14,1995-05-01,18,399,6.6455696202531636
1995-05-02T00:00:00Z,-9.578038,53.922202,1995,5,2,Newport,28,1995-05-02,18,427,7.111925383077948
1995-05-03T00:00:00Z,-9.578038,53.922202,1995,5,3,Newport,414,1995-05-03,18,841,14.007328447701534
1995-05-04T00:00:00Z,-9.578038,53.922202,1995,5,4,Newport,108,1995-05-04,18,949,15.806129247168554
1995-05-05T00:00:00Z,-9.578038,53.922202,1995,5,5,Newport,151,1995-05-05,18,1100,18.32111925383078
1995-05-06T00:00:00Z,-9.578038,53.922202,1995,5,6,Newport,40,1995-05-06,18,1140,18.9873417721519
1995-05-07T00:00:00Z,-9.578038,53.922202,1995,5,7,Newport,8,1995-05-07,19,1148,19.120586275816123
1995-05-08T00:00:00Z,-9.578038,53.922202,1995,5,8,Newport,54,1995-05-08,19,1202,20.019986675549635
1995-05-09T00:00:00Z,-9.578038,53.922202,1995,5,9,Newport,56,1995-05-09,19,1258,20.9526982011992
1995-05-10T00:00:00Z,-9.578038,53.922202,1995,5,10,Newport,92,1995-05-10,19,1350,22.485009993337776
1995-05-11T00:00:00Z,-9.578038,53.922202,1995,5,11,Newport,153,1995-05-11,19,1503,25.033311125916057
1995-05-12T00:00:00Z,-9.578038,53.922202,1995,5,12,Newport,157,1995-05-12,19,1660,27.648234510326446
1995-05-13T00:00:00Z,-9.578038,53.922202,1995,5,13,Newport,128,1995-05-13,19,1788,29.78014656895403
1995-05-14T00:00:00Z,-9.578038,53.922202,1995,5,14,Newport,107,1995-05-14,20,1895,31.562291805463023
1995-05-15T00:00:00Z,-9.578038,53.922202,1995,5,15,Newport,39,1995-05-15,20,1934,32.21185876082612
1995-05-16T00:00:00Z,-9.578038,53.922202,1995,5,16,Newport,194,1995-05-16,20,2128,35.44303797468354
1995-05-17T00:00:00Z,-9.578038,53.922202,1995,5,17,Newport,36,1995-05-17,20,2164,36.042638241172554
1995-05-18T00:00:00Z,-9.578038,53.922202,1995,5,18,Newport,20,1995-05-18,20,2184,36.37574950033311
1995-05-19T00:00:00Z,-9.578038,53.922202,1995,5,19,Newport,123,1995-05-19,20,2307,38.424383744170555
1995-05-20T00:00:00Z,-9.578038,53.922202,1995,5,20,Newport,83,1995-05-20,20,2390,39.806795469686875
1995-05-21T00:00:00Z,-9.578038,53.922202,1995,5,21,Newport,216,1995-05-21,21,2606,43.40439706862092
1995-05-22T00:00:00Z,-9.578038,53.922202,1995,5,22,Newport,372,1995-05-22,21,2978,49.600266489007325
1995-05-23T00:00:00Z,-9.578038,53.922202,1995,5,23,Newport,289,1995-05-23,21,3267,54.41372418387741
1995-05-24T00:00:00Z,-9.578038,53.922202,1995,5,24,Newport,60,1995-05-24,21,3327,55.413057961359094
1995-05-25T00:00:00Z,-9.578038,53.922202,1995,5,25,Newport,1717,1995-05-25,21,5044,84.01065956029313
1995-05-26T00:00:00Z,-9.578038,53.922202,1995,5,26,Newport,455,1995-05-26,21,5499,91.58894070619587
1995-05-27T00:00:00Z,-9.578038,53.922202,1995,5,27,Newport,146,1995-05-27,21,5645,94.020652898067965
1995-05-28T00:00:00Z,-9.578038,53.922202,1995,5,28,Newport,67,1995-05-28,22,5712,95.13657561625583
1995-05-29T00:00:00Z,-9.578038,53.922202,1995,5,29,Newport,44,1995-05-29,22,5756,95.86942038640906
1995-05-30T00:00:00Z,-9.578038,53.922202,1995,5,30,Newport,43,1995-05-30,22,5799,96.58560959360426
1995-05-31T00:00:00Z,-9.578038,53.922202,1995,5,31,Newport,33,1995-05-31,22,5832,97.13524317121919
1995-06-01T00:00:00Z,-9.578038,53.922202,1995,6,1,Newport,27,1995-06-01,22,5859,97.58494337108594
1995-06-02T00:00:00Z,-9.578038,53.922202,1995,6,2,Newport,15,1995-06-02,22,5874,97.83477681545637
1995-06-03T00:00:00Z,-9.578038,53.922202,1995,6,3,Newport,12,1995-06-03,22,5886,98.0346435709527
1995-06-04T00:00:00Z,-9.578038,53.922202,1995,6,4,Newport,45,1995-06-04,23,5931,98.78414390406395
1995-06-05T00:00:00Z,-9.578038,53.922202,1995,6,5,Newport,17,1995-06-05,23,5948,99.06728847435043
1995-06-06T00:00:00Z,-9.578038,53.922202,1995,6,6,Newport,18,1995-06-06,23,5966,99.36708860759494
1995-06-07T00:00:00Z,-9.578038,53.922202,1995,6,7,Newport,8,1995-06-07,23,5974,99.50033311125917
1995-06-08T00:00:00Z,-9.578038,53.922202,1995,6,8,Newport,4,1995-06-08,23,5978,99.56695536309127
1995-06-09T00:00:00Z,-9.578038,53.922202,1995,6,9,Newport,1,1995-06-09,23,5979,99.5836109260493
1995-06-11T00:00:00Z,-9.578038,53.922202,1995,6,11,Newport,1,1995-06-11,24,5980,99.60026648900732
1995-06-19T00:00:00Z,-9.578038,53.922202,1995,6,19,Newport,1,1995-06-19,25,5981,99.61692205196535
1995-06-20T00:00:00Z,-9.578038,53.922202,1995,6,20,Newport,1,1995-06-20,25,5982,99.63357761492338
1995-06-21T00:00:00Z,-9.578038,53.922202,1995,6,21,Newport,2,1995-06-21,25,5984,99.66688874083944
1995-06-22T00:00:00Z,-9.578038,53.922202,1995,6,22,Newport,2,1995-06-22,25,5986,99.7001998667555
1995-06-23T00:00:00Z,-9.578038,53.922202,1995,6,23,Newport,3,1995-06-23,25,5989,99.75016655562958
1995-07-27T00:00:00Z,-9.578038,53.922202,1995,7,27,Newport,1,1995-07-27,30,5990,99.76682211858761
1995-07-31T00:00:00Z,-9.578038,53.922202,1995,7,31,Newport,2,1995-07-31,31,5992,99.80013324450367
1995-08-02T00:00:00Z,-9.578038,53.922202,1995,8,2,Newport,1,1995-08-02,31,5993,99.81678880746169
1995-09-26T00:00:00Z,-9.578038,53.922202,1995,9,26,Newport,1,1995-09-26,39,5994,99.83344437041973
1995-09-27T00:00:00Z,-9.578038,53.922202,1995,9,27,Newport,10,1995-09-27,39,6004,100
1996-04-15T00:00:00Z,-9.578038,53.922202,1996,4,15,Newport,1,1996-04-15,16,1,0.016329196603527107
1996-04-16T00:00:00Z,-9.578038,53.922202,1996,4,16,Newport,1,1996-04-16,16,2,0.032658393207054215
1996-04-18T00:00:00Z,-9.578038,53.922202,1996,4,18,Newport,1,1996-04-18,16,3,0.04898758981058132
1996-04-19T00:00:00Z,-9.578038,53.922202,1996,4,19,Newport,8,1996-04-19,16,11,0.17962116263879815
1996-04-21T00:00:00Z,-9.578038,53.922202,1996,4,21,Newport,15,1996-04-21,16,26,0.4245591116917048
1996-04-22T00:00:00Z,-9.578038,53.922202,1996,4,22,Newport,11,1996-04-22,17,37,0.6041802743305029
1996-04-23T00:00:00Z,-9.578038,53.922202,1996,4,23,Newport,23,1996-04-23,17,60,0.9797517962116263
1996-04-24T00:00:00Z,-9.578038,53.922202,1996,4,24,Newport,33,1996-04-24,17,93,1.518615284128021
1996-04-25T00:00:00Z,-9.578038,53.922202,1996,4,25,Newport,28,1996-04-25,17,121,1.97583278902678
1996-04-26T00:00:00Z,-9.578038,53.922202,1996,4,26,Newport,40,1996-04-26,17,161,2.629000653167864
1996-04-27T00:00:00Z,-9.578038,53.922202,1996,4,27,Newport,112,1996-04-27,17,273,4.4578706727629
1996-04-28T00:00:00Z,-9.578038,53.922202,1996,4,28,Newport,393,1996-04-28,17,666,10.875244937949052
1996-04-29T00:00:00Z,-9.578038,53.922202,1996,4,29,Newport,68,1996-04-29,18,734,11.985630306988897
1996-04-30T00:00:00Z,-9.578038,53.922202,1996,4,30,Newport,80,1996-04-30,18,814,13.291966035271063
1996-05-01T00:00:00Z,-9.578038,53.922202,1996,5,1,Newport,27,1996-05-01,18,841,13.732854343566297
1996-05-02T00:00:00Z,-9.578038,53.922202,1996,5,2,Newport,11,1996-05-02,18,852,13.912475506205094
1996-05-03T00:00:00Z,-9.578038,53.922202,1996,5,3,Newport,24,1996-05-03,18,876,14.304376224689747
1996-05-05T00:00:00Z,-9.578038,53.922202,1996,5,5,Newport,38,1996-05-05,18,914,14.924885695623773
1996-05-06T00:00:00Z,-9.578038,53.922202,1996,5,6,Newport,44,1996-05-06,19,958,15.643370346178967
1996-05-07T00:00:00Z,-9.578038,53.922202,1996,5,7,Newport,43,1996-05-07,19,1001,16.345525800130634
1996-05-08T00:00:00Z,-9.578038,53.922202,1996,5,8,Newport,80,1996-05-08,19,1081,17.6518615284128
1996-05-09T00:00:00Z,-9.578038,53.922202,1996,5,9,Newport,45,1996-05-09,19,1126,18.38667537557152
1996-05-10T00:00:00Z,-9.578038,53.922202,1996,5,10,Newport,30,1996-05-10,19,1156,18.876551273677336
1996-05-11T00:00:00Z,-9.578038,53.922202,1996,5,11,Newport,7,1996-05-11,19,1163,18.990855649902024
1996-05-12T00:00:00Z,-9.578038,53.922202,1996,5,12,Newport,2,1996-05-12,19,1165,19.02351404310908
1996-05-13T00:00:00Z,-9.578038,53.922202,1996,5,13,Newport,1,1996-05-13,20,1166,19.039843239712607
1996-05-14T00:00:00Z,-9.578038,53.922202,1996,5,14,Newport,1703,1996-05-14,20,2869,46.84846505551927
1996-05-15T00:00:00Z,-9.578038,53.922202,1996,5,15,Newport,466,1996-05-15,20,3335,54.4578706727629
1996-05-16T00:00:00Z,-9.578038,53.922202,1996,5,16,Newport,57,1996-05-16,20,3392,55.388634879163945
1996-05-17T00:00:00Z,-9.578038,53.922202,1996,5,17,Newport,85,1996-05-17,20,3477,56.776616590463746
1996-05-18T00:00:00Z,-9.578038,53.922202,1996,5,18,Newport,247,1996-05-18,20,3724,60.80992815153494
1996-05-19T00:00:00Z,-9.578038,53.922202,1996,5,19,Newport,281,1996-05-19,20,4005,65.39843239712606
1996-05-20T00:00:00Z,-9.578038,53.922202,1996,5,20,Newport,36,1996-05-20,21,4041,65.98628347485304
1996-05-21T00:00:00Z,-9.578038,53.922202,1996,5,21,Newport,13,1996-05-21,21,4054,66.19856303069889
1996-05-22T00:00:00Z,-9.578038,53.922202,1996,5,22,Newport,6,1996-05-22,21,4060,66.29653821032005
1996-05-23T00:00:00Z,-9.578038,53.922202,1996,5,23,Newport,59,1996-05-23,21,4119,67.25996080992816
1996-05-24T00:00:00Z,-9.578038,53.922202,1996,5,24,Newport,90,1996-05-24,21,4209,68.72958850424558
1996-05-25T00:00:00Z,-9.578038,53.922202,1996,5,25,Newport,45,1996-05-25,21,4254,69.4644023514043
1996-05-26T00:00:00Z,-9.578038,53.922202,1996,5,26,Newport,326,1996-05-26,21,4580,74.78772044415415
1996-05-27T00:00:00Z,-9.578038,53.922202,1996,5,27,Newport,427,1996-05-27,22,5007,81.76028739386022
1996-05-28T00:00:00Z,-9.578038,53.922202,1996,5,28,Newport,343,1996-05-28,22,5350,87.36120182887002
1996-05-29T00:00:00Z,-9.578038,53.922202,1996,5,29,Newport,293,1996-05-29,22,5643,92.14565643370346
1996-05-30T00:00:00Z,-9.578038,53.922202,1996,5,30,Newport,154,1996-05-30,22,5797,94.66035271064663
1996-05-31T00:00:00Z,-9.578038,53.922202,1996,5,31,Newport,98,1996-05-31,22,5895,96.2606139777923
1996-06-01T00:00:00Z,-9.578038,53.922202,1996,6,1,Newport,31,1996-06-01,22,5926,96.76681907250163
1996-06-02T00:00:00Z,-9.578038,53.922202,1996,6,2,Newport,66,1996-06-02,22,5992,97.84454604833442
1996-06-03T00:00:00Z,-9.578038,53.922202,1996,6,3,Newport,22,1996-06-03,23,6014,98.20378837361203
1996-06-04T00:00:00Z,-9.578038,53.922202,1996,6,4,Newport,4,1996-06-04,23,6018,98.26910516002613
1996-06-05T00:00:00Z,-9.578038,53.922202,1996,6,5,Newport,8,1996-06-05,23,6026,98.39973873285435
1996-06-06T00:00:00Z,-9.578038,53.922202,1996,6,6,Newport,3,1996-06-06,23,6029,98.44872632266492
1996-06-07T00:00:00Z,-9.578038,53.922202,1996,6,7,Newport,12,1996-06-07,23,6041,98.64467668190726
1996-06-08T00:00:00Z,-9.578038,53.922202,1996,6,8,Newport,3,1996-06-08,23,6044,98.69366427171784
1996-06-09T00:00:00Z,-9.578038,53.922202,1996,6,9,Newport,3,1996-06-09,23,6047,98.7426518615284
1996-06-10T00:00:00Z,-9.578038,53.922202,1996,6,10,Newport,3,1996-06-10,24,6050,98.791639451339
1996-06-11T00:00:00Z,-9.578038,53.922202,1996,6,11,Newport,7,1996-06-11,24,6057,98.90594382756368
1996-06-12T00:00:00Z,-9.578038,53.922202,1996,6,12,Newport,11,1996-06-12,24,6068,99.08556499020249
1996-06-13T00:00:00Z,-9.578038,53.922202,1996,6,13,Newport,11,1996-06-13,24,6079,99.26518615284128
1996-06-14T00:00:00Z,-9.578038,53.922202,1996,6,14,Newport,13,1996-06-14,24,6092,99.47746570868713
1996-06-15T00:00:00Z,-9.578038,53.922202,1996,6,15,Newport,7,1996-06-15,24,6099,99.59177008491183
1996-06-16T00:00:00Z,-9.578038,53.922202,1996,6,16,Newport,3,1996-06-16,24,6102,99.64075767472241
1996-06-28T00:00:00Z,-9.578038,53.922202,1996,6,28,Newport,1,1996-06-28,26,6103,99.65708687132593
1996-07-03T00:00:00Z,-9.578038,53.922202,1996,7,3,Newport,1,1996-07-03,27,6104,99.67341606792945
1996-07-05T00:00:00Z,-9.578038,53.922202,1996,7,5,Newport,4,1996-07-05,27,6108,99.73873285434357
1996-07-06T00:00:00Z,-9.578038,53.922202,1996,7,6,Newport,4,1996-07-06,27,6112,99.80404964075767
1996-07-07T00:00:00Z,-9.578038,53.922202,1996,7,7,Newport,2,1996-07-07,27,6114,99.83670803396473
1996-07-08T00:00:00Z,-9.578038,53.922202,1996,7,8,Newport,3,1996-07-08,28,6117,99.8856956237753
1996-07-09T00:00:00Z,-9.578038,53.922202,1996,7,9,Newport,1,1996-07-09,28,6118,99.90202482037883
1996-07-10T00:00:00Z,-9.578038,53.922202,1996,7,10,Newport,1,1996-07-10,28,6119,99.91835401698236
1996-07-12T00:00:00Z,-9.578038,53.922202,1996,7,12,Newport,2,1996-07-12,28,6121,99.95101241018942
1996-07-15T00:00:00Z,-9.578038,53.922202,1996,7,15,Newport,2,1996-07-15,29,6123,99.98367080339648
1996-07-30T00:00:00Z,-9.578038,53.922202,1996,7,30,Newport,1,1996-07-30,31,6124,100
1997-03-29T00:00:00Z,-9.578038,53.922202,1997,3,29,Newport,1,1997-03-29,13,1,0.015795293002685198
1997-03-31T00:00:00Z,-9.578038,53.922202,1997,3,31,Newport,1,1997-03-31,13,2,0.031590586005370395
1997-04-02T00:00:00Z,-9.578038,53.922202,1997,4,2,Newport,2,1997-04-02,14,4,0.06318117201074079
1997-04-03T00:00:00Z,-9.578038,53.922202,1997,4,3,Newport,1,1997-04-03,14,5,0.078976465013426
1997-04-04T00:00:00Z,-9.578038,53.922202,1997,4,4,Newport,2,1997-04-04,14,7,0.1105670510187964
1997-04-06T00:00:00Z,-9.578038,53.922202,1997,4,6,Newport,1,1997-04-06,14,8,0.12636234402148158
1997-04-07T00:00:00Z,-9.578038,53.922202,1997,4,7,Newport,3,1997-04-07,14,11,0.1737482230295372
1997-04-08T00:00:00Z,-9.578038,53.922202,1997,4,8,Newport,8,1997-04-08,14,19,0.3001105670510188
1997-04-09T00:00:00Z,-9.578038,53.922202,1997,4,9,Newport,4,1997-04-09,15,23,0.3632917390617596
1997-04-10T00:00:00Z,-9.578038,53.922202,1997,4,10,Newport,5,1997-04-10,15,28,0.4422682040751856
1997-04-11T00:00:00Z,-9.578038,53.922202,1997,4,11,Newport,5,1997-04-11,15,33,0.5212446690886116
1997-04-12T00:00:00Z,-9.578038,53.922202,1997,4,12,Newport,11,1997-04-12,15,44,0.6949928921181489
1997-04-13T00:00:00Z,-9.578038,53.922202,1997,4,13,Newport,5,1997-04-13,15,49,0.7739693571315748
1997-04-14T00:00:00Z,-9.578038,53.922202,1997,4,14,Newport,8,1997-04-14,15,57,0.9003317011530563
1997-04-15T00:00:00Z,-9.578038,53.922202,1997,4,15,Newport,11,1997-04-15,15,68,1.0740799241825936
1997-04-16T00:00:00Z,-9.578038,53.922202,1997,4,16,Newport,69,1997-04-16,16,137,2.163955141367872
1997-04-17T00:00:00Z,-9.578038,53.922202,1997,4,17,Newport,119,1997-04-17,16,256,4.043595008687411
1997-04-18T00:00:00Z,-9.578038,53.922202,1997,4,18,Newport,44,1997-04-18,16,300,4.73858790080556
1997-04-19T00:00:00Z,-9.578038,53.922202,1997,4,19,Newport,31,1997-04-19,16,331,5.228241983888801
1997-04-20T00:00:00Z,-9.578038,53.922202,1997,4,20,Newport,189,1997-04-20,16,520,8.213552361396303
1997-04-21T00:00:00Z,-9.578038,53.922202,1997,4,21,Newport,310,1997-04-21,16,830,13.110093192228717
1997-04-22T00:00:00Z,-9.578038,53.922202,1997,4,22,Newport,28,1997-04-22,16,858,13.552361396303903
1997-04-23T00:00:00Z,-9.578038,53.922202,1997,4,23,Newport,24,1997-04-23,17,882,13.931448428368345
1997-04-24T00:00:00Z,-9.578038,53.922202,1997,4,24,Newport,18,1997-04-24,17,900,14.21576370241668
1997-04-25T00:00:00Z,-9.578038,53.922202,1997,4,25,Newport,111,1997-04-25,17,1011,15.969041225714736
1997-04-26T00:00:00Z,-9.578038,53.922202,1997,4,26,Newport,62,1997-04-26,17,1073,16.94834939188122
1997-04-27T00:00:00Z,-9.578038,53.922202,1997,4,27,Newport,118,1997-04-27,17,1191,18.812193966198073
1997-04-28T00:00:00Z,-9.578038,53.922202,1997,4,28,Newport,429,1997-04-28,17,1620,25.58837466435002
1997-04-29T00:00:00Z,-9.578038,53.922202,1997,4,29,Newport,368,1997-04-29,17,1988,31.401042489338177
1997-04-30T00:00:00Z,-9.578038,53.922202,1997,4,30,Newport,1504,1997-04-30,18,3492,55.15716316537672
1997-05-01T00:00:00Z,-9.578038,53.922202,1997,5,1,Newport,986,1997-05-01,18,4478,70.73132206602433
1997-05-02T00:00:00Z,-9.578038,53.922202,1997,5,2,Newport,353,1997-05-02,18,4831,76.3070604959722
1997-05-03T00:00:00Z,-9.578038,53.922202,1997,5,3,Newport,373,1997-05-03,18,5204,82.19870478597377
1997-05-04T00:00:00Z,-9.578038,53.922202,1997,5,4,Newport,108,1997-05-04,18,5312,83.90459643026378
1997-05-05T00:00:00Z,-9.578038,53.922202,1997,5,5,Newport,66,1997-05-05,18,5378,84.947085768441
1997-05-06T00:00:00Z,-9.578038,53.922202,1997,5,6,Newport,38,1997-05-06,18,5416,85.54730690254304
1997-05-07T00:00:00Z,-9.578038,53.922202,1997,5,7,Newport,34,1997-05-07,19,5450,86.08434686463434
1997-05-08T00:00:00Z,-9.578038,53.922202,1997,5,8,Newport,112,1997-05-08,19,5562,87.85341968093509
1997-05-09T00:00:00Z,-9.578038,53.922202,1997,5,9,Newport,115,1997-05-09,19,5677,89.66987837624389
1997-05-10T00:00:00Z,-9.578038,53.922202,1997,5,10,Newport,198,1997-05-10,19,5875,92.79734639077554
1997-05-11T00:00:00Z,-9.578038,53.922202,1997,5,11,Newport,161,1997-05-11,19,6036,95.34038856420787
1997-05-12T00:00:00Z,-9.578038,53.922202,1997,5,12,Newport,38,1997-05-12,19,6074,95.94060969830991
1997-05-13T00:00:00Z,-9.578038,53.922202,1997,5,13,Newport,29,1997-05-13,19,6103,96.39867319538777
1997-05-14T00:00:00Z,-9.578038,53.922202,1997,5,14,Newport,38,1997-05-14,20,6141,96.99889432948981
1997-05-15T00:00:00Z,-9.578038,53.922202,1997,5,15,Newport,34,1997-05-15,20,6175,97.5359342915811
1997-05-16T00:00:00Z,-9.578038,53.922202,1997,5,16,Newport,10,1997-05-16,20,6185,97.69388722160795
1997-05-17T00:00:00Z,-9.578038,53.922202,1997,5,17,Newport,17,1997-05-17,20,6202,97.96240720265361
1997-05-18T00:00:00Z,-9.578038,53.922202,1997,5,18,Newport,28,1997-05-18,20,6230,98.404675406728785
1997-05-19T00:00:00Z,-9.578038,53.922202,1997,5,19,Newport,14,1997-05-19,20,6244,98.62580950876638
1997-05-20T00:00:00Z,-9.578038,53.922202,1997,5,20,Newport,29,1997-05-20,20,6273,99.08387300584425
1997-05-21T00:00:00Z,-9.578038,53.922202,1997,5,21,Newport,14,1997-05-21,21,6287,99.30500710788185
1997-05-22T00:00:00Z,-9.578038,53.922202,1997,5,22,Newport,2,1997-05-22,21,6289,99.33659769388721
1997-05-25T00:00:00Z,-9.578038,53.922202,1997,5,25,Newport,5,1997-05-25,21,6294,99.41557415890064
1997-05-26T00:00:00Z,-9.578038,53.922202,1997,5,26,Newport,16,1997-05-26,21,6310,99.66829884694361
1997-05-27T00:00:00Z,-9.578038,53.922202,1997,5,27,Newport,5,1997-05-27,21,6315,99.74727531195704
1997-05-28T00:00:00Z,-9.578038,53.922202,1997,5,28,Newport,1,1997-05-28,22,6316,99.76307060495972
1997-05-29T00:00:00Z,-9.578038,53.922202,1997,5,29,Newport,1,1997-05-29,22,6317,99.7788658979624
1997-05-30T00:00:00Z,-9.578038,53.922202,1997,5,30,Newport,1,1997-05-30,22,6318,99.7946611909651
1997-06-17T00:00:00Z,-9.578038,53.922202,1997,6,17,Newport,1,1997-06-17,24,6319,99.81045648396778
1997-06-23T00:00:00Z,-9.578038,53.922202,1997,6,23,Newport,1,1997-06-23,25,6320,99.82625177697047
1997-06-26T00:00:00Z,-9.578038,53.922202,1997,6,26,Newport,3,1997-06-26,26,6323,99.87363765597851
1997-06-27T00:00:00Z,-9.578038,53.922202,1997,6,27,Newport,3,1997-06-27,26,6326,99.92102353498657
1997-06-28T00:00:00Z,-9.578038,53.922202,1997,6,28,Newport,2,1997-06-28,26,6328,99.95261412099194
1997-06-30T00:00:00Z,-9.578038,53.922202,1997,6,30,Newport,1,1997-06-30,26,6329,99.96840941399464
1997-07-18T00:00:00Z,-9.578038,53.922202,1997,7,18,Newport,1,1997-07-18,29,6330,99.98420470699732
1997-07-24T00:00:00Z,-9.578038,53.922202,1997,7,24,Newport,1,1997-07-24,30,6331,100
1998-03-04T00:00:00Z,-9.578038,53.922202,1998,3,4,Newport,1,1998-03-04,9,1,0.010429703796412181
1998-03-09T00:00:00Z,-9.578038,53.922202,1998,3,9,Newport,1,1998-03-09,10,2,0.020859407592824362
1998-03-13T00:00:00Z,-9.578038,53.922202,1998,3,13,Newport,1,1998-03-13,11,3,0.03128911138923655
1998-03-27T00:00:00Z,-9.578038,53.922202,1998,3,27,Newport,2,1998-03-27,13,5,0.05214851898206091
1998-03-28T00:00:00Z,-9.578038,53.922202,1998,3,28,Newport,1,1998-03-28,13,6,0.0625782227784731
1998-03-29T00:00:00Z,-9.578038,53.922202,1998,3,29,Newport,2,1998-03-29,13,8,0.08343763037129745
1998-03-30T00:00:00Z,-9.578038,53.922202,1998,3,30,Newport,3,1998-03-30,13,11,0.114726741760534
1998-03-31T00:00:00Z,-9.578038,53.922202,1998,3,31,Newport,4,1998-03-31,13,15,0.15644555694618273
1998-04-01T00:00:00Z,-9.578038,53.922202,1998,4,1,Newport,1,1998-04-01,13,16,0.1668752607425949
1998-04-03T00:00:00Z,-9.578038,53.922202,1998,4,3,Newport,2,1998-04-03,14,18,0.18773466833541927
1998-04-04T00:00:00Z,-9.578038,53.922202,1998,4,4,Newport,15,1998-04-04,14,33,0.344180225281602
1998-04-05T00:00:00Z,-9.578038,53.922202,1998,4,5,Newport,6,1998-04-05,14,39,0.4067584480600751
1998-04-06T00:00:00Z,-9.578038,53.922202,1998,4,6,Newport,12,1998-04-06,14,51,0.5319148936170213
1998-04-07T00:00:00Z,-9.578038,53.922202,1998,4,7,Newport,7,1998-04-07,14,58,0.6049228201919066
1998-04-08T00:00:00Z,-9.578038,53.922202,1998,4,8,Newport,12,1998-04-08,14,70,0.7300792657488527
1998-04-09T00:00:00Z,-9.578038,53.922202,1998,4,9,Newport,12,1998-04-09,15,82,0.8552357113057988
1998-04-10T00:00:00Z,-9.578038,53.922202,1998,4,10,Newport,6,1998-04-10,15,88,0.917813934084272
1998-04-11T00:00:00Z,-9.578038,53.922202,1998,4,11,Newport,11,1998-04-11,15,99,1.032540675844806
1998-04-12T00:00:00Z,-9.578038,53.922202,1998,4,12,Newport,31,1998-04-12,15,130,1.3558614935335838
1998-04-13T00:00:00Z,-9.578038,53.922202,1998,4,13,Newport,39,1998-04-13,15,169,1.7626199415936585
1998-04-14T00:00:00Z,-9.578038,53.922202,1998,4,14,Newport,40,1998-04-14,15,209,2.179808093450146
1998-04-15T00:00:00Z,-9.578038,53.922202,1998,4,15,Newport,88,1998-04-15,15,297,3.097622027534418
1998-04-16T00:00:00Z,-9.578038,53.922202,1998,4,16,Newport,33,1998-04-16,16,330,3.44180225281602
1998-04-17T00:00:00Z,-9.578038,53.922202,1998,4,17,Newport,24,1998-04-17,16,354,3.6921151439299122
1998-04-18T00:00:00Z,-9.578038,53.922202,1998,4,18,Newport,55,1998-04-18,16,409,4.265748852732583
1998-04-19T00:00:00Z,-9.578038,53.922202,1998,4,19,Newport,15,1998-04-19,16,424,4.422194409678766
1998-04-20T00:00:00Z,-9.578038,53.922202,1998,4,20,Newport,59,1998-04-20,16,483,5.037546933667084
1998-04-21T00:00:00Z,-9.578038,53.922202,1998,4,21,Newport,49,1998-04-21,16,532,5.548602419691281
1998-04-22T00:00:00Z,-9.578038,53.922202,1998,4,22,Newport,24,1998-04-22,16,556,5.798915310805173
1998-04-23T00:00:00Z,-9.578038,53.922202,1998,4,23,Newport,62,1998-04-23,17,618,6.4455569461827285
1998-04-24T00:00:00Z,-9.578038,53.922202,1998,4,24,Newport,329,1998-04-24,17,947,9.876929495202337
1998-04-25T00:00:00Z,-9.578038,53.922202,1998,4,25,Newport,377,1998-04-25,17,1324,13.808927826449729
1998-04-26T00:00:00Z,-9.578038,53.922202,1998,4,26,Newport,515,1998-04-26,17,1839,19.180225281602002
1998-04-27T00:00:00Z,-9.578038,53.922202,1998,4,27,Newport,594,1998-04-27,17,2433,25.375469336670836
1998-04-28T00:00:00Z,-9.578038,53.922202,1998,4,28,Newport,241,1998-04-28,17,2674,27.889027951606177
1998-04-29T00:00:00Z,-9.578038,53.922202,1998,4,29,Newport,734,1998-04-29,17,3408,35.54443053817272
1998-04-30T00:00:00Z,-9.578038,53.922202,1998,4,30,Newport,331,1998-04-30,18,3739,38.99666249478515
1998-05-01T00:00:00Z,-9.578038,53.922202,1998,5,1,Newport,236,1998-05-01,18,3975,41.45807259073842
1998-05-02T00:00:00Z,-9.578038,53.922202,1998,5,2,Newport,224,1998-05-02,18,4199,43.794326241134755
1998-05-03T00:00:00Z,-9.578038,53.922202,1998,5,3,Newport,68,1998-05-03,18,4267,44.50354609929078
1998-05-04T00:00:00Z,-9.578038,53.922202,1998,5,4,Newport,96,1998-05-04,18,4363,45.50479766374635
1998-05-05T00:00:00Z,-9.578038,53.922202,1998,5,5,Newport,37,1998-05-05,18,4400,45.8906967042136
1998-05-06T00:00:00Z,-9.578038,53.922202,1998,5,6,Newport,196,1998-05-06,18,4596,47.934918648310386
1998-05-07T00:00:00Z,-9.578038,53.922202,1998,5,7,Newport,1667,1998-05-07,19,6263,65.3212348769295
1998-05-08T00:00:00Z,-9.578038,53.922202,1998,5,8,Newport,991,1998-05-08,19,7254,75.65707133917397
1998-05-09T00:00:00Z,-9.578038,53.922202,1998,5,9,Newport,447,1998-05-09,19,7701,80.31914893617021
1998-05-10T00:00:00Z,-9.578038,53.922202,1998,5,10,Newport,248,1998-05-10,19,7949,82.90571547768043
1998-05-11T00:00:00Z,-9.578038,53.922202,1998,5,11,Newport,806,1998-05-11,19,8755,91.31205673758865
1998-05-12T00:00:00Z,-9.578038,53.922202,1998,5,12,Newport,72,1998-05-12,19,8827,92.06299541093033
1998-05-13T00:00:00Z,-9.578038,53.922202,1998,5,13,Newport,152,1998-05-13,19,8979,93.64831038798498
1998-05-14T00:00:00Z,-9.578038,53.922202,1998,5,14,Newport,82,1998-05-14,20,9061,94.50354609929079
1998-05-15T00:00:00Z,-9.578038,53.922202,1998,5,15,Newport,184,1998-05-15,20,9245,96.42261159783062
1998-05-16T00:00:00Z,-9.578038,53.922202,1998,5,16,Newport,80,1998-05-16,20,9325,97.2569879015436
1998-05-17T00:00:00Z,-9.578038,53.922202,1998,5,17,Newport,26,1998-05-17,20,9351,97.52816020025031
1998-05-18T00:00:00Z,-9.578038,53.922202,1998,5,18,Newport,24,1998-05-18,20,9375,97.7784730913642
1998-05-19T00:00:00Z,-9.578038,53.922202,1998,5,19,Newport,13,1998-05-19,20,9388,97.91405924071756
1998-05-20T00:00:00Z,-9.578038,53.922202,1998,5,20,Newport,18,1998-05-20,20,9406,98.10179390905299
1998-05-21T00:00:00Z,-9.578038,53.922202,1998,5,21,Newport,14,1998-05-21,21,9420,98.24780976220275
1998-05-22T00:00:00Z,-9.578038,53.922202,1998,5,22,Newport,4,1998-05-22,21,9424,98.28952857738841
1998-05-28T00:00:00Z,-9.578038,53.922202,1998,5,28,Newport,1,1998-05-28,22,9425,98.29995828118481
1998-06-07T00:00:00Z,-9.578038,53.922202,1998,6,7,Newport,3,1998-06-07,23,9428,98.33124739257406
1998-06-09T00:00:00Z,-9.578038,53.922202,1998,6,9,Newport,37,1998-06-09,23,9465,98.71714643304131
1998-06-10T00:00:00Z,-9.578038,53.922202,1998,6,10,Newport,47,1998-06-10,23,9512,99.20734251147267
1998-06-11T00:00:00Z,-9.578038,53.922202,1998,6,11,Newport,27,1998-06-11,24,9539,99.48894451397581
1998-06-12T00:00:00Z,-9.578038,53.922202,1998,6,12,Newport,12,1998-06-12,24,9551,99.61410095953275
1998-06-14T00:00:00Z,-9.578038,53.922202,1998,6,14,Newport,8,1998-06-14,24,9559,99.69753858990404
1998-06-15T00:00:00Z,-9.578038,53.922202,1998,6,15,Newport,7,1998-06-15,24,9566,99.77054651647893
1998-06-18T00:00:00Z,-9.578038,53.922202,1998,6,18,Newport,3,1998-06-18,25,9569,99.80183562786817
1998-06-19T00:00:00Z,-9.578038,53.922202,1998,6,19,Newport,3,1998-06-19,25,9572,99.8331247392574
1998-06-20T00:00:00Z,-9.578038,53.922202,1998,6,20,Newport,1,1998-06-20,25,9573,99.84355444305382
1998-06-22T00:00:00Z,-9.578038,53.922202,1998,6,22,Newport,1,1998-06-22,25,9574,99.85398414685022
1998-06-23T00:00:00Z,-9.578038,53.922202,1998,6,23,Newport,1,1998-06-23,25,9575,99.86441385064664
1998-06-24T00:00:00Z,-9.578038,53.922202,1998,6,24,Newport,4,1998-06-24,25,9579,99.90613266583229
1998-06-26T00:00:00Z,-9.578038,53.922202,1998,6,26,Newport,1,1998-06-26,26,9580,99.916562369628707
1998-06-27T00:00:00Z,-9.578038,53.922202,1998,6,27,Newport,2,1998-06-27,26,9582,99.93742177722153
1998-06-29T00:00:00Z,-9.578038,53.922202,1998,6,29,Newport,2,1998-06-29,26,9584,99.95828118481434
1998-06-30T00:00:00Z,-9.578038,53.922202,1998,6,30,Newport,1,1998-06-30,26,9585,99.96871088861077
1998-07-14T00:00:00Z,-9.578038,53.922202,1998,7,14,Newport,1,1998-07-14,28,9586,99.97914059240718
1998-07-27T00:00:00Z,-9.578038,53.922202,1998,7,27,Newport,1,1998-07-27,30,9587,99.9895702962036
1998-08-16T00:00:00Z,-9.578038,53.922202,1998,8,16,Newport,1,1998-08-16,33,9588,100
1999-03-22T00:00:00Z,-9.578038,53.922202,1999,3,22,Newport,1,1999-03-22,12,1,0.013902405116085082
1999-04-01T00:00:00Z,-9.578038,53.922202,1999,4,1,Newport,1,1999-04-01,13,2,0.027804810232170164
1999-04-03T00:00:00Z,-9.578038,53.922202,1999,4,3,Newport,2,1999-04-03,14,4,0.05560962046434033
1999-04-04T00:00:00Z,-9.578038,53.922202,1999,4,4,Newport,2,1999-04-04,14,6,0.0834144306965105
1999-04-06T00:00:00Z,-9.578038,53.922202,1999,4,6,Newport,12,1999-04-06,14,18,0.2502432920895315
1999-04-07T00:00:00Z,-9.578038,53.922202,1999,4,7,Newport,21,1999-04-07,14,39,0.5421937995273183
1999-04-08T00:00:00Z,-9.578038,53.922202,1999,4,8,Newport,11,1999-04-08,14,50,0.6951202558042541
1999-04-09T00:00:00Z,-9.578038,53.922202,1999,4,9,Newport,18,1999-04-09,15,68,0.9453635478937856
1999-04-10T00:00:00Z,-9.578038,53.922202,1999,4,10,Newport,12,1999-04-10,15,80,1.1121924092868065
1999-04-11T00:00:00Z,-9.578038,53.922202,1999,4,11,Newport,17,1999-04-11,15,97,1.348533296260253
1999-04-12T00:00:00Z,-9.578038,53.922202,1999,4,12,Newport,33,1999-04-12,15,130,1.807312665091061
1999-04-13T00:00:00Z,-9.578038,53.922202,1999,4,13,Newport,44,1999-04-13,15,174,2.4190184901988045
1999-04-14T00:00:00Z,-9.578038,53.922202,1999,4,14,Newport,48,1999-04-14,15,222,3.0863339357708885
1999-04-15T00:00:00Z,-9.578038,53.922202,1999,4,15,Newport,38,1999-04-15,15,260,3.614625330182122
1999-04-16T00:00:00Z,-9.578038,53.922202,1999,4,16,Newport,72,1999-04-16,16,332,4.615598498540248
1999-04-17T00:00:00Z,-9.578038,53.922202,1999,4,17,Newport,89,1999-04-17,16,421,5.852912553871819
1999-04-18T00:00:00Z,-9.578038,53.922202,1999,4,18,Newport,47,1999-04-18,16,468,6.506325594327819
1999-04-19T00:00:00Z,-9.578038,53.922202,1999,4,19,Newport,69,1999-04-19,16,537,7.46559154733769
1999-04-20T00:00:00Z,-9.578038,53.922202,1999,4,20,Newport,26,1999-04-20,16,563,7.827054080355901
1999-04-21T00:00:00Z,-9.578038,53.922202,1999,4,21,Newport,45,1999-04-21,16,608,8.45266231057973
1999-04-22T00:00:00Z,-9.578038,53.922202,1999,4,22,Newport,116,1999-04-22,16,724,10.0653413040456
1999-04-23T00:00:00Z,-9.578038,53.922202,1999,4,23,Newport,138,1999-04-23,17,862,11.983873210065342
1999-04-24T00:00:00Z,-9.578038,53.922202,1999,4,24,Newport,168,1999-04-24,17,1030,14.319477269567635
1999-04-25T00:00:00Z,-9.578038,53.922202,1999,4,25,Newport,115,1999-04-25,17,1145,15.918253857917419
1999-04-26T00:00:00Z,-9.578038,53.922202,1999,4,26,Newport,567,1999-04-26,17,1712,23.800917558737662
1999-04-27T00:00:00Z,-9.578038,53.922202,1999,4,27,Newport,866,1999-04-27,17,2578,35.84040038926734
1999-04-28T00:00:00Z,-9.578038,53.922202,1999,4,28,Newport,182,1999-04-28,17,2760,38.37063812039483
1999-04-29T00:00:00Z,-9.578038,53.922202,1999,4,29,Newport,255,1999-04-29,17,3015,41.91575142499652
1999-04-30T00:00:00Z,-9.578038,53.922202,1999,4,30,Newport,175,1999-04-30,18,3190,44.348672320311415
1999-05-01T00:00:00Z,-9.578038,53.922202,1999,5,1,Newport,59,1999-05-01,18,3249,45.16891422216043
1999-05-02T00:00:00Z,-9.578038,53.922202,1999,5,2,Newport,179,1999-05-02,18,3428,47.65744473793966
1999-05-03T00:00:00Z,-9.578038,53.922202,1999,5,3,Newport,111,1999-05-03,18,3539,49.20061170582511
1999-05-04T00:00:00Z,-9.578038,53.922202,1999,5,4,Newport,234,1999-05-04,18,3773,52.45377450298901
1999-05-05T00:00:00Z,-9.578038,53.922202,1999,5,5,Newport,100,1999-05-05,18,3873,53.844015014597524
1999-05-06T00:00:00Z,-9.578038,53.922202,1999,5,6,Newport,71,1999-05-06,18,3944,54.83108577783956
1999-05-07T00:00:00Z,-9.578038,53.922202,1999,5,7,Newport,428,1999-05-07,19,4372,60.781315167523985
1999-05-08T00:00:00Z,-9.578038,53.922202,1999,5,8,Newport,148,1999-05-08,19,4520,62.838871124704575
1999-05-09T00:00:00Z,-9.578038,53.922202,1999,5,9,Newport,97,1999-05-09,19,4617,64.18740442096482
1999-05-10T00:00:00Z,-9.578038,53.922202,1999,5,10,Newport,11,1999-05-10,19,4628,64.34033087724175
1999-05-11T00:00:00Z,-9.578038,53.922202,1999,5,11,Newport,678,1999-05-11,19,5306,73.76616154594745
1999-05-12T00:00:00Z,-9.578038,53.922202,1999,5,12,Newport,1009,1999-05-12,19,6315,87.7936883080773
1999-05-13T00:00:00Z,-9.578038,53.922202,1999,5,13,Newport,322,1999-05-13,19,6637,92.27026275545668
1999-05-14T00:00:00Z,-9.578038,53.922202,1999,5,14,Newport,206,1999-05-14,20,6843,95.13415820937023
1999-05-15T00:00:00Z,-9.578038,53.922202,1999,5,15,Newport,47,1999-05-15,20,6890,95.78757124982621
1999-05-16T00:00:00Z,-9.578038,53.922202,1999,5,16,Newport,24,1999-05-16,20,6914,96.12122897261226
1999-05-17T00:00:00Z,-9.578038,53.922202,1999,5,17,Newport,40,1999-05-17,20,6954,96.67732517725567
1999-05-18T00:00:00Z,-9.578038,53.922202,1999,5,18,Newport,13,1999-05-18,20,6967,96.85805644376477
1999-05-19T00:00:00Z,-9.578038,53.922202,1999,5,19,Newport,25,1999-05-19,20,6992,97.2056165716669
1999-05-20T00:00:00Z,-9.578038,53.922202,1999,5,20,Newport,18,1999-05-20,20,7010,97.45585986375643
1999-05-21T00:00:00Z,-9.578038,53.922202,1999,5,21,Newport,5,1999-05-21,21,7015,97.52537188933685
1999-05-22T00:00:00Z,-9.578038,53.922202,1999,5,22,Newport,5,1999-05-22,21,7020,97.59488391491729
1999-05-24T00:00:00Z,-9.578038,53.922202,1999,5,24,Newport,2,1999-05-24,21,7022,97.62268872514946
1999-05-25T00:00:00Z,-9.578038,53.922202,1999,5,25,Newport,4,1999-05-25,21,7026,97.6782983456138
1999-05-26T00:00:00Z,-9.578038,53.922202,1999,5,26,Newport,14,1999-05-26,21,7040,97.87293201723898
1999-05-27T00:00:00Z,-9.578038,53.922202,1999,5,27,Newport,29,1999-05-27,21,7069,98.27610176560545
1999-05-28T00:00:00Z,-9.578038,53.922202,1999,5,28,Newport,25,1999-05-28,22,7094,98.62366189350757
1999-05-29T00:00:00Z,-9.578038,53.922202,1999,5,29,Newport,26,1999-05-29,22,7120,98.98512442652579
1999-05-30T00:00:00Z,-9.578038,53.922202,1999,5,30,Newport,15,1999-05-30,22,7135,99.19366050326707
1999-05-31T00:00:00Z,-9.578038,53.922202,1999,5,31,Newport,28,1999-05-31,22,7163,99.58292784651745
1999-06-01T00:00:00Z,-9.578038,53.922202,1999,6,1,Newport,6,1999-06-01,22,7169,99.66634227721396
1999-06-02T00:00:00Z,-9.578038,53.922202,1999,6,2,Newport,5,1999-06-02,22,7174,99.73585430279438
1999-06-03T00:00:00Z,-9.578038,53.922202,1999,6,3,Newport,5,1999-06-03,22,7179,99.80536632837482
1999-06-05T00:00:00Z,-9.578038,53.922202,1999,6,5,Newport,1,1999-06-05,23,7180,99.8192687334909
1999-06-06T00:00:00Z,-9.578038,53.922202,1999,6,6,Newport,3,1999-06-06,23,7183,99.86097594883915
1999-06-08T00:00:00Z,-9.578038,53.922202,1999,6,8,Newport,1,1999-06-08,23,7184,99.87487835395524
1999-06-11T00:00:00Z,-9.578038,53.922202,1999,6,11,Newport,2,1999-06-11,24,7186,99.9026831641874
1999-06-17T00:00:00Z,-9.578038,53.922202,1999,6,17,Newport,1,1999-06-17,24,7187,99.91658556930348
1999-06-20T00:00:00Z,-9.578038,53.922202,1999,6,20,Newport,3,1999-06-20,25,7190,99.95829278465175
1999-06-21T00:00:00Z,-9.578038,53.922202,1999,6,21,Newport,2,1999-06-21,25,7192,99.98609759488392
1999-06-23T00:00:00Z,-9.578038,53.922202,1999,6,23,Newport,1,1999-06-23,25,7193,100
2000-03-20T00:00:00Z,-9.578038,53.922202,2000,3,20,Newport,1,2000-03-20,12,1,0.01726817475392851
2000-03-27T00:00:00Z,-9.578038,53.922202,2000,3,27,Newport,2,2000-03-27,13,3,0.05180452426178552
2000-03-30T00:00:00Z,-9.578038,53.922202,2000,3,30,Newport,2,2000-03-30,13,5,0.08634087376964256
2000-04-01T00:00:00Z,-9.578038,53.922202,2000,4,1,Newport,2,2000-04-01,14,7,0.12087722327749958
2000-04-02T00:00:00Z,-9.578038,53.922202,2000,4,2,Newport,4,2000-04-02,14,11,0.1899499222932136
2000-04-03T00:00:00Z,-9.578038,53.922202,2000,4,3,Newport,10,2000-04-03,14,21,0.36263166983249867
2000-04-04T00:00:00Z,-9.578038,53.922202,2000,4,4,Newport,10,2000-04-04,14,31,0.5353134173717837
2000-04-05T00:00:00Z,-9.578038,53.922202,2000,4,5,Newport,3,2000-04-05,14,34,0.5871179416335693
2000-04-06T00:00:00Z,-9.578038,53.922202,2000,4,6,Newport,1,2000-04-06,14,35,0.6043861163874978
2000-04-08T00:00:00Z,-9.578038,53.922202,2000,4,8,Newport,1,2000-04-08,15,36,0.6216542911414263
2000-04-09T00:00:00Z,-9.578038,53.922202,2000,4,9,Newport,4,2000-04-09,15,40,0.6907269901571405
2000-04-10T00:00:00Z,-9.578038,53.922202,2000,4,10,Newport,2,2000-04-10,15,42,0.7252633396649973
2000-04-11T00:00:00Z,-9.578038,53.922202,2000,4,11,Newport,2,2000-04-11,15,44,0.7597996891728545
2000-04-12T00:00:00Z,-9.578038,53.922202,2000,4,12,Newport,5,2000-04-12,15,49,0.8461405629424971
2000-04-13T00:00:00Z,-9.578038,53.922202,2000,4,13,Newport,9,2000-04-13,15,58,1.0015541357278537
2000-04-14T00:00:00Z,-9.578038,53.922202,2000,4,14,Newport,5,2000-04-14,15,63,1.0878950094974962
2000-04-15T00:00:00Z,-9.578038,53.922202,2000,4,15,Newport,13,2000-04-15,16,76,1.3123812812985667
2000-04-16T00:00:00Z,-9.578038,53.922202,2000,4,16,Newport,6,2000-04-16,16,82,1.4159903298221377
2000-04-17T00:00:00Z,-9.578038,53.922202,2000,4,17,Newport,8,2000-04-17,16,90,1.554135727853566
2000-04-18T00:00:00Z,-9.578038,53.922202,2000,4,18,Newport,40,2000-04-18,16,130,2.2448627180107064
2000-04-19T00:00:00Z,-9.578038,53.922202,2000,4,19,Newport,61,2000-04-19,16,191,3.2982213780003455
2000-04-20T00:00:00Z,-9.578038,53.922202,2000,4,20,Newport,10,2000-04-20,16,201,3.47090312553963
2000-04-21T00:00:00Z,-9.578038,53.922202,2000,4,21,Newport,27,2000-04-21,16,228,3.9371438438957003
2000-04-22T00:00:00Z,-9.578038,53.922202,2000,4,22,Newport,111,2000-04-22,17,339,5.8539112415817645
2000-04-23T00:00:00Z,-9.578038,53.922202,2000,4,23,Newport,128,2000-04-23,17,467,8.064237610084614
2000-04-24T00:00:00Z,-9.578038,53.922202,2000,4,24,Newport,99,2000-04-24,17,566,9.773786910723537
2000-04-25T00:00:00Z,-9.578038,53.922202,2000,4,25,Newport,313,2000-04-25,17,879,15.17872560870316
2000-04-26T00:00:00Z,-9.578038,53.922202,2000,4,26,Newport,60,2000-04-26,17,939,16.21481609393887
2000-04-27T00:00:00Z,-9.578038,53.922202,2000,4,27,Newport,54,2000-04-27,17,993,17.14729753065101
2000-04-28T00:00:00Z,-9.578038,53.922202,2000,4,28,Newport,115,2000-04-28,17,1108,19.133137627352788
2000-04-29T00:00:00Z,-9.578038,53.922202,2000,4,29,Newport,122,2000-04-29,18,1230,21.239854947332066
2000-04-30T00:00:00Z,-9.578038,53.922202,2000,4,30,Newport,226,2000-04-30,18,1456,25.14246244171991
2000-05-01T00:00:00Z,-9.578038,53.922202,2000,5,1,Newport,363,2000-05-01,18,1819,31.410809877395955
2000-05-02T00:00:00Z,-9.578038,53.922202,2000,5,2,Newport,197,2000-05-02,18,2016,34.81264030391988
2000-05-03T00:00:00Z,-9.578038,53.922202,2000,5,3,Newport,36,2000-05-03,18,2052,35.4342945950613
2000-05-04T00:00:00Z,-9.578038,53.922202,2000,5,4,Newport,9,2000-05-04,18,2061,35.58970816784666
2000-05-05T00:00:00Z,-9.578038,53.922202,2000,5,5,Newport,5,2000-05-05,18,2066,35.6760490416163
2000-05-06T00:00:00Z,-9.578038,53.922202,2000,5,6,Newport,15,2000-05-06,19,2081,35.935071662925225
2000-05-07T00:00:00Z,-9.578038,53.922202,2000,5,7,Newport,43,2000-05-07,19,2124,36.67760317734415
2000-05-08T00:00:00Z,-9.578038,53.922202,2000,5,8,Newport,214,2000-05-08,19,2338,40.37299257468486
2000-05-09T00:00:00Z,-9.578038,53.922202,2000,5,9,Newport,49,2000-05-09,19,2387,41.21913313762735
2000-05-10T00:00:00Z,-9.578038,53.922202,2000,5,10,Newport,21,2000-05-10,19,2408,41.581764807459855
2000-05-11T00:00:00Z,-9.578038,53.922202,2000,5,11,Newport,2,2000-05-11,19,2410,41.61630115696771
2000-05-12T00:00:00Z,-9.578038,53.922202,2000,5,12,Newport,2,2000-05-12,19,2412,41.65083750647556
2000-05-13T00:00:00Z,-9.578038,53.922202,2000,5,13,Newport,1,2000-05-13,20,2413,41.66810568122949
2000-05-14T00:00:00Z,-9.578038,53.922202,2000,5,14,Newport,1,2000-05-14,20,2414,41.68537385598342
2000-05-15T00:00:00Z,-9.578038,53.922202,2000,5,15,Newport,41,2000-05-15,20,2455,42.39336902089449
2000-05-16T00:00:00Z,-9.578038,53.922202,2000,5,16,Newport,2,2000-05-16,20,2457,42.42790537040235
2000-05-17T00:00:00Z,-9.578038,53.922202,2000,5,17,Newport,2,2000-05-17,20,2459,42.4624417199102
2000-05-18T00:00:00Z,-9.578038,53.922202,2000,5,18,Newport,2,2000-05-18,20,2461,42.49697806941806
2000-05-19T00:00:00Z,-9.578038,53.922202,2000,5,19,Newport,3,2000-05-19,20,2464,42.548782593679846
2000-05-20T00:00:00Z,-9.578038,53.922202,2000,5,20,Newport,36,2000-05-20,21,2500,43.17043688482127
2000-05-21T00:00:00Z,-9.578038,53.922202,2000,5,21,Newport,1775,2000-05-21,21,4275,73.82144707304438
2000-05-22T00:00:00Z,-9.578038,53.922202,2000,5,22,Newport,550,2000-05-22,21,4825,83.31894318770506
2000-05-23T00:00:00Z,-9.578038,53.922202,2000,5,23,Newport,119,2000-05-23,21,4944,85.37385598342256
2000-05-24T00:00:00Z,-9.578038,53.922202,2000,5,24,Newport,159,2000-05-24,21,5103,88.11949576929719
2000-05-25T00:00:00Z,-9.578038,53.922202,2000,5,25,Newport,220,2000-05-25,21,5323,91.91849421516146
2000-05-26T00:00:00Z,-9.578038,53.922202,2000,5,26,Newport,97,2000-05-26,21,5420,93.59350716629253
2000-05-27T00:00:00Z,-9.578038,53.922202,2000,5,27,Newport,44,2000-05-27,22,5464,94.35330685546538
2000-05-28T00:00:00Z,-9.578038,53.922202,2000,5,28,Newport,35,2000-05-28,22,5499,94.95769297185288
2000-05-29T00:00:00Z,-9.578038,53.922202,2000,5,29,Newport,27,2000-05-29,22,5526,95.42393369020894
2000-05-30T00:00:00Z,-9.578038,53.922202,2000,5,30,Newport,40,2000-05-30,22,5566,96.11466068036609
2000-05-31T00:00:00Z,-9.578038,53.922202,2000,5,31,Newport,21,2000-05-31,22,5587,96.47729235019858
2000-06-01T00:00:00Z,-9.578038,53.922202,2000,6,1,Newport,5,2000-06-01,22,5592,96.56363322396822
2000-06-02T00:00:00Z,-9.578038,53.922202,2000,6,2,Newport,9,2000-06-02,22,5601,96.71904679675359
2000-06-03T00:00:00Z,-9.578038,53.922202,2000,6,3,Newport,21,2000-06-03,23,5622,97.08167846658608
2000-06-04T00:00:00Z,-9.578038,53.922202,2000,6,4,Newport,36,2000-06-04,23,5658,97.70333275772751
2000-06-05T00:00:00Z,-9.578038,53.922202,2000,6,5,Newport,17,2000-06-05,23,5675,97.99689172854428
2000-06-06T00:00:00Z,-9.578038,53.922202,2000,6,6,Newport,9,2000-06-06,23,5684,98.15230530132965
2000-06-07T00:00:00Z,-9.578038,53.922202,2000,6,7,Newport,5,2000-06-07,23,5689,98.23864617509929
2000-06-08T00:00:00Z,-9.578038,53.922202,2000,6,8,Newport,5,2000-06-08,23,5694,98.32498704886893
2000-06-09T00:00:00Z,-9.578038,53.922202,2000,6,9,Newport,15,2000-06-09,23,5709,98.58400967017786
2000-06-10T00:00:00Z,-9.578038,53.922202,2000,6,10,Newport,18,2000-06-10,24,5727,98.89483681574858
2000-06-11T00:00:00Z,-9.578038,53.922202,2000,6,11,Newport,3,2000-06-11,24,5730,98.94664134001036
2000-06-12T00:00:00Z,-9.578038,53.922202,2000,6,12,Newport,8,2000-06-12,24,5738,99.08478673804179
2000-06-13T00:00:00Z,-9.578038,53.922202,2000,6,13,Newport,9,2000-06-13,24,5747,99.24020031082715
2000-06-14T00:00:00Z,-9.578038,53.922202,2000,6,14,Newport,3,2000-06-14,24,5750,99.29200483508893
2000-06-15T00:00:00Z,-9.578038,53.922202,2000,6,15,Newport,5,2000-06-15,24,5755,99.37834570885857
2000-06-16T00:00:00Z,-9.578038,53.922202,2000,6,16,Newport,1,2000-06-16,24,5756,99.3956138836125
2000-06-17T00:00:00Z,-9.578038,53.922202,2000,6,17,Newport,1,2000-06-17,25,5757,99.41288205836642
2000-06-19T00:00:00Z,-9.578038,53.922202,2000,6,19,Newport,5,2000-06-19,25,5762,99.49922293213608
2000-06-23T00:00:00Z,-9.578038,53.922202,2000,6,23,Newport,1,2000-06-23,25,5763,99.51649110689
2000-06-24T00:00:00Z,-9.578038,53.922202,2000,6,24,Newport,3,2000-06-24,26,5766,99.56829563115178
2000-06-25T00:00:00Z,-9.578038,53.922202,2000,6,25,Newport,5,2000-06-25,26,5771,99.65463650492143
2000-06-27T00:00:00Z,-9.578038,53.922202,2000,6,27,Newport,1,2000-06-27,26,5772,99.67190467967536
2000-07-12T00:00:00Z,-9.578038,53.922202,2000,7,12,Newport,1,2000-07-12,28,5773,99.68917285442929
2000-07-24T00:00:00Z,-9.578038,53.922202,2000,7,24,Newport,1,2000-07-24,30,5774,99.70644102918321
2000-08-10T00:00:00Z,-9.578038,53.922202,2000,8,10,Newport,6,2000-08-10,32,5780,99.81005007770679
2000-08-11T00:00:00Z,-9.578038,53.922202,2000,8,11,Newport,4,2000-08-11,32,5784,99.8791227767225
2000-08-12T00:00:00Z,-9.578038,53.922202,2000,8,12,Newport,1,2000-08-12,33,5785,99.89639095147643
2000-08-18T00:00:00Z,-9.578038,53.922202,2000,8,18,Newport,2,2000-08-18,33,5787,99.93092730098428
2000-08-20T00:00:00Z,-9.578038,53.922202,2000,8,20,Newport,2,2000-08-20,34,5789,99.96546365049215
2000-08-26T00:00:00Z,-9.578038,53.922202,2000,8,26,Newport,2,2000-08-26,35,5791,100
2001-04-06T00:00:00Z,-9.578038,53.922202,2001,4,6,Newport,1,2001-04-06,14,1,0.01546551190844417
2001-04-08T00:00:00Z,-9.578038,53.922202,2001,4,8,Newport,1,2001-04-08,14,2,0.03093102381688834
2001-04-11T00:00:00Z,-9.578038,53.922202,2001,4,11,Newport,2,2001-04-11,15,4,0.06186204763377668
2001-04-13T00:00:00Z,-9.578038,53.922202,2001,4,13,Newport,5,2001-04-13,15,9,0.13918960717599752
2001-04-14T00:00:00Z,-9.578038,53.922202,2001,4,14,Newport,1,2001-04-14,15,10,0.1546551190844417
2001-04-15T00:00:00Z,-9.578038,53.922202,2001,4,15,Newport,5,2001-04-15,15,15,0.23198267862666253
2001-04-16T00:00:00Z,-9.578038,53.922202,2001,4,16,Newport,3,2001-04-16,16,18,0.27837921435199503
2001-04-17T00:00:00Z,-9.578038,53.922202,2001,4,17,Newport,18,2001-04-17,16,36,0.5567584287039901
2001-04-18T00:00:00Z,-9.578038,53.922202,2001,4,18,Newport,9,2001-04-18,16,45,0.6959480358799877
2001-04-19T00:00:00Z,-9.578038,53.922202,2001,4,19,Newport,16,2001-04-19,16,61,0.9433962264150944
2001-04-20T00:00:00Z,-9.578038,53.922202,2001,4,20,Newport,10,2001-04-20,16,71,1.098051345499536
2001-04-21T00:00:00Z,-9.578038,53.922202,2001,4,21,Newport,18,2001-04-21,16,89,1.3764305598515312
2001-04-22T00:00:00Z,-9.578038,53.922202,2001,4,22,Newport,16,2001-04-22,16,105,1.6238787503866376
2001-04-23T00:00:00Z,-9.578038,53.922202,2001,4,23,Newport,52,2001-04-23,17,157,2.4280853696257343
2001-04-24T00:00:00Z,-9.578038,53.922202,2001,4,24,Newport,11,2001-04-24,17,168,2.5982060006186205
2001-04-25T00:00:00Z,-9.578038,53.922202,2001,4,25,Newport,49,2001-04-25,17,217,3.356016084132385
2001-04-26T00:00:00Z,-9.578038,53.922202,2001,4,26,Newport,41,2001-04-26,17,258,3.990102072378596
2001-04-27T00:00:00Z,-9.578038,53.922202,2001,4,27,Newport,31,2001-04-27,17,289,4.469532941540365
2001-04-28T00:00:00Z,-9.578038,53.922202,2001,4,28,Newport,40,2001-04-28,17,329,5.088153417878131
2001-04-29T00:00:00Z,-9.578038,53.922202,2001,4,29,Newport,106,2001-04-29,17,435,6.727497680173214
2001-04-30T00:00:00Z,-9.578038,53.922202,2001,4,30,Newport,137,2001-04-30,18,572,8.846272811630065
2001-05-01T00:00:00Z,-9.578038,53.922202,2001,5,1,Newport,150,2001-05-01,18,722,11.166099597896691
2001-05-02T00:00:00Z,-9.578038,53.922202,2001,5,2,Newport,110,2001-05-02,18,832,12.86730590782555
2001-05-03T00:00:00Z,-9.578038,53.922202,2001,5,3,Newport,216,2001-05-03,18,1048,16.20785648004949
2001-05-04T00:00:00Z,-9.578038,53.922202,2001,5,4,Newport,139,2001-05-04,18,1187,18.35756263532323
2001-05-05T00:00:00Z,-9.578038,53.922202,2001,5,5,Newport,32,2001-05-05,18,1219,18.852459016393443
2001-05-06T00:00:00Z,-9.578038,53.922202,2001,5,6,Newport,61,2001-05-06,18,1280,19.79585524280854
2001-05-07T00:00:00Z,-9.578038,53.922202,2001,5,7,Newport,156,2001-05-07,19,1436,22.208475100525828
2001-05-08T00:00:00Z,-9.578038,53.922202,2001,5,8,Newport,27,2001-05-08,19,1463,22.62604392205382
2001-05-09T00:00:00Z,-9.578038,53.922202,2001,5,9,Newport,73,2001-05-09,19,1536,23.755026291370243
2001-05-10T00:00:00Z,-9.578038,53.922202,2001,5,10,Newport,218,2001-05-10,19,1754,27.126507887411073
2001-05-11T00:00:00Z,-9.578038,53.922202,2001,5,11,Newport,438,2001-05-11,19,2192,33.90040210330962
2001-05-12T00:00:00Z,-9.578038,53.922202,2001,5,12,Newport,49,2001-05-12,19,2241,34.658212186823384
2001-05-13T00:00:00Z,-9.578038,53.922202,2001,5,13,Newport,919,2001-05-13,19,3160,48.871017630683575
2001-05-14T00:00:00Z,-9.578038,53.922202,2001,5,14,Newport,14,2001-05-14,20,3174,49.087534797401794
2001-05-15T00:00:00Z,-9.578038,53.922202,2001,5,15,Newport,68,2001-05-15,20,3242,50.13918960717599
2001-05-16T00:00:00Z,-9.578038,53.922202,2001,5,16,Newport,22,2001-05-16,20,3264,50.47943086916177
2001-05-17T00:00:00Z,-9.578038,53.922202,2001,5,17,Newport,58,2001-05-17,20,3322,51.37643055985153
2001-05-18T00:00:00Z,-9.578038,53.922202,2001,5,18,Newport,16,2001-05-18,20,3338,51.623878750386645
2001-05-19T00:00:00Z,-9.578038,53.922202,2001,5,19,Newport,33,2001-05-19,20,3371,52.134240643365295
2001-05-20T00:00:00Z,-9.578038,53.922202,2001,5,20,Newport,140,2001-05-20,20,3511,54.29941231054748
2001-05-21T00:00:00Z,-9.578038,53.922202,2001,5,21,Newport,297,2001-05-21,21,3808,58.892669347355394
2001-05-22T00:00:00Z,-9.578038,53.922202,2001,5,22,Newport,722,2001-05-22,21,4530,70.0587689452521
2001-05-23T00:00:00Z,-9.578038,53.922202,2001,5,23,Newport,572,2001-05-23,21,5102,78.90504175688216
2001-05-24T00:00:00Z,-9.578038,53.922202,2001,5,24,Newport,70,2001-05-24,21,5172,79.98762759047324
2001-05-25T00:00:00Z,-9.578038,53.922202,2001,5,25,Newport,23,2001-05-25,21,5195,80.34333436436746
2001-05-26T00:00:00Z,-9.578038,53.922202,2001,5,26,Newport,7,2001-05-26,21,5202,80.45159294772657
2001-05-27T00:00:00Z,-9.578038,53.922202,2001,5,27,Newport,11,2001-05-27,21,5213,80.62171357871945
2001-05-28T00:00:00Z,-9.578038,53.922202,2001,5,28,Newport,4,2001-05-28,22,5217,80.68357562635323
2001-05-29T00:00:00Z,-9.578038,53.922202,2001,5,29,Newport,13,2001-05-29,22,5230,80.884627281163
2001-05-30T00:00:00Z,-9.578038,53.922202,2001,5,30,Newport,39,2001-05-30,22,5269,81.48778224559233
2001-05-31T00:00:00Z,-9.578038,53.922202,2001,5,31,Newport,281,2001-05-31,22,5550,85.83359109186513
2001-06-01T00:00:00Z,-9.578038,53.922202,2001,6,1,Newport,174,2001-06-01,22,5724,88.52459016393442
2001-06-02T00:00:00Z,-9.578038,53.922202,2001,6,2,Newport,151,2001-06-02,22,5875,90.8598824621095
2001-06-03T00:00:00Z,-9.578038,53.922202,2001,6,3,Newport,75,2001-06-03,22,5950,92.0197958552428
2001-06-04T00:00:00Z,-9.578038,53.922202,2001,6,4,Newport,37,2001-06-04,23,5987,92.59201979585524
2001-06-05T00:00:00Z,-9.578038,53.922202,2001,6,5,Newport,48,2001-06-05,23,6035,93.33436436746057
2001-06-06T00:00:00Z,-9.578038,53.922202,2001,6,6,Newport,37,2001-06-06,23,6072,93.906588308073
2001-06-07T00:00:00Z,-9.578038,53.922202,2001,6,7,Newport,42,2001-06-07,23,6114,94.55613980822766
2001-06-08T00:00:00Z,-9.578038,53.922202,2001,6,8,Newport,53,2001-06-08,23,6167,95.37581193937518
2001-06-10T00:00:00Z,-9.578038,53.922202,2001,6,10,Newport,3,2001-06-10,23,6170,95.42220847510052
2001-06-11T00:00:00Z,-9.578038,53.922202,2001,6,11,Newport,17,2001-06-11,24,6187,95.68512217754407
2001-06-12T00:00:00Z,-9.578038,53.922202,2001,6,12,Newport,21,2001-06-12,24,6208,96.0098979276214
2001-06-13T00:00:00Z,-9.578038,53.922202,2001,6,13,Newport,16,2001-06-13,24,6224,96.2573461181565
2001-06-14T00:00:00Z,-9.578038,53.922202,2001,6,14,Newport,14,2001-06-14,24,6238,96.47386328487472
2001-06-15T00:00:00Z,-9.578038,53.922202,2001,6,15,Newport,9,2001-06-15,24,6247,96.61305289205072
2001-06-16T00:00:00Z,-9.578038,53.922202,2001,6,16,Newport,6,2001-06-16,24,6253,96.70584596350139
2001-06-17T00:00:00Z,-9.578038,53.922202,2001,6,17,Newport,9,2001-06-17,24,6262,96.84503557067738
2001-06-18T00:00:00Z,-9.578038,53.922202,2001,6,18,Newport,11,2001-06-18,25,6273,97.01515620167027
2001-06-19T00:00:00Z,-9.578038,53.922202,2001,6,19,Newport,14,2001-06-19,25,6287,97.2316733683885
2001-06-20T00:00:00Z,-9.578038,53.922202,2001,6,20,Newport,79,2001-06-20,25,6366,98.45344880915559
2001-06-21T00:00:00Z,-9.578038,53.922202,2001,6,21,Newport,39,2001-06-21,25,6405,99.05660377358491
2001-06-22T00:00:00Z,-9.578038,53.922202,2001,6,22,Newport,22,2001-06-22,25,6427,99.39684503557068
2001-06-23T00:00:00Z,-9.578038,53.922202,2001,6,23,Newport,5,2001-06-23,25,6432,99.4741725951129
2001-06-24T00:00:00Z,-9.578038,53.922202,2001,6,24,Newport,3,2001-06-24,25,6435,99.52056913083823
2001-06-25T00:00:00Z,-9.578038,53.922202,2001,6,25,Newport,2,2001-06-25,26,6437,99.55150015465512
2001-06-26T00:00:00Z,-9.578038,53.922202,2001,6,26,Newport,2,2001-06-26,26,6439,99.582431178472
2001-06-27T00:00:00Z,-9.578038,53.922202,2001,6,27,Newport,2,2001-06-27,26,6441,99.6133622022889
2001-06-30T00:00:00Z,-9.578038,53.922202,2001,6,30,Newport,1,2001-06-30,26,6442,99.62882771419734
2001-07-02T00:00:00Z,-9.578038,53.922202,2001,7,2,Newport,3,2001-07-02,27,6445,99.67522424992266
2001-07-05T00:00:00Z,-9.578038,53.922202,2001,7,5,Newport,1,2001-07-05,27,6446,99.69068976183112
2001-07-06T00:00:00Z,-9.578038,53.922202,2001,7,6,Newport,2,2001-07-06,27,6448,99.721620785648
2001-07-07T00:00:00Z,-9.578038,53.922202,2001,7,7,Newport,1,2001-07-07,27,6449,99.73708629755646
2001-07-11T00:00:00Z,-9.578038,53.922202,2001,7,11,Newport,1,2001-07-11,28,6450,99.75255180946489
2001-07-12T00:00:00Z,-9.578038,53.922202,2001,7,12,Newport,1,2001-07-12,28,6451,99.76801732137334
2001-07-13T00:00:00Z,-9.578038,53.922202,2001,7,13,Newport,1,2001-07-13,28,6452,99.78348283328178
2001-07-14T00:00:00Z,-9.578038,53.922202,2001,7,14,Newport,1,2001-07-14,28,6453,99.79894834519023
2001-07-27T00:00:00Z,-9.578038,53.922202,2001,7,27,Newport,1,2001-07-27,30,6454,99.81441385709867
2001-08-07T00:00:00Z,-9.578038,53.922202,2001,8,7,Newport,1,2001-08-07,32,6455,99.82987936900712
2001-08-08T00:00:00Z,-9.578038,53.922202,2001,8,8,Newport,1,2001-08-08,32,6456,99.84534488091555
2001-08-12T00:00:00Z,-9.578038,53.922202,2001,8,12,Newport,1,2001-08-12,32,6457,99.860810392824
2001-08-14T00:00:00Z,-9.578038,53.922202,2001,8,14,Newport,2,2001-08-14,33,6459,99.89174141664088
2001-08-15T00:00:00Z,-9.578038,53.922202,2001,8,15,Newport,1,2001-08-15,33,6460,99.90720692854933
2001-08-17T00:00:00Z,-9.578038,53.922202,2001,8,17,Newport,2,2001-08-17,33,6462,99.93813795236622
2001-09-06T00:00:00Z,-9.578038,53.922202,2001,9,6,Newport,1,2001-09-06,36,6463,99.95360346427466
2001-09-10T00:00:00Z,-9.578038,53.922202,2001,9,10,Newport,1,2001-09-10,37,6464,99.96906897618311
2001-09-13T00:00:00Z,-9.578038,53.922202,2001,9,13,Newport,1,2001-09-13,37,6465,99.98453448809155
2001-10-17T00:00:00Z,-9.578038,53.922202,2001,10,17,Newport,1,2001-10-17,42,6466,100
2002-03-24T00:00:00Z,-9.578038,53.922202,2002,3,24,Newport,1,2002-03-24,12,1,0.01159151501101194
2002-03-28T00:00:00Z,-9.578038,53.922202,2002,3,28,Newport,1,2002-03-28,13,2,0.02318303002202388
2002-04-01T00:00:00Z,-9.578038,53.922202,2002,4,1,Newport,2,2002-04-01,13,4,0.04636606004404776
2002-04-02T00:00:00Z,-9.578038,53.922202,2002,4,2,Newport,2,2002-04-02,14,6,0.06954909006607164
2002-04-03T00:00:00Z,-9.578038,53.922202,2002,4,3,Newport,1,2002-04-03,14,7,0.08114060507708358
2002-04-04T00:00:00Z,-9.578038,53.922202,2002,4,4,Newport,1,2002-04-04,14,8,0.09273212008809552
2002-04-05T00:00:00Z,-9.578038,53.922202,2002,4,5,Newport,2,2002-04-05,14,10,0.1159151501101194
2002-04-08T00:00:00Z,-9.578038,53.922202,2002,4,8,Newport,8,2002-04-08,14,18,0.20864727019821488
2002-04-13T00:00:00Z,-9.578038,53.922202,2002,4,13,Newport,2,2002-04-13,15,20,0.2318303002202388
2002-04-17T00:00:00Z,-9.578038,53.922202,2002,4,17,Newport,1,2002-04-17,16,21,0.24342181523125073
2002-04-19T00:00:00Z,-9.578038,53.922202,2002,4,19,Newport,1,2002-04-19,16,22,0.25501333024226264
2002-04-20T00:00:00Z,-9.578038,53.922202,2002,4,20,Newport,1,2002-04-20,16,23,0.2666048452532746
2002-04-21T00:00:00Z,-9.578038,53.922202,2002,4,21,Newport,4,2002-04-21,16,27,0.31297090529732235
2002-04-22T00:00:00Z,-9.578038,53.922202,2002,4,22,Newport,362,2002-04-22,16,389,4.509099339283645
2002-04-23T00:00:00Z,-9.578038,53.922202,2002,4,23,Newport,375,2002-04-23,17,764,8.855917468413121
2002-04-24T00:00:00Z,-9.578038,53.922202,2002,4,24,Newport,462,2002-04-24,17,1226,14.21119740350064
2002-04-25T00:00:00Z,-9.578038,53.922202,2002,4,25,Newport,264,2002-04-25,17,1490,17.271357366407788
2002-04-26T00:00:00Z,-9.578038,53.922202,2002,4,26,Newport,203,2002-04-26,17,1693,19.624434913643213
2002-04-27T00:00:00Z,-9.578038,53.922202,2002,4,27,Newport,94,2002-04-27,17,1787,20.714037324678337
2002-04-28T00:00:00Z,-9.578038,53.922202,2002,4,28,Newport,230,2002-04-28,17,2017,23.380085777211082
2002-04-29T00:00:00Z,-9.578038,53.922202,2002,4,29,Newport,545,2002-04-29,17,2562,29.697461458212587
2002-04-30T00:00:00Z,-9.578038,53.922202,2002,4,30,Newport,395,2002-04-30,18,2957,34.276109887562306
2002-05-01T00:00:00Z,-9.578038,53.922202,2002,5,1,Newport,164,2002-05-01,18,3121,36.177118349368264
2002-05-02T00:00:00Z,-9.578038,53.922202,2002,5,2,Newport,726,2002-05-02,18,3847,44.59255824736293
2002-05-03T00:00:00Z,-9.578038,53.922202,2002,5,3,Newport,1408,2002-05-03,18,5255,60.91341138286774
2002-05-04T00:00:00Z,-9.578038,53.922202,2002,5,4,Newport,595,2002-05-04,18,5850,67.81036281441985
2002-05-05T00:00:00Z,-9.578038,53.922202,2002,5,5,Newport,232,2002-05-05,18,6082,70.4995942969746
2002-05-06T00:00:00Z,-9.578038,53.922202,2002,5,6,Newport,262,2002-05-06,18,6344,73.53657122985973
2002-05-07T00:00:00Z,-9.578038,53.922202,2002,5,7,Newport,369,2002-05-07,19,6713,77.81384026892314
2002-05-08T00:00:00Z,-9.578038,53.922202,2002,5,8,Newport,98,2002-05-08,19,6811,78.94980874000231
2002-05-09T00:00:00Z,-9.578038,53.922202,2002,5,9,Newport,63,2002-05-09,19,6874,79.68007418569607
2002-05-10T00:00:00Z,-9.578038,53.922202,2002,5,10,Newport,64,2002-05-10,19,6938,80.42193114640084
2002-05-11T00:00:00Z,-9.578038,53.922202,2002,5,11,Newport,105,2002-05-11,19,7043,81.63904022255709
2002-05-12T00:00:00Z,-9.578038,53.922202,2002,5,12,Newport,164,2002-05-12,19,7207,83.54004868436304
2002-05-13T00:00:00Z,-9.578038,53.922202,2002,5,13,Newport,6,2002-05-13,19,7213,83.60959777442912
2002-05-14T00:00:00Z,-9.578038,53.922202,2002,5,14,Newport,7,2002-05-14,20,7220,83.6907383795062
2002-05-15T00:00:00Z,-9.578038,53.922202,2002,5,15,Newport,249,2002-05-15,20,7469,86.57702561724817
2002-05-16T00:00:00Z,-9.578038,53.922202,2002,5,16,Newport,26,2002-05-16,20,7495,86.87840500753448
2002-05-17T00:00:00Z,-9.578038,53.922202,2002,5,17,Newport,89,2002-05-17,20,7584,87.91004984351454
2002-05-18T00:00:00Z,-9.578038,53.922202,2002,5,18,Newport,29,2002-05-18,20,7613,88.2462037788339
2002-05-19T00:00:00Z,-9.578038,53.922202,2002,5,19,Newport,137,2002-05-19,20,7750,89.83424133534253
2002-05-20T00:00:00Z,-9.578038,53.922202,2002,5,20,Newport,157,2002-05-20,20,7907,91.6541091920714
2002-05-21T00:00:00Z,-9.578038,53.922202,2002,5,21,Newport,174,2002-05-21,21,8081,93.67103280398749
2002-05-22T00:00:00Z,-9.578038,53.922202,2002,5,22,Newport,18,2002-05-22,21,8099,93.8796800741857
2002-05-23T00:00:00Z,-9.578038,53.922202,2002,5,23,Newport,74,2002-05-23,21,8173,94.73745218500058
2002-05-24T00:00:00Z,-9.578038,53.922202,2002,5,24,Newport,77,2002-05-24,21,8250,95.6299988408485
2002-05-25T00:00:00Z,-9.578038,53.922202,2002,5,25,Newport,28,2002-05-25,21,8278,95.95456126115684
2002-05-26T00:00:00Z,-9.578038,53.922202,2002,5,26,Newport,24,2002-05-26,21,8302,96.23275762142111
2002-05-27T00:00:00Z,-9.578038,53.922202,2002,5,27,Newport,121,2002-05-27,21,8423,97.63533093775357
2002-05-28T00:00:00Z,-9.578038,53.922202,2002,5,28,Newport,32,2002-05-28,22,8455,98.00625941810594
2002-05-29T00:00:00Z,-9.578038,53.922202,2002,5,29,Newport,37,2002-05-29,22,8492,98.43514547351339
2002-05-30T00:00:00Z,-9.578038,53.922202,2002,5,30,Newport,11,2002-05-30,22,8503,98.56265213863452
2002-05-31T00:00:00Z,-9.578038,53.922202,2002,5,31,Newport,15,2002-05-31,22,8518,98.7365248637997
2002-06-01T00:00:00Z,-9.578038,53.922202,2002,6,1,Newport,13,2002-06-01,22,8531,98.88721455894284
2002-06-02T00:00:00Z,-9.578038,53.922202,2002,6,2,Newport,7,2002-06-02,22,8538,98.96835516401994
2002-06-03T00:00:00Z,-9.578038,53.922202,2002,6,3,Newport,18,2002-06-03,22,8556,99.17700243421815
2002-06-04T00:00:00Z,-9.578038,53.922202,2002,6,4,Newport,12,2002-06-04,23,8568,99.3161006143503
2002-06-05T00:00:00Z,-9.578038,53.922202,2002,6,5,Newport,15,2002-06-05,23,8583,99.48997333951547
2002-06-06T00:00:00Z,-9.578038,53.922202,2002,6,6,Newport,7,2002-06-06,23,8590,99.57111394459255
2002-06-07T00:00:00Z,-9.578038,53.922202,2002,6,7,Newport,8,2002-06-07,23,8598,99.663846064680655
2002-06-09T00:00:00Z,-9.578038,53.922202,2002,6,9,Newport,5,2002-06-09,23,8603,99.72180363973571
2002-06-10T00:00:00Z,-9.578038,53.922202,2002,6,10,Newport,1,2002-06-10,23,8604,99.73339515474673
2002-06-11T00:00:00Z,-9.578038,53.922202,2002,6,11,Newport,2,2002-06-11,24,8606,99.75657818476876
2002-06-12T00:00:00Z,-9.578038,53.922202,2002,6,12,Newport,3,2002-06-12,24,8609,99.79135272980179
2002-06-13T00:00:00Z,-9.578038,53.922202,2002,6,13,Newport,2,2002-06-13,24,8611,99.81453575982381
2002-06-14T00:00:00Z,-9.578038,53.922202,2002,6,14,Newport,1,2002-06-14,24,8612,99.82612727483482
2002-06-15T00:00:00Z,-9.578038,53.922202,2002,6,15,Newport,4,2002-06-15,24,8616,99.87249333487887
2002-06-16T00:00:00Z,-9.578038,53.922202,2002,6,16,Newport,3,2002-06-16,24,8619,99.90726787991191
2002-06-26T00:00:00Z,-9.578038,53.922202,2002,6,26,Newport,1,2002-06-26,26,8620,99.91885939492292
2002-06-28T00:00:00Z,-9.578038,53.922202,2002,6,28,Newport,1,2002-06-28,26,8621,99.93045090993394
2002-07-06T00:00:00Z,-9.578038,53.922202,2002,7,6,Newport,3,2002-07-06,27,8624,99.96522545496697
2002-07-07T00:00:00Z,-9.578038,53.922202,2002,7,7,Newport,1,2002-07-07,27,8625,99.97681696997797
2002-07-23T00:00:00Z,-9.578038,53.922202,2002,7,23,Newport,1,2002-07-23,30,8626,99.988408484989
2002-08-14T00:00:00Z,-9.578038,53.922202,2002,8,14,Newport,1,2002-08-14,33,8627,100
2003-03-20T00:00:00Z,-9.578038,53.922202,2003,3,20,Newport,1,2003-03-20,12,1,0.01379690949227373
2003-04-02T00:00:00Z,-9.578038,53.922202,2003,4,2,Newport,2,2003-04-02,14,3,0.041390728476821195
2003-04-03T00:00:00Z,-9.578038,53.922202,2003,4,3,Newport,2,2003-04-03,14,5,0.06898454746136866
2003-04-05T00:00:00Z,-9.578038,53.922202,2003,4,5,Newport,2,2003-04-05,14,7,0.09657836644591612
2003-04-07T00:00:00Z,-9.578038,53.922202,2003,4,7,Newport,2,2003-04-07,14,9,0.12417218543046359
2003-04-08T00:00:00Z,-9.578038,53.922202,2003,4,8,Newport,1,2003-04-08,14,10,0.13796909492273732
2003-04-09T00:00:00Z,-9.578038,53.922202,2003,4,9,Newport,1,2003-04-09,15,11,0.15176600441501104
2003-04-10T00:00:00Z,-9.578038,53.922202,2003,4,10,Newport,3,2003-04-10,15,14,0.19315673289183224
2003-04-12T00:00:00Z,-9.578038,53.922202,2003,4,12,Newport,6,2003-04-12,15,20,0.27593818984547464
2003-04-13T00:00:00Z,-9.578038,53.922202,2003,4,13,Newport,3,2003-04-13,15,23,0.3173289183222958
2003-04-15T00:00:00Z,-9.578038,53.922202,2003,4,15,Newport,9,2003-04-15,15,32,0.44150110375275936
2003-04-16T00:00:00Z,-9.578038,53.922202,2003,4,16,Newport,56,2003-04-16,16,88,1.2141280353200883
2003-04-17T00:00:00Z,-9.578038,53.922202,2003,4,17,Newport,399,2003-04-17,16,487,6.719094922737306
2003-04-18T00:00:00Z,-9.578038,53.922202,2003,4,18,Newport,105,2003-04-18,16,592,8.167770419426049
2003-04-19T00:00:00Z,-9.578038,53.922202,2003,4,19,Newport,80,2003-04-19,16,672,9.271523178807946
2003-04-20T00:00:00Z,-9.578038,53.922202,2003,4,20,Newport,48,2003-04-20,16,720,9.933774834437086
2003-04-21T00:00:00Z,-9.578038,53.922202,2003,4,21,Newport,60,2003-04-21,16,780,10.76158940397351
2003-04-22T00:00:00Z,-9.578038,53.922202,2003,4,22,Newport,12,2003-04-22,16,792,10.927152317880795
2003-04-23T00:00:00Z,-9.578038,53.922202,2003,4,23,Newport,18,2003-04-23,17,810,11.175496688741722
2003-04-24T00:00:00Z,-9.578038,53.922202,2003,4,24,Newport,4,2003-04-24,17,814,11.230684326710817
2003-04-26T00:00:00Z,-9.578038,53.922202,2003,4,26,Newport,113,2003-04-26,17,927,12.789735099337749
2003-04-27T00:00:00Z,-9.578038,53.922202,2003,4,27,Newport,260,2003-04-27,17,1187,16.376931567328917
2003-04-28T00:00:00Z,-9.578038,53.922202,2003,4,28,Newport,332,2003-04-28,17,1519,20.957505518763796
2003-04-29T00:00:00Z,-9.578038,53.922202,2003,4,29,Newport,737,2003-04-29,17,2256,31.125827814569533
2003-04-30T00:00:00Z,-9.578038,53.922202,2003,4,30,Newport,286,2003-04-30,18,2542,35.07174392935982
2003-05-01T00:00:00Z,-9.578038,53.922202,2003,5,1,Newport,856,2003-05-01,18,3398,46.881898454746135
2003-05-02T00:00:00Z,-9.578038,53.922202,2003,5,2,Newport,210,2003-05-02,18,3608,49.77924944812362
2003-05-03T00:00:00Z,-9.578038,53.922202,2003,5,3,Newport,38,2003-05-03,18,3646,50.30353200883002
2003-05-04T00:00:00Z,-9.578038,53.922202,2003,5,4,Newport,187,2003-05-04,18,3833,52.88355408388521
2003-05-05T00:00:00Z,-9.578038,53.922202,2003,5,5,Newport,147,2003-05-05,18,3980,54.911699779249446
2003-05-06T00:00:00Z,-9.578038,53.922202,2003,5,6,Newport,365,2003-05-06,18,4345,59.94757174392936
2003-05-07T00:00:00Z,-9.578038,53.922202,2003,5,7,Newport,316,2003-05-07,19,4661,64.30739514348785
2003-05-08T00:00:00Z,-9.578038,53.922202,2003,5,8,Newport,78,2003-05-08,19,4739,65.38355408388522
2003-05-09T00:00:00Z,-9.578038,53.922202,2003,5,9,Newport,477,2003-05-09,19,5216,71.96467991169978
2003-05-10T00:00:00Z,-9.578038,53.922202,2003,5,10,Newport,333,2003-05-10,19,5549,76.55905077262693
2003-05-11T00:00:00Z,-9.578038,53.922202,2003,5,11,Newport,179,2003-05-11,19,5728,79.02869757174393
2003-05-12T00:00:00Z,-9.578038,53.922202,2003,5,12,Newport,252,2003-05-12,19,5980,82.50551876379691
2003-05-13T00:00:00Z,-9.578038,53.922202,2003,5,13,Newport,243,2003-05-13,19,6223,85.85816777041943
2003-05-14T00:00:00Z,-9.578038,53.922202,2003,5,14,Newport,347,2003-05-14,20,6570,90.6456953642384
2003-05-15T00:00:00Z,-9.578038,53.922202,2003,5,15,Newport,113,2003-05-15,20,6683,92.20474613686534
2003-05-16T00:00:00Z,-9.578038,53.922202,2003,5,16,Newport,55,2003-05-16,20,6738,92.9635761589404
2003-05-17T00:00:00Z,-9.578038,53.922202,2003,5,17,Newport,242,2003-05-17,20,6980,96.30242825607064
2003-05-18T00:00:00Z,-9.578038,53.922202,2003,5,18,Newport,58,2003-05-18,20,7038,97.10264900662253
2003-05-19T00:00:00Z,-9.578038,53.922202,2003,5,19,Newport,13,2003-05-19,20,7051,97.28200883002206
2003-05-20T00:00:00Z,-9.578038,53.922202,2003,5,20,Newport,26,2003-05-20,20,7077,97.6407284768212
2003-05-21T00:00:00Z,-9.578038,53.922202,2003,5,21,Newport,26,2003-05-21,21,7103,97.99944812362031
2003-05-22T00:00:00Z,-9.578038,53.922202,2003,5,22,Newport,16,2003-05-22,21,7119,98.22019867549669
2003-05-23T00:00:00Z,-9.578038,53.922202,2003,5,23,Newport,8,2003-05-23,21,7127,98.33057395143487
2003-05-24T00:00:00Z,-9.578038,53.922202,2003,5,24,Newport,16,2003-05-24,21,7143,98.55132450331125
2003-05-25T00:00:00Z,-9.578038,53.922202,2003,5,25,Newport,9,2003-05-25,21,7152,98.67549668874173
2003-05-26T00:00:00Z,-9.578038,53.922202,2003,5,26,Newport,18,2003-05-26,21,7170,98.92384105960265
2003-05-27T00:00:00Z,-9.578038,53.922202,2003,5,27,Newport,9,2003-05-27,21,7179,99.04801324503312
2003-05-28T00:00:00Z,-9.578038,53.922202,2003,5,28,Newport,15,2003-05-28,22,7194,99.25496688741721
2003-05-29T00:00:00Z,-9.578038,53.922202,2003,5,29,Newport,9,2003-05-29,22,7203,99.37913907284768
2003-05-30T00:00:00Z,-9.578038,53.922202,2003,5,30,Newport,6,2003-05-30,22,7209,99.46192052980133
2003-05-31T00:00:00Z,-9.578038,53.922202,2003,5,31,Newport,7,2003-05-31,22,7216,99.55849889624724
2003-06-01T00:00:00Z,-9.578038,53.922202,2003,6,1,Newport,2,2003-06-01,22,7218,99.58609271523179
2003-06-03T00:00:00Z,-9.578038,53.922202,2003,6,3,Newport,3,2003-06-03,22,7221,99.62748344370861
2003-06-04T00:00:00Z,-9.578038,53.922202,2003,6,4,Newport,1,2003-06-04,23,7222,99.64128035320088
2003-06-05T00:00:00Z,-9.578038,53.922202,2003,6,5,Newport,3,2003-06-05,23,7225,99.68267108167771
2003-06-07T00:00:00Z,-9.578038,53.922202,2003,6,7,Newport,2,2003-06-07,23,7227,99.71026490066225
2003-06-08T00:00:00Z,-9.578038,53.922202,2003,6,8,Newport,3,2003-06-08,23,7230,99.75165562913907
2003-06-09T00:00:00Z,-9.578038,53.922202,2003,6,9,Newport,3,2003-06-09,23,7233,99.79304635761589
2003-06-10T00:00:00Z,-9.578038,53.922202,2003,6,10,Newport,1,2003-06-10,23,7234,99.80684326710816
2003-06-11T00:00:00Z,-9.578038,53.922202,2003,6,11,Newport,8,2003-06-11,24,7242,99.91721854304636
2003-06-13T00:00:00Z,-9.578038,53.922202,2003,6,13,Newport,2,2003-06-13,24,7244,99.94481236203092
2003-06-30T00:00:00Z,-9.578038,53.922202,2003,6,30,Newport,1,2003-06-30,26,7245,99.95860927152319
2003-07-12T00:00:00Z,-9.578038,53.922202,2003,7,12,Newport,1,2003-07-12,28,7246,99.97240618101544
2003-08-06T00:00:00Z,-9.578038,53.922202,2003,8,6,Newport,1,2003-08-06,32,7247,99.98620309050773
2003-08-07T00:00:00Z,-9.578038,53.922202,2003,8,7,Newport,1,2003-08-07,32,7248,100
2004-04-04T00:00:00Z,-9.578038,53.922202,2004,4,4,Newport,1,2004-04-04,14,1,0.010734220695577501
2004-04-08T00:00:00Z,-9.578038,53.922202,2004,4,8,Newport,2,2004-04-08,15,3,0.0322026620867325
2004-04-09T00:00:00Z,-9.578038,53.922202,2004,4,9,Newport,1,2004-04-09,15,4,0.042936882782310004
2004-04-10T00:00:00Z,-9.578038,53.922202,2004,4,10,Newport,2,2004-04-10,15,6,0.064405324173465
2004-04-11T00:00:00Z,-9.578038,53.922202,2004,4,11,Newport,5,2004-04-11,15,11,0.11807642765135251
2004-04-12T00:00:00Z,-9.578038,53.922202,2004,4,12,Newport,4,2004-04-12,15,15,0.16101331043366252
2004-04-13T00:00:00Z,-9.578038,53.922202,2004,4,13,Newport,4,2004-04-13,15,19,0.20395019321597252
2004-04-14T00:00:00Z,-9.578038,53.922202,2004,4,14,Newport,13,2004-04-14,15,32,0.34349506225848003
2004-04-15T00:00:00Z,-9.578038,53.922202,2004,4,15,Newport,17,2004-04-15,16,49,0.5259768140832976
2004-04-16T00:00:00Z,-9.578038,53.922202,2004,4,16,Newport,46,2004-04-16,16,95,1.0197509660798627
2004-04-17T00:00:00Z,-9.578038,53.922202,2004,4,17,Newport,36,2004-04-17,16,131,1.4061829111206525
2004-04-18T00:00:00Z,-9.578038,53.922202,2004,4,18,Newport,46,2004-04-18,16,177,1.8999570631172178
2004-04-19T00:00:00Z,-9.578038,53.922202,2004,4,19,Newport,63,2004-04-19,16,240,2.5762129669386002
2004-04-20T00:00:00Z,-9.578038,53.922202,2004,4,20,Newport,45,2004-04-20,16,285,3.059252898239588
2004-04-21T00:00:00Z,-9.578038,53.922202,2004,4,21,Newport,53,2004-04-21,16,338,3.6281665951051956
2004-04-22T00:00:00Z,-9.578038,53.922202,2004,4,22,Newport,70,2004-04-22,17,408,4.37956204379562
2004-04-23T00:00:00Z,-9.578038,53.922202,2004,4,23,Newport,186,2004-04-23,17,594,6.376127093173036
2004-04-24T00:00:00Z,-9.578038,53.922202,2004,4,24,Newport,232,2004-04-24,17,826,8.866466294547017
2004-04-25T00:00:00Z,-9.578038,53.922202,2004,4,25,Newport,97,2004-04-25,17,923,9.907685702018034
2004-04-26T00:00:00Z,-9.578038,53.922202,2004,4,26,Newport,947,2004-04-26,17,1870,20.072992700729927
2004-04-27T00:00:00Z,-9.578038,53.922202,2004,4,27,Newport,364,2004-04-27,17,2234,23.98024903392014
2004-04-28T00:00:00Z,-9.578038,53.922202,2004,4,28,Newport,281,2004-04-28,17,2515,26.996565049377413
2004-04-29T00:00:00Z,-9.578038,53.922202,2004,4,29,Newport,45,2004-04-29,18,2560,27.479604980678403
2004-04-30T00:00:00Z,-9.578038,53.922202,2004,4,30,Newport,42,2004-04-30,18,2602,27.930442249892657
2004-05-01T00:00:00Z,-9.578038,53.922202,2004,5,1,Newport,11,2004-05-01,18,2613,28.04851867754401
2004-05-02T00:00:00Z,-9.578038,53.922202,2004,5,2,Newport,47,2004-05-02,18,2660,28.553027050236153
2004-05-03T00:00:00Z,-9.578038,53.922202,2004,5,3,Newport,32,2004-05-03,18,2692,28.896522112494633
2004-05-04T00:00:00Z,-9.578038,53.922202,2004,5,4,Newport,81,2004-05-04,18,2773,29.76599398883641
2004-05-05T00:00:00Z,-9.578038,53.922202,2004,5,5,Newport,163,2004-05-05,18,2936,31.515671962215542
2004-05-06T00:00:00Z,-9.578038,53.922202,2004,5,6,Newport,344,2004-05-06,19,3280,35.208243881494205
2004-05-07T00:00:00Z,-9.578038,53.922202,2004,5,7,Newport,2786,2004-05-07,19,6066,65.11378273937312
2004-05-08T00:00:00Z,-9.578038,53.922202,2004,5,8,Newport,1535,2004-05-08,19,7601,81.59081150708458
2004-05-09T00:00:00Z,-9.578038,53.922202,2004,5,9,Newport,392,2004-05-09,19,7993,85.79862601975097
2004-05-10T00:00:00Z,-9.578038,53.922202,2004,5,10,Newport,278,2004-05-10,19,8271,88.78273937312152
2004-05-11T00:00:00Z,-9.578038,53.922202,2004,5,11,Newport,129,2004-05-11,19,8400,90.167453842851
2004-05-12T00:00:00Z,-9.578038,53.922202,2004,5,12,Newport,84,2004-05-12,19,8484,91.06912838127951
2004-05-13T00:00:00Z,-9.578038,53.922202,2004,5,13,Newport,61,2004-05-13,20,8545,91.72391584370975
2004-05-14T00:00:00Z,-9.578038,53.922202,2004,5,14,Newport,81,2004-05-14,20,8626,92.59338772005152
2004-05-15T00:00:00Z,-9.578038,53.922202,2004,5,15,Newport,177,2004-05-15,20,8803,94.49334478316874
2004-05-16T00:00:00Z,-9.578038,53.922202,2004,5,16,Newport,72,2004-05-16,20,8875,95.26620867325032
2004-05-17T00:00:00Z,-9.578038,53.922202,2004,5,17,Newport,10,2004-05-17,20,8885,95.3735508802061
2004-05-18T00:00:00Z,-9.578038,53.922202,2004,5,18,Newport,57,2004-05-18,20,8942,95.98540145985402
2004-05-19T00:00:00Z,-9.578038,53.922202,2004,5,19,Newport,67,2004-05-19,20,9009,96.7045942464577
2004-05-20T00:00:00Z,-9.578038,53.922202,2004,5,20,Newport,67,2004-05-20,21,9076,97.4237870330614
2004-05-21T00:00:00Z,-9.578038,53.922202,2004,5,21,Newport,15,2004-05-21,21,9091,97.58480034349506
2004-05-22T00:00:00Z,-9.578038,53.922202,2004,5,22,Newport,7,2004-05-22,21,9098,97.65993988836411
2004-05-23T00:00:00Z,-9.578038,53.922202,2004,5,23,Newport,9,2004-05-23,21,9107,97.7565478746243
2004-05-24T00:00:00Z,-9.578038,53.922202,2004,5,24,Newport,4,2004-05-24,21,9111,97.7994847574066
2004-05-25T00:00:00Z,-9.578038,53.922202,2004,5,25,Newport,1,2004-05-25,21,9112,97.8102189781022
2004-05-27T00:00:00Z,-9.578038,53.922202,2004,5,27,Newport,2,2004-05-27,22,9114,97.83168741949333
2004-05-30T00:00:00Z,-9.578038,53.922202,2004,5,30,Newport,1,2004-05-30,22,9115,97.84242164018893
2004-06-02T00:00:00Z,-9.578038,53.922202,2004,6,2,Newport,1,2004-06-02,22,9116,97.8531558608845
2004-06-04T00:00:00Z,-9.578038,53.922202,2004,6,4,Newport,1,2004-06-04,23,9117,97.86389008158008
2004-06-05T00:00:00Z,-9.578038,53.922202,2004,6,5,Newport,3,2004-06-05,23,9120,97.89609274366681
2004-06-06T00:00:00Z,-9.578038,53.922202,2004,6,6,Newport,5,2004-06-06,23,9125,97.9497638471447
2004-06-07T00:00:00Z,-9.578038,53.922202,2004,6,7,Newport,2,2004-06-07,23,9127,97.97123228853584
2004-06-08T00:00:00Z,-9.578038,53.922202,2004,6,8,Newport,1,2004-06-08,23,9128,97.98196650923143
2004-06-09T00:00:00Z,-9.578038,53.922202,2004,6,9,Newport,2,2004-06-09,23,9130,98.00343495062258
2004-06-10T00:00:00Z,-9.578038,53.922202,2004,6,10,Newport,1,2004-06-10,24,9131,98.01416917131817
2004-06-11T00:00:00Z,-9.578038,53.922202,2004,6,11,Newport,2,2004-06-11,24,9133,98.03563761270931
2004-06-14T00:00:00Z,-9.578038,53.922202,2004,6,14,Newport,5,2004-06-14,24,9138,98.0893087161872
2004-06-15T00:00:00Z,-9.578038,53.922202,2004,6,15,Newport,1,2004-06-15,24,9139,98.10004293688279
2004-06-18T00:00:00Z,-9.578038,53.922202,2004,6,18,Newport,4,2004-06-18,25,9143,98.14297981966509
2004-06-19T00:00:00Z,-9.578038,53.922202,2004,6,19,Newport,3,2004-06-19,25,9146,98.17518248175182
2004-06-20T00:00:00Z,-9.578038,53.922202,2004,6,20,Newport,2,2004-06-20,25,9148,98.19665092314298
2004-06-21T00:00:00Z,-9.578038,53.922202,2004,6,21,Newport,1,2004-06-21,25,9149,98.20738514383855
2004-06-22T00:00:00Z,-9.578038,53.922202,2004,6,22,Newport,1,2004-06-22,25,9150,98.21811936453415
2004-06-23T00:00:00Z,-9.578038,53.922202,2004,6,23,Newport,37,2004-06-23,25,9187,98.6152855302705
2004-06-24T00:00:00Z,-9.578038,53.922202,2004,6,24,Newport,79,2004-06-24,26,9266,99.46328896522112
2004-06-25T00:00:00Z,-9.578038,53.922202,2004,6,25,Newport,12,2004-06-25,26,9278,99.59209961356805
2004-06-26T00:00:00Z,-9.578038,53.922202,2004,6,26,Newport,13,2004-06-26,26,9291,99.73164448261056
2004-06-27T00:00:00Z,-9.578038,53.922202,2004,6,27,Newport,1,2004-06-27,26,9292,99.74237870330614
2004-06-28T00:00:00Z,-9.578038,53.922202,2004,6,28,Newport,3,2004-06-28,26,9295,99.77458136539286
2004-06-29T00:00:00Z,-9.578038,53.922202,2004,6,29,Newport,3,2004-06-29,26,9298,99.8067840274796
2004-06-30T00:00:00Z,-9.578038,53.922202,2004,6,30,Newport,1,2004-06-30,26,9299,99.81751824817519
2004-07-01T00:00:00Z,-9.578038,53.922202,2004,7,1,Newport,1,2004-07-01,27,9300,99.82825246887076
2004-07-03T00:00:00Z,-9.578038,53.922202,2004,7,3,Newport,1,2004-07-03,27,9301,99.83898668956634
2004-07-04T00:00:00Z,-9.578038,53.922202,2004,7,4,Newport,3,2004-07-04,27,9304,99.87118935165307
2004-07-05T00:00:00Z,-9.578038,53.922202,2004,7,5,Newport,3,2004-07-05,27,9307,99.9033920137398
2004-07-07T00:00:00Z,-9.578038,53.922202,2004,7,7,Newport,3,2004-07-07,27,9310,99.93559467582654
2004-07-08T00:00:00Z,-9.578038,53.922202,2004,7,8,Newport,1,2004-07-08,28,9311,99.9463288965221
2004-07-18T00:00:00Z,-9.578038,53.922202,2004,7,18,Newport,1,2004-07-18,29,9312,99.95706311721769
2004-07-22T00:00:00Z,-9.578038,53.922202,2004,7,22,Newport,1,2004-07-22,30,9313,99.96779733791327
2004-07-28T00:00:00Z,-9.578038,53.922202,2004,7,28,Newport,1,2004-07-28,30,9314,99.97853155860884
2004-08-31T00:00:00Z,-9.578038,53.922202,2004,8,31,Newport,2,2004-08-31,35,9316,100
2005-04-01T00:00:00Z,-9.578038,53.922202,2005,4,1,Newport,3,2005-04-01,13,3,0.041316623054675664
2005-04-02T00:00:00Z,-9.578038,53.922202,2005,4,2,Newport,6,2005-04-02,14,9,0.12394986916402699
2005-04-03T00:00:00Z,-9.578038,53.922202,2005,4,3,Newport,5,2005-04-03,14,14,0.19281090758848643
2005-04-04T00:00:00Z,-9.578038,53.922202,2005,4,4,Newport,11,2005-04-04,14,25,0.3443051921222972
2005-04-05T00:00:00Z,-9.578038,53.922202,2005,4,5,Newport,17,2005-04-05,14,42,0.5784327227654593
2005-04-06T00:00:00Z,-9.578038,53.922202,2005,4,6,Newport,7,2005-04-06,14,49,0.6748381765597026
2005-04-07T00:00:00Z,-9.578038,53.922202,2005,4,7,Newport,17,2005-04-07,14,66,0.9089657072028646
2005-04-08T00:00:00Z,-9.578038,53.922202,2005,4,8,Newport,34,2005-04-08,14,100,1.3772207684891888
2005-04-09T00:00:00Z,-9.578038,53.922202,2005,4,9,Newport,38,2005-04-09,15,138,1.9005646605150806
2005-04-10T00:00:00Z,-9.578038,53.922202,2005,4,10,Newport,26,2005-04-10,15,164,2.25864206032227
2005-04-11T00:00:00Z,-9.578038,53.922202,2005,4,11,Newport,16,2005-04-11,15,180,2.47899738328054
2005-04-12T00:00:00Z,-9.578038,53.922202,2005,4,12,Newport,29,2005-04-12,15,209,2.8783914061424047
2005-04-13T00:00:00Z,-9.578038,53.922202,2005,4,13,Newport,26,2005-04-13,15,235,3.2364688059495936
2005-04-14T00:00:00Z,-9.578038,53.922202,2005,4,14,Newport,47,2005-04-14,15,282,3.8837625671395126
2005-04-15T00:00:00Z,-9.578038,53.922202,2005,4,15,Newport,74,2005-04-15,15,356,4.902905935821512
2005-04-16T00:00:00Z,-9.578038,53.922202,2005,4,16,Newport,140,2005-04-16,16,496,6.831015011706376
2005-04-17T00:00:00Z,-9.578038,53.922202,2005,4,17,Newport,64,2005-04-17,16,560,7.712436303539458
2005-04-18T00:00:00Z,-9.578038,53.922202,2005,4,18,Newport,78,2005-04-18,16,638,8.786668502961025
2005-04-19T00:00:00Z,-9.578038,53.922202,2005,4,19,Newport,95,2005-04-19,16,733,10.095028233025754
2005-04-20T00:00:00Z,-9.578038,53.922202,2005,4,20,Newport,312,2005-04-20,16,1045,14.391957030712025
2005-04-21T00:00:00Z,-9.578038,53.922202,2005,4,21,Newport,295,2005-04-21,16,1340,18.45475829775513
2005-04-22T00:00:00Z,-9.578038,53.922202,2005,4,22,Newport,83,2005-04-22,16,1423,19.59785153560116
2005-04-23T00:00:00Z,-9.578038,53.922202,2005,4,23,Newport,539,2005-04-23,17,1962,27.021071477757886
2005-04-24T00:00:00Z,-9.578038,53.922202,2005,4,24,Newport,80,2005-04-24,17,2042,28.122848092549233
2005-04-25T00:00:00Z,-9.578038,53.922202,2005,4,25,Newport,80,2005-04-25,17,2122,29.224624707340585
2005-04-26T00:00:00Z,-9.578038,53.922202,2005,4,26,Newport,365,2005-04-26,17,2487,34.251480512326125
2005-04-27T00:00:00Z,-9.578038,53.922202,2005,4,27,Newport,7,2005-04-27,17,2494,34.347885966120366
2005-04-28T00:00:00Z,-9.578038,53.922202,2005,4,28,Newport,305,2005-04-28,17,2799,38.548409310012396
2005-04-29T00:00:00Z,-9.578038,53.922202,2005,4,29,Newport,102,2005-04-29,17,2901,39.953174493871366
2005-04-30T00:00:00Z,-9.578038,53.922202,2005,4,30,Newport,389,2005-04-30,18,3290,45.310563283294314
2005-05-01T00:00:00Z,-9.578038,53.922202,2005,5,1,Newport,470,2005-05-01,18,3760,51.7835008951935
2005-05-02T00:00:00Z,-9.578038,53.922202,2005,5,2,Newport,283,2005-05-02,18,4043,55.681035670017906
2005-05-03T00:00:00Z,-9.578038,53.922202,2005,5,3,Newport,288,2005-05-03,18,4331,59.647431483266764
2005-05-04T00:00:00Z,-9.578038,53.922202,2005,5,4,Newport,383,2005-05-04,18,4714,64.92218702658036
2005-05-05T00:00:00Z,-9.578038,53.922202,2005,5,5,Newport,471,2005-05-05,18,5185,71.40889684616444
2005-05-06T00:00:00Z,-9.578038,53.922202,2005,5,6,Newport,361,2005-05-06,18,5546,76.3806638204104
2005-05-07T00:00:00Z,-9.578038,53.922202,2005,5,7,Newport,308,2005-05-07,19,5854,80.62250378735712
2005-05-08T00:00:00Z,-9.578038,53.922202,2005,5,8,Newport,336,2005-05-08,19,6190,85.24996556948079
2005-05-09T00:00:00Z,-9.578038,53.922202,2005,5,9,Newport,257,2005-05-09,19,6447,88.789422944498
2005-05-10T00:00:00Z,-9.578038,53.922202,2005,5,10,Newport,297,2005-05-10,19,6744,92.8797686269109
2005-05-11T00:00:00Z,-9.578038,53.922202,2005,5,11,Newport,60,2005-05-11,19,6804,93.70610108800442
2005-05-12T00:00:00Z,-9.578038,53.922202,2005,5,12,Newport,103,2005-05-12,19,6907,95.12463847954827
2005-05-13T00:00:00Z,-9.578038,53.922202,2005,5,13,Newport,26,2005-05-13,19,6933,95.48271587935547
2005-05-14T00:00:00Z,-9.578038,53.922202,2005,5,14,Newport,69,2005-05-14,20,7002,96.432998209613
2005-05-15T00:00:00Z,-9.578038,53.922202,2005,5,15,Newport,18,2005-05-15,20,7020,96.68089794794106
2005-05-16T00:00:00Z,-9.578038,53.922202,2005,5,16,Newport,11,2005-05-16,20,7031,96.83239223247486
2005-05-17T00:00:00Z,-9.578038,53.922202,2005,5,17,Newport,9,2005-05-17,20,7040,96.9563421016389
2005-05-18T00:00:00Z,-9.578038,53.922202,2005,5,18,Newport,8,2005-05-18,20,7048,97.06651976311804
2005-05-19T00:00:00Z,-9.578038,53.922202,2005,5,19,Newport,6,2005-05-19,20,7054,97.14915300922738
2005-05-20T00:00:00Z,-9.578038,53.922202,2005,5,20,Newport,2,2005-05-20,20,7056,97.17669742459717
2005-05-21T00:00:00Z,-9.578038,53.922202,2005,5,21,Newport,1,2005-05-21,21,7057,97.19046963228205
2005-05-23T00:00:00Z,-9.578038,53.922202,2005,5,23,Newport,23,2005-05-23,21,7080,97.50723040903458
2005-05-24T00:00:00Z,-9.578038,53.922202,2005,5,24,Newport,19,2005-05-24,21,7099,97.76890235504752
2005-05-25T00:00:00Z,-9.578038,53.922202,2005,5,25,Newport,39,2005-05-25,21,7138,98.30601845475829
2005-05-26T00:00:00Z,-9.578038,53.922202,2005,5,26,Newport,22,2005-05-26,21,7160,98.60900702382592
2005-05-27T00:00:00Z,-9.578038,53.922202,2005,5,27,Newport,21,2005-05-27,21,7181,98.89822338520865
2005-05-28T00:00:00Z,-9.578038,53.922202,2005,5,28,Newport,16,2005-05-28,22,7197,99.11857870816692
2005-05-29T00:00:00Z,-9.578038,53.922202,2005,5,29,Newport,12,2005-05-29,22,7209,99.28384520038563
2005-05-30T00:00:00Z,-9.578038,53.922202,2005,5,30,Newport,7,2005-05-30,22,7216,99.38025065417987
2005-05-31T00:00:00Z,-9.578038,53.922202,2005,5,31,Newport,24,2005-05-31,22,7240,99.71078363861727
2005-06-01T00:00:00Z,-9.578038,53.922202,2005,6,1,Newport,8,2005-06-01,22,7248,99.8209613000964
2005-06-03T00:00:00Z,-9.578038,53.922202,2005,6,3,Newport,2,2005-06-03,22,7250,99.84850571546619
2005-06-04T00:00:00Z,-9.578038,53.922202,2005,6,4,Newport,2,2005-06-04,23,7252,99.87605013083596
2005-06-06T00:00:00Z,-9.578038,53.922202,2005,6,6,Newport,2,2005-06-06,23,7254,99.90359454620575
2005-06-07T00:00:00Z,-9.578038,53.922202,2005,6,7,Newport,2,2005-06-07,23,7256,99.93113896157554
2005-06-21T00:00:00Z,-9.578038,53.922202,2005,6,21,Newport,1,2005-06-21,25,7257,99.94491116926044
2005-06-23T00:00:00Z,-9.578038,53.922202,2005,6,23,Newport,1,2005-06-23,25,7258,99.95868337694532
2005-06-24T00:00:00Z,-9.578038,53.922202,2005,6,24,Newport,1,2005-06-24,25,7259,99.97245558463021
2005-06-25T00:00:00Z,-9.578038,53.922202,2005,6,25,Newport,1,2005-06-25,26,7260,99.9862277923151
2005-07-05T00:00:00Z,-9.578038,53.922202,2005,7,5,Newport,1,2005-07-05,27,7261,100
2006-04-03T00:00:00Z,-9.578038,53.922202,2006,4,3,Newport,1,2006-04-03,14,1,0.012618296529968456
2006-04-04T00:00:00Z,-9.578038,53.922202,2006,4,4,Newport,2,2006-04-04,14,3,0.03785488958990536
2006-04-05T00:00:00Z,-9.578038,53.922202,2006,4,5,Newport,1,2006-04-05,14,4,0.05047318611987382
2006-04-07T00:00:00Z,-9.578038,53.922202,2006,4,7,Newport,1,2006-04-07,14,5,0.06309148264984228
2006-04-09T00:00:00Z,-9.578038,53.922202,2006,4,9,Newport,1,2006-04-09,15,6,0.07570977917981073
2006-04-12T00:00:00Z,-9.578038,53.922202,2006,4,12,Newport,8,2006-04-12,15,14,0.17665615141955834
2006-04-13T00:00:00Z,-9.578038,53.922202,2006,4,13,Newport,3,2006-04-13,15,17,0.2145110410094637
2006-04-14T00:00:00Z,-9.578038,53.922202,2006,4,14,Newport,5,2006-04-14,15,22,0.277602523659306
2006-04-15T00:00:00Z,-9.578038,53.922202,2006,4,15,Newport,4,2006-04-15,15,26,0.3280757097791798
2006-04-16T00:00:00Z,-9.578038,53.922202,2006,4,16,Newport,4,2006-04-16,16,30,0.3785488958990536
2006-04-17T00:00:00Z,-9.578038,53.922202,2006,4,17,Newport,5,2006-04-17,16,35,0.4416403785488959
2006-04-18T00:00:00Z,-9.578038,53.922202,2006,4,18,Newport,8,2006-04-18,16,43,0.5425867507886435
2006-04-19T00:00:00Z,-9.578038,53.922202,2006,4,19,Newport,13,2006-04-19,16,56,0.7066246056782334
2006-04-20T00:00:00Z,-9.578038,53.922202,2006,4,20,Newport,34,2006-04-20,16,90,1.135646687697161
2006-04-21T00:00:00Z,-9.578038,53.922202,2006,4,21,Newport,63,2006-04-21,16,153,1.9305993690851735
2006-04-22T00:00:00Z,-9.578038,53.922202,2006,4,22,Newport,53,2006-04-22,16,206,2.5993690851735014
2006-04-23T00:00:00Z,-9.578038,53.922202,2006,4,23,Newport,92,2006-04-23,17,298,3.760252365930599
2006-04-24T00:00:00Z,-9.578038,53.922202,2006,4,24,Newport,80,2006-04-24,17,378,4.769716088328075
2006-04-25T00:00:00Z,-9.578038,53.922202,2006,4,25,Newport,41,2006-04-25,17,419,5.287066246056782
2006-04-26T00:00:00Z,-9.578038,53.922202,2006,4,26,Newport,91,2006-04-26,17,510,6.435331230283911
2006-04-27T00:00:00Z,-9.578038,53.922202,2006,4,27,Newport,383,2006-04-27,17,893,11.26813880126183
2006-04-28T00:00:00Z,-9.578038,53.922202,2006,4,28,Newport,180,2006-04-28,17,1073,13.539432176656153
2006-04-29T00:00:00Z,-9.578038,53.922202,2006,4,29,Newport,294,2006-04-29,17,1367,17.249211356466876
2006-04-30T00:00:00Z,-9.578038,53.922202,2006,4,30,Newport,79,2006-04-30,18,1446,18.246056782334385
2006-05-01T00:00:00Z,-9.578038,53.922202,2006,5,1,Newport,155,2006-05-01,18,1601,20.201892744479498
2006-05-02T00:00:00Z,-9.578038,53.922202,2006,5,2,Newport,245,2006-05-02,18,1846,23.293375394321767
2006-05-03T00:00:00Z,-9.578038,53.922202,2006,5,3,Newport,491,2006-05-03,18,2337,29.48895899053628
2006-05-04T00:00:00Z,-9.578038,53.922202,2006,5,4,Newport,270,2006-05-04,18,2607,32.89589905362776
2006-05-05T00:00:00Z,-9.578038,53.922202,2006,5,5,Newport,532,2006-05-05,18,3139,39.60883280757098
2006-05-06T00:00:00Z,-9.578038,53.922202,2006,5,6,Newport,572,2006-05-06,18,3711,46.82649842271293
2006-05-07T00:00:00Z,-9.578038,53.922202,2006,5,7,Newport,658,2006-05-07,19,4369,55.12933753943218
2006-05-08T00:00:00Z,-9.578038,53.922202,2006,5,8,Newport,325,2006-05-08,19,4694,59.23028391167192
2006-05-09T00:00:00Z,-9.578038,53.922202,2006,5,9,Newport,488,2006-05-09,19,5182,65.38801261829653
2006-05-10T00:00:00Z,-9.578038,53.922202,2006,5,10,Newport,811,2006-05-10,19,5993,75.62145110410094
2006-05-11T00:00:00Z,-9.578038,53.922202,2006,5,11,Newport,346,2006-05-11,19,6339,79.98738170347004
2006-05-12T00:00:00Z,-9.578038,53.922202,2006,5,12,Newport,105,2006-05-12,19,6444,81.31230283911673
2006-05-13T00:00:00Z,-9.578038,53.922202,2006,5,13,Newport,63,2006-05-13,19,6507,82.10725552050474
2006-05-14T00:00:00Z,-9.578038,53.922202,2006,5,14,Newport,25,2006-05-14,20,6532,82.42271293375394
2006-05-15T00:00:00Z,-9.578038,53.922202,2006,5,15,Newport,71,2006-05-15,20,6603,83.3186119873817
2006-05-16T00:00:00Z,-9.578038,53.922202,2006,5,16,Newport,423,2006-05-16,20,7026,88.65615141955836
2006-05-17T00:00:00Z,-9.578038,53.922202,2006,5,17,Newport,297,2006-05-17,20,7323,92.40378548895899
2006-05-18T00:00:00Z,-9.578038,53.922202,2006,5,18,Newport,182,2006-05-18,20,7505,94.70031545741325
2006-05-19T00:00:00Z,-9.578038,53.922202,2006,5,19,Newport,78,2006-05-19,20,7583,95.68454258675078
2006-05-20T00:00:00Z,-9.578038,53.922202,2006,5,20,Newport,116,2006-05-20,20,7699,97.14826498422713
2006-05-21T00:00:00Z,-9.578038,53.922202,2006,5,21,Newport,74,2006-05-21,21,7773,98.08201892744479
2006-05-22T00:00:00Z,-9.578038,53.922202,2006,5,22,Newport,42,2006-05-22,21,7815,98.61198738170347
2006-05-23T00:00:00Z,-9.578038,53.922202,2006,5,23,Newport,36,2006-05-23,21,7851,99.06624605678233
2006-05-24T00:00:00Z,-9.578038,53.922202,2006,5,24,Newport,6,2006-05-24,21,7857,99.14195583596215
2006-05-25T00:00:00Z,-9.578038,53.922202,2006,5,25,Newport,18,2006-05-25,21,7875,99.36908517350159
2006-05-26T00:00:00Z,-9.578038,53.922202,2006,5,26,Newport,8,2006-05-26,21,7883,99.47003154574132
2006-05-27T00:00:00Z,-9.578038,53.922202,2006,5,27,Newport,9,2006-05-27,21,7892,99.58359621451103
2006-05-28T00:00:00Z,-9.578038,53.922202,2006,5,28,Newport,6,2006-05-28,22,7898,99.65930599369085
2006-05-29T00:00:00Z,-9.578038,53.922202,2006,5,29,Newport,3,2006-05-29,22,7901,99.69716088328076
2006-05-30T00:00:00Z,-9.578038,53.922202,2006,5,30,Newport,3,2006-05-30,22,7904,99.73501577287067
2006-05-31T00:00:00Z,-9.578038,53.922202,2006,5,31,Newport,1,2006-05-31,22,7905,99.74763406940063
2006-06-01T00:00:00Z,-9.578038,53.922202,2006,6,1,Newport,2,2006-06-01,22,7907,99.77287066246056
2006-06-02T00:00:00Z,-9.578038,53.922202,2006,6,2,Newport,1,2006-06-02,22,7908,99.78548895899053
2006-06-03T00:00:00Z,-9.578038,53.922202,2006,6,3,Newport,1,2006-06-03,22,7909,99.7981072555205
2006-06-04T00:00:00Z,-9.578038,53.922202,2006,6,4,Newport,2,2006-06-04,23,7911,99.82334384858044
2006-06-05T00:00:00Z,-9.578038,53.922202,2006,6,5,Newport,2,2006-06-05,23,7913,99.84858044164038
2006-06-07T00:00:00Z,-9.578038,53.922202,2006,6,7,Newport,1,2006-06-07,23,7914,99.86119873817034
2006-06-08T00:00:00Z,-9.578038,53.922202,2006,6,8,Newport,1,2006-06-08,23,7915,99.87381703470032
2006-06-19T00:00:00Z,-9.578038,53.922202,2006,6,19,Newport,1,2006-06-19,25,7916,99.88643533123029
2006-06-21T00:00:00Z,-9.578038,53.922202,2006,6,21,Newport,1,2006-06-21,25,7917,99.89905362776025
2006-07-09T00:00:00Z,-9.578038,53.922202,2006,7,9,Newport,1,2006-07-09,28,7918,99.91167192429022
2006-07-10T00:00:00Z,-9.578038,53.922202,2006,7,10,Newport,2,2006-07-10,28,7920,99.93690851735015
2006-07-12T00:00:00Z,-9.578038,53.922202,2006,7,12,Newport,1,2006-07-12,28,7921,99.94952681388013
2006-07-14T00:00:00Z,-9.578038,53.922202,2006,7,14,Newport,1,2006-07-14,28,7922,99.96214511041009
2006-07-31T00:00:00Z,-9.578038,53.922202,2006,7,31,Newport,1,2006-07-31,31,7923,99.97476340694006
2006-08-27T00:00:00Z,-9.578038,53.922202,2006,8,27,Newport,2,2006-08-27,35,7925,100
2007-03-22T00:00:00Z,-9.578038,53.922202,2007,3,22,Newport,1,2007-03-22,12,1,0.014958863126402395
2007-03-27T00:00:00Z,-9.578038,53.922202,2007,3,27,Newport,1,2007-03-27,13,2,0.02991772625280479
2007-03-28T00:00:00Z,-9.578038,53.922202,2007,3,28,Newport,1,2007-03-28,13,3,0.04487658937920718
2007-03-29T00:00:00Z,-9.578038,53.922202,2007,3,29,Newport,1,2007-03-29,13,4,0.05983545250560958
2007-04-01T00:00:00Z,-9.578038,53.922202,2007,4,1,Newport,2,2007-04-01,13,6,0.08975317875841436
2007-04-06T00:00:00Z,-9.578038,53.922202,2007,4,6,Newport,1,2007-04-06,14,7,0.10471204188481677
2007-04-07T00:00:00Z,-9.578038,53.922202,2007,4,7,Newport,1,2007-04-07,14,8,0.11967090501121916
2007-04-08T00:00:00Z,-9.578038,53.922202,2007,4,8,Newport,3,2007-04-08,14,11,0.16454749439042632
2007-04-09T00:00:00Z,-9.578038,53.922202,2007,4,9,Newport,2,2007-04-09,15,13,0.19446522064323113
2007-04-11T00:00:00Z,-9.578038,53.922202,2007,4,11,Newport,3,2007-04-11,15,16,0.23934181002243832
2007-04-12T00:00:00Z,-9.578038,53.922202,2007,4,12,Newport,3,2007-04-12,15,19,0.2842183994016455
2007-04-13T00:00:00Z,-9.578038,53.922202,2007,4,13,Newport,1,2007-04-13,15,20,0.2991772625280479
2007-04-14T00:00:00Z,-9.578038,53.922202,2007,4,14,Newport,3,2007-04-14,15,23,0.34405385190725507
2007-04-15T00:00:00Z,-9.578038,53.922202,2007,4,15,Newport,5,2007-04-15,15,28,0.41884816753926707
2007-04-16T00:00:00Z,-9.578038,53.922202,2007,4,16,Newport,6,2007-04-16,16,34,0.5086013462976814
2007-04-17T00:00:00Z,-9.578038,53.922202,2007,4,17,Newport,11,2007-04-17,16,45,0.6731488406881078
2007-04-18T00:00:00Z,-9.578038,53.922202,2007,4,18,Newport,9,2007-04-18,16,54,0.8077786088257292
2007-04-19T00:00:00Z,-9.578038,53.922202,2007,4,19,Newport,6,2007-04-19,16,60,0.8975317875841435
2007-04-20T00:00:00Z,-9.578038,53.922202,2007,4,20,Newport,2,2007-04-20,16,62,0.9274495138369483
2007-04-21T00:00:00Z,-9.578038,53.922202,2007,4,21,Newport,1,2007-04-21,16,63,0.9424083769633508
2007-04-22T00:00:00Z,-9.578038,53.922202,2007,4,22,Newport,131,2007-04-22,16,194,2.9020194465220643
2007-04-23T00:00:00Z,-9.578038,53.922202,2007,4,23,Newport,261,2007-04-23,17,455,6.806282722513089
2007-04-24T00:00:00Z,-9.578038,53.922202,2007,4,24,Newport,376,2007-04-24,17,831,12.430815258040388
2007-04-25T00:00:00Z,-9.578038,53.922202,2007,4,25,Newport,592,2007-04-25,17,1423,21.286462228870604
2007-04-26T00:00:00Z,-9.578038,53.922202,2007,4,26,Newport,548,2007-04-26,17,1971,29.483919222139114
2007-04-27T00:00:00Z,-9.578038,53.922202,2007,4,27,Newport,856,2007-04-27,17,2827,42.288706058339564
2007-04-28T00:00:00Z,-9.578038,53.922202,2007,4,28,Newport,315,2007-04-28,17,3142,47.00074794315632
2007-04-29T00:00:00Z,-9.578038,53.922202,2007,4,29,Newport,78,2007-04-29,17,3220,48.167539267015705
2007-04-30T00:00:00Z,-9.578038,53.922202,2007,4,30,Newport,211,2007-04-30,18,3431,51.32385938668661
2007-05-01T00:00:00Z,-9.578038,53.922202,2007,5,1,Newport,358,2007-05-01,18,3789,56.67913238593867
2007-05-02T00:00:00Z,-9.578038,53.922202,2007,5,2,Newport,605,2007-05-02,18,4394,65.72924457741212
2007-05-03T00:00:00Z,-9.578038,53.922202,2007,5,3,Newport,444,2007-05-03,18,4838,72.37097980553477
2007-05-04T00:00:00Z,-9.578038,53.922202,2007,5,4,Newport,60,2007-05-04,18,4898,73.26851159311893
2007-05-05T00:00:00Z,-9.578038,53.922202,2007,5,5,Newport,18,2007-05-05,18,4916,73.53777112939417
2007-05-06T00:00:00Z,-9.578038,53.922202,2007,5,6,Newport,6,2007-05-06,18,4922,73.62752430815259
2007-05-07T00:00:00Z,-9.578038,53.922202,2007,5,7,Newport,4,2007-05-07,19,4926,73.68735976065818
2007-05-08T00:00:00Z,-9.578038,53.922202,2007,5,8,Newport,83,2007-05-08,19,5009,74.92894540014959
2007-05-09T00:00:00Z,-9.578038,53.922202,2007,5,9,Newport,288,2007-05-09,19,5297,79.23709798055347
2007-05-10T00:00:00Z,-9.578038,53.922202,2007,5,10,Newport,401,2007-05-10,19,5698,85.23560209424083
2007-05-11T00:00:00Z,-9.578038,53.922202,2007,5,11,Newport,411,2007-05-11,19,6109,91.38369483919222
2007-05-12T00:00:00Z,-9.578038,53.922202,2007,5,12,Newport,211,2007-05-12,19,6320,94.54001495886313
2007-05-13T00:00:00Z,-9.578038,53.922202,2007,5,13,Newport,134,2007-05-13,19,6454,96.54450261780104
2007-05-14T00:00:00Z,-9.578038,53.922202,2007,5,14,Newport,23,2007-05-14,20,6477,96.88855646970829
2007-05-15T00:00:00Z,-9.578038,53.922202,2007,5,15,Newport,19,2007-05-15,20,6496,97.17277486910994
2007-05-16T00:00:00Z,-9.578038,53.922202,2007,5,16,Newport,27,2007-05-16,20,6523,97.57666417352281
2007-05-17T00:00:00Z,-9.578038,53.922202,2007,5,17,Newport,22,2007-05-17,20,6545,97.90575916230367
2007-05-18T00:00:00Z,-9.578038,53.922202,2007,5,18,Newport,33,2007-05-18,20,6578,98.39940164547495
2007-05-19T00:00:00Z,-9.578038,53.922202,2007,5,19,Newport,33,2007-05-19,20,6611,98.89304412864622
2007-05-20T00:00:00Z,-9.578038,53.922202,2007,5,20,Newport,14,2007-05-20,20,6625,99.10246821241586
2007-05-21T00:00:00Z,-9.578038,53.922202,2007,5,21,Newport,21,2007-05-21,21,6646,99.4166043380703
2007-05-22T00:00:00Z,-9.578038,53.922202,2007,5,22,Newport,3,2007-05-22,21,6649,99.46148092744951
2007-05-23T00:00:00Z,-9.578038,53.922202,2007,5,23,Newport,3,2007-05-23,21,6652,99.50635751682873
2007-05-24T00:00:00Z,-9.578038,53.922202,2007,5,24,Newport,3,2007-05-24,21,6655,99.55123410620793
2007-05-25T00:00:00Z,-9.578038,53.922202,2007,5,25,Newport,2,2007-05-25,21,6657,99.58115183246073
2007-05-26T00:00:00Z,-9.578038,53.922202,2007,5,26,Newport,1,2007-05-26,21,6658,99.59611069558714
2007-05-27T00:00:00Z,-9.578038,53.922202,2007,5,27,Newport,3,2007-05-27,21,6661,99.64098728496634
2007-05-28T00:00:00Z,-9.578038,53.922202,2007,5,28,Newport,4,2007-05-28,22,6665,99.70082273747195
2007-05-29T00:00:00Z,-9.578038,53.922202,2007,5,29,Newport,4,2007-05-29,22,6669,99.76065818997756
2007-05-30T00:00:00Z,-9.578038,53.922202,2007,5,30,Newport,1,2007-05-30,22,6670,99.77561705310396
2007-05-31T00:00:00Z,-9.578038,53.922202,2007,5,31,Newport,1,2007-05-31,22,6671,99.79057591623037
2007-06-02T00:00:00Z,-9.578038,53.922202,2007,6,2,Newport,2,2007-06-02,22,6673,99.82049364248317
2007-06-04T00:00:00Z,-9.578038,53.922202,2007,6,4,Newport,1,2007-06-04,23,6674,99.83545250560958
2007-06-05T00:00:00Z,-9.578038,53.922202,2007,6,5,Newport,1,2007-06-05,23,6675,99.85041136873598
2007-06-07T00:00:00Z,-9.578038,53.922202,2007,6,7,Newport,2,2007-06-07,23,6677,99.88032909498878
2007-06-08T00:00:00Z,-9.578038,53.922202,2007,6,8,Newport,1,2007-06-08,23,6678,99.89528795811519
2007-06-09T00:00:00Z,-9.578038,53.922202,2007,6,9,Newport,3,2007-06-09,23,6681,99.94016454749439
2007-06-14T00:00:00Z,-9.578038,53.922202,2007,6,14,Newport,1,2007-06-14,24,6682,99.9551234106208
2007-07-06T00:00:00Z,-9.578038,53.922202,2007,7,6,Newport,2,2007-07-06,27,6684,99.9850411368736
2007-08-15T00:00:00Z,-9.578038,53.922202,2007,8,15,Newport,1,2007-08-15,33,6685,100
2008-03-09T00:00:00Z,-9.578038,53.922202,2008,3,9,Newport,2,2008-03-09,10,2,0.02894774931249095
2008-03-29T00:00:00Z,-9.578038,53.922202,2008,3,29,Newport,1,2008-03-29,13,3,0.04342162396873643
2008-04-02T00:00:00Z,-9.578038,53.922202,2008,4,2,Newport,1,2008-04-02,14,4,0.0578954986249819
2008-04-06T00:00:00Z,-9.578038,53.922202,2008,4,6,Newport,1,2008-04-06,14,5,0.07236937328122739
2008-04-08T00:00:00Z,-9.578038,53.922202,2008,4,8,Newport,2,2008-04-08,15,7,0.10131712259371835
2008-04-09T00:00:00Z,-9.578038,53.922202,2008,4,9,Newport,6,2008-04-09,15,13,0.18816037053119122
2008-04-10T00:00:00Z,-9.578038,53.922202,2008,4,10,Newport,6,2008-04-10,15,19,0.27500361846866406
2008-04-11T00:00:00Z,-9.578038,53.922202,2008,4,11,Newport,9,2008-04-11,15,28,0.4052684903748734
2008-04-12T00:00:00Z,-9.578038,53.922202,2008,4,12,Newport,10,2008-04-12,15,38,0.5500072369373281
2008-04-13T00:00:00Z,-9.578038,53.922202,2008,4,13,Newport,18,2008-04-13,15,56,0.8105369807497468
2008-04-14T00:00:00Z,-9.578038,53.922202,2008,4,14,Newport,8,2008-04-14,15,64,0.9263279779997105
2008-04-15T00:00:00Z,-9.578038,53.922202,2008,4,15,Newport,12,2008-04-15,16,76,1.1000144738746562
2008-04-16T00:00:00Z,-9.578038,53.922202,2008,4,16,Newport,12,2008-04-16,16,88,1.273700969749602
2008-04-17T00:00:00Z,-9.578038,53.922202,2008,4,17,Newport,18,2008-04-17,16,106,1.5342307135620206
2008-04-18T00:00:00Z,-9.578038,53.922202,2008,4,18,Newport,8,2008-04-18,16,114,1.6500217108119843
2008-04-19T00:00:00Z,-9.578038,53.922202,2008,4,19,Newport,12,2008-04-19,16,126,1.82370820668693
2008-04-20T00:00:00Z,-9.578038,53.922202,2008,4,20,Newport,19,2008-04-20,16,145,2.0987118251555943
2008-04-21T00:00:00Z,-9.578038,53.922202,2008,4,21,Newport,20,2008-04-21,16,165,2.388189318280504
2008-04-22T00:00:00Z,-9.578038,53.922202,2008,4,22,Newport,35,2008-04-22,17,200,2.8947749312490956
2008-04-23T00:00:00Z,-9.578038,53.922202,2008,4,23,Newport,4,2008-04-23,17,204,2.952670429874077
2008-04-24T00:00:00Z,-9.578038,53.922202,2008,4,24,Newport,17,2008-04-24,17,221,3.19872629903025
2008-04-25T00:00:00Z,-9.578038,53.922202,2008,4,25,Newport,19,2008-04-25,17,240,3.4737299174989147
2008-04-26T00:00:00Z,-9.578038,53.922202,2008,4,26,Newport,8,2008-04-26,17,248,3.5895209147488782
2008-04-27T00:00:00Z,-9.578038,53.922202,2008,4,27,Newport,187,2008-04-27,17,435,6.296135475466783
2008-04-28T00:00:00Z,-9.578038,53.922202,2008,4,28,Newport,224,2008-04-28,17,659,9.538283398465769
2008-04-29T00:00:00Z,-9.578038,53.922202,2008,4,29,Newport,227,2008-04-29,18,886,12.823852945433492
2008-04-30T00:00:00Z,-9.578038,53.922202,2008,4,30,Newport,97,2008-04-30,18,983,14.227818787089303
2008-05-01T00:00:00Z,-9.578038,53.922202,2008,5,1,Newport,39,2008-05-01,18,1022,14.792299898682879
2008-05-02T00:00:00Z,-9.578038,53.922202,2008,5,2,Newport,43,2008-05-02,18,1065,15.414676508901435
2008-05-03T00:00:00Z,-9.578038,53.922202,2008,5,3,Newport,31,2008-05-03,18,1096,15.863366623245042
2008-05-04T00:00:00Z,-9.578038,53.922202,2008,5,4,Newport,76,2008-05-04,18,1172,16.963381097119697
2008-05-05T00:00:00Z,-9.578038,53.922202,2008,5,5,Newport,614,2008-05-05,18,1786,25.850340136054424
2008-05-06T00:00:00Z,-9.578038,53.922202,2008,5,6,Newport,224,2008-05-06,19,2010,29.092488059053405
2008-05-07T00:00:00Z,-9.578038,53.922202,2008,5,7,Newport,349,2008-05-07,19,2359,34.14387031408308
2008-05-08T00:00:00Z,-9.578038,53.922202,2008,5,8,Newport,222,2008-05-08,19,2581,37.357070487769576
2008-05-09T00:00:00Z,-9.578038,53.922202,2008,5,9,Newport,50,2008-05-09,19,2631,38.08076422058185
2008-05-10T00:00:00Z,-9.578038,53.922202,2008,5,10,Newport,97,2008-05-10,19,2728,39.48473006223766
2008-05-11T00:00:00Z,-9.578038,53.922202,2008,5,11,Newport,183,2008-05-11,19,2911,42.13344912433058
2008-05-12T00:00:00Z,-9.578038,53.922202,2008,5,12,Newport,304,2008-05-12,19,3215,46.53350701982921
2008-05-13T00:00:00Z,-9.578038,53.922202,2008,5,13,Newport,826,2008-05-13,20,4041,58.48892748588798
2008-05-14T00:00:00Z,-9.578038,53.922202,2008,5,14,Newport,750,2008-05-14,20,4791,69.34433347807209
2008-05-15T00:00:00Z,-9.578038,53.922202,2008,5,15,Newport,370,2008-05-15,20,5161,74.6996671008829
2008-05-16T00:00:00Z,-9.578038,53.922202,2008,5,16,Newport,159,2008-05-16,20,5320,77.00101317122594
2008-05-17T00:00:00Z,-9.578038,53.922202,2008,5,17,Newport,243,2008-05-17,20,5563,80.51816471269359
2008-05-18T00:00:00Z,-9.578038,53.922202,2008,5,18,Newport,216,2008-05-18,20,5779,83.64452163844261
2008-05-19T00:00:00Z,-9.578038,53.922202,2008,5,19,Newport,50,2008-05-19,20,5829,84.36821537125489
2008-05-20T00:00:00Z,-9.578038,53.922202,2008,5,20,Newport,43,2008-05-20,21,5872,84.99059198147344
2008-05-21T00:00:00Z,-9.578038,53.922202,2008,5,21,Newport,190,2008-05-21,21,6062,87.74062816616008
2008-05-22T00:00:00Z,-9.578038,53.922202,2008,5,22,Newport,7,2008-05-22,21,6069,87.84194528875379
2008-05-23T00:00:00Z,-9.578038,53.922202,2008,5,23,Newport,88,2008-05-23,21,6157,89.1156462585034
2008-05-24T00:00:00Z,-9.578038,53.922202,2008,5,24,Newport,181,2008-05-24,21,6338,91.73541757128383
2008-05-25T00:00:00Z,-9.578038,53.922202,2008,5,25,Newport,32,2008-05-25,21,6370,92.19858156028369
2008-05-26T00:00:00Z,-9.578038,53.922202,2008,5,26,Newport,31,2008-05-26,21,6401,92.64727167462729
2008-05-27T00:00:00Z,-9.578038,53.922202,2008,5,27,Newport,10,2008-05-27,22,6411,92.79201042118976
2008-05-28T00:00:00Z,-9.578038,53.922202,2008,5,28,Newport,18,2008-05-28,22,6429,93.05254016500217
2008-05-29T00:00:00Z,-9.578038,53.922202,2008,5,29,Newport,7,2008-05-29,22,6436,93.15385728759588
2008-05-30T00:00:00Z,-9.578038,53.922202,2008,5,30,Newport,6,2008-05-30,22,6442,93.24070053553336
2008-05-31T00:00:00Z,-9.578038,53.922202,2008,5,31,Newport,20,2008-05-31,22,6462,93.53017802865827
2008-06-01T00:00:00Z,-9.578038,53.922202,2008,6,1,Newport,14,2008-06-01,22,6476,93.73281227384571
2008-06-02T00:00:00Z,-9.578038,53.922202,2008,6,2,Newport,20,2008-06-02,22,6496,94.02228976697062
2008-06-03T00:00:00Z,-9.578038,53.922202,2008,6,3,Newport,21,2008-06-03,23,6517,94.32624113475178
2008-06-04T00:00:00Z,-9.578038,53.922202,2008,6,4,Newport,7,2008-06-04,23,6524,94.4275582573455
2008-06-06T00:00:00Z,-9.578038,53.922202,2008,6,6,Newport,15,2008-06-06,23,6539,94.64466637718917
2008-06-07T00:00:00Z,-9.578038,53.922202,2008,6,7,Newport,7,2008-06-07,23,6546,94.7459834997829
2008-06-08T00:00:00Z,-9.578038,53.922202,2008,6,8,Newport,1,2008-06-08,23,6547,94.76045737443913
2008-06-09T00:00:00Z,-9.578038,53.922202,2008,6,9,Newport,13,2008-06-09,23,6560,94.94861774497033
2008-06-10T00:00:00Z,-9.578038,53.922202,2008,6,10,Newport,2,2008-06-10,24,6562,94.97756549428283
2008-06-11T00:00:00Z,-9.578038,53.922202,2008,6,11,Newport,2,2008-06-11,24,6564,95.00651324359531
2008-06-13T00:00:00Z,-9.578038,53.922202,2008,6,13,Newport,3,2008-06-13,24,6567,95.04993486756405
2008-06-15T00:00:00Z,-9.578038,53.922202,2008,6,15,Newport,2,2008-06-15,24,6569,95.07888261687654
2008-06-16T00:00:00Z,-9.578038,53.922202,2008,6,16,Newport,1,2008-06-16,24,6570,95.09335649153279
2008-06-19T00:00:00Z,-9.578038,53.922202,2008,6,19,Newport,3,2008-06-19,25,6573,95.13677811550151
2008-06-20T00:00:00Z,-9.578038,53.922202,2008,6,20,Newport,1,2008-06-20,25,6574,95.15125199015777
2008-06-21T00:00:00Z,-9.578038,53.922202,2008,6,21,Newport,1,2008-06-21,25,6575,95.16572586481401
2008-06-22T00:00:00Z,-9.578038,53.922202,2008,6,22,Newport,20,2008-06-22,25,6595,95.45520335793893
2008-06-23T00:00:00Z,-9.578038,53.922202,2008,6,23,Newport,91,2008-06-23,25,6686,96.77232595165725
2008-06-24T00:00:00Z,-9.578038,53.922202,2008,6,24,Newport,64,2008-06-24,26,6750,97.69865392965697
2008-06-25T00:00:00Z,-9.578038,53.922202,2008,6,25,Newport,11,2008-06-25,26,6761,97.85786655087567
2008-06-26T00:00:00Z,-9.578038,53.922202,2008,6,26,Newport,18,2008-06-26,26,6779,98.1183962946881
2008-06-27T00:00:00Z,-9.578038,53.922202,2008,6,27,Newport,35,2008-06-27,26,6814,98.62498190765669
2008-06-28T00:00:00Z,-9.578038,53.922202,2008,6,28,Newport,22,2008-06-28,26,6836,98.94340715009407
2008-06-29T00:00:00Z,-9.578038,53.922202,2008,6,29,Newport,10,2008-06-29,26,6846,99.08814589665653
2008-06-30T00:00:00Z,-9.578038,53.922202,2008,6,30,Newport,2,2008-06-30,26,6848,99.11709364596902
2008-07-01T00:00:00Z,-9.578038,53.922202,2008,7,1,Newport,1,2008-07-01,27,6849,99.13156752062527
2008-07-02T00:00:00Z,-9.578038,53.922202,2008,7,2,Newport,11,2008-07-02,27,6860,99.29078014184397
2008-07-03T00:00:00Z,-9.578038,53.922202,2008,7,3,Newport,8,2008-07-03,27,6868,99.40657113909394
2008-07-04T00:00:00Z,-9.578038,53.922202,2008,7,4,Newport,8,2008-07-04,27,6876,99.5223621363439
2008-07-05T00:00:00Z,-9.578038,53.922202,2008,7,5,Newport,13,2008-07-05,27,6889,99.7105225068751
2008-07-06T00:00:00Z,-9.578038,53.922202,2008,7,6,Newport,4,2008-07-06,27,6893,99.76841800550007
2008-07-07T00:00:00Z,-9.578038,53.922202,2008,7,7,Newport,2,2008-07-07,27,6895,99.79736575481256
2008-07-08T00:00:00Z,-9.578038,53.922202,2008,7,8,Newport,1,2008-07-08,28,6896,99.8118396294688
2008-07-10T00:00:00Z,-9.578038,53.922202,2008,7,10,Newport,2,2008-07-10,28,6898,99.8407873787813
2008-07-11T00:00:00Z,-9.578038,53.922202,2008,7,11,Newport,3,2008-07-11,28,6901,99.88420900275004
2008-07-12T00:00:00Z,-9.578038,53.922202,2008,7,12,Newport,3,2008-07-12,28,6904,99.92763062671878
2008-07-21T00:00:00Z,-9.578038,53.922202,2008,7,21,Newport,1,2008-07-21,29,6905,99.94210450137501
2008-08-14T00:00:00Z,-9.578038,53.922202,2008,8,14,Newport,1,2008-08-14,33,6906,99.95657837603127
2008-08-15T00:00:00Z,-9.578038,53.922202,2008,8,15,Newport,1,2008-08-15,33,6907,99.9710522506875
2008-08-16T00:00:00Z,-9.578038,53.922202,2008,8,16,Newport,1,2008-08-16,33,6908,99.98552612534375
2008-08-18T00:00:00Z,-9.578038,53.922202,2008,8,18,Newport,1,2008-08-18,33,6909,100
2009-04-08T00:00:00Z,-9.578038,53.922202,2009,4,8,Newport,7,2009-04-08,14,7,0.08771929824561403
2009-04-09T00:00:00Z,-9.578038,53.922202,2009,4,9,Newport,3,2009-04-09,15,10,0.12531328320802004
2009-04-10T00:00:00Z,-9.578038,53.922202,2009,4,10,Newport,6,2009-04-10,15,16,0.20050125313283207
2009-04-11T00:00:00Z,-9.578038,53.922202,2009,4,11,Newport,7,2009-04-11,15,23,0.2882205513784461
2009-04-12T00:00:00Z,-9.578038,53.922202,2009,4,12,Newport,20,2009-04-12,15,43,0.5388471177944862
2009-04-13T00:00:00Z,-9.578038,53.922202,2009,4,13,Newport,1,2009-04-13,15,44,0.5513784461152882
2009-04-14T00:00:00Z,-9.578038,53.922202,2009,4,14,Newport,14,2009-04-14,15,58,0.7268170426065164
2009-04-15T00:00:00Z,-9.578038,53.922202,2009,4,15,Newport,12,2009-04-15,15,70,0.8771929824561403
2009-04-16T00:00:00Z,-9.578038,53.922202,2009,4,16,Newport,14,2009-04-16,16,84,1.0526315789473684
2009-04-17T00:00:00Z,-9.578038,53.922202,2009,4,17,Newport,55,2009-04-17,16,139,1.7418546365914789
2009-04-18T00:00:00Z,-9.578038,53.922202,2009,4,18,Newport,23,2009-04-18,16,162,2.030075187969925
2009-04-19T00:00:00Z,-9.578038,53.922202,2009,4,19,Newport,13,2009-04-19,16,175,2.1929824561403506
2009-04-20T00:00:00Z,-9.578038,53.922202,2009,4,20,Newport,39,2009-04-20,16,214,2.681704260651629
2009-04-21T00:00:00Z,-9.578038,53.922202,2009,4,21,Newport,62,2009-04-21,16,276,3.4586466165413534
2009-04-22T00:00:00Z,-9.578038,53.922202,2009,4,22,Newport,60,2009-04-22,16,336,4.2105263157894735
2009-04-23T00:00:00Z,-9.578038,53.922202,2009,4,23,Newport,76,2009-04-23,17,412,5.162907268170426
2009-04-24T00:00:00Z,-9.578038,53.922202,2009,4,24,Newport,337,2009-04-24,17,749,9.385964912280702
2009-04-25T00:00:00Z,-9.578038,53.922202,2009,4,25,Newport,509,2009-04-25,17,1258,15.764411027568922
2009-04-26T00:00:00Z,-9.578038,53.922202,2009,4,26,Newport,121,2009-04-26,17,1379,17.280701754385966
2009-04-27T00:00:00Z,-9.578038,53.922202,2009,4,27,Newport,529,2009-04-27,17,1908,23.909774436090224
2009-04-28T00:00:00Z,-9.578038,53.922202,2009,4,28,Newport,763,2009-04-28,17,2671,33.471177944862156
2009-04-29T00:00:00Z,-9.578038,53.922202,2009,4,29,Newport,791,2009-04-29,17,3462,43.38345864661654
2009-04-30T00:00:00Z,-9.578038,53.922202,2009,4,30,Newport,249,2009-04-30,18,3711,46.50375939849624
2009-05-01T00:00:00Z,-9.578038,53.922202,2009,5,1,Newport,491,2009-05-01,18,4202,52.65664160401003
2009-05-02T00:00:00Z,-9.578038,53.922202,2009,5,2,Newport,680,2009-05-02,18,4882,61.177944862155385
2009-05-03T00:00:00Z,-9.578038,53.922202,2009,5,3,Newport,270,2009-05-03,18,5152,64.56140350877193
2009-05-04T00:00:00Z,-9.578038,53.922202,2009,5,4,Newport,93,2009-05-04,18,5245,65.72681704260651
2009-05-05T00:00:00Z,-9.578038,53.922202,2009,5,5,Newport,77,2009-05-05,18,5322,66.69172932330827
2009-05-06T00:00:00Z,-9.578038,53.922202,2009,5,6,Newport,198,2009-05-06,18,5520,69.17293233082707
2009-05-07T00:00:00Z,-9.578038,53.922202,2009,5,7,Newport,364,2009-05-07,19,5884,73.734335839599
2009-05-08T00:00:00Z,-9.578038,53.922202,2009,5,8,Newport,469,2009-05-08,19,6353,79.61152882205513
2009-05-09T00:00:00Z,-9.578038,53.922202,2009,5,9,Newport,259,2009-05-09,19,6612,82.85714285714286
2009-05-10T00:00:00Z,-9.578038,53.922202,2009,5,10,Newport,248,2009-05-10,19,6860,85.96491228070175
2009-05-11T00:00:00Z,-9.578038,53.922202,2009,5,11,Newport,347,2009-05-11,19,7207,90.31328320802004
2009-05-12T00:00:00Z,-9.578038,53.922202,2009,5,12,Newport,198,2009-05-12,19,7405,92.79448621553885
2009-05-13T00:00:00Z,-9.578038,53.922202,2009,5,13,Newport,80,2009-05-13,19,7485,93.796992481203
2009-05-14T00:00:00Z,-9.578038,53.922202,2009,5,14,Newport,20,2009-05-14,20,7505,94.04761904761905
2009-05-15T00:00:00Z,-9.578038,53.922202,2009,5,15,Newport,41,2009-05-15,20,7546,94.56140350877193
2009-05-16T00:00:00Z,-9.578038,53.922202,2009,5,16,Newport,62,2009-05-16,20,7608,95.33834586466166
2009-05-17T00:00:00Z,-9.578038,53.922202,2009,5,17,Newport,14,2009-05-17,20,7622,95.51378446115288
2009-05-18T00:00:00Z,-9.578038,53.922202,2009,5,18,Newport,100,2009-05-18,20,7722,96.76691729323308
2009-05-19T00:00:00Z,-9.578038,53.922202,2009,5,19,Newport,33,2009-05-19,20,7755,97.18045112781954
2009-05-20T00:00:00Z,-9.578038,53.922202,2009,5,20,Newport,86,2009-05-20,20,7841,98.25814536340852
2009-05-21T00:00:00Z,-9.578038,53.922202,2009,5,21,Newport,35,2009-05-21,21,7876,98.6967418546366
2009-05-22T00:00:00Z,-9.578038,53.922202,2009,5,22,Newport,9,2009-05-22,21,7885,98.80952380952381
2009-05-23T00:00:00Z,-9.578038,53.922202,2009,5,23,Newport,3,2009-05-23,21,7888,98.84711779448622
2009-05-24T00:00:00Z,-9.578038,53.922202,2009,5,24,Newport,5,2009-05-24,21,7893,98.90977443609023
2009-05-25T00:00:00Z,-9.578038,53.922202,2009,5,25,Newport,18,2009-05-25,21,7911,99.13533834586467
2009-05-26T00:00:00Z,-9.578038,53.922202,2009,5,26,Newport,5,2009-05-26,21,7916,99.19799498746868
2009-05-27T00:00:00Z,-9.578038,53.922202,2009,5,27,Newport,5,2009-05-27,21,7921,99.26065162907268
2009-05-28T00:00:00Z,-9.578038,53.922202,2009,5,28,Newport,4,2009-05-28,22,7925,99.3107769423559
2009-05-29T00:00:00Z,-9.578038,53.922202,2009,5,29,Newport,5,2009-05-29,22,7930,99.37343358395991
2009-05-31T00:00:00Z,-9.578038,53.922202,2009,5,31,Newport,13,2009-05-31,22,7943,99.53634085213032
2009-06-02T00:00:00Z,-9.578038,53.922202,2009,6,2,Newport,17,2009-06-02,22,7960,99.74937343358395
2009-06-03T00:00:00Z,-9.578038,53.922202,2009,6,3,Newport,5,2009-06-03,22,7965,99.81203007518798
2009-06-04T00:00:00Z,-9.578038,53.922202,2009,6,4,Newport,3,2009-06-04,23,7968,99.84962406015038
2009-06-18T00:00:00Z,-9.578038,53.922202,2009,6,18,Newport,1,2009-06-18,25,7969,99.86215538847118
2009-06-20T00:00:00Z,-9.578038,53.922202,2009,6,20,Newport,1,2009-06-20,25,7970,99.87468671679198
2009-06-26T00:00:00Z,-9.578038,53.922202,2009,6,26,Newport,1,2009-06-26,26,7971,99.88721804511277
2009-07-03T00:00:00Z,-9.578038,53.922202,2009,7,3,Newport,1,2009-07-03,27,7972,99.8997493734336
2009-07-06T00:00:00Z,-9.578038,53.922202,2009,7,6,Newport,4,2009-07-06,27,7976,99.94987468671678
2009-07-08T00:00:00Z,-9.578038,53.922202,2009,7,8,Newport,1,2009-07-08,27,7977,99.9624060150376
2009-07-09T00:00:00Z,-9.578038,53.922202,2009,7,9,Newport,1,2009-07-09,28,7978,99.97493734335839
2009-07-14T00:00:00Z,-9.578038,53.922202,2009,7,14,Newport,1,2009-07-14,28,7979,99.98746867167921
2009-08-15T00:00:00Z,-9.578038,53.922202,2009,8,15,Newport,1,2009-08-15,33,7980,100
2010-04-12T00:00:00Z,-9.578038,53.922202,2010,4,12,Newport,3,2010-04-12,15,3,0.04211708549768356
2010-04-16T00:00:00Z,-9.578038,53.922202,2010,4,16,Newport,2,2010-04-16,16,5,0.07019514249613927
2010-04-17T00:00:00Z,-9.578038,53.922202,2010,4,17,Newport,3,2010-04-17,16,8,0.11231222799382283
2010-04-18T00:00:00Z,-9.578038,53.922202,2010,4,18,Newport,2,2010-04-18,16,10,0.14039028499227854
2010-04-19T00:00:00Z,-9.578038,53.922202,2010,4,19,Newport,7,2010-04-19,16,17,0.23866348448687352
2010-04-20T00:00:00Z,-9.578038,53.922202,2010,4,20,Newport,2,2010-04-20,16,19,0.2667415414853292
2010-04-22T00:00:00Z,-9.578038,53.922202,2010,4,22,Newport,2,2010-04-22,16,21,0.2948195984837849
2010-04-23T00:00:00Z,-9.578038,53.922202,2010,4,23,Newport,4,2010-04-23,17,25,0.35097571248069637
2010-04-25T00:00:00Z,-9.578038,53.922202,2010,4,25,Newport,2,2010-04-25,17,27,0.37905376947915204
2010-04-26T00:00:00Z,-9.578038,53.922202,2010,4,26,Newport,13,2010-04-26,17,40,0.5615611399691142
2010-04-27T00:00:00Z,-9.578038,53.922202,2010,4,27,Newport,4,2010-04-27,17,44,0.6177172539660256
2010-04-28T00:00:00Z,-9.578038,53.922202,2010,4,28,Newport,9,2010-04-28,17,53,0.7440685104590762
2010-04-29T00:00:00Z,-9.578038,53.922202,2010,4,29,Newport,85,2010-04-29,17,138,1.937385932893444
2010-04-30T00:00:00Z,-9.578038,53.922202,2010,4,30,Newport,135,2010-04-30,18,273,3.832654780289204
2010-05-01T00:00:00Z,-9.578038,53.922202,2010,5,1,Newport,62,2010-05-01,18,335,4.7030745472413304
2010-05-02T00:00:00Z,-9.578038,53.922202,2010,5,2,Newport,57,2010-05-02,18,392,5.503299171697319
2010-05-03T00:00:00Z,-9.578038,53.922202,2010,5,3,Newport,35,2010-05-03,18,427,5.994665169170293
2010-05-04T00:00:00Z,-9.578038,53.922202,2010,5,4,Newport,22,2010-05-04,18,449,6.303523796153305
2010-05-05T00:00:00Z,-9.578038,53.922202,2010,5,5,Newport,14,2010-05-05,18,463,6.500070195142496
2010-05-06T00:00:00Z,-9.578038,53.922202,2010,5,6,Newport,11,2010-05-06,18,474,6.654499508634003
2010-05-07T00:00:00Z,-9.578038,53.922202,2010,5,7,Newport,8,2010-05-07,19,482,6.766811736627826
2010-05-08T00:00:00Z,-9.578038,53.922202,2010,5,8,Newport,8,2010-05-08,19,490,6.879123964621649
2010-05-09T00:00:00Z,-9.578038,53.922202,2010,5,9,Newport,22,2010-05-09,19,512,7.187982591604661
2010-05-10T00:00:00Z,-9.578038,53.922202,2010,5,10,Newport,12,2010-05-10,19,524,7.3564509335953945
2010-05-11T00:00:00Z,-9.578038,53.922202,2010,5,11,Newport,7,2010-05-11,19,531,7.45472413308999
2010-05-12T00:00:00Z,-9.578038,53.922202,2010,5,12,Newport,3,2010-05-12,19,534,7.496841218587674
2010-05-13T00:00:00Z,-9.578038,53.922202,2010,5,13,Newport,79,2010-05-13,19,613,8.605924470026673
2010-05-14T00:00:00Z,-9.578038,53.922202,2010,5,14,Newport,10,2010-05-14,20,623,8.746314755018952
2010-05-15T00:00:00Z,-9.578038,53.922202,2010,5,15,Newport,49,2010-05-15,20,672,9.434227151481117
2010-05-16T00:00:00Z,-9.578038,53.922202,2010,5,16,Newport,90,2010-05-16,20,762,10.697739716411624
2010-05-17T00:00:00Z,-9.578038,53.922202,2010,5,17,Newport,77,2010-05-17,20,839,11.77874491085217
2010-05-18T00:00:00Z,-9.578038,53.922202,2010,5,18,Newport,24,2010-05-18,20,863,12.115681594833637
2010-05-19T00:00:00Z,-9.578038,53.922202,2010,5,19,Newport,1943,2010-05-19,20,2806,39.393513968833354
2010-05-20T00:00:00Z,-9.578038,53.922202,2010,5,20,Newport,2513,2010-05-20,20,5319,74.67359258739296
2010-05-21T00:00:00Z,-9.578038,53.922202,2010,5,21,Newport,491,2010-05-21,21,5810,81.56675558051383
2010-05-22T00:00:00Z,-9.578038,53.922202,2010,5,22,Newport,848,2010-05-22,21,6658,93.47185174785905
2010-05-23T00:00:00Z,-9.578038,53.922202,2010,5,23,Newport,96,2010-05-23,21,6754,94.81959848378492
2010-05-24T00:00:00Z,-9.578038,53.922202,2010,5,24,Newport,30,2010-05-24,21,6784,95.24076933876175
2010-05-25T00:00:00Z,-9.578038,53.922202,2010,5,25,Newport,6,2010-05-25,21,6790,95.32500350975712
2010-05-26T00:00:00Z,-9.578038,53.922202,2010,5,26,Newport,5,2010-05-26,21,6795,95.39519865225327
2010-05-27T00:00:00Z,-9.578038,53.922202,2010,5,27,Newport,6,2010-05-27,21,6801,95.47943282324863
2010-05-28T00:00:00Z,-9.578038,53.922202,2010,5,28,Newport,2,2010-05-28,22,6803,95.50751088024708
2010-05-31T00:00:00Z,-9.578038,53.922202,2010,5,31,Newport,2,2010-05-31,22,6805,95.53558893724554
2010-06-01T00:00:00Z,-9.578038,53.922202,2010,6,1,Newport,1,2010-06-01,22,6806,95.54962796574476
2010-06-03T00:00:00Z,-9.578038,53.922202,2010,6,3,Newport,2,2010-06-03,22,6808,95.57770602274323
2010-06-05T00:00:00Z,-9.578038,53.922202,2010,6,5,Newport,1,2010-06-05,23,6809,95.59174505124246
2010-06-07T00:00:00Z,-9.578038,53.922202,2010,6,7,Newport,3,2010-06-07,23,6812,95.63386213674013
2010-06-08T00:00:00Z,-9.578038,53.922202,2010,6,8,Newport,3,2010-06-08,23,6815,95.67597922223781
2010-06-14T00:00:00Z,-9.578038,53.922202,2010,6,14,Newport,1,2010-06-14,24,6816,95.69001825073705
2010-06-16T00:00:00Z,-9.578038,53.922202,2010,6,16,Newport,1,2010-06-16,24,6817,95.70405727923628
2010-06-23T00:00:00Z,-9.578038,53.922202,2010,6,23,Newport,1,2010-06-23,25,6818,95.71809630773551
2010-06-24T00:00:00Z,-9.578038,53.922202,2010,6,24,Newport,1,2010-06-24,25,6819,95.73213533623473
2010-07-02T00:00:00Z,-9.578038,53.922202,2010,7,2,Newport,2,2010-07-02,27,6821,95.76021339323319
2010-07-03T00:00:00Z,-9.578038,53.922202,2010,7,3,Newport,2,2010-07-03,27,6823,95.78829145023164
2010-07-04T00:00:00Z,-9.578038,53.922202,2010,7,4,Newport,2,2010-07-04,27,6825,95.8163695072301
2010-07-05T00:00:00Z,-9.578038,53.922202,2010,7,5,Newport,7,2010-07-05,27,6832,95.91464270672469
2010-07-06T00:00:00Z,-9.578038,53.922202,2010,7,6,Newport,39,2010-07-06,27,6871,96.46216481819458
2010-07-07T00:00:00Z,-9.578038,53.922202,2010,7,7,Newport,17,2010-07-07,27,6888,96.70082830268146
2010-07-08T00:00:00Z,-9.578038,53.922202,2010,7,8,Newport,8,2010-07-08,27,6896,96.81314053067528
2010-07-09T00:00:00Z,-9.578038,53.922202,2010,7,9,Newport,35,2010-07-09,28,6931,97.30450652814825
2010-07-10T00:00:00Z,-9.578038,53.922202,2010,7,10,Newport,17,2010-07-10,28,6948,97.54317001263513
2010-07-11T00:00:00Z,-9.578038,53.922202,2010,7,11,Newport,64,2010-07-11,28,7012,98.44166783658571
2010-07-12T00:00:00Z,-9.578038,53.922202,2010,7,12,Newport,18,2010-07-12,28,7030,98.69437034957181
2010-07-13T00:00:00Z,-9.578038,53.922202,2010,7,13,Newport,35,2010-07-13,28,7065,99.18573634704478
2010-07-14T00:00:00Z,-9.578038,53.922202,2010,7,14,Newport,1,2010-07-14,28,7066,99.19977537554401
2010-07-15T00:00:00Z,-9.578038,53.922202,2010,7,15,Newport,16,2010-07-15,28,7082,99.42439983153166
2010-07-16T00:00:00Z,-9.578038,53.922202,2010,7,16,Newport,26,2010-07-16,29,7108,99.78941457251157
2010-07-17T00:00:00Z,-9.578038,53.922202,2010,7,17,Newport,10,2010-07-17,29,7118,99.92980485750385
2010-07-18T00:00:00Z,-9.578038,53.922202,2010,7,18,Newport,1,2010-07-18,29,7119,99.9438438860031
2010-07-21T00:00:00Z,-9.578038,53.922202,2010,7,21,Newport,2,2010-07-21,29,7121,99.97192194300155
2010-08-01T00:00:00Z,-9.578038,53.922202,2010,8,1,Newport,1,2010-08-01,31,7122,99.98596097150077
2010-08-11T00:00:00Z,-9.578038,53.922202,2010,8,11,Newport,1,2010-08-11,32,7123,100
2011-04-02T00:00:00Z,-9.578038,53.922202,2011,4,2,Newport,2,2011-04-02,14,2,0.03017956843217142
2011-04-03T00:00:00Z,-9.578038,53.922202,2011,4,3,Newport,3,2011-04-03,14,5,0.07544892108042855
2011-04-04T00:00:00Z,-9.578038,53.922202,2011,4,4,Newport,11,2011-04-04,14,16,0.24143654745737136
2011-04-05T00:00:00Z,-9.578038,53.922202,2011,4,5,Newport,5,2011-04-05,14,21,0.3168854685377999
2011-04-06T00:00:00Z,-9.578038,53.922202,2011,4,6,Newport,3,2011-04-06,14,24,0.362154821186057
2011-04-07T00:00:00Z,-9.578038,53.922202,2011,4,7,Newport,11,2011-04-07,14,35,0.5281424475629999
2011-04-08T00:00:00Z,-9.578038,53.922202,2011,4,8,Newport,21,2011-04-08,14,56,0.8450279161007999
2011-04-09T00:00:00Z,-9.578038,53.922202,2011,4,9,Newport,23,2011-04-09,15,79,1.1920929530707711
2011-04-10T00:00:00Z,-9.578038,53.922202,2011,4,10,Newport,15,2011-04-10,15,94,1.4184397163120568
2011-04-11T00:00:00Z,-9.578038,53.922202,2011,4,11,Newport,10,2011-04-11,15,104,1.569337558472914
2011-04-12T00:00:00Z,-9.578038,53.922202,2011,4,12,Newport,24,2011-04-12,15,128,1.931492379658971
2011-04-13T00:00:00Z,-9.578038,53.922202,2011,4,13,Newport,12,2011-04-13,15,140,2.1125697902519995
2011-04-14T00:00:00Z,-9.578038,53.922202,2011,4,14,Newport,199,2011-04-14,15,339,5.115436849253055
2011-04-15T00:00:00Z,-9.578038,53.922202,2011,4,15,Newport,95,2011-04-15,15,434,6.548966349781198
2011-04-16T00:00:00Z,-9.578038,53.922202,2011,4,16,Newport,131,2011-04-16,16,565,8.525728082088428
2011-04-17T00:00:00Z,-9.578038,53.922202,2011,4,17,Newport,269,2011-04-17,16,834,12.584880036215482
2011-04-18T00:00:00Z,-9.578038,53.922202,2011,4,18,Newport,548,2011-04-18,16,1382,20.854081786630452
2011-04-19T00:00:00Z,-9.578038,53.922202,2011,4,19,Newport,310,2011-04-19,16,1692,25.53191489361702
2011-04-20T00:00:00Z,-9.578038,53.922202,2011,4,20,Newport,218,2011-04-20,16,1910,28.821487852723703
2011-04-21T00:00:00Z,-9.578038,53.922202,2011,4,21,Newport,68,2011-04-21,16,1978,29.847593179417537
2011-04-22T00:00:00Z,-9.578038,53.922202,2011,4,22,Newport,79,2011-04-22,16,2057,31.039686132488303
2011-04-23T00:00:00Z,-9.578038,53.922202,2011,4,23,Newport,43,2011-04-23,17,2100,31.688546853779993
2011-04-24T00:00:00Z,-9.578038,53.922202,2011,4,24,Newport,31,2011-04-24,17,2131,32.156330164478646
2011-04-25T00:00:00Z,-9.578038,53.922202,2011,4,25,Newport,105,2011-04-25,17,2236,33.74075750716764
2011-04-26T00:00:00Z,-9.578038,53.922202,2011,4,26,Newport,34,2011-04-26,17,2270,34.25381017051456
2011-04-27T00:00:00Z,-9.578038,53.922202,2011,4,27,Newport,23,2011-04-27,17,2293,34.600875207484535
2011-04-28T00:00:00Z,-9.578038,53.922202,2011,4,28,Newport,86,2011-04-28,17,2379,35.8985966500679
2011-04-29T00:00:00Z,-9.578038,53.922202,2011,4,29,Newport,361,2011-04-29,17,2740,41.346008752074844
2011-04-30T00:00:00Z,-9.578038,53.922202,2011,4,30,Newport,272,2011-04-30,18,3012,45.45043005885016
2011-05-01T00:00:00Z,-9.578038,53.922202,2011,5,1,Newport,31,2011-05-01,18,3043,45.918213369548816
2011-05-02T00:00:00Z,-9.578038,53.922202,2011,5,2,Newport,5,2011-05-02,18,3048,45.993662290629246
2011-05-03T00:00:00Z,-9.578038,53.922202,2011,5,3,Newport,2,2011-05-03,18,3050,46.02384185906141
2011-05-04T00:00:00Z,-9.578038,53.922202,2011,5,4,Newport,12,2011-05-04,18,3062,46.20491926965444
2011-05-05T00:00:00Z,-9.578038,53.922202,2011,5,5,Newport,22,2011-05-05,18,3084,46.53689452240833
2011-05-06T00:00:00Z,-9.578038,53.922202,2011,5,6,Newport,300,2011-05-06,18,3384,51.06382978723404
2011-05-07T00:00:00Z,-9.578038,53.922202,2011,5,7,Newport,101,2011-05-07,19,3485,52.5878979930587
2011-05-08T00:00:00Z,-9.578038,53.922202,2011,5,8,Newport,331,2011-05-08,19,3816,57.58261656858307
2011-05-09T00:00:00Z,-9.578038,53.922202,2011,5,9,Newport,81,2011-05-09,19,3897,58.80488909008601
2011-05-10T00:00:00Z,-9.578038,53.922202,2011,5,10,Newport,360,2011-05-10,19,4257,64.23721140787687
2011-05-11T00:00:00Z,-9.578038,53.922202,2011,5,11,Newport,900,2011-05-11,19,5157,77.818017202354
2011-05-12T00:00:00Z,-9.578038,53.922202,2011,5,12,Newport,224,2011-05-12,19,5381,81.1981288667572
2011-05-13T00:00:00Z,-9.578038,53.922202,2011,5,13,Newport,428,2011-05-13,19,5809,87.65655651124189
2011-05-14T00:00:00Z,-9.578038,53.922202,2011,5,14,Newport,278,2011-05-14,20,6087,91.85151652331372
2011-05-15T00:00:00Z,-9.578038,53.922202,2011,5,15,Newport,63,2011-05-15,20,6150,92.80217292892712
2011-05-16T00:00:00Z,-9.578038,53.922202,2011,5,16,Newport,89,2011-05-16,20,6239,94.14516372415875
2011-05-17T00:00:00Z,-9.578038,53.922202,2011,5,17,Newport,89,2011-05-17,20,6328,95.48815451939038
2011-05-18T00:00:00Z,-9.578038,53.922202,2011,5,18,Newport,64,2011-05-18,20,6392,96.45390070921985
2011-05-19T00:00:00Z,-9.578038,53.922202,2011,5,19,Newport,47,2011-05-19,20,6439,97.16312056737588
2011-05-20T00:00:00Z,-9.578038,53.922202,2011,5,20,Newport,24,2011-05-20,20,6463,97.52527538856194
2011-05-21T00:00:00Z,-9.578038,53.922202,2011,5,21,Newport,13,2011-05-21,21,6476,97.72144258337106
2011-05-22T00:00:00Z,-9.578038,53.922202,2011,5,22,Newport,17,2011-05-22,21,6493,97.97796891504451
2011-05-23T00:00:00Z,-9.578038,53.922202,2011,5,23,Newport,28,2011-05-23,21,6521,98.40048287309492
2011-05-24T00:00:00Z,-9.578038,53.922202,2011,5,24,Newport,12,2011-05-24,21,6533,98.581560283687935
2011-05-25T00:00:00Z,-9.578038,53.922202,2011,5,25,Newport,6,2011-05-25,21,6539,98.67209898898446
2011-05-26T00:00:00Z,-9.578038,53.922202,2011,5,26,Newport,27,2011-05-26,21,6566,99.07952316281877
2011-05-27T00:00:00Z,-9.578038,53.922202,2011,5,27,Newport,8,2011-05-27,21,6574,99.20024143654746
2011-05-28T00:00:00Z,-9.578038,53.922202,2011,5,28,Newport,15,2011-05-28,22,6589,99.42658819978874
2011-05-29T00:00:00Z,-9.578038,53.922202,2011,5,29,Newport,5,2011-05-29,22,6594,99.50203712086918
2011-05-30T00:00:00Z,-9.578038,53.922202,2011,5,30,Newport,3,2011-05-30,22,6597,99.54730647351742
2011-05-31T00:00:00Z,-9.578038,53.922202,2011,5,31,Newport,2,2011-05-31,22,6599,99.5774860419496
2011-06-01T00:00:00Z,-9.578038,53.922202,2011,6,1,Newport,1,2011-06-01,22,6600,99.59257582616569
2011-06-02T00:00:00Z,-9.578038,53.922202,2011,6,2,Newport,3,2011-06-02,22,6603,99.63784517881395
2011-06-03T00:00:00Z,-9.578038,53.922202,2011,6,3,Newport,7,2011-06-03,22,6610,99.74347366832654
2011-06-05T00:00:00Z,-9.578038,53.922202,2011,6,5,Newport,3,2011-06-05,23,6613,99.7887430209748
2011-06-06T00:00:00Z,-9.578038,53.922202,2011,6,6,Newport,2,2011-06-06,23,6615,99.81892258940697
2011-06-09T00:00:00Z,-9.578038,53.922202,2011,6,9,Newport,1,2011-06-09,23,6616,99.83401237362305
2011-06-10T00:00:00Z,-9.578038,53.922202,2011,6,10,Newport,2,2011-06-10,23,6618,99.86419194205523
2011-06-12T00:00:00Z,-9.578038,53.922202,2011,6,12,Newport,3,2011-06-12,24,6621,99.90946129470348
2011-06-18T00:00:00Z,-9.578038,53.922202,2011,6,18,Newport,1,2011-06-18,25,6622,99.92455107891958
2011-06-19T00:00:00Z,-9.578038,53.922202,2011,6,19,Newport,2,2011-06-19,25,6624,99.95473064735174
2011-06-23T00:00:00Z,-9.578038,53.922202,2011,6,23,Newport,1,2011-06-23,25,6625,99.96982043156783
2011-06-24T00:00:00Z,-9.578038,53.922202,2011,6,24,Newport,1,2011-06-24,25,6626,99.98491021578391
2011-06-28T00:00:00Z,-9.578038,53.922202,2011,6,28,Newport,1,2011-06-28,26,6627,100
2012-03-18T00:00:00Z,-9.578038,53.922202,2012,3,18,Newport,1,2012-03-18,12,1,0.01295840352468576
2012-03-25T00:00:00Z,-9.578038,53.922202,2012,3,25,Newport,1,2012-03-25,13,2,0.02591680704937152
2012-03-28T00:00:00Z,-9.578038,53.922202,2012,3,28,Newport,1,2012-03-28,13,3,0.03887521057405728
2012-03-30T00:00:00Z,-9.578038,53.922202,2012,3,30,Newport,1,2012-03-30,13,4,0.05183361409874304
2012-04-02T00:00:00Z,-9.578038,53.922202,2012,4,2,Newport,2,2012-04-02,14,6,0.07775042114811456
2012-04-03T00:00:00Z,-9.578038,53.922202,2012,4,3,Newport,3,2012-04-03,14,9,0.11662563172217183
2012-04-04T00:00:00Z,-9.578038,53.922202,2012,4,4,Newport,6,2012-04-04,14,15,0.19437605287028636
2012-04-05T00:00:00Z,-9.578038,53.922202,2012,4,5,Newport,1,2012-04-05,14,16,0.20733445639497217
2012-04-06T00:00:00Z,-9.578038,53.922202,2012,4,6,Newport,2,2012-04-06,14,18,0.23325126344434366
2012-04-07T00:00:00Z,-9.578038,53.922202,2012,4,7,Newport,3,2012-04-07,14,21,0.27212647401840095
2012-04-08T00:00:00Z,-9.578038,53.922202,2012,4,8,Newport,6,2012-04-08,15,27,0.3498768951665155
2012-04-09T00:00:00Z,-9.578038,53.922202,2012,4,9,Newport,9,2012-04-09,15,36,0.4665025268886873
2012-04-10T00:00:00Z,-9.578038,53.922202,2012,4,10,Newport,77,2012-04-10,15,113,1.4642995982894906
2012-04-11T00:00:00Z,-9.578038,53.922202,2012,4,11,Newport,98,2012-04-11,15,211,2.7342231437086952
2012-04-12T00:00:00Z,-9.578038,53.922202,2012,4,12,Newport,126,2012-04-12,15,337,4.3669819878191
2012-04-13T00:00:00Z,-9.578038,53.922202,2012,4,13,Newport,126,2012-04-13,15,463,5.999740831929507
2012-04-14T00:00:00Z,-9.578038,53.922202,2012,4,14,Newport,103,2012-04-14,15,566,7.33445639497214
2012-04-15T00:00:00Z,-9.578038,53.922202,2012,4,15,Newport,65,2012-04-15,16,631,8.176752624076714
2012-04-16T00:00:00Z,-9.578038,53.922202,2012,4,16,Newport,51,2012-04-16,16,682,8.837631203835688
2012-04-17T00:00:00Z,-9.578038,53.922202,2012,4,17,Newport,76,2012-04-17,16,758,9.822469871711805
2012-04-18T00:00:00Z,-9.578038,53.922202,2012,4,18,Newport,322,2012-04-18,16,1080,13.995075806660621
2012-04-19T00:00:00Z,-9.578038,53.922202,2012,4,19,Newport,487,2012-04-19,16,1567,20.305818323182585
2012-04-20T00:00:00Z,-9.578038,53.922202,2012,4,20,Newport,466,2012-04-20,16,2033,26.344434365686148
2012-04-21T00:00:00Z,-9.578038,53.922202,2012,4,21,Newport,313,2012-04-21,16,2346,30.400414668912788
2012-04-22T00:00:00Z,-9.578038,53.922202,2012,4,22,Newport,126,2012-04-22,17,2472,32.03317351302319
2012-04-23T00:00:00Z,-9.578038,53.922202,2012,4,23,Newport,125,2012-04-23,17,2597,33.652973953608914
2012-04-24T00:00:00Z,-9.578038,53.922202,2012,4,24,Newport,301,2012-04-24,17,2898,37.55345341453933
2012-04-25T00:00:00Z,-9.578038,53.922202,2012,4,25,Newport,163,2012-04-25,17,3061,39.66567318906311
2012-04-26T00:00:00Z,-9.578038,53.922202,2012,4,26,Newport,75,2012-04-26,17,3136,40.63755345341454
2012-04-27T00:00:00Z,-9.578038,53.922202,2012,4,27,Newport,32,2012-04-27,17,3168,41.05222236620448
2012-04-28T00:00:00Z,-9.578038,53.922202,2012,4,28,Newport,50,2012-04-28,17,3218,41.700142542438776
2012-04-29T00:00:00Z,-9.578038,53.922202,2012,4,29,Newport,27,2012-04-29,18,3245,42.050019437605286
2012-04-30T00:00:00Z,-9.578038,53.922202,2012,4,30,Newport,8,2012-04-30,18,3253,42.15368666580277
2012-05-01T00:00:00Z,-9.578038,53.922202,2012,5,1,Newport,3,2012-05-01,18,3256,42.192561876376836
2012-05-02T00:00:00Z,-9.578038,53.922202,2012,5,2,Newport,8,2012-05-02,18,3264,42.296229104574316
2012-05-03T00:00:00Z,-9.578038,53.922202,2012,5,3,Newport,11,2012-05-03,18,3275,42.43877154334586
2012-05-04T00:00:00Z,-9.578038,53.922202,2012,5,4,Newport,8,2012-05-04,18,3283,42.542438771543345
2012-05-05T00:00:00Z,-9.578038,53.922202,2012,5,5,Newport,5,2012-05-05,18,3288,42.60723078916677
2012-05-06T00:00:00Z,-9.578038,53.922202,2012,5,6,Newport,7,2012-05-06,19,3295,42.69793961383957
2012-05-07T00:00:00Z,-9.578038,53.922202,2012,5,7,Newport,7,2012-05-07,19,3302,42.788648438512375
2012-05-08T00:00:00Z,-9.578038,53.922202,2012,5,8,Newport,5,2012-05-08,19,3307,42.85344045613581
2012-05-09T00:00:00Z,-9.578038,53.922202,2012,5,9,Newport,29,2012-05-09,19,3336,43.229234158351694
2012-05-10T00:00:00Z,-9.578038,53.922202,2012,5,10,Newport,10,2012-05-10,19,3346,43.358818193598545
2012-05-11T00:00:00Z,-9.578038,53.922202,2012,5,11,Newport,23,2012-05-11,19,3369,43.65686147466632
2012-05-12T00:00:00Z,-9.578038,53.922202,2012,5,12,Newport,96,2012-05-12,19,3465,44.900868213036155
2012-05-13T00:00:00Z,-9.578038,53.922202,2012,5,13,Newport,38,2012-05-13,20,3503,45.393287546974214
2012-05-14T00:00:00Z,-9.578038,53.922202,2012,5,14,Newport,68,2012-05-14,20,3571,46.274458986652846
2012-05-15T00:00:00Z,-9.578038,53.922202,2012,5,15,Newport,368,2012-05-15,20,3939,51.043151483737205
2012-05-16T00:00:00Z,-9.578038,53.922202,2012,5,16,Newport,1039,2012-05-16,20,4978,64.5069327458857
2012-05-17T00:00:00Z,-9.578038,53.922202,2012,5,17,Newport,893,2012-05-17,20,5871,76.0787870934301
2012-05-18T00:00:00Z,-9.578038,53.922202,2012,5,18,Newport,759,2012-05-18,20,6630,85.91421536866658
2012-05-19T00:00:00Z,-9.578038,53.922202,2012,5,19,Newport,211,2012-05-19,20,6841,88.64843851237526
2012-05-20T00:00:00Z,-9.578038,53.922202,2012,5,20,Newport,270,2012-05-20,21,7111,92.14720746404042
2012-05-21T00:00:00Z,-9.578038,53.922202,2012,5,21,Newport,15,2012-05-21,21,7126,92.34158351691072
2012-05-22T00:00:00Z,-9.578038,53.922202,2012,5,22,Newport,75,2012-05-22,21,7201,93.31346378126216
2012-05-23T00:00:00Z,-9.578038,53.922202,2012,5,23,Newport,165,2012-05-23,21,7366,95.4516003628353
2012-05-24T00:00:00Z,-9.578038,53.922202,2012,5,24,Newport,75,2012-05-24,21,7441,96.42348062718673
2012-05-25T00:00:00Z,-9.578038,53.922202,2012,5,25,Newport,147,2012-05-25,21,7588,98.32836594531554
2012-05-26T00:00:00Z,-9.578038,53.922202,2012,5,26,Newport,35,2012-05-26,21,7623,98.78191006867954
2012-05-27T00:00:00Z,-9.578038,53.922202,2012,5,27,Newport,18,2012-05-27,22,7641,99.01516133212388
2012-05-28T00:00:00Z,-9.578038,53.922202,2012,5,28,Newport,13,2012-05-28,22,7654,99.1836205779448
2012-05-29T00:00:00Z,-9.578038,53.922202,2012,5,29,Newport,8,2012-05-29,22,7662,99.28728780614229
2012-05-30T00:00:00Z,-9.578038,53.922202,2012,5,30,Newport,4,2012-05-30,22,7666,99.33912142024103
2012-05-31T00:00:00Z,-9.578038,53.922202,2012,5,31,Newport,1,2012-05-31,22,7667,99.35207982376572
2012-06-01T00:00:00Z,-9.578038,53.922202,2012,6,1,Newport,3,2012-06-01,22,7670,99.39095503433977
2012-06-02T00:00:00Z,-9.578038,53.922202,2012,6,2,Newport,6,2012-06-02,22,7676,99.46870545548788
2012-06-03T00:00:00Z,-9.578038,53.922202,2012,6,3,Newport,4,2012-06-03,23,7680,99.52053906958662
2012-06-04T00:00:00Z,-9.578038,53.922202,2012,6,4,Newport,6,2012-06-04,23,7686,99.59828949073474
2012-06-05T00:00:00Z,-9.578038,53.922202,2012,6,5,Newport,1,2012-06-05,23,7687,99.61124789425942
2012-06-06T00:00:00Z,-9.578038,53.922202,2012,6,6,Newport,6,2012-06-06,23,7693,99.68899831540755
2012-06-07T00:00:00Z,-9.578038,53.922202,2012,6,7,Newport,1,2012-06-07,23,7694,99.70195671893222
2012-06-08T00:00:00Z,-9.578038,53.922202,2012,6,8,Newport,4,2012-06-08,23,7698,99.75379033303096
2012-06-09T00:00:00Z,-9.578038,53.922202,2012,6,9,Newport,1,2012-06-09,23,7699,99.76674873655566
2012-06-10T00:00:00Z,-9.578038,53.922202,2012,6,10,Newport,3,2012-06-10,24,7702,99.80562394712972
2012-06-11T00:00:00Z,-9.578038,53.922202,2012,6,11,Newport,8,2012-06-11,24,7710,99.9092911753272
2012-06-12T00:00:00Z,-9.578038,53.922202,2012,6,12,Newport,2,2012-06-12,24,7712,99.93520798237657
2012-06-13T00:00:00Z,-9.578038,53.922202,2012,6,13,Newport,1,2012-06-13,24,7713,99.94816638590126
2012-06-18T00:00:00Z,-9.578038,53.922202,2012,6,18,Newport,1,2012-06-18,25,7714,99.96112478942595
2012-07-02T00:00:00Z,-9.578038,53.922202,2012,7,2,Newport,1,2012-07-02,27,7715,99.97408319295063
2012-08-22T00:00:00Z,-9.578038,53.922202,2012,8,22,Newport,1,2012-08-22,34,7716,99.98704159647531
2012-08-28T00:00:00Z,-9.578038,53.922202,2012,8,28,Newport,1,2012-08-28,35,7717,100
2013-04-17T00:00:00Z,-9.578038,53.922202,2013,4,17,Newport,2,2013-04-17,16,2,0.03147128245476003
2013-04-18T00:00:00Z,-9.578038,53.922202,2013,4,18,Newport,4,2013-04-18,16,6,0.0944138473642801
2013-04-19T00:00:00Z,-9.578038,53.922202,2013,4,19,Newport,13,2013-04-19,16,19,0.2989771833202203
2013-04-20T00:00:00Z,-9.578038,53.922202,2013,4,20,Newport,7,2013-04-20,16,26,0.4091266719118804
2013-04-21T00:00:00Z,-9.578038,53.922202,2013,4,21,Newport,1,2013-04-21,16,27,0.42486231313926043
2013-04-22T00:00:00Z,-9.578038,53.922202,2013,4,22,Newport,16,2013-04-22,16,43,0.6766325727773407
2013-04-23T00:00:00Z,-9.578038,53.922202,2013,4,23,Newport,14,2013-04-23,17,57,0.8969315499606609
2013-04-24T00:00:00Z,-9.578038,53.922202,2013,4,24,Newport,12,2013-04-24,17,69,1.0857592446892212
2013-04-25T00:00:00Z,-9.578038,53.922202,2013,4,25,Newport,10,2013-04-25,17,79,1.2431156569630213
2013-04-26T00:00:00Z,-9.578038,53.922202,2013,4,26,Newport,79,2013-04-26,17,158,2.4862313139260426
2013-04-27T00:00:00Z,-9.578038,53.922202,2013,4,27,Newport,64,2013-04-27,17,222,3.493312352478364
2013-04-28T00:00:00Z,-9.578038,53.922202,2013,4,28,Newport,33,2013-04-28,17,255,4.012588512981904
2013-04-29T00:00:00Z,-9.578038,53.922202,2013,4,29,Newport,17,2013-04-29,17,272,4.2800944138473644
2013-04-30T00:00:00Z,-9.578038,53.922202,2013,4,30,Newport,11,2013-04-30,18,283,4.453186467348544
2013-05-01T00:00:00Z,-9.578038,53.922202,2013,5,1,Newport,16,2013-05-01,18,299,4.704956726986625
2013-05-02T00:00:00Z,-9.578038,53.922202,2013,5,2,Newport,43,2013-05-02,18,342,5.381589299763966
2013-05-03T00:00:00Z,-9.578038,53.922202,2013,5,3,Newport,20,2013-05-03,18,362,5.696302124311566
2013-05-04T00:00:00Z,-9.578038,53.922202,2013,5,4,Newport,250,2013-05-04,18,612,9.630212431156568
2013-05-05T00:00:00Z,-9.578038,53.922202,2013,5,5,Newport,107,2013-05-05,18,719,11.313926042486232
2013-05-06T00:00:00Z,-9.578038,53.922202,2013,5,6,Newport,122,2013-05-06,18,841,13.233674272226592
2013-05-07T00:00:00Z,-9.578038,53.922202,2013,5,7,Newport,249,2013-05-07,19,1090,17.151848937844218
2013-05-08T00:00:00Z,-9.578038,53.922202,2013,5,8,Newport,235,2013-05-08,19,1325,20.849724626278523
2013-05-09T00:00:00Z,-9.578038,53.922202,2013,5,9,Newport,160,2013-05-09,19,1485,23.367427222659323
2013-05-10T00:00:00Z,-9.578038,53.922202,2013,5,10,Newport,67,2013-05-10,19,1552,24.421715184893785
2013-05-11T00:00:00Z,-9.578038,53.922202,2013,5,11,Newport,70,2013-05-11,19,1622,25.523210070810386
2013-05-12T00:00:00Z,-9.578038,53.922202,2013,5,12,Newport,42,2013-05-12,19,1664,26.184107002360346
2013-05-13T00:00:00Z,-9.578038,53.922202,2013,5,13,Newport,50,2013-05-13,19,1714,26.97088906372935
2013-05-14T00:00:00Z,-9.578038,53.922202,2013,5,14,Newport,37,2013-05-14,20,1751,27.553107789142405
2013-05-15T00:00:00Z,-9.578038,53.922202,2013,5,15,Newport,178,2013-05-15,20,1929,30.354051927616048
2013-05-16T00:00:00Z,-9.578038,53.922202,2013,5,16,Newport,713,2013-05-16,20,2642,41.573564122738
2013-05-17T00:00:00Z,-9.578038,53.922202,2013,5,17,Newport,807,2013-05-17,20,3449,54.272226593233675
2013-05-18T00:00:00Z,-9.578038,53.922202,2013,5,18,Newport,251,2013-05-18,20,3700,58.22187254130606
2013-05-19T00:00:00Z,-9.578038,53.922202,2013,5,19,Newport,285,2013-05-19,20,3985,62.70653029110937
2013-05-20T00:00:00Z,-9.578038,53.922202,2013,5,20,Newport,487,2013-05-20,20,4472,70.36978756884344
2013-05-21T00:00:00Z,-9.578038,53.922202,2013,5,21,Newport,551,2013-05-21,21,5023,79.04012588512983
2013-05-22T00:00:00Z,-9.578038,53.922202,2013,5,22,Newport,241,2013-05-22,21,5264,82.83241542092841
2013-05-23T00:00:00Z,-9.578038,53.922202,2013,5,23,Newport,155,2013-05-23,21,5419,85.2714398111723
2013-05-24T00:00:00Z,-9.578038,53.922202,2013,5,24,Newport,141,2013-05-24,21,5560,87.49016522423288
2013-05-25T00:00:00Z,-9.578038,53.922202,2013,5,25,Newport,18,2013-05-25,21,5578,87.77340676632572
2013-05-26T00:00:00Z,-9.578038,53.922202,2013,5,26,Newport,4,2013-05-26,21,5582,87.83634933123525
2013-05-27T00:00:00Z,-9.578038,53.922202,2013,5,27,Newport,54,2013-05-27,21,5636,88.68607395751377
2013-05-28T00:00:00Z,-9.578038,53.922202,2013,5,28,Newport,36,2013-05-28,22,5672,89.25255704169945
2013-05-29T00:00:00Z,-9.578038,53.922202,2013,5,29,Newport,216,2013-05-29,22,5888,92.65145554681354
2013-05-30T00:00:00Z,-9.578038,53.922202,2013,5,30,Newport,63,2013-05-30,22,5951,93.64280094413847
2013-05-31T00:00:00Z,-9.578038,53.922202,2013,5,31,Newport,25,2013-05-31,22,5976,94.03619197482297
2013-06-01T00:00:00Z,-9.578038,53.922202,2013,6,1,Newport,19,2013-06-01,22,5995,94.3351691581432
2013-06-02T00:00:00Z,-9.578038,53.922202,2013,6,2,Newport,12,2013-06-02,22,6007,94.52399685287175
2013-06-03T00:00:00Z,-9.578038,53.922202,2013,6,3,Newport,56,2013-06-03,22,6063,95.40519276160504
2013-06-04T00:00:00Z,-9.578038,53.922202,2013,6,4,Newport,123,2013-06-04,23,6186,97.34067663257278
2013-06-05T00:00:00Z,-9.578038,53.922202,2013,6,5,Newport,50,2013-06-05,23,6236,98.12745869394178
2013-06-06T00:00:00Z,-9.578038,53.922202,2013,6,6,Newport,8,2013-06-06,23,6244,98.25334382376082
2013-06-07T00:00:00Z,-9.578038,53.922202,2013,6,7,Newport,18,2013-06-07,23,6262,98.53658536585365
2013-06-08T00:00:00Z,-9.578038,53.922202,2013,6,8,Newport,9,2013-06-08,23,6271,98.67820613690009
2013-06-09T00:00:00Z,-9.578038,53.922202,2013,6,9,Newport,3,2013-06-09,23,6274,98.72541306058223
2013-06-10T00:00:00Z,-9.578038,53.922202,2013,6,10,Newport,6,2013-06-10,23,6280,98.81982690794649
2013-06-12T00:00:00Z,-9.578038,53.922202,2013,6,12,Newport,1,2013-06-12,24,6281,98.83556254917389
2013-06-13T00:00:00Z,-9.578038,53.922202,2013,6,13,Newport,4,2013-06-13,24,6285,98.8985051140834
2013-06-14T00:00:00Z,-9.578038,53.922202,2013,6,14,Newport,1,2013-06-14,24,6286,98.91424075531077
2013-06-15T00:00:00Z,-9.578038,53.922202,2013,6,15,Newport,16,2013-06-15,24,6302,99.16601101494886
2013-06-16T00:00:00Z,-9.578038,53.922202,2013,6,16,Newport,16,2013-06-16,24,6318,99.41778127458693
2013-06-17T00:00:00Z,-9.578038,53.922202,2013,6,17,Newport,10,2013-06-17,24,6328,99.57513768686074
2013-06-18T00:00:00Z,-9.578038,53.922202,2013,6,18,Newport,5,2013-06-18,25,6333,99.65381589299764
2013-06-19T00:00:00Z,-9.578038,53.922202,2013,6,19,Newport,2,2013-06-19,25,6335,99.6852871754524
2013-06-20T00:00:00Z,-9.578038,53.922202,2013,6,20,Newport,1,2013-06-20,25,6336,99.70102281667978
2013-06-22T00:00:00Z,-9.578038,53.922202,2013,6,22,Newport,1,2013-06-22,25,6337,99.71675845790716
2013-06-23T00:00:00Z,-9.578038,53.922202,2013,6,23,Newport,2,2013-06-23,25,6339,99.74822974036192
2013-06-26T00:00:00Z,-9.578038,53.922202,2013,6,26,Newport,1,2013-06-26,26,6340,99.7639653815893
2013-06-28T00:00:00Z,-9.578038,53.922202,2013,6,28,Newport,1,2013-06-28,26,6341,99.77970102281668
2013-07-03T00:00:00Z,-9.578038,53.922202,2013,7,3,Newport,2,2013-07-03,27,6343,99.81117230527144
2013-07-04T00:00:00Z,-9.578038,53.922202,2013,7,4,Newport,1,2013-07-04,27,6344,99.82690794649882
2013-07-05T00:00:00Z,-9.578038,53.922202,2013,7,5,Newport,3,2013-07-05,27,6347,99.87411487018096
2013-07-08T00:00:00Z,-9.578038,53.922202,2013,7,8,Newport,2,2013-07-08,27,6349,99.90558615263572
2013-07-10T00:00:00Z,-9.578038,53.922202,2013,7,10,Newport,1,2013-07-10,28,6350,99.9213217938631
2013-08-19T00:00:00Z,-9.578038,53.922202,2013,8,19,Newport,1,2013-08-19,33,6351,99.93705743509048
2013-08-21T00:00:00Z,-9.578038,53.922202,2013,8,21,Newport,2,2013-08-21,34,6353,99.96852871754524
2013-08-22T00:00:00Z,-9.578038,53.922202,2013,8,22,Newport,1,2013-08-22,34,6354,99.98426435877262
2013-08-25T00:00:00Z,-9.578038,53.922202,2013,8,25,Newport,1,2013-08-25,34,6355,100
2014-03-27T00:00:00Z,-9.578038,53.922202,2014,3,27,Newport,1,2014-03-27,13,1,0.012269938650306749
2014-04-02T00:00:00Z,-9.578038,53.922202,2014,4,2,Newport,1,2014-04-02,14,2,0.024539877300613498
2014-04-03T00:00:00Z,-9.578038,53.922202,2014,4,3,Newport,1,2014-04-03,14,3,0.03680981595092025
2014-04-07T00:00:00Z,-9.578038,53.922202,2014,4,7,Newport,2,2014-04-07,14,5,0.06134969325153375
2014-04-08T00:00:00Z,-9.578038,53.922202,2014,4,8,Newport,1,2014-04-08,14,6,0.0736196319018405
2014-04-09T00:00:00Z,-9.578038,53.922202,2014,4,9,Newport,2,2014-04-09,15,8,0.09815950920245399
2014-04-10T00:00:00Z,-9.578038,53.922202,2014,4,10,Newport,5,2014-04-10,15,13,0.15950920245398773
2014-04-11T00:00:00Z,-9.578038,53.922202,2014,4,11,Newport,16,2014-04-11,15,29,0.3558282208588957
2014-04-12T00:00:00Z,-9.578038,53.922202,2014,4,12,Newport,4,2014-04-12,15,33,0.4049079754601227
2014-04-13T00:00:00Z,-9.578038,53.922202,2014,4,13,Newport,9,2014-04-13,15,42,0.5153374233128835
2014-04-14T00:00:00Z,-9.578038,53.922202,2014,4,14,Newport,5,2014-04-14,15,47,0.5766871165644172
2014-04-15T00:00:00Z,-9.578038,53.922202,2014,4,15,Newport,8,2014-04-15,15,55,0.6748466257668712
2014-04-16T00:00:00Z,-9.578038,53.922202,2014,4,16,Newport,60,2014-04-16,16,115,1.4110429447852761
2014-04-17T00:00:00Z,-9.578038,53.922202,2014,4,17,Newport,4,2014-04-17,16,119,1.460122699386503
2014-04-18T00:00:00Z,-9.578038,53.922202,2014,4,18,Newport,65,2014-04-18,16,184,2.2576687116564416
2014-04-19T00:00:00Z,-9.578038,53.922202,2014,4,19,Newport,56,2014-04-19,16,240,2.9447852760736195
2014-04-20T00:00:00Z,-9.578038,53.922202,2014,4,20,Newport,67,2014-04-20,16,307,3.7668711656441722
2014-04-21T00:00:00Z,-9.578038,53.922202,2014,4,21,Newport,27,2014-04-21,16,334,4.098159509202453
2014-04-22T00:00:00Z,-9.578038,53.922202,2014,4,22,Newport,15,2014-04-22,16,349,4.282208588957055
2014-04-23T00:00:00Z,-9.578038,53.922202,2014,4,23,Newport,17,2014-04-23,17,366,4.49079754601227
2014-04-24T00:00:00Z,-9.578038,53.922202,2014,4,24,Newport,44,2014-04-24,17,410,5.030674846625767
2014-04-25T00:00:00Z,-9.578038,53.922202,2014,4,25,Newport,110,2014-04-25,17,520,6.38036809815951
2014-04-26T00:00:00Z,-9.578038,53.922202,2014,4,26,Newport,49,2014-04-26,17,569,6.9815950920245395
2014-04-27T00:00:00Z,-9.578038,53.922202,2014,4,27,Newport,140,2014-04-27,17,709,8.699386503067483
2014-04-28T00:00:00Z,-9.578038,53.922202,2014,4,28,Newport,559,2014-04-28,17,1268,15.558282208588958
2014-04-29T00:00:00Z,-9.578038,53.922202,2014,4,29,Newport,280,2014-04-29,17,1548,18.993865030674847
2014-04-30T00:00:00Z,-9.578038,53.922202,2014,4,30,Newport,110,2014-04-30,18,1658,20.34355828220859
2014-05-01T00:00:00Z,-9.578038,53.922202,2014,5,1,Newport,200,2014-05-01,18,1858,22.79754601226994
2014-05-02T00:00:00Z,-9.578038,53.922202,2014,5,2,Newport,96,2014-05-02,18,1954,23.975460122699385
2014-05-03T00:00:00Z,-9.578038,53.922202,2014,5,3,Newport,35,2014-05-03,18,1989,24.404907975460123
2014-05-04T00:00:00Z,-9.578038,53.922202,2014,5,4,Newport,270,2014-05-04,18,2259,27.717791411042946
2014-05-05T00:00:00Z,-9.578038,53.922202,2014,5,5,Newport,518,2014-05-05,18,2777,34.07361963190184
2014-05-06T00:00:00Z,-9.578038,53.922202,2014,5,6,Newport,994,2014-05-06,18,3771,46.26993865030675
2014-05-07T00:00:00Z,-9.578038,53.922202,2014,5,7,Newport,997,2014-05-07,19,4768,58.50306748466257
2014-05-08T00:00:00Z,-9.578038,53.922202,2014,5,8,Newport,391,2014-05-08,19,5159,63.30061349693251
2014-05-09T00:00:00Z,-9.578038,53.922202,2014,5,9,Newport,449,2014-05-09,19,5608,68.80981595092025
2014-05-10T00:00:00Z,-9.578038,53.922202,2014,5,10,Newport,405,2014-05-10,19,6013,73.77914110429448
2014-05-11T00:00:00Z,-9.578038,53.922202,2014,5,11,Newport,225,2014-05-11,19,6238,76.5398773006135
2014-05-12T00:00:00Z,-9.578038,53.922202,2014,5,12,Newport,406,2014-05-12,19,6644,81.52147239263805
2014-05-13T00:00:00Z,-9.578038,53.922202,2014,5,13,Newport,206,2014-05-13,19,6850,84.04907975460122
2014-05-14T00:00:00Z,-9.578038,53.922202,2014,5,14,Newport,186,2014-05-14,20,7036,86.33128834355827
2014-05-15T00:00:00Z,-9.578038,53.922202,2014,5,15,Newport,555,2014-05-15,20,7591,93.14110429447852
2014-05-16T00:00:00Z,-9.578038,53.922202,2014,5,16,Newport,39,2014-05-16,20,7630,93.61963190184049
2014-05-17T00:00:00Z,-9.578038,53.922202,2014,5,17,Newport,67,2014-05-17,20,7697,94.44171779141104
2014-05-18T00:00:00Z,-9.578038,53.922202,2014,5,18,Newport,120,2014-05-18,20,7817,95.91411042944785
2014-05-19T00:00:00Z,-9.578038,53.922202,2014,5,19,Newport,203,2014-05-19,20,8020,98.40490797546012
2014-05-20T00:00:00Z,-9.578038,53.922202,2014,5,20,Newport,48,2014-05-20,20,8068,98.99386503067484
2014-05-21T00:00:00Z,-9.578038,53.922202,2014,5,21,Newport,17,2014-05-21,21,8085,99.20245398773007
2014-05-22T00:00:00Z,-9.578038,53.922202,2014,5,22,Newport,28,2014-05-22,21,8113,99.54601226993866
2014-05-23T00:00:00Z,-9.578038,53.922202,2014,5,23,Newport,10,2014-05-23,21,8123,99.66871165644172
2014-05-24T00:00:00Z,-9.578038,53.922202,2014,5,24,Newport,13,2014-05-24,21,8136,99.8282208588957
2014-05-25T00:00:00Z,-9.578038,53.922202,2014,5,25,Newport,4,2014-05-25,21,8140,99.87730061349693
2014-05-27T00:00:00Z,-9.578038,53.922202,2014,5,27,Newport,1,2014-05-27,21,8141,99.88957055214725
2014-05-28T00:00:00Z,-9.578038,53.922202,2014,5,28,Newport,2,2014-05-28,22,8143,99.91411042944786
2014-05-29T00:00:00Z,-9.578038,53.922202,2014,5,29,Newport,4,2014-05-29,22,8147,99.96319018404908
2014-05-30T00:00:00Z,-9.578038,53.922202,2014,5,30,Newport,1,2014-05-30,22,8148,99.97546012269939
2014-06-16T00:00:00Z,-9.578038,53.922202,2014,6,16,Newport,1,2014-06-16,24,8149,99.9877300613497
2014-07-16T00:00:00Z,-9.578038,53.922202,2014,7,16,Newport,1,2014-07-16,29,8150,100
2015-03-07T00:00:00Z,-9.578038,53.922202,2015,3,7,Newport,1,2015-03-07,10,1,0.014216661927779357
2015-03-23T00:00:00Z,-9.578038,53.922202,2015,3,23,Newport,1,2015-03-23,12,2,0.028433323855558714
2015-03-29T00:00:00Z,-9.578038,53.922202,2015,3,29,Newport,2,2015-03-29,13,4,0.05686664771111743
2015-04-05T00:00:00Z,-9.578038,53.922202,2015,4,5,Newport,2,2015-04-05,14,6,0.08529997156667614
2015-04-06T00:00:00Z,-9.578038,53.922202,2015,4,6,Newport,2,2015-04-06,14,8,0.11373329542223486
2015-04-07T00:00:00Z,-9.578038,53.922202,2015,4,7,Newport,1,2015-04-07,14,9,0.12794995735001422
2015-04-08T00:00:00Z,-9.578038,53.922202,2015,4,8,Newport,8,2015-04-08,14,17,0.24168325277224909
2015-04-09T00:00:00Z,-9.578038,53.922202,2015,4,9,Newport,13,2015-04-09,15,30,0.4264998578333807
2015-04-10T00:00:00Z,-9.578038,53.922202,2015,4,10,Newport,4,2015-04-10,15,34,0.48336650554449817
2015-04-11T00:00:00Z,-9.578038,53.922202,2015,4,11,Newport,2,2015-04-11,15,36,0.5117998294000569
2015-04-12T00:00:00Z,-9.578038,53.922202,2015,4,12,Newport,5,2015-04-12,15,41,0.5828831390389536
2015-04-13T00:00:00Z,-9.578038,53.922202,2015,4,13,Newport,18,2015-04-13,15,59,0.8387830537389821
2015-04-14T00:00:00Z,-9.578038,53.922202,2015,4,14,Newport,5,2015-04-14,15,64,0.9098663633778789
2015-04-15T00:00:00Z,-9.578038,53.922202,2015,4,15,Newport,5,2015-04-15,15,69,0.9809496730167757
2015-04-16T00:00:00Z,-9.578038,53.922202,2015,4,16,Newport,44,2015-04-16,16,113,1.6064827978390674
2015-04-17T00:00:00Z,-9.578038,53.922202,2015,4,17,Newport,51,2015-04-17,16,164,2.3315325561558145
2015-04-18T00:00:00Z,-9.578038,53.922202,2015,4,18,Newport,56,2015-04-18,16,220,3.127665624111459
2015-04-19T00:00:00Z,-9.578038,53.922202,2015,4,19,Newport,56,2015-04-19,16,276,3.923798692067103
2015-04-20T00:00:00Z,-9.578038,53.922202,2015,4,20,Newport,26,2015-04-20,16,302,4.293431902189366
2015-04-21T00:00:00Z,-9.578038,53.922202,2015,4,21,Newport,107,2015-04-21,16,409,5.814614728461757
2015-04-22T00:00:00Z,-9.578038,53.922202,2015,4,22,Newport,67,2015-04-22,16,476,6.767131077622975
2015-04-23T00:00:00Z,-9.578038,53.922202,2015,4,23,Newport,17,2015-04-23,17,493,7.008814330395223
2015-04-24T00:00:00Z,-9.578038,53.922202,2015,4,24,Newport,24,2015-04-24,17,517,7.350014216661928
2015-04-25T00:00:00Z,-9.578038,53.922202,2015,4,25,Newport,47,2015-04-25,17,564,8.018197327267558
2015-04-26T00:00:00Z,-9.578038,53.922202,2015,4,26,Newport,78,2015-04-26,17,642,9.127096957634349
2015-04-27T00:00:00Z,-9.578038,53.922202,2015,4,27,Newport,34,2015-04-27,17,676,9.610463463178846
2015-04-28T00:00:00Z,-9.578038,53.922202,2015,4,28,Newport,16,2015-04-28,17,692,9.837930054023316
2015-04-29T00:00:00Z,-9.578038,53.922202,2015,4,29,Newport,59,2015-04-29,17,751,10.676713107762298
2015-04-30T00:00:00Z,-9.578038,53.922202,2015,4,30,Newport,410,2015-04-30,18,1161,16.505544498151835
2015-05-01T00:00:00Z,-9.578038,53.922202,2015,5,1,Newport,301,2015-05-01,18,1462,20.78475973841342
2015-05-02T00:00:00Z,-9.578038,53.922202,2015,5,2,Newport,157,2015-05-02,18,1619,23.016775661074778
2015-05-03T00:00:00Z,-9.578038,53.922202,2015,5,3,Newport,170,2015-05-03,18,1789,25.43360818879727
2015-05-04T00:00:00Z,-9.578038,53.922202,2015,5,4,Newport,223,2015-05-04,18,2012,28.603923798692065
2015-05-05T00:00:00Z,-9.578038,53.922202,2015,5,5,Newport,27,2015-05-05,18,2039,28.98777367074211
2015-05-06T00:00:00Z,-9.578038,53.922202,2015,5,6,Newport,356,2015-05-06,18,2395,34.04890531703156
2015-05-07T00:00:00Z,-9.578038,53.922202,2015,5,7,Newport,2267,2015-05-07,19,4662,66.27807790730736
2015-05-08T00:00:00Z,-9.578038,53.922202,2015,5,8,Newport,171,2015-05-08,19,4833,68.70912709695763
2015-05-09T00:00:00Z,-9.578038,53.922202,2015,5,9,Newport,417,2015-05-09,19,5250,74.63747512084163
2015-05-10T00:00:00Z,-9.578038,53.922202,2015,5,10,Newport,202,2015-05-10,19,5452,77.50924083025306
2015-05-11T00:00:00Z,-9.578038,53.922202,2015,5,11,Newport,214,2015-05-11,19,5666,80.55160648279784
2015-05-12T00:00:00Z,-9.578038,53.922202,2015,5,12,Newport,118,2015-05-12,19,5784,82.2291725902758
2015-05-13T00:00:00Z,-9.578038,53.922202,2015,5,13,Newport,127,2015-05-13,19,5911,84.03468865510378
2015-05-14T00:00:00Z,-9.578038,53.922202,2015,5,14,Newport,269,2015-05-14,20,6180,87.85897071367643
2015-05-15T00:00:00Z,-9.578038,53.922202,2015,5,15,Newport,60,2015-05-15,20,6240,88.7119704293432
2015-05-16T00:00:00Z,-9.578038,53.922202,2015,5,16,Newport,116,2015-05-16,20,6356,90.3611032129656
2015-05-17T00:00:00Z,-9.578038,53.922202,2015,5,17,Newport,26,2015-05-17,20,6382,90.73073642308785
2015-05-18T00:00:00Z,-9.578038,53.922202,2015,5,18,Newport,98,2015-05-18,20,6480,92.12396929201023
2015-05-19T00:00:00Z,-9.578038,53.922202,2015,5,19,Newport,39,2015-05-19,20,6519,92.67841910719363
2015-05-20T00:00:00Z,-9.578038,53.922202,2015,5,20,Newport,89,2015-05-20,20,6608,93.94370201876599
2015-05-21T00:00:00Z,-9.578038,53.922202,2015,5,21,Newport,84,2015-05-21,21,6692,95.13790162069947
2015-05-22T00:00:00Z,-9.578038,53.922202,2015,5,22,Newport,17,2015-05-22,21,6709,95.37958487347171
2015-05-23T00:00:00Z,-9.578038,53.922202,2015,5,23,Newport,45,2015-05-23,21,6754,96.01933466022177
2015-05-24T00:00:00Z,-9.578038,53.922202,2015,5,24,Newport,47,2015-05-24,21,6801,96.68751777082741
2015-05-25T00:00:00Z,-9.578038,53.922202,2015,5,25,Newport,34,2015-05-25,21,6835,97.17088427637191
2015-05-26T00:00:00Z,-9.578038,53.922202,2015,5,26,Newport,49,2015-05-26,21,6884,97.8675007108331
2015-05-27T00:00:00Z,-9.578038,53.922202,2015,5,27,Newport,40,2015-05-27,21,6924,98.43616718794426
2015-05-28T00:00:00Z,-9.578038,53.922202,2015,5,28,Newport,9,2015-05-28,22,6933,98.56411714529429
2015-05-29T00:00:00Z,-9.578038,53.922202,2015,5,29,Newport,8,2015-05-29,22,6941,98.67785044071653
2015-05-30T00:00:00Z,-9.578038,53.922202,2015,5,30,Newport,19,2015-05-30,22,6960,98.94796701734433
2015-05-31T00:00:00Z,-9.578038,53.922202,2015,5,31,Newport,10,2015-05-31,22,6970,99.09013363662213
2015-06-01T00:00:00Z,-9.578038,53.922202,2015,6,1,Newport,14,2015-06-01,22,6984,99.28916690361103
2015-06-02T00:00:00Z,-9.578038,53.922202,2015,6,2,Newport,12,2015-06-02,22,6996,99.45976684674437
2015-06-03T00:00:00Z,-9.578038,53.922202,2015,6,3,Newport,8,2015-06-03,22,7004,99.57350014216661
2015-06-04T00:00:00Z,-9.578038,53.922202,2015,6,4,Newport,10,2015-06-04,23,7014,99.71566676144441
2015-06-05T00:00:00Z,-9.578038,53.922202,2015,6,5,Newport,4,2015-06-05,23,7018,99.77253340915553
2015-06-07T00:00:00Z,-9.578038,53.922202,2015,6,7,Newport,2,2015-06-07,23,7020,99.80096673301108
2015-06-08T00:00:00Z,-9.578038,53.922202,2015,6,8,Newport,4,2015-06-08,23,7024,99.85783338072221
2015-06-09T00:00:00Z,-9.578038,53.922202,2015,6,9,Newport,1,2015-06-09,23,7025,99.87205004264999
2015-06-11T00:00:00Z,-9.578038,53.922202,2015,6,11,Newport,1,2015-06-11,24,7026,99.88626670457776
2015-06-12T00:00:00Z,-9.578038,53.922202,2015,6,12,Newport,2,2015-06-12,24,7028,99.91470002843332
2015-06-13T00:00:00Z,-9.578038,53.922202,2015,6,13,Newport,1,2015-06-13,24,7029,99.9289166903611
2015-06-14T00:00:00Z,-9.578038,53.922202,2015,6,14,Newport,1,2015-06-14,24,7030,99.94313335228888
2015-06-17T00:00:00Z,-9.578038,53.922202,2015,6,17,Newport,1,2015-06-17,24,7031,99.95735001421666
2015-07-03T00:00:00Z,-9.578038,53.922202,2015,7,3,Newport,1,2015-07-03,27,7032,99.97156667614445
2015-07-08T00:00:00Z,-9.578038,53.922202,2015,7,8,Newport,1,2015-07-08,27,7033,99.98578333807222
2015-07-13T00:00:00Z,-9.578038,53.922202,2015,7,13,Newport,1,2015-07-13,28,7034,100
2016-03-29T00:00:00Z,-9.578038,53.922202,2016,3,29,Newport,2,2016-03-29,13,2,0.027166530834012496
2016-03-30T00:00:00Z,-9.578038,53.922202,2016,3,30,Newport,1,2016-03-30,13,3,0.040749796251018745
2016-04-01T00:00:00Z,-9.578038,53.922202,2016,4,1,Newport,1,2016-04-01,14,4,0.05433306166802499
2016-04-03T00:00:00Z,-9.578038,53.922202,2016,4,3,Newport,2,2016-04-03,14,6,0.08149959250203749
2016-04-04T00:00:00Z,-9.578038,53.922202,2016,4,4,Newport,2,2016-04-04,14,8,0.10866612333604998
2016-04-05T00:00:00Z,-9.578038,53.922202,2016,4,5,Newport,1,2016-04-05,14,9,0.12224938875305623
2016-04-06T00:00:00Z,-9.578038,53.922202,2016,4,6,Newport,1,2016-04-06,14,10,0.1358326541700625
2016-04-07T00:00:00Z,-9.578038,53.922202,2016,4,7,Newport,3,2016-04-07,14,13,0.17658245042108123
2016-04-08T00:00:00Z,-9.578038,53.922202,2016,4,8,Newport,1,2016-04-08,15,14,0.19016571583808747
2016-04-09T00:00:00Z,-9.578038,53.922202,2016,4,9,Newport,1,2016-04-09,15,15,0.20374898125509372
2016-04-10T00:00:00Z,-9.578038,53.922202,2016,4,10,Newport,3,2016-04-10,15,18,0.24449877750611246
2016-04-11T00:00:00Z,-9.578038,53.922202,2016,4,11,Newport,15,2016-04-11,15,33,0.44824775876120615
2016-04-12T00:00:00Z,-9.578038,53.922202,2016,4,12,Newport,14,2016-04-12,15,47,0.6384134745992937
2016-04-13T00:00:00Z,-9.578038,53.922202,2016,4,13,Newport,5,2016-04-13,15,52,0.7063298016843249
2016-04-14T00:00:00Z,-9.578038,53.922202,2016,4,14,Newport,16,2016-04-14,15,68,0.9236620483564248
2016-04-15T00:00:00Z,-9.578038,53.922202,2016,4,15,Newport,17,2016-04-15,16,85,1.154577560445531
2016-04-16T00:00:00Z,-9.578038,53.922202,2016,4,16,Newport,20,2016-04-16,16,105,1.426242868785656
2016-04-17T00:00:00Z,-9.578038,53.922202,2016,4,17,Newport,25,2016-04-17,16,130,1.7658245042108123
2016-04-18T00:00:00Z,-9.578038,53.922202,2016,4,18,Newport,11,2016-04-18,16,141,1.915240423797881
2016-04-19T00:00:00Z,-9.578038,53.922202,2016,4,19,Newport,7,2016-04-19,16,148,2.010323281716925
2016-04-20T00:00:00Z,-9.578038,53.922202,2016,4,20,Newport,29,2016-04-20,16,177,2.404237978810106
2016-04-21T00:00:00Z,-9.578038,53.922202,2016,4,21,Newport,21,2016-04-21,16,198,2.689486552567237
2016-04-22T00:00:00Z,-9.578038,53.922202,2016,4,22,Newport,24,2016-04-22,17,222,3.015484922575387
2016-04-23T00:00:00Z,-9.578038,53.922202,2016,4,23,Newport,28,2016-04-23,17,250,3.3958163542515623
2016-04-24T00:00:00Z,-9.578038,53.922202,2016,4,24,Newport,19,2016-04-24,17,269,3.6538983971746806
2016-04-25T00:00:00Z,-9.578038,53.922202,2016,4,25,Newport,26,2016-04-25,17,295,4.007063298016844
2016-04-26T00:00:00Z,-9.578038,53.922202,2016,4,26,Newport,24,2016-04-26,17,319,4.333061668024993
2016-04-27T00:00:00Z,-9.578038,53.922202,2016,4,27,Newport,11,2016-04-27,17,330,4.4824775876120615
2016-04-28T00:00:00Z,-9.578038,53.922202,2016,4,28,Newport,6,2016-04-28,17,336,4.5639771801141
2016-04-29T00:00:00Z,-9.578038,53.922202,2016,4,29,Newport,12,2016-04-29,18,348,4.726976365118174
2016-04-30T00:00:00Z,-9.578038,53.922202,2016,4,30,Newport,30,2016-04-30,18,378,5.134474327628362
2016-05-01T00:00:00Z,-9.578038,53.922202,2016,5,1,Newport,89,2016-05-01,18,467,6.3433849497419175
2016-05-02T00:00:00Z,-9.578038,53.922202,2016,5,2,Newport,585,2016-05-02,18,1052,14.289595218690573
2016-05-03T00:00:00Z,-9.578038,53.922202,2016,5,3,Newport,634,2016-05-03,18,1686,22.901385493072535
2016-05-04T00:00:00Z,-9.578038,53.922202,2016,5,4,Newport,342,2016-05-04,18,2028,27.54686226568867
2016-05-05T00:00:00Z,-9.578038,53.922202,2016,5,5,Newport,1183,2016-05-05,18,3211,43.61586525400706
2016-05-06T00:00:00Z,-9.578038,53.922202,2016,5,6,Newport,344,2016-05-06,19,3555,48.28850855745721
2016-05-07T00:00:00Z,-9.578038,53.922202,2016,5,7,Newport,312,2016-05-07,19,3867,52.526487367563156
2016-05-08T00:00:00Z,-9.578038,53.922202,2016,5,8,Newport,143,2016-05-08,19,4010,54.46889432219506
2016-05-09T00:00:00Z,-9.578038,53.922202,2016,5,9,Newport,990,2016-05-09,19,5000,67.91632708503124
2016-05-10T00:00:00Z,-9.578038,53.922202,2016,5,10,Newport,166,2016-05-10,19,5166,70.17114914425427
2016-05-11T00:00:00Z,-9.578038,53.922202,2016,5,11,Newport,351,2016-05-11,19,5517,74.93887530562347
2016-05-12T00:00:00Z,-9.578038,53.922202,2016,5,12,Newport,495,2016-05-12,19,6012,81.66259168704157
2016-05-13T00:00:00Z,-9.578038,53.922202,2016,5,13,Newport,213,2016-05-13,20,6225,84.5558272208639
2016-05-14T00:00:00Z,-9.578038,53.922202,2016,5,14,Newport,110,2016-05-14,20,6335,86.04998641673458
2016-05-15T00:00:00Z,-9.578038,53.922202,2016,5,15,Newport,64,2016-05-15,20,6399,86.91931540342298
2016-05-16T00:00:00Z,-9.578038,53.922202,2016,5,16,Newport,99,2016-05-16,20,6498,88.26405867970661
2016-05-17T00:00:00Z,-9.578038,53.922202,2016,5,17,Newport,26,2016-05-17,20,6524,88.61722358054877
2016-05-18T00:00:00Z,-9.578038,53.922202,2016,5,18,Newport,19,2016-05-18,20,6543,88.87530562347187
2016-05-19T00:00:00Z,-9.578038,53.922202,2016,5,19,Newport,14,2016-05-19,20,6557,89.06547133930997
2016-05-20T00:00:00Z,-9.578038,53.922202,2016,5,20,Newport,14,2016-05-20,21,6571,89.25563705514806
2016-05-21T00:00:00Z,-9.578038,53.922202,2016,5,21,Newport,111,2016-05-21,21,6682,90.76337951643575
2016-05-22T00:00:00Z,-9.578038,53.922202,2016,5,22,Newport,110,2016-05-22,21,6792,92.25753871230644
2016-05-23T00:00:00Z,-9.578038,53.922202,2016,5,23,Newport,78,2016-05-23,21,6870,93.31703341483293
2016-05-24T00:00:00Z,-9.578038,53.922202,2016,5,24,Newport,168,2016-05-24,21,7038,95.59902200488997
2016-05-25T00:00:00Z,-9.578038,53.922202,2016,5,25,Newport,27,2016-05-25,21,7065,95.96577017114915
2016-05-26T00:00:00Z,-9.578038,53.922202,2016,5,26,Newport,58,2016-05-26,21,7123,96.7535995653355
2016-05-27T00:00:00Z,-9.578038,53.922202,2016,5,27,Newport,12,2016-05-27,22,7135,96.91659875033957
2016-05-28T00:00:00Z,-9.578038,53.922202,2016,5,28,Newport,39,2016-05-28,22,7174,97.44634610160283
2016-05-29T00:00:00Z,-9.578038,53.922202,2016,5,29,Newport,27,2016-05-29,22,7201,97.81309426786198
2016-05-30T00:00:00Z,-9.578038,53.922202,2016,5,30,Newport,24,2016-05-30,22,7225,98.13909263787014
2016-05-31T00:00:00Z,-9.578038,53.922202,2016,5,31,Newport,19,2016-05-31,22,7244,98.39717468079327
2016-06-01T00:00:00Z,-9.578038,53.922202,2016,6,1,Newport,6,2016-06-01,22,7250,98.4786742732953
2016-06-02T00:00:00Z,-9.578038,53.922202,2016,6,2,Newport,4,2016-06-02,22,7254,98.53300733496333
2016-06-03T00:00:00Z,-9.578038,53.922202,2016,6,3,Newport,10,2016-06-03,23,7264,98.66883998913339
2016-06-04T00:00:00Z,-9.578038,53.922202,2016,6,4,Newport,4,2016-06-04,23,7268,98.72317305080142
2016-06-05T00:00:00Z,-9.578038,53.922202,2016,6,5,Newport,8,2016-06-05,23,7276,98.83183917413746
2016-06-06T00:00:00Z,-9.578038,53.922202,2016,6,6,Newport,2,2016-06-06,23,7278,98.85900570497147
2016-06-07T00:00:00Z,-9.578038,53.922202,2016,6,7,Newport,4,2016-06-07,23,7282,98.9133387666395
2016-06-08T00:00:00Z,-9.578038,53.922202,2016,6,8,Newport,5,2016-06-08,23,7287,98.98125509372453
2016-06-09T00:00:00Z,-9.578038,53.922202,2016,6,9,Newport,3,2016-06-09,23,7290,99.02200488997555
2016-06-11T00:00:00Z,-9.578038,53.922202,2016,6,11,Newport,1,2016-06-11,24,7291,99.03558815539255
2016-06-15T00:00:00Z,-9.578038,53.922202,2016,6,15,Newport,1,2016-06-15,24,7292,99.04917142080957
2016-06-16T00:00:00Z,-9.578038,53.922202,2016,6,16,Newport,4,2016-06-16,24,7296,99.10350448247759
2016-06-17T00:00:00Z,-9.578038,53.922202,2016,6,17,Newport,1,2016-06-17,25,7297,99.1170877478946
2016-06-18T00:00:00Z,-9.578038,53.922202,2016,6,18,Newport,2,2016-06-18,25,7299,99.14425427872861
2016-06-19T00:00:00Z,-9.578038,53.922202,2016,6,19,Newport,2,2016-06-19,25,7301,99.17142080956262
2016-06-20T00:00:00Z,-9.578038,53.922202,2016,6,20,Newport,5,2016-06-20,25,7306,99.23933713664765
2016-06-21T00:00:00Z,-9.578038,53.922202,2016,6,21,Newport,5,2016-06-21,25,7311,99.30725346373268
2016-06-22T00:00:00Z,-9.578038,53.922202,2016,6,22,Newport,4,2016-06-22,25,7315,99.3615865254007
2016-06-23T00:00:00Z,-9.578038,53.922202,2016,6,23,Newport,2,2016-06-23,25,7317,99.38875305623472
2016-06-24T00:00:00Z,-9.578038,53.922202,2016,6,24,Newport,1,2016-06-24,26,7318,99.40233632165173
2016-06-25T00:00:00Z,-9.578038,53.922202,2016,6,25,Newport,2,2016-06-25,26,7320,99.42950285248574
2016-06-26T00:00:00Z,-9.578038,53.922202,2016,6,26,Newport,2,2016-06-26,26,7322,99.45666938331975
2016-06-27T00:00:00Z,-9.578038,53.922202,2016,6,27,Newport,2,2016-06-27,26,7324,99.48383591415376
2016-06-28T00:00:00Z,-9.578038,53.922202,2016,6,28,Newport,2,2016-06-28,26,7326,99.51100244498777
2016-06-29T00:00:00Z,-9.578038,53.922202,2016,6,29,Newport,1,2016-06-29,26,7327,99.52458571040478
2016-07-02T00:00:00Z,-9.578038,53.922202,2016,7,2,Newport,2,2016-07-02,27,7329,99.55175224123879
2016-07-03T00:00:00Z,-9.578038,53.922202,2016,7,3,Newport,1,2016-07-03,27,7330,99.5653355066558
2016-07-04T00:00:00Z,-9.578038,53.922202,2016,7,4,Newport,1,2016-07-04,27,7331,99.57891877207281
2016-07-05T00:00:00Z,-9.578038,53.922202,2016,7,5,Newport,2,2016-07-05,27,7333,99.60608530290682
2016-07-08T00:00:00Z,-9.578038,53.922202,2016,7,8,Newport,1,2016-07-08,28,7334,99.61966856832383
2016-07-09T00:00:00Z,-9.578038,53.922202,2016,7,9,Newport,1,2016-07-09,28,7335,99.63325183374083
2016-07-11T00:00:00Z,-9.578038,53.922202,2016,7,11,Newport,6,2016-07-11,28,7341,99.71475142624287
2016-07-12T00:00:00Z,-9.578038,53.922202,2016,7,12,Newport,2,2016-07-12,28,7343,99.7419179570769
2016-07-13T00:00:00Z,-9.578038,53.922202,2016,7,13,Newport,8,2016-07-13,28,7351,99.85058408041293
2016-07-14T00:00:00Z,-9.578038,53.922202,2016,7,14,Newport,1,2016-07-14,28,7352,99.86416734582994
2016-07-27T00:00:00Z,-9.578038,53.922202,2016,7,27,Newport,1,2016-07-27,30,7353,99.87775061124694
2016-08-02T00:00:00Z,-9.578038,53.922202,2016,8,2,Newport,1,2016-08-02,31,7354,99.89133387666395
2016-08-09T00:00:00Z,-9.578038,53.922202,2016,8,9,Newport,1,2016-08-09,32,7355,99.90491714208095
2016-08-10T00:00:00Z,-9.578038,53.922202,2016,8,10,Newport,1,2016-08-10,32,7356,99.91850040749797
2016-08-12T00:00:00Z,-9.578038,53.922202,2016,8,12,Newport,1,2016-08-12,33,7357,99.93208367291497
2016-08-18T00:00:00Z,-9.578038,53.922202,2016,8,18,Newport,1,2016-08-18,33,7358,99.94566693833198
2016-08-19T00:00:00Z,-9.578038,53.922202,2016,8,19,Newport,1,2016-08-19,34,7359,99.95925020374898
2016-08-20T00:00:00Z,-9.578038,53.922202,2016,8,20,Newport,1,2016-08-20,34,7360,99.97283346916599
2016-08-24T00:00:00Z,-9.578038,53.922202,2016,8,24,Newport,1,2016-08-24,34,7361,99.98641673458299
2016-08-28T00:00:00Z,-9.578038,53.922202,2016,8,28,Newport,1,2016-08-28,35,7362,100
2017-03-21T00:00:00Z,-9.578038,53.922202,2017,3,21,Newport,1,2017-03-21,12,1,0.019884668920262475
2017-03-24T00:00:00Z,-9.578038,53.922202,2017,3,24,Newport,1,2017-03-24,12,2,0.03976933784052495
2017-03-26T00:00:00Z,-9.578038,53.922202,2017,3,26,Newport,1,2017-03-26,13,3,0.059654006760787436
2017-03-28T00:00:00Z,-9.578038,53.922202,2017,3,28,Newport,1,2017-03-28,13,4,0.0795386756810499
2017-03-30T00:00:00Z,-9.578038,53.922202,2017,3,30,Newport,1,2017-03-30,13,5,0.0994233446013124
2017-03-31T00:00:00Z,-9.578038,53.922202,2017,3,31,Newport,2,2017-03-31,13,7,0.13919268244183733
2017-04-01T00:00:00Z,-9.578038,53.922202,2017,4,1,Newport,1,2017-04-01,13,8,0.1590773513620998
2017-04-02T00:00:00Z,-9.578038,53.922202,2017,4,2,Newport,6,2017-04-02,14,14,0.27838536488367466
2017-04-04T00:00:00Z,-9.578038,53.922202,2017,4,4,Newport,3,2017-04-04,14,17,0.33803937164446213
2017-04-05T00:00:00Z,-9.578038,53.922202,2017,4,5,Newport,8,2017-04-05,14,25,0.49711672300656196
2017-04-06T00:00:00Z,-9.578038,53.922202,2017,4,6,Newport,3,2017-04-06,14,28,0.5567707297673493
2017-04-07T00:00:00Z,-9.578038,53.922202,2017,4,7,Newport,10,2017-04-07,14,38,0.7556174189699741
2017-04-08T00:00:00Z,-9.578038,53.922202,2017,4,8,Newport,6,2017-04-08,14,44,0.874925432491549
2017-04-09T00:00:00Z,-9.578038,53.922202,2017,4,9,Newport,11,2017-04-09,15,55,1.0936567906144363
2017-04-10T00:00:00Z,-9.578038,53.922202,2017,4,10,Newport,17,2017-04-10,15,72,1.4316961622588984
2017-04-11T00:00:00Z,-9.578038,53.922202,2017,4,11,Newport,24,2017-04-11,15,96,1.908928216345198
2017-04-12T00:00:00Z,-9.578038,53.922202,2017,4,12,Newport,6,2017-04-12,15,102,2.028236229866773
2017-04-13T00:00:00Z,-9.578038,53.922202,2017,4,13,Newport,20,2017-04-13,15,122,2.425929608272022
2017-04-14T00:00:00Z,-9.578038,53.922202,2017,4,14,Newport,10,2017-04-14,15,132,2.6247762974746474
2017-04-15T00:00:00Z,-9.578038,53.922202,2017,4,15,Newport,32,2017-04-15,15,164,3.2610857029230464
2017-04-16T00:00:00Z,-9.578038,53.922202,2017,4,16,Newport,52,2017-04-16,16,216,4.295088486776695
2017-04-17T00:00:00Z,-9.578038,53.922202,2017,4,17,Newport,32,2017-04-17,16,248,4.931397892225094
2017-04-18T00:00:00Z,-9.578038,53.922202,2017,4,18,Newport,200,2017-04-18,16,448,8.908331676277589
2017-04-19T00:00:00Z,-9.578038,53.922202,2017,4,19,Newport,89,2017-04-19,16,537,10.67806721018095
2017-04-20T00:00:00Z,-9.578038,53.922202,2017,4,20,Newport,26,2017-04-20,16,563,11.195068602107774
2017-04-21T00:00:00Z,-9.578038,53.922202,2017,4,21,Newport,27,2017-04-21,16,590,11.731954662954863
2017-04-22T00:00:00Z,-9.578038,53.922202,2017,4,22,Newport,74,2017-04-22,16,664,13.203420163054286
2017-04-23T00:00:00Z,-9.578038,53.922202,2017,4,23,Newport,109,2017-04-23,17,773,15.370849075362894
2017-04-24T00:00:00Z,-9.578038,53.922202,2017,4,24,Newport,49,2017-04-24,17,822,16.345197852455755
2017-04-25T00:00:00Z,-9.578038,53.922202,2017,4,25,Newport,55,2017-04-25,17,877,17.438854643070194
2017-04-26T00:00:00Z,-9.578038,53.922202,2017,4,26,Newport,19,2017-04-26,17,896,17.816663352555178
2017-04-27T00:00:00Z,-9.578038,53.922202,2017,4,27,Newport,12,2017-04-27,17,908,18.05527937959833
2017-04-28T00:00:00Z,-9.578038,53.922202,2017,4,28,Newport,15,2017-04-28,17,923,18.353549413402266
2017-04-29T00:00:00Z,-9.578038,53.922202,2017,4,29,Newport,6,2017-04-29,17,929,18.47285742692384
2017-04-30T00:00:00Z,-9.578038,53.922202,2017,4,30,Newport,5,2017-04-30,18,934,18.572280771525154
2017-05-01T00:00:00Z,-9.578038,53.922202,2017,5,1,Newport,2,2017-05-01,18,936,18.61205010936568
2017-05-02T00:00:00Z,-9.578038,53.922202,2017,5,2,Newport,17,2017-05-02,18,953,18.950089481010142
2017-05-03T00:00:00Z,-9.578038,53.922202,2017,5,3,Newport,45,2017-05-03,18,998,19.844899582421952
2017-05-04T00:00:00Z,-9.578038,53.922202,2017,5,4,Newport,64,2017-05-04,18,1062,21.11751839331875
2017-05-05T00:00:00Z,-9.578038,53.922202,2017,5,5,Newport,85,2017-05-05,18,1147,22.80771525154106
2017-05-06T00:00:00Z,-9.578038,53.922202,2017,5,6,Newport,49,2017-05-06,18,1196,23.782064028633922
2017-05-07T00:00:00Z,-9.578038,53.922202,2017,5,7,Newport,157,2017-05-07,19,1353,26.903957049115135
2017-05-08T00:00:00Z,-9.578038,53.922202,2017,5,8,Newport,596,2017-05-08,19,1949,38.755219725591566
2017-05-09T00:00:00Z,-9.578038,53.922202,2017,5,9,Newport,596,2017-05-09,19,2545,50.60648240206801
2017-05-10T00:00:00Z,-9.578038,53.922202,2017,5,10,Newport,116,2017-05-10,19,2661,52.91310399681846
2017-05-11T00:00:00Z,-9.578038,53.922202,2017,5,11,Newport,222,2017-05-11,19,2883,57.32750049711672
2017-05-12T00:00:00Z,-9.578038,53.922202,2017,5,12,Newport,166,2017-05-12,19,3049,60.628355537880296
2017-05-13T00:00:00Z,-9.578038,53.922202,2017,5,13,Newport,4,2017-05-13,19,3053,60.70789421356134
2017-05-14T00:00:00Z,-9.578038,53.922202,2017,5,14,Newport,3,2017-05-14,20,3056,60.767548220322134
2017-05-15T00:00:00Z,-9.578038,53.922202,2017,5,15,Newport,1001,2017-05-15,20,4057,80.67210180950487
2017-05-16T00:00:00Z,-9.578038,53.922202,2017,5,16,Newport,461,2017-05-16,20,4518,89.83893418174588
2017-05-17T00:00:00Z,-9.578038,53.922202,2017,5,17,Newport,132,2017-05-17,20,4650,92.46371047922052
2017-05-18T00:00:00Z,-9.578038,53.922202,2017,5,18,Newport,106,2017-05-18,20,4756,94.57148538476834
2017-05-19T00:00:00Z,-9.578038,53.922202,2017,5,19,Newport,89,2017-05-19,20,4845,96.3412209186717
2017-05-20T00:00:00Z,-9.578038,53.922202,2017,5,20,Newport,41,2017-05-20,20,4886,97.15649234440247
2017-05-21T00:00:00Z,-9.578038,53.922202,2017,5,21,Newport,15,2017-05-21,21,4901,97.45476237820641
2017-05-22T00:00:00Z,-9.578038,53.922202,2017,5,22,Newport,14,2017-05-22,21,4915,97.73314774309007
2017-05-23T00:00:00Z,-9.578038,53.922202,2017,5,23,Newport,9,2017-05-23,21,4924,97.91210976337243
2017-05-24T00:00:00Z,-9.578038,53.922202,2017,5,24,Newport,13,2017-05-24,21,4937,98.17061045933585
2017-05-25T00:00:00Z,-9.578038,53.922202,2017,5,25,Newport,10,2017-05-25,21,4947,98.36945714853847
2017-05-26T00:00:00Z,-9.578038,53.922202,2017,5,26,Newport,5,2017-05-26,21,4952,98.46888049313979
2017-05-27T00:00:00Z,-9.578038,53.922202,2017,5,27,Newport,7,2017-05-27,21,4959,98.60807317558162
2017-05-28T00:00:00Z,-9.578038,53.922202,2017,5,28,Newport,5,2017-05-28,22,4964,98.70749652018293
2017-05-29T00:00:00Z,-9.578038,53.922202,2017,5,29,Newport,16,2017-05-29,22,4980,99.02565122290714
2017-05-30T00:00:00Z,-9.578038,53.922202,2017,5,30,Newport,3,2017-05-30,22,4983,99.08530522966792
2017-05-31T00:00:00Z,-9.578038,53.922202,2017,5,31,Newport,3,2017-05-31,22,4986,99.1449592364287
2017-06-01T00:00:00Z,-9.578038,53.922202,2017,6,1,Newport,1,2017-06-01,22,4987,99.16484390534897
2017-06-03T00:00:00Z,-9.578038,53.922202,2017,6,3,Newport,1,2017-06-03,22,4988,99.18472857426924
2017-06-04T00:00:00Z,-9.578038,53.922202,2017,6,4,Newport,1,2017-06-04,23,4989,99.2046132431895
2017-06-05T00:00:00Z,-9.578038,53.922202,2017,6,5,Newport,2,2017-06-05,23,4991,99.24438258103002
2017-06-06T00:00:00Z,-9.578038,53.922202,2017,6,6,Newport,2,2017-06-06,23,4993,99.28415191887055
2017-06-07T00:00:00Z,-9.578038,53.922202,2017,6,7,Newport,4,2017-06-07,23,4997,99.3636905945516
2017-06-08T00:00:00Z,-9.578038,53.922202,2017,6,8,Newport,2,2017-06-08,23,4999,99.40345993239212
2017-06-09T00:00:00Z,-9.578038,53.922202,2017,6,9,Newport,3,2017-06-09,23,5002,99.46311393915292
2017-06-10T00:00:00Z,-9.578038,53.922202,2017,6,10,Newport,3,2017-06-10,23,5005,99.5227679459137
2017-06-11T00:00:00Z,-9.578038,53.922202,2017,6,11,Newport,3,2017-06-11,24,5008,99.58242195267448
2017-06-12T00:00:00Z,-9.578038,53.922202,2017,6,12,Newport,3,2017-06-12,24,5011,99.64207595943527
2017-06-16T00:00:00Z,-9.578038,53.922202,2017,6,16,Newport,1,2017-06-16,24,5012,99.66196062835554
2017-06-17T00:00:00Z,-9.578038,53.922202,2017,6,17,Newport,1,2017-06-17,24,5013,99.6818452972758
2017-06-18T00:00:00Z,-9.578038,53.922202,2017,6,18,Newport,1,2017-06-18,25,5014,99.70172996619607
2017-06-19T00:00:00Z,-9.578038,53.922202,2017,6,19,Newport,1,2017-06-19,25,5015,99.72161463511632
2017-06-20T00:00:00Z,-9.578038,53.922202,2017,6,20,Newport,5,2017-06-20,25,5020,99.82103797971764
2017-06-21T00:00:00Z,-9.578038,53.922202,2017,6,21,Newport,1,2017-06-21,25,5021,99.8409226486379
2017-06-22T00:00:00Z,-9.578038,53.922202,2017,6,22,Newport,3,2017-06-22,25,5024,99.90057665539868
2017-06-24T00:00:00Z,-9.578038,53.922202,2017,6,24,Newport,2,2017-06-24,25,5026,99.9403459932392
2017-07-04T00:00:00Z,-9.578038,53.922202,2017,7,4,Newport,1,2017-07-04,27,5027,99.96023066215947
2017-07-18T00:00:00Z,-9.578038,53.922202,2017,7,18,Newport,1,2017-07-18,29,5028,99.98011533107973
2017-08-07T00:00:00Z,-9.578038,53.922202,2017,8,7,Newport,1,2017-08-07,32,5029,100
2018-04-16T00:00:00Z,-9.578038,53.922202,2018,4,16,Newport,2,2018-04-16,16,2,0.03088803088803089
2018-04-19T00:00:00Z,-9.578038,53.922202,2018,4,19,Newport,1,2018-04-19,16,3,0.04633204633204633
2018-04-21T00:00:00Z,-9.578038,53.922202,2018,4,21,Newport,2,2018-04-21,16,5,0.07722007722007722
2018-04-22T00:00:00Z,-9.578038,53.922202,2018,4,22,Newport,3,2018-04-22,16,8,0.12355212355212356
2018-04-23T00:00:00Z,-9.578038,53.922202,2018,4,23,Newport,8,2018-04-23,17,16,0.2471042471042471
2018-04-24T00:00:00Z,-9.578038,53.922202,2018,4,24,Newport,2,2018-04-24,17,18,0.277992277992278
2018-04-25T00:00:00Z,-9.578038,53.922202,2018,4,25,Newport,6,2018-04-25,17,24,0.37065637065637064
2018-04-26T00:00:00Z,-9.578038,53.922202,2018,4,26,Newport,2,2018-04-26,17,26,0.4015444015444016
2018-04-27T00:00:00Z,-9.578038,53.922202,2018,4,27,Newport,8,2018-04-27,17,34,0.525096525096525
2018-04-28T00:00:00Z,-9.578038,53.922202,2018,4,28,Newport,3,2018-04-28,17,37,0.5714285714285714
2018-04-29T00:00:00Z,-9.578038,53.922202,2018,4,29,Newport,13,2018-04-29,17,50,0.7722007722007722
2018-04-30T00:00:00Z,-9.578038,53.922202,2018,4,30,Newport,24,2018-04-30,18,74,1.1428571428571428
2018-05-01T00:00:00Z,-9.578038,53.922202,2018,5,1,Newport,41,2018-05-01,18,115,1.7760617760617758
2018-05-02T00:00:00Z,-9.578038,53.922202,2018,5,2,Newport,74,2018-05-02,18,189,2.918918918918919
2018-05-03T00:00:00Z,-9.578038,53.922202,2018,5,3,Newport,81,2018-05-03,18,270,4.16988416988417
2018-05-04T00:00:00Z,-9.578038,53.922202,2018,5,4,Newport,25,2018-05-04,18,295,4.555984555984556
2018-05-05T00:00:00Z,-9.578038,53.922202,2018,5,5,Newport,263,2018-05-05,18,558,8.617760617760618
2018-05-06T00:00:00Z,-9.578038,53.922202,2018,5,6,Newport,48,2018-05-06,18,606,9.35907335907336
2018-05-07T00:00:00Z,-9.578038,53.922202,2018,5,7,Newport,318,2018-05-07,19,924,14.270270270270272
2018-05-08T00:00:00Z,-9.578038,53.922202,2018,5,8,Newport,188,2018-05-08,19,1112,17.17374517374517
2018-05-09T00:00:00Z,-9.578038,53.922202,2018,5,9,Newport,274,2018-05-09,19,1386,21.405405405405407
2018-05-10T00:00:00Z,-9.578038,53.922202,2018,5,10,Newport,99,2018-05-10,19,1485,22.934362934362934
2018-05-11T00:00:00Z,-9.578038,53.922202,2018,5,11,Newport,135,2018-05-11,19,1620,25.019305019305023
2018-05-12T00:00:00Z,-9.578038,53.922202,2018,5,12,Newport,221,2018-05-12,19,1841,28.43243243243243
2018-05-13T00:00:00Z,-9.578038,53.922202,2018,5,13,Newport,213,2018-05-13,19,2054,31.72200772200772
2018-05-14T00:00:00Z,-9.578038,53.922202,2018,5,14,Newport,480,2018-05-14,20,2534,39.13513513513514
2018-05-15T00:00:00Z,-9.578038,53.922202,2018,5,15,Newport,472,2018-05-15,20,3006,46.424710424710426
2018-05-16T00:00:00Z,-9.578038,53.922202,2018,5,16,Newport,319,2018-05-16,20,3325,51.35135135135135
2018-05-17T00:00:00Z,-9.578038,53.922202,2018,5,17,Newport,285,2018-05-17,20,3610,55.752895752895746
2018-05-18T00:00:00Z,-9.578038,53.922202,2018,5,18,Newport,208,2018-05-18,20,3818,58.965250965250974
2018-05-19T00:00:00Z,-9.578038,53.922202,2018,5,19,Newport,177,2018-05-19,20,3995,61.6988416988417
2018-05-20T00:00:00Z,-9.578038,53.922202,2018,5,20,Newport,366,2018-05-20,20,4361,67.35135135135135
2018-05-21T00:00:00Z,-9.578038,53.922202,2018,5,21,Newport,438,2018-05-21,21,4799,74.11583011583012
2018-05-22T00:00:00Z,-9.578038,53.922202,2018,5,22,Newport,373,2018-05-22,21,5172,79.87644787644787
2018-05-23T00:00:00Z,-9.578038,53.922202,2018,5,23,Newport,152,2018-05-23,21,5324,82.22393822393822
2018-05-24T00:00:00Z,-9.578038,53.922202,2018,5,24,Newport,71,2018-05-24,21,5395,83.32046332046332
2018-05-25T00:00:00Z,-9.578038,53.922202,2018,5,25,Newport,296,2018-05-25,21,5691,87.89189189189189
2018-05-26T00:00:00Z,-9.578038,53.922202,2018,5,26,Newport,45,2018-05-26,21,5736,88.58687258687259
2018-05-27T00:00:00Z,-9.578038,53.922202,2018,5,27,Newport,21,2018-05-27,21,5757,88.91119691119691
2018-05-28T00:00:00Z,-9.578038,53.922202,2018,5,28,Newport,67,2018-05-28,22,5824,89.94594594594595
2018-05-29T00:00:00Z,-9.578038,53.922202,2018,5,29,Newport,28,2018-05-29,22,5852,90.37837837837837
2018-05-30T00:00:00Z,-9.578038,53.922202,2018,5,30,Newport,21,2018-05-30,22,5873,90.7027027027027
2018-05-31T00:00:00Z,-9.578038,53.922202,2018,5,31,Newport,66,2018-05-31,22,5939,91.72200772200773
2018-06-01T00:00:00Z,-9.578038,53.922202,2018,6,1,Newport,27,2018-06-01,22,5966,92.13899613899615
2018-06-02T00:00:00Z,-9.578038,53.922202,2018,6,2,Newport,45,2018-06-02,22,6011,92.83397683397683
2018-06-03T00:00:00Z,-9.578038,53.922202,2018,6,3,Newport,149,2018-06-03,22,6160,95.13513513513514
2018-06-04T00:00:00Z,-9.578038,53.922202,2018,6,4,Newport,18,2018-06-04,23,6178,95.41312741312741
2018-06-05T00:00:00Z,-9.578038,53.922202,2018,6,5,Newport,76,2018-06-05,23,6254,96.58687258687259
2018-06-06T00:00:00Z,-9.578038,53.922202,2018,6,6,Newport,26,2018-06-06,23,6280,96.98841698841699
2018-06-07T00:00:00Z,-9.578038,53.922202,2018,6,7,Newport,56,2018-06-07,23,6336,97.85328185328184
2018-06-08T00:00:00Z,-9.578038,53.922202,2018,6,8,Newport,23,2018-06-08,23,6359,98.20849420849422
2018-06-09T00:00:00Z,-9.578038,53.922202,2018,6,9,Newport,1,2018-06-09,23,6360,98.22393822393822
2018-06-10T00:00:00Z,-9.578038,53.922202,2018,6,10,Newport,3,2018-06-10,23,6363,98.27027027027026
2018-06-11T00:00:00Z,-9.578038,53.922202,2018,6,11,Newport,11,2018-06-11,24,6374,98.44015444015443
2018-06-12T00:00:00Z,-9.578038,53.922202,2018,6,12,Newport,3,2018-06-12,24,6377,98.48648648648648
2018-06-13T00:00:00Z,-9.578038,53.922202,2018,6,13,Newport,13,2018-06-13,24,6390,98.68725868725868
2018-06-14T00:00:00Z,-9.578038,53.922202,2018,6,14,Newport,4,2018-06-14,24,6394,98.74903474903475
2018-06-15T00:00:00Z,-9.578038,53.922202,2018,6,15,Newport,3,2018-06-15,24,6397,98.79536679536679
2018-06-16T00:00:00Z,-9.578038,53.922202,2018,6,16,Newport,4,2018-06-16,24,6401,98.85714285714286
2018-06-17T00:00:00Z,-9.578038,53.922202,2018,6,17,Newport,2,2018-06-17,24,6403,98.88803088803088
2018-06-19T00:00:00Z,-9.578038,53.922202,2018,6,19,Newport,2,2018-06-19,25,6405,98.91891891891892
2018-06-21T00:00:00Z,-9.578038,53.922202,2018,6,21,Newport,3,2018-06-21,25,6408,98.96525096525096
2018-06-22T00:00:00Z,-9.578038,53.922202,2018,6,22,Newport,2,2018-06-22,25,6410,98.996138996139
2018-06-23T00:00:00Z,-9.578038,53.922202,2018,6,23,Newport,3,2018-06-23,25,6413,99.04247104247105
2018-06-24T00:00:00Z,-9.578038,53.922202,2018,6,24,Newport,7,2018-06-24,25,6420,99.15057915057915
2018-06-25T00:00:00Z,-9.578038,53.922202,2018,6,25,Newport,2,2018-06-25,26,6422,99.18146718146718
2018-06-26T00:00:00Z,-9.578038,53.922202,2018,6,26,Newport,1,2018-06-26,26,6423,99.1969111969112
2018-06-27T00:00:00Z,-9.578038,53.922202,2018,6,27,Newport,1,2018-06-27,26,6424,99.2123552123552
2018-06-29T00:00:00Z,-9.578038,53.922202,2018,6,29,Newport,2,2018-06-29,26,6426,99.24324324324324
2018-07-02T00:00:00Z,-9.578038,53.922202,2018,7,2,Newport,1,2018-07-02,27,6427,99.25868725868726
2018-07-05T00:00:00Z,-9.578038,53.922202,2018,7,5,Newport,2,2018-07-05,27,6429,99.2895752895753
2018-07-06T00:00:00Z,-9.578038,53.922202,2018,7,6,Newport,6,2018-07-06,27,6435,99.38223938223938
2018-07-07T00:00:00Z,-9.578038,53.922202,2018,7,7,Newport,7,2018-07-07,27,6442,99.49034749034749
2018-07-08T00:00:00Z,-9.578038,53.922202,2018,7,8,Newport,16,2018-07-08,27,6458,99.73745173745174
2018-07-09T00:00:00Z,-9.578038,53.922202,2018,7,9,Newport,5,2018-07-09,28,6463,99.81467181467181
2018-07-11T00:00:00Z,-9.578038,53.922202,2018,7,11,Newport,1,2018-07-11,28,6464,99.83011583011583
2018-08-19T00:00:00Z,-9.578038,53.922202,2018,8,19,Newport,1,2018-08-19,33,6465,99.84555984555985
2018-08-20T00:00:00Z,-9.578038,53.922202,2018,8,20,Newport,1,2018-08-20,34,6466,99.86100386100387
2018-08-21T00:00:00Z,-9.578038,53.922202,2018,8,21,Newport,1,2018-08-21,34,6467,99.87644787644787
2018-09-03T00:00:00Z,-9.578038,53.922202,2018,9,3,Newport,1,2018-09-03,36,6468,99.89189189189189
2018-09-06T00:00:00Z,-9.578038,53.922202,2018,9,6,Newport,2,2018-09-06,36,6470,99.92277992277992
2018-09-09T00:00:00Z,-9.578038,53.922202,2018,9,9,Newport,1,2018-09-09,36,6471,99.93822393822394
2018-09-12T00:00:00Z,-9.578038,53.922202,2018,9,12,Newport,1,2018-09-12,37,6472,99.95366795366796
2018-09-19T00:00:00Z,-9.578038,53.922202,2018,9,19,Newport,2,2018-09-19,38,6474,99.984555984556
2018-09-20T00:00:00Z,-9.578038,53.922202,2018,9,20,Newport,1,2018-09-20,38,6475,100
2019-03-16T00:00:00Z,-9.578038,53.922202,2019,3,16,Newport,1,2019-03-16,11,1,0.016931933626820182
2019-03-26T00:00:00Z,-9.578038,53.922202,2019,3,26,Newport,1,2019-03-26,13,2,0.033863867253640365
2019-04-01T00:00:00Z,-9.578038,53.922202,2019,4,1,Newport,1,2019-04-01,13,3,0.05079580088046055
2019-04-02T00:00:00Z,-9.578038,53.922202,2019,4,2,Newport,1,2019-04-02,14,4,0.06772773450728073
2019-04-04T00:00:00Z,-9.578038,53.922202,2019,4,4,Newport,7,2019-04-04,14,11,0.18625126989502203
2019-04-05T00:00:00Z,-9.578038,53.922202,2019,4,5,Newport,6,2019-04-05,14,17,0.28784287165594313
2019-04-06T00:00:00Z,-9.578038,53.922202,2019,4,6,Newport,7,2019-04-06,14,24,0.4063664070436844
2019-04-07T00:00:00Z,-9.578038,53.922202,2019,4,7,Newport,11,2019-04-07,14,35,0.5926176769387064
2019-04-08T00:00:00Z,-9.578038,53.922202,2019,4,8,Newport,8,2019-04-08,14,43,0.7280731459532679
2019-04-09T00:00:00Z,-9.578038,53.922202,2019,4,9,Newport,14,2019-04-09,15,57,0.9651202167287505
2019-04-10T00:00:00Z,-9.578038,53.922202,2019,4,10,Newport,9,2019-04-10,15,66,1.117507619370132
2019-04-11T00:00:00Z,-9.578038,53.922202,2019,4,11,Newport,6,2019-04-11,15,72,1.2190992211310532
2019-04-12T00:00:00Z,-9.578038,53.922202,2019,4,12,Newport,3,2019-04-12,15,75,1.2698950220115137
2019-04-13T00:00:00Z,-9.578038,53.922202,2019,4,13,Newport,6,2019-04-13,15,81,1.3714866237724348
2019-04-14T00:00:00Z,-9.578038,53.922202,2019,4,14,Newport,3,2019-04-14,15,84,1.4222824246528953
2019-04-15T00:00:00Z,-9.578038,53.922202,2019,4,15,Newport,9,2019-04-15,15,93,1.574669827294277
2019-04-16T00:00:00Z,-9.578038,53.922202,2019,4,16,Newport,11,2019-04-16,16,104,1.760921097189299
2019-04-17T00:00:00Z,-9.578038,53.922202,2019,4,17,Newport,41,2019-04-17,16,145,2.4551303758889262
2019-04-18T00:00:00Z,-9.578038,53.922202,2019,4,18,Newport,17,2019-04-18,16,162,2.7429732475448696
2019-04-19T00:00:00Z,-9.578038,53.922202,2019,4,19,Newport,41,2019-04-19,16,203,3.437182526244497
2019-04-20T00:00:00Z,-9.578038,53.922202,2019,4,20,Newport,149,2019-04-20,16,352,5.960040636640705
2019-04-21T00:00:00Z,-9.578038,53.922202,2019,4,21,Newport,122,2019-04-21,16,474,8.025736539112767
2019-04-22T00:00:00Z,-9.578038,53.922202,2019,4,22,Newport,58,2019-04-22,16,532,9.007788689468338
2019-04-23T00:00:00Z,-9.578038,53.922202,2019,4,23,Newport,49,2019-04-23,17,581,9.837453437182527
2019-04-24T00:00:00Z,-9.578038,53.922202,2019,4,24,Newport,39,2019-04-24,17,620,10.497798848628513
2019-04-25T00:00:00Z,-9.578038,53.922202,2019,4,25,Newport,64,2019-04-25,17,684,11.581442600745005
2019-04-26T00:00:00Z,-9.578038,53.922202,2019,4,26,Newport,194,2019-04-26,17,878,14.86623772434812
2019-04-27T00:00:00Z,-9.578038,53.922202,2019,4,27,Newport,167,2019-04-27,17,1045,17.69387064002709
2019-04-28T00:00:00Z,-9.578038,53.922202,2019,4,28,Newport,157,2019-04-28,17,1202,20.35218421943786
2019-04-29T00:00:00Z,-9.578038,53.922202,2019,4,29,Newport,207,2019-04-29,17,1409,23.857094480189637
2019-04-30T00:00:00Z,-9.578038,53.922202,2019,4,30,Newport,1258,2019-04-30,18,2667,45.157466982729424
2019-05-01T00:00:00Z,-9.578038,53.922202,2019,5,1,Newport,273,2019-05-01,18,2940,49.77988486285134
2019-05-02T00:00:00Z,-9.578038,53.922202,2019,5,2,Newport,414,2019-05-02,18,3354,56.789705384354896
2019-05-03T00:00:00Z,-9.578038,53.922202,2019,5,3,Newport,550,2019-05-03,18,3904,66.10226887910599
2019-05-04T00:00:00Z,-9.578038,53.922202,2019,5,4,Newport,159,2019-05-04,18,4063,68.7944463257704
2019-05-05T00:00:00Z,-9.578038,53.922202,2019,5,5,Newport,145,2019-05-05,18,4208,71.24957670165934
2019-05-06T00:00:00Z,-9.578038,53.922202,2019,5,6,Newport,79,2019-05-06,18,4287,72.58719945817812
2019-05-07T00:00:00Z,-9.578038,53.922202,2019,5,7,Newport,254,2019-05-07,19,4541,76.88791059939045
2019-05-08T00:00:00Z,-9.578038,53.922202,2019,5,8,Newport,135,2019-05-08,19,4676,79.17372163901118
2019-05-09T00:00:00Z,-9.578038,53.922202,2019,5,9,Newport,45,2019-05-09,19,4721,79.93565865221808
2019-05-10T00:00:00Z,-9.578038,53.922202,2019,5,10,Newport,50,2019-05-10,19,4771,80.78225533355909
2019-05-11T00:00:00Z,-9.578038,53.922202,2019,5,11,Newport,26,2019-05-11,19,4797,81.22248560785643
2019-05-12T00:00:00Z,-9.578038,53.922202,2019,5,12,Newport,28,2019-05-12,19,4825,81.69657974940738
2019-05-13T00:00:00Z,-9.578038,53.922202,2019,5,13,Newport,11,2019-05-13,19,4836,81.8828310193024
2019-05-14T00:00:00Z,-9.578038,53.922202,2019,5,14,Newport,7,2019-05-14,20,4843,82.00135455469014
2019-05-15T00:00:00Z,-9.578038,53.922202,2019,5,15,Newport,8,2019-05-15,20,4851,82.13681002370471
2019-05-16T00:00:00Z,-9.578038,53.922202,2019,5,16,Newport,12,2019-05-16,20,4863,82.33999322722654
2019-05-17T00:00:00Z,-9.578038,53.922202,2019,5,17,Newport,41,2019-05-17,20,4904,83.03420250592617
2019-05-18T00:00:00Z,-9.578038,53.922202,2019,5,18,Newport,60,2019-05-18,20,4964,84.05011852353539
2019-05-19T00:00:00Z,-9.578038,53.922202,2019,5,19,Newport,38,2019-05-19,20,5002,84.69353200135455
2019-05-20T00:00:00Z,-9.578038,53.922202,2019,5,20,Newport,53,2019-05-20,20,5055,85.59092448357603
2019-05-21T00:00:00Z,-9.578038,53.922202,2019,5,21,Newport,30,2019-05-21,21,5085,86.09888249238064
2019-05-22T00:00:00Z,-9.578038,53.922202,2019,5,22,Newport,80,2019-05-22,21,5165,87.45343718252624
2019-05-23T00:00:00Z,-9.578038,53.922202,2019,5,23,Newport,29,2019-05-23,21,5194,87.94446325770403
2019-05-24T00:00:00Z,-9.578038,53.922202,2019,5,24,Newport,61,2019-05-24,21,5255,88.97731120894005
2019-05-25T00:00:00Z,-9.578038,53.922202,2019,5,25,Newport,57,2019-05-25,21,5312,89.94243142566881
2019-05-26T00:00:00Z,-9.578038,53.922202,2019,5,26,Newport,28,2019-05-26,21,5340,90.41652556721978
2019-05-27T00:00:00Z,-9.578038,53.922202,2019,5,27,Newport,14,2019-05-27,21,5354,90.65357263799527
2019-05-28T00:00:00Z,-9.578038,53.922202,2019,5,28,Newport,44,2019-05-28,22,5398,91.39857771757535
2019-05-29T00:00:00Z,-9.578038,53.922202,2019,5,29,Newport,16,2019-05-29,22,5414,91.66948865560447
2019-05-30T00:00:00Z,-9.578038,53.922202,2019,5,30,Newport,105,2019-05-30,22,5519,93.4473416864206
2019-05-31T00:00:00Z,-9.578038,53.922202,2019,5,31,Newport,84,2019-05-31,22,5603,94.86962411107348
2019-06-01T00:00:00Z,-9.578038,53.922202,2019,6,1,Newport,28,2019-06-01,22,5631,95.34371825262446
2019-06-02T00:00:00Z,-9.578038,53.922202,2019,6,2,Newport,41,2019-06-02,22,5672,96.03792753132407
2019-06-03T00:00:00Z,-9.578038,53.922202,2019,6,3,Newport,47,2019-06-03,22,5719,96.83372841178462
2019-06-04T00:00:00Z,-9.578038,53.922202,2019,6,4,Newport,60,2019-06-04,23,5779,97.84964442939383
2019-06-05T00:00:00Z,-9.578038,53.922202,2019,6,5,Newport,39,2019-06-05,23,5818,98.50998984083984
2019-06-06T00:00:00Z,-9.578038,53.922202,2019,6,6,Newport,22,2019-06-06,23,5840,98.88249238062987
2019-06-07T00:00:00Z,-9.578038,53.922202,2019,6,7,Newport,21,2019-06-07,23,5861,99.2380629867931
2019-06-08T00:00:00Z,-9.578038,53.922202,2019,6,8,Newport,17,2019-06-08,23,5878,99.52590585844904
2019-06-09T00:00:00Z,-9.578038,53.922202,2019,6,9,Newport,8,2019-06-09,23,5886,99.6613613274636
2019-06-10T00:00:00Z,-9.578038,53.922202,2019,6,10,Newport,4,2019-06-10,23,5890,99.72908906197088
2019-06-11T00:00:00Z,-9.578038,53.922202,2019,6,11,Newport,8,2019-06-11,24,5898,99.86454453098544
2019-06-12T00:00:00Z,-9.578038,53.922202,2019,6,12,Newport,2,2019-06-12,24,5900,99.89840839823908
2019-06-15T00:00:00Z,-9.578038,53.922202,2019,6,15,Newport,1,2019-06-15,24,5901,99.91534033186589
2019-06-25T00:00:00Z,-9.578038,53.922202,2019,6,25,Newport,1,2019-06-25,26,5902,99.93227226549271
2019-06-26T00:00:00Z,-9.578038,53.922202,2019,6,26,Newport,2,2019-06-26,26,5904,99.96613613274636
2019-07-03T00:00:00Z,-9.578038,53.922202,2019,7,3,Newport,1,2019-07-03,27,5905,99.98306806637318
2019-08-26T00:00:00Z,-9.578038,53.922202,2019,8,26,Newport,1,2019-08-26,34,5906,100
