julianday,year,count,intDate,date,month,week,day,dailyCountCum,dailyPercentageCum
1,1997,0,9862,1997-01-01,1,1,1,0,0
2,1997,0,9863,1997-01-02,1,1,2,0,0
3,1997,0,9864,1997-01-03,1,1,3,0,0
4,1997,0,9865,1997-01-04,1,1,4,0,0
5,1997,0,9866,1997-01-05,1,1,5,0,0
6,1997,0,9867,1997-01-06,1,1,6,0,0
7,1997,0,9868,1997-01-07,1,1,7,0,0
8,1997,0,9869,1997-01-08,1,2,8,0,0
9,1997,0,9870,1997-01-09,1,2,9,0,0
10,1997,0,9871,1997-01-10,1,2,10,0,0
11,1997,0,9872,1997-01-11,1,2,11,0,0
12,1997,0,9873,1997-01-12,1,2,12,0,0
13,1997,0,9874,1997-01-13,1,2,13,0,0
14,1997,0,9875,1997-01-14,1,2,14,0,0
15,1997,0,9876,1997-01-15,1,3,15,0,0
16,1997,0,9877,1997-01-16,1,3,16,0,0
17,1997,0,9878,1997-01-17,1,3,17,0,0
18,1997,0,9879,1997-01-18,1,3,18,0,0
19,1997,0,9880,1997-01-19,1,3,19,0,0
20,1997,0,9881,1997-01-20,1,3,20,0,0
21,1997,0,9882,1997-01-21,1,3,21,0,0
22,1997,0,9883,1997-01-22,1,4,22,0,0
23,1997,0,9884,1997-01-23,1,4,23,0,0
24,1997,0,9885,1997-01-24,1,4,24,0,0
25,1997,0,9886,1997-01-25,1,4,25,0,0
26,1997,0,9887,1997-01-26,1,4,26,0,0
27,1997,0,9888,1997-01-27,1,4,27,0,0
28,1997,0,9889,1997-01-28,1,4,28,0,0
29,1997,0,9890,1997-01-29,1,5,29,0,0
30,1997,0,9891,1997-01-30,1,5,30,0,0
31,1997,0,9892,1997-01-31,1,5,31,0,0
32,1997,0,9893,1997-02-01,2,5,32,0,0
33,1997,0,9894,1997-02-02,2,5,33,0,0
34,1997,0,9895,1997-02-03,2,5,34,0,0
35,1997,0,9896,1997-02-04,2,5,35,0,0
36,1997,0,9897,1997-02-05,2,6,36,0,0
37,1997,0,9898,1997-02-06,2,6,37,0,0
38,1997,0,9899,1997-02-07,2,6,38,0,0
39,1997,0,9900,1997-02-08,2,6,39,0,0
40,1997,0,9901,1997-02-09,2,6,40,0,0
41,1997,0,9902,1997-02-10,2,6,41,0,0
42,1997,0,9903,1997-02-11,2,6,42,0,0
43,1997,0,9904,1997-02-12,2,7,43,0,0
44,1997,0,9905,1997-02-13,2,7,44,0,0
45,1997,0,9906,1997-02-14,2,7,45,0,0
46,1997,0,9907,1997-02-15,2,7,46,0,0
47,1997,0,9908,1997-02-16,2,7,47,0,0
48,1997,0,9909,1997-02-17,2,7,48,0,0
49,1997,0,9910,1997-02-18,2,7,49,0,0
50,1997,0,9911,1997-02-19,2,8,50,0,0
51,1997,0,9912,1997-02-20,2,8,51,0,0
52,1997,0,9913,1997-02-21,2,8,52,0,0
53,1997,0,9914,1997-02-22,2,8,53,0,0
54,1997,0,9915,1997-02-23,2,8,54,0,0
55,1997,0,9916,1997-02-24,2,8,55,0,0
56,1997,0,9917,1997-02-25,2,8,56,0,0
57,1997,0,9918,1997-02-26,2,9,57,0,0
58,1997,0,9919,1997-02-27,2,9,58,0,0
59,1997,0,9920,1997-02-28,2,9,59,0,0
60,1997,0,9921,1997-03-01,3,9,60,0,0
61,1997,0,9922,1997-03-02,3,9,61,0,0
62,1997,0,9923,1997-03-03,3,9,62,0,0
63,1997,0,9924,1997-03-04,3,9,63,0,0
64,1997,0,9925,1997-03-05,3,10,64,0,0
65,1997,0,9926,1997-03-06,3,10,65,0,0
66,1997,0,9927,1997-03-07,3,10,66,0,0
67,1997,0,9928,1997-03-08,3,10,67,0,0
68,1997,0,9929,1997-03-09,3,10,68,0,0
69,1997,0,9930,1997-03-10,3,10,69,0,0
70,1997,0,9931,1997-03-11,3,10,70,0,0
71,1997,0,9932,1997-03-12,3,11,71,0,0
72,1997,0,9933,1997-03-13,3,11,72,0,0
73,1997,0,9934,1997-03-14,3,11,73,0,0
74,1997,0,9935,1997-03-15,3,11,74,0,0
75,1997,0,9936,1997-03-16,3,11,75,0,0
76,1997,0,9937,1997-03-17,3,11,76,0,0
77,1997,0,9938,1997-03-18,3,11,77,0,0
78,1997,0,9939,1997-03-19,3,12,78,0,0
79,1997,0,9940,1997-03-20,3,12,79,0,0
80,1997,0,9941,1997-03-21,3,12,80,0,0
81,1997,0,9942,1997-03-22,3,12,81,0,0
82,1997,0,9943,1997-03-23,3,12,82,0,0
83,1997,0,9944,1997-03-24,3,12,83,0,0
84,1997,0,9945,1997-03-25,3,12,84,0,0
85,1997,0,9946,1997-03-26,3,13,85,0,0
86,1997,0,9947,1997-03-27,3,13,86,0,0
87,1997,0,9948,1997-03-28,3,13,87,0,0
88,1997,0,9949,1997-03-29,3,13,88,0,0
89,1997,0,9950,1997-03-30,3,13,89,0,0
90,1997,5,9951,1997-03-31,3,13,90,5,0.1025220422390814
91,1997,46,9952,1997-04-01,4,13,91,51,1.0457248308386302
92,1997,59,9953,1997-04-02,4,14,92,110,2.255484929259791
93,1997,56,9954,1997-04-03,4,14,93,166,3.4037318023375027
94,1997,55,9955,1997-04-04,4,14,94,221,4.531474266967398
95,1997,59,9956,1997-04-05,4,14,95,280,5.741234365388558
96,1997,137,9957,1997-04-06,4,14,96,417,8.550338322739389
97,1997,112,9958,1997-04-07,4,14,97,529,10.846832068894813
98,1997,367,9959,1997-04-08,4,14,98,896,18.37194996924339
99,1997,395,9960,1997-04-09,4,15,99,1291,26.47119130613082
100,1997,401,9961,1997-04-10,4,15,100,1692,34.69345909370515
101,1997,279,9962,1997-04-11,4,15,101,1971,40.41418905064589
102,1997,223,9963,1997-04-12,4,15,102,2194,44.98667213450892
103,1997,85,9964,1997-04-13,4,15,103,2279,46.72954685257331
104,1997,118,9965,1997-04-14,4,15,104,2397,49.14906704941562
105,1997,143,9966,1997-04-15,4,15,105,2540,52.08119745745336
106,1997,77,9967,1997-04-16,4,16,106,2617,53.66003690793521
107,1997,85,9968,1997-04-17,4,16,107,2702,55.402911625999586
108,1997,79,9969,1997-04-18,4,16,108,2781,57.02275989337707
109,1997,30,9970,1997-04-19,4,16,109,2811,57.637892146811566
110,1997,48,9971,1997-04-20,4,16,110,2859,58.62210375230674
111,1997,40,9972,1997-04-21,4,16,111,2899,59.4422800902194
112,1997,23,9973,1997-04-22,4,16,112,2922,59.91388148451917
113,1997,37,9974,1997-04-23,4,17,113,2959,60.672544597088375
114,1997,40,9975,1997-04-24,4,17,114,2999,61.492720935001024
115,1997,116,9976,1997-04-25,4,17,115,3115,63.87123231494771
116,1997,541,9977,1997-04-26,4,17,116,3656,74.96411728521633
117,1997,561,9978,1997-04-27,4,17,117,4217,86.46709042444125
118,1997,254,9979,1997-04-28,4,17,118,4471,91.67521017018659
119,1997,139,9980,1997-04-29,4,17,119,4610,94.52532294443306
120,1997,67,9981,1997-04-30,4,18,120,4677,95.89911831043675
121,1997,50,9982,1997-05-01,5,18,121,4727,96.92433873282755
122,1997,36,9983,1997-05-02,5,18,122,4763,97.66249743694895
123,1997,4,9984,1997-05-03,5,18,123,4767,97.7445150707402
124,1997,24,9985,1997-05-04,5,18,124,4791,98.2366208734878
125,1997,54,9986,1997-05-05,5,18,125,4845,99.34385892966988
126,1997,20,9987,1997-05-06,5,18,126,4865,99.7539470986262
127,1997,2,9988,1997-05-07,5,19,127,4867,99.79495591552183
128,1997,1,9989,1997-05-08,5,19,128,4868,99.81546032396965
129,1997,4,9990,1997-05-09,5,19,129,4872,99.89747795776091
130,1997,5,9991,1997-05-10,5,19,130,4877,100
131,1997,0,9992,1997-05-11,5,19,131,4877,100
132,1997,0,9993,1997-05-12,5,19,132,4877,100
133,1997,0,9994,1997-05-13,5,19,133,4877,100
134,1997,0,9995,1997-05-14,5,20,134,4877,100
135,1997,0,9996,1997-05-15,5,20,135,4877,100
136,1997,0,9997,1997-05-16,5,20,136,4877,100
137,1997,0,9998,1997-05-17,5,20,137,4877,100
138,1997,0,9999,1997-05-18,5,20,138,4877,100
139,1997,0,10000,1997-05-19,5,20,139,4877,100
140,1997,0,10001,1997-05-20,5,20,140,4877,100
141,1997,0,10002,1997-05-21,5,21,141,4877,100
142,1997,0,10003,1997-05-22,5,21,142,4877,100
143,1997,0,10004,1997-05-23,5,21,143,4877,100
144,1997,0,10005,1997-05-24,5,21,144,4877,100
145,1997,0,10006,1997-05-25,5,21,145,4877,100
146,1997,0,10007,1997-05-26,5,21,146,4877,100
147,1997,0,10008,1997-05-27,5,21,147,4877,100
148,1997,0,10009,1997-05-28,5,22,148,4877,100
149,1997,0,10010,1997-05-29,5,22,149,4877,100
150,1997,0,10011,1997-05-30,5,22,150,4877,100
151,1997,0,10012,1997-05-31,5,22,151,4877,100
152,1997,0,10013,1997-06-01,6,22,152,4877,100
153,1997,0,10014,1997-06-02,6,22,153,4877,100
154,1997,0,10015,1997-06-03,6,22,154,4877,100
155,1997,0,10016,1997-06-04,6,23,155,4877,100
156,1997,0,10017,1997-06-05,6,23,156,4877,100
157,1997,0,10018,1997-06-06,6,23,157,4877,100
158,1997,0,10019,1997-06-07,6,23,158,4877,100
159,1997,0,10020,1997-06-08,6,23,159,4877,100
160,1997,0,10021,1997-06-09,6,23,160,4877,100
161,1997,0,10022,1997-06-10,6,23,161,4877,100
162,1997,0,10023,1997-06-11,6,24,162,4877,100
163,1997,0,10024,1997-06-12,6,24,163,4877,100
164,1997,0,10025,1997-06-13,6,24,164,4877,100
165,1997,0,10026,1997-06-14,6,24,165,4877,100
166,1997,0,10027,1997-06-15,6,24,166,4877,100
167,1997,0,10028,1997-06-16,6,24,167,4877,100
168,1997,0,10029,1997-06-17,6,24,168,4877,100
169,1997,0,10030,1997-06-18,6,25,169,4877,100
170,1997,0,10031,1997-06-19,6,25,170,4877,100
171,1997,0,10032,1997-06-20,6,25,171,4877,100
172,1997,0,10033,1997-06-21,6,25,172,4877,100
173,1997,0,10034,1997-06-22,6,25,173,4877,100
174,1997,0,10035,1997-06-23,6,25,174,4877,100
175,1997,0,10036,1997-06-24,6,25,175,4877,100
176,1997,0,10037,1997-06-25,6,26,176,4877,100
177,1997,0,10038,1997-06-26,6,26,177,4877,100
178,1997,0,10039,1997-06-27,6,26,178,4877,100
179,1997,0,10040,1997-06-28,6,26,179,4877,100
180,1997,0,10041,1997-06-29,6,26,180,4877,100
1,1998,0,10227,1998-01-01,1,1,1,0,0
2,1998,0,10228,1998-01-02,1,1,2,0,0
3,1998,0,10229,1998-01-03,1,1,3,0,0
4,1998,0,10230,1998-01-04,1,1,4,0,0
5,1998,0,10231,1998-01-05,1,1,5,0,0
6,1998,0,10232,1998-01-06,1,1,6,0,0
7,1998,0,10233,1998-01-07,1,1,7,0,0
8,1998,0,10234,1998-01-08,1,2,8,0,0
9,1998,0,10235,1998-01-09,1,2,9,0,0
10,1998,0,10236,1998-01-10,1,2,10,0,0
11,1998,0,10237,1998-01-11,1,2,11,0,0
12,1998,0,10238,1998-01-12,1,2,12,0,0
13,1998,0,10239,1998-01-13,1,2,13,0,0
14,1998,0,10240,1998-01-14,1,2,14,0,0
15,1998,0,10241,1998-01-15,1,3,15,0,0
16,1998,0,10242,1998-01-16,1,3,16,0,0
17,1998,0,10243,1998-01-17,1,3,17,0,0
18,1998,0,10244,1998-01-18,1,3,18,0,0
19,1998,0,10245,1998-01-19,1,3,19,0,0
20,1998,0,10246,1998-01-20,1,3,20,0,0
21,1998,0,10247,1998-01-21,1,3,21,0,0
22,1998,0,10248,1998-01-22,1,4,22,0,0
23,1998,0,10249,1998-01-23,1,4,23,0,0
24,1998,0,10250,1998-01-24,1,4,24,0,0
25,1998,0,10251,1998-01-25,1,4,25,0,0
26,1998,0,10252,1998-01-26,1,4,26,0,0
27,1998,0,10253,1998-01-27,1,4,27,0,0
28,1998,0,10254,1998-01-28,1,4,28,0,0
29,1998,0,10255,1998-01-29,1,5,29,0,0
30,1998,0,10256,1998-01-30,1,5,30,0,0
31,1998,0,10257,1998-01-31,1,5,31,0,0
32,1998,0,10258,1998-02-01,2,5,32,0,0
33,1998,0,10259,1998-02-02,2,5,33,0,0
34,1998,0,10260,1998-02-03,2,5,34,0,0
35,1998,0,10261,1998-02-04,2,5,35,0,0
36,1998,0,10262,1998-02-05,2,6,36,0,0
37,1998,0,10263,1998-02-06,2,6,37,0,0
38,1998,0,10264,1998-02-07,2,6,38,0,0
39,1998,0,10265,1998-02-08,2,6,39,0,0
40,1998,0,10266,1998-02-09,2,6,40,0,0
41,1998,0,10267,1998-02-10,2,6,41,0,0
42,1998,0,10268,1998-02-11,2,6,42,0,0
43,1998,0,10269,1998-02-12,2,7,43,0,0
44,1998,0,10270,1998-02-13,2,7,44,0,0
45,1998,0,10271,1998-02-14,2,7,45,0,0
46,1998,0,10272,1998-02-15,2,7,46,0,0
47,1998,0,10273,1998-02-16,2,7,47,0,0
48,1998,0,10274,1998-02-17,2,7,48,0,0
49,1998,0,10275,1998-02-18,2,7,49,0,0
50,1998,0,10276,1998-02-19,2,8,50,0,0
51,1998,0,10277,1998-02-20,2,8,51,0,0
52,1998,0,10278,1998-02-21,2,8,52,0,0
53,1998,0,10279,1998-02-22,2,8,53,0,0
54,1998,0,10280,1998-02-23,2,8,54,0,0
55,1998,0,10281,1998-02-24,2,8,55,0,0
56,1998,0,10282,1998-02-25,2,8,56,0,0
57,1998,0,10283,1998-02-26,2,9,57,0,0
58,1998,0,10284,1998-02-27,2,9,58,0,0
59,1998,0,10285,1998-02-28,2,9,59,0,0
60,1998,0,10286,1998-03-01,3,9,60,0,0
61,1998,0,10287,1998-03-02,3,9,61,0,0
62,1998,0,10288,1998-03-03,3,9,62,0,0
63,1998,0,10289,1998-03-04,3,9,63,0,0
64,1998,0,10290,1998-03-05,3,10,64,0,0
65,1998,0,10291,1998-03-06,3,10,65,0,0
66,1998,0,10292,1998-03-07,3,10,66,0,0
67,1998,0,10293,1998-03-08,3,10,67,0,0
68,1998,0,10294,1998-03-09,3,10,68,0,0
69,1998,0,10295,1998-03-10,3,10,69,0,0
70,1998,0,10296,1998-03-11,3,10,70,0,0
71,1998,0,10297,1998-03-12,3,11,71,0,0
72,1998,0,10298,1998-03-13,3,11,72,0,0
73,1998,0,10299,1998-03-14,3,11,73,0,0
74,1998,1,10300,1998-03-15,3,11,74,1,0.1141552511415525
75,1998,0,10301,1998-03-16,3,11,75,1,0.1141552511415525
76,1998,0,10302,1998-03-17,3,11,76,1,0.1141552511415525
77,1998,0,10303,1998-03-18,3,11,77,1,0.1141552511415525
78,1998,1,10304,1998-03-19,3,12,78,2,0.228310502283105
79,1998,1,10305,1998-03-20,3,12,79,3,0.3424657534246575
80,1998,1,10306,1998-03-21,3,12,80,4,0.45662100456621
81,1998,1,10307,1998-03-22,3,12,81,5,0.5707762557077625
82,1998,0,10308,1998-03-23,3,12,82,5,0.5707762557077625
83,1998,2,10309,1998-03-24,3,12,83,7,0.7990867579908676
84,1998,0,10310,1998-03-25,3,12,84,7,0.7990867579908676
85,1998,0,10311,1998-03-26,3,13,85,7,0.7990867579908676
86,1998,3,10312,1998-03-27,3,13,86,10,1.141552511415525
87,1998,13,10313,1998-03-28,3,13,87,23,2.6255707762557075
88,1998,14,10314,1998-03-29,3,13,88,37,4.223744292237443
89,1998,19,10315,1998-03-30,3,13,89,56,6.392694063926941
90,1998,22,10316,1998-03-31,3,13,90,78,8.904109589041095
91,1998,15,10317,1998-04-01,4,13,91,93,10.616438356164384
92,1998,98,10318,1998-04-02,4,14,92,191,21.80365296803653
93,1998,53,10319,1998-04-03,4,14,93,244,27.85388127853881
94,1998,30,10320,1998-04-04,4,14,94,274,31.27853881278539
95,1998,12,10321,1998-04-05,4,14,95,286,32.64840182648402
96,1998,14,10322,1998-04-06,4,14,96,300,34.24657534246575
97,1998,14,10323,1998-04-07,4,14,97,314,35.84474885844749
98,1998,18,10324,1998-04-08,4,14,98,332,37.89954337899543
99,1998,6,10325,1998-04-09,4,15,99,338,38.58447488584475
100,1998,5,10326,1998-04-10,4,15,100,343,39.15525114155251
101,1998,2,10327,1998-04-11,4,15,101,345,39.38356164383562
102,1998,5,10328,1998-04-12,4,15,102,350,39.95433789954338
103,1998,11,10329,1998-04-13,4,15,103,361,41.210045662100455
104,1998,25,10330,1998-04-14,4,15,104,386,44.06392694063927
105,1998,74,10331,1998-04-15,4,15,105,460,52.51141552511416
106,1998,86,10332,1998-04-16,4,16,106,546,62.328767123287676
107,1998,4,10333,1998-04-17,4,16,107,550,62.78538812785388
108,1998,9,10334,1998-04-18,4,16,108,559,63.81278538812786
109,1998,11,10335,1998-04-19,4,16,109,570,65.06849315068493
110,1998,26,10336,1998-04-20,4,16,110,596,68.0365296803653
111,1998,10,10337,1998-04-21,4,16,111,606,69.17808219178082
112,1998,19,10338,1998-04-22,4,16,112,625,71.34703196347031
113,1998,33,10339,1998-04-23,4,17,113,658,75.11415525114155
114,1998,0,10340,1998-04-24,4,17,114,658,75.11415525114155
115,1998,38,10341,1998-04-25,4,17,115,696,79.45205479452055
116,1998,26,10342,1998-04-26,4,17,116,722,82.42009132420091
117,1998,3,10343,1998-04-27,4,17,117,725,82.76255707762557
118,1998,5,10344,1998-04-28,4,17,118,730,83.33333333333334
119,1998,20,10345,1998-04-29,4,17,119,750,85.61643835616438
120,1998,25,10346,1998-04-30,4,18,120,775,88.4703196347032
121,1998,7,10347,1998-05-01,5,18,121,782,89.26940639269407
122,1998,4,10348,1998-05-02,5,18,122,786,89.72602739726028
123,1998,7,10349,1998-05-03,5,18,123,793,90.52511415525115
124,1998,15,10350,1998-05-04,5,18,124,808,92.23744292237443
125,1998,19,10351,1998-05-05,5,18,125,827,94.40639269406392
126,1998,7,10352,1998-05-06,5,18,126,834,95.2054794520548
127,1998,9,10353,1998-05-07,5,19,127,843,96.23287671232876
128,1998,16,10354,1998-05-08,5,19,128,859,98.0593607305936
129,1998,2,10355,1998-05-09,5,19,129,861,98.28767123287672
130,1998,7,10356,1998-05-10,5,19,130,868,99.08675799086758
131,1998,1,10357,1998-05-11,5,19,131,869,99.20091324200914
132,1998,2,10358,1998-05-12,5,19,132,871,99.42922374429224
133,1998,2,10359,1998-05-13,5,19,133,873,99.65753424657534
134,1998,1,10360,1998-05-14,5,20,134,874,99.77168949771689
135,1998,1,10361,1998-05-15,5,20,135,875,99.88584474885845
136,1998,1,10362,1998-05-16,5,20,136,876,100
137,1998,0,10363,1998-05-17,5,20,137,876,100
138,1998,0,10364,1998-05-18,5,20,138,876,100
139,1998,0,10365,1998-05-19,5,20,139,876,100
140,1998,0,10366,1998-05-20,5,20,140,876,100
141,1998,0,10367,1998-05-21,5,21,141,876,100
142,1998,0,10368,1998-05-22,5,21,142,876,100
143,1998,0,10369,1998-05-23,5,21,143,876,100
144,1998,0,10370,1998-05-24,5,21,144,876,100
145,1998,0,10371,1998-05-25,5,21,145,876,100
146,1998,0,10372,1998-05-26,5,21,146,876,100
147,1998,0,10373,1998-05-27,5,21,147,876,100
148,1998,0,10374,1998-05-28,5,22,148,876,100
149,1998,0,10375,1998-05-29,5,22,149,876,100
150,1998,0,10376,1998-05-30,5,22,150,876,100
151,1998,0,10377,1998-05-31,5,22,151,876,100
152,1998,0,10378,1998-06-01,6,22,152,876,100
153,1998,0,10379,1998-06-02,6,22,153,876,100
154,1998,0,10380,1998-06-03,6,22,154,876,100
155,1998,0,10381,1998-06-04,6,23,155,876,100
156,1998,0,10382,1998-06-05,6,23,156,876,100
157,1998,0,10383,1998-06-06,6,23,157,876,100
158,1998,0,10384,1998-06-07,6,23,158,876,100
159,1998,0,10385,1998-06-08,6,23,159,876,100
160,1998,0,10386,1998-06-09,6,23,160,876,100
161,1998,0,10387,1998-06-10,6,23,161,876,100
162,1998,0,10388,1998-06-11,6,24,162,876,100
163,1998,0,10389,1998-06-12,6,24,163,876,100
164,1998,0,10390,1998-06-13,6,24,164,876,100
165,1998,0,10391,1998-06-14,6,24,165,876,100
166,1998,0,10392,1998-06-15,6,24,166,876,100
167,1998,0,10393,1998-06-16,6,24,167,876,100
168,1998,0,10394,1998-06-17,6,24,168,876,100
169,1998,0,10395,1998-06-18,6,25,169,876,100
170,1998,0,10396,1998-06-19,6,25,170,876,100
171,1998,0,10397,1998-06-20,6,25,171,876,100
172,1998,0,10398,1998-06-21,6,25,172,876,100
173,1998,0,10399,1998-06-22,6,25,173,876,100
174,1998,0,10400,1998-06-23,6,25,174,876,100
175,1998,0,10401,1998-06-24,6,25,175,876,100
176,1998,0,10402,1998-06-25,6,26,176,876,100
177,1998,0,10403,1998-06-26,6,26,177,876,100
178,1998,0,10404,1998-06-27,6,26,178,876,100
179,1998,0,10405,1998-06-28,6,26,179,876,100
180,1998,0,10406,1998-06-29,6,26,180,876,100
1,1999,0,10592,1999-01-01,1,1,1,0,0
2,1999,0,10593,1999-01-02,1,1,2,0,0
3,1999,0,10594,1999-01-03,1,1,3,0,0
4,1999,0,10595,1999-01-04,1,1,4,0,0
5,1999,0,10596,1999-01-05,1,1,5,0,0
6,1999,0,10597,1999-01-06,1,1,6,0,0
7,1999,0,10598,1999-01-07,1,1,7,0,0
8,1999,0,10599,1999-01-08,1,2,8,0,0
9,1999,0,10600,1999-01-09,1,2,9,0,0
10,1999,0,10601,1999-01-10,1,2,10,0,0
11,1999,0,10602,1999-01-11,1,2,11,0,0
12,1999,0,10603,1999-01-12,1,2,12,0,0
13,1999,0,10604,1999-01-13,1,2,13,0,0
14,1999,0,10605,1999-01-14,1,2,14,0,0
15,1999,0,10606,1999-01-15,1,3,15,0,0
16,1999,0,10607,1999-01-16,1,3,16,0,0
17,1999,0,10608,1999-01-17,1,3,17,0,0
18,1999,0,10609,1999-01-18,1,3,18,0,0
19,1999,0,10610,1999-01-19,1,3,19,0,0
20,1999,0,10611,1999-01-20,1,3,20,0,0
21,1999,0,10612,1999-01-21,1,3,21,0,0
22,1999,0,10613,1999-01-22,1,4,22,0,0
23,1999,0,10614,1999-01-23,1,4,23,0,0
24,1999,0,10615,1999-01-24,1,4,24,0,0
25,1999,0,10616,1999-01-25,1,4,25,0,0
26,1999,0,10617,1999-01-26,1,4,26,0,0
27,1999,0,10618,1999-01-27,1,4,27,0,0
28,1999,0,10619,1999-01-28,1,4,28,0,0
29,1999,0,10620,1999-01-29,1,5,29,0,0
30,1999,0,10621,1999-01-30,1,5,30,0,0
31,1999,0,10622,1999-01-31,1,5,31,0,0
32,1999,0,10623,1999-02-01,2,5,32,0,0
33,1999,0,10624,1999-02-02,2,5,33,0,0
34,1999,0,10625,1999-02-03,2,5,34,0,0
35,1999,0,10626,1999-02-04,2,5,35,0,0
36,1999,0,10627,1999-02-05,2,6,36,0,0
37,1999,0,10628,1999-02-06,2,6,37,0,0
38,1999,0,10629,1999-02-07,2,6,38,0,0
39,1999,0,10630,1999-02-08,2,6,39,0,0
40,1999,0,10631,1999-02-09,2,6,40,0,0
41,1999,0,10632,1999-02-10,2,6,41,0,0
42,1999,0,10633,1999-02-11,2,6,42,0,0
43,1999,0,10634,1999-02-12,2,7,43,0,0
44,1999,0,10635,1999-02-13,2,7,44,0,0
45,1999,0,10636,1999-02-14,2,7,45,0,0
46,1999,0,10637,1999-02-15,2,7,46,0,0
47,1999,0,10638,1999-02-16,2,7,47,0,0
48,1999,0,10639,1999-02-17,2,7,48,0,0
49,1999,0,10640,1999-02-18,2,7,49,0,0
50,1999,0,10641,1999-02-19,2,8,50,0,0
51,1999,0,10642,1999-02-20,2,8,51,0,0
52,1999,0,10643,1999-02-21,2,8,52,0,0
53,1999,0,10644,1999-02-22,2,8,53,0,0
54,1999,0,10645,1999-02-23,2,8,54,0,0
55,1999,0,10646,1999-02-24,2,8,55,0,0
56,1999,0,10647,1999-02-25,2,8,56,0,0
57,1999,0,10648,1999-02-26,2,9,57,0,0
58,1999,0,10649,1999-02-27,2,9,58,0,0
59,1999,0,10650,1999-02-28,2,9,59,0,0
60,1999,0,10651,1999-03-01,3,9,60,0,0
61,1999,0,10652,1999-03-02,3,9,61,0,0
62,1999,0,10653,1999-03-03,3,9,62,0,0
63,1999,0,10654,1999-03-04,3,9,63,0,0
64,1999,0,10655,1999-03-05,3,10,64,0,0
65,1999,0,10656,1999-03-06,3,10,65,0,0
66,1999,0,10657,1999-03-07,3,10,66,0,0
67,1999,0,10658,1999-03-08,3,10,67,0,0
68,1999,0,10659,1999-03-09,3,10,68,0,0
69,1999,0,10660,1999-03-10,3,10,69,0,0
70,1999,0,10661,1999-03-11,3,10,70,0,0
71,1999,0,10662,1999-03-12,3,11,71,0,0
72,1999,0,10663,1999-03-13,3,11,72,0,0
73,1999,0,10664,1999-03-14,3,11,73,0,0
74,1999,0,10665,1999-03-15,3,11,74,0,0
75,1999,0,10666,1999-03-16,3,11,75,0,0
76,1999,0,10667,1999-03-17,3,11,76,0,0
77,1999,1,10668,1999-03-18,3,11,77,1,0.2724795640326975
78,1999,2,10669,1999-03-19,3,12,78,3,0.8174386920980926
79,1999,0,10670,1999-03-20,3,12,79,3,0.8174386920980926
80,1999,0,10671,1999-03-21,3,12,80,3,0.8174386920980926
81,1999,0,10672,1999-03-22,3,12,81,3,0.8174386920980926
82,1999,2,10673,1999-03-23,3,12,82,5,1.3623978201634876
83,1999,1,10674,1999-03-24,3,12,83,6,1.6348773841961852
84,1999,3,10675,1999-03-25,3,12,84,9,2.452316076294278
85,1999,1,10676,1999-03-26,3,13,85,10,2.7247956403269753
86,1999,11,10677,1999-03-27,3,13,86,21,5.722070844686648
87,1999,3,10678,1999-03-28,3,13,87,24,6.539509536784741
88,1999,9,10679,1999-03-29,3,13,88,33,8.991825613079019
89,1999,23,10680,1999-03-30,3,13,89,56,15.258855585831062
90,1999,19,10681,1999-03-31,3,13,90,75,20.435967302452315
91,1999,8,10682,1999-04-01,4,13,91,83,22.615803814713896
92,1999,61,10683,1999-04-02,4,14,92,144,39.23705722070845
93,1999,2,10684,1999-04-03,4,14,93,146,39.782016348773844
94,1999,13,10685,1999-04-04,4,14,94,159,43.32425068119891
95,1999,17,10686,1999-04-05,4,14,95,176,47.956403269754766
96,1999,18,10687,1999-04-06,4,14,96,194,52.86103542234333
97,1999,12,10688,1999-04-07,4,14,97,206,56.13079019073569
98,1999,24,10689,1999-04-08,4,14,98,230,62.67029972752044
99,1999,23,10690,1999-04-09,4,15,99,253,68.93732970027247
100,1999,13,10691,1999-04-10,4,15,100,266,72.47956403269755
101,1999,16,10692,1999-04-11,4,15,101,282,76.83923705722071
102,1999,1,10693,1999-04-12,4,15,102,283,77.11171662125341
103,1999,17,10694,1999-04-13,4,15,103,300,81.74386920980926
104,1999,12,10695,1999-04-14,4,15,104,312,85.01362397820164
105,1999,10,10696,1999-04-15,4,15,105,322,87.73841961852861
106,1999,8,10697,1999-04-16,4,16,106,330,89.91825613079018
107,1999,11,10698,1999-04-17,4,16,107,341,92.91553133514986
108,1999,6,10699,1999-04-18,4,16,108,347,94.55040871934605
109,1999,10,10700,1999-04-19,4,16,109,357,97.27520435967303
110,1999,0,10701,1999-04-20,4,16,110,357,97.27520435967303
111,1999,0,10702,1999-04-21,4,16,111,357,97.27520435967303
112,1999,0,10703,1999-04-22,4,16,112,357,97.27520435967303
113,1999,0,10704,1999-04-23,4,17,113,357,97.27520435967303
114,1999,0,10705,1999-04-24,4,17,114,357,97.27520435967303
115,1999,0,10706,1999-04-25,4,17,115,357,97.27520435967303
116,1999,0,10707,1999-04-26,4,17,116,357,97.27520435967303
117,1999,0,10708,1999-04-27,4,17,117,357,97.27520435967303
118,1999,1,10709,1999-04-28,4,17,118,358,97.54768392370572
119,1999,1,10710,1999-04-29,4,17,119,359,97.82016348773843
120,1999,2,10711,1999-04-30,4,18,120,361,98.36512261580381
121,1999,3,10712,1999-05-01,5,18,121,364,99.1825613079019
122,1999,0,10713,1999-05-02,5,18,122,364,99.1825613079019
123,1999,1,10714,1999-05-03,5,18,123,365,99.45504087193461
124,1999,1,10715,1999-05-04,5,18,124,366,99.72752043596729
125,1999,0,10716,1999-05-05,5,18,125,366,99.72752043596729
126,1999,0,10717,1999-05-06,5,18,126,366,99.72752043596729
127,1999,0,10718,1999-05-07,5,19,127,366,99.72752043596729
128,1999,0,10719,1999-05-08,5,19,128,366,99.72752043596729
129,1999,0,10720,1999-05-09,5,19,129,366,99.72752043596729
130,1999,0,10721,1999-05-10,5,19,130,366,99.72752043596729
131,1999,0,10722,1999-05-11,5,19,131,366,99.72752043596729
132,1999,0,10723,1999-05-12,5,19,132,366,99.72752043596729
133,1999,0,10724,1999-05-13,5,19,133,366,99.72752043596729
134,1999,0,10725,1999-05-14,5,20,134,366,99.72752043596729
135,1999,0,10726,1999-05-15,5,20,135,366,99.72752043596729
136,1999,1,10727,1999-05-16,5,20,136,367,100
137,1999,0,10728,1999-05-17,5,20,137,367,100
138,1999,0,10729,1999-05-18,5,20,138,367,100
139,1999,0,10730,1999-05-19,5,20,139,367,100
140,1999,0,10731,1999-05-20,5,20,140,367,100
141,1999,0,10732,1999-05-21,5,21,141,367,100
142,1999,0,10733,1999-05-22,5,21,142,367,100
143,1999,0,10734,1999-05-23,5,21,143,367,100
144,1999,0,10735,1999-05-24,5,21,144,367,100
145,1999,0,10736,1999-05-25,5,21,145,367,100
146,1999,0,10737,1999-05-26,5,21,146,367,100
147,1999,0,10738,1999-05-27,5,21,147,367,100
148,1999,0,10739,1999-05-28,5,22,148,367,100
149,1999,0,10740,1999-05-29,5,22,149,367,100
150,1999,0,10741,1999-05-30,5,22,150,367,100
151,1999,0,10742,1999-05-31,5,22,151,367,100
152,1999,0,10743,1999-06-01,6,22,152,367,100
153,1999,0,10744,1999-06-02,6,22,153,367,100
154,1999,0,10745,1999-06-03,6,22,154,367,100
155,1999,0,10746,1999-06-04,6,23,155,367,100
156,1999,0,10747,1999-06-05,6,23,156,367,100
157,1999,0,10748,1999-06-06,6,23,157,367,100
158,1999,0,10749,1999-06-07,6,23,158,367,100
159,1999,0,10750,1999-06-08,6,23,159,367,100
160,1999,0,10751,1999-06-09,6,23,160,367,100
161,1999,0,10752,1999-06-10,6,23,161,367,100
162,1999,0,10753,1999-06-11,6,24,162,367,100
163,1999,0,10754,1999-06-12,6,24,163,367,100
164,1999,0,10755,1999-06-13,6,24,164,367,100
165,1999,0,10756,1999-06-14,6,24,165,367,100
166,1999,0,10757,1999-06-15,6,24,166,367,100
167,1999,0,10758,1999-06-16,6,24,167,367,100
168,1999,0,10759,1999-06-17,6,24,168,367,100
169,1999,0,10760,1999-06-18,6,25,169,367,100
170,1999,0,10761,1999-06-19,6,25,170,367,100
171,1999,0,10762,1999-06-20,6,25,171,367,100
172,1999,0,10763,1999-06-21,6,25,172,367,100
173,1999,0,10764,1999-06-22,6,25,173,367,100
174,1999,0,10765,1999-06-23,6,25,174,367,100
175,1999,0,10766,1999-06-24,6,25,175,367,100
176,1999,0,10767,1999-06-25,6,26,176,367,100
177,1999,0,10768,1999-06-26,6,26,177,367,100
178,1999,0,10769,1999-06-27,6,26,178,367,100
179,1999,0,10770,1999-06-28,6,26,179,367,100
180,1999,0,10771,1999-06-29,6,26,180,367,100
1,2000,0,10957,2000-01-01,1,1,1,0,0
2,2000,0,10958,2000-01-02,1,1,2,0,0
3,2000,0,10959,2000-01-03,1,1,3,0,0
4,2000,0,10960,2000-01-04,1,1,4,0,0
5,2000,0,10961,2000-01-05,1,1,5,0,0
6,2000,0,10962,2000-01-06,1,1,6,0,0
7,2000,0,10963,2000-01-07,1,1,7,0,0
8,2000,0,10964,2000-01-08,1,2,8,0,0
9,2000,0,10965,2000-01-09,1,2,9,0,0
10,2000,0,10966,2000-01-10,1,2,10,0,0
11,2000,0,10967,2000-01-11,1,2,11,0,0
12,2000,0,10968,2000-01-12,1,2,12,0,0
13,2000,0,10969,2000-01-13,1,2,13,0,0
14,2000,0,10970,2000-01-14,1,2,14,0,0
15,2000,0,10971,2000-01-15,1,3,15,0,0
16,2000,0,10972,2000-01-16,1,3,16,0,0
17,2000,0,10973,2000-01-17,1,3,17,0,0
18,2000,0,10974,2000-01-18,1,3,18,0,0
19,2000,0,10975,2000-01-19,1,3,19,0,0
20,2000,0,10976,2000-01-20,1,3,20,0,0
21,2000,0,10977,2000-01-21,1,3,21,0,0
22,2000,0,10978,2000-01-22,1,4,22,0,0
23,2000,0,10979,2000-01-23,1,4,23,0,0
24,2000,0,10980,2000-01-24,1,4,24,0,0
25,2000,0,10981,2000-01-25,1,4,25,0,0
26,2000,0,10982,2000-01-26,1,4,26,0,0
27,2000,0,10983,2000-01-27,1,4,27,0,0
28,2000,0,10984,2000-01-28,1,4,28,0,0
29,2000,0,10985,2000-01-29,1,5,29,0,0
30,2000,0,10986,2000-01-30,1,5,30,0,0
31,2000,0,10987,2000-01-31,1,5,31,0,0
32,2000,0,10988,2000-02-01,2,5,32,0,0
33,2000,0,10989,2000-02-02,2,5,33,0,0
34,2000,0,10990,2000-02-03,2,5,34,0,0
35,2000,0,10991,2000-02-04,2,5,35,0,0
36,2000,0,10992,2000-02-05,2,6,36,0,0
37,2000,0,10993,2000-02-06,2,6,37,0,0
38,2000,0,10994,2000-02-07,2,6,38,0,0
39,2000,0,10995,2000-02-08,2,6,39,0,0
40,2000,0,10996,2000-02-09,2,6,40,0,0
41,2000,0,10997,2000-02-10,2,6,41,0,0
42,2000,0,10998,2000-02-11,2,6,42,0,0
43,2000,0,10999,2000-02-12,2,7,43,0,0
44,2000,0,11000,2000-02-13,2,7,44,0,0
45,2000,0,11001,2000-02-14,2,7,45,0,0
46,2000,0,11002,2000-02-15,2,7,46,0,0
47,2000,0,11003,2000-02-16,2,7,47,0,0
48,2000,0,11004,2000-02-17,2,7,48,0,0
49,2000,0,11005,2000-02-18,2,7,49,0,0
50,2000,0,11006,2000-02-19,2,8,50,0,0
51,2000,0,11007,2000-02-20,2,8,51,0,0
52,2000,0,11008,2000-02-21,2,8,52,0,0
53,2000,0,11009,2000-02-22,2,8,53,0,0
54,2000,0,11010,2000-02-23,2,8,54,0,0
55,2000,0,11011,2000-02-24,2,8,55,0,0
56,2000,0,11012,2000-02-25,2,8,56,0,0
57,2000,0,11013,2000-02-26,2,9,57,0,0
58,2000,0,11014,2000-02-27,2,9,58,0,0
59,2000,0,11015,2000-02-28,2,9,59,0,0
60,2000,0,11016,2000-02-29,2,9,60,0,0
61,2000,0,11017,2000-03-01,3,9,61,0,0
62,2000,0,11018,2000-03-02,3,9,62,0,0
63,2000,0,11019,2000-03-03,3,9,63,0,0
64,2000,0,11020,2000-03-04,3,10,64,0,0
65,2000,0,11021,2000-03-05,3,10,65,0,0
66,2000,0,11022,2000-03-06,3,10,66,0,0
67,2000,0,11023,2000-03-07,3,10,67,0,0
68,2000,0,11024,2000-03-08,3,10,68,0,0
69,2000,0,11025,2000-03-09,3,10,69,0,0
70,2000,0,11026,2000-03-10,3,10,70,0,0
71,2000,0,11027,2000-03-11,3,11,71,0,0
72,2000,0,11028,2000-03-12,3,11,72,0,0
73,2000,0,11029,2000-03-13,3,11,73,0,0
74,2000,0,11030,2000-03-14,3,11,74,0,0
75,2000,0,11031,2000-03-15,3,11,75,0,0
76,2000,0,11032,2000-03-16,3,11,76,0,0
77,2000,0,11033,2000-03-17,3,11,77,0,0
78,2000,0,11034,2000-03-18,3,12,78,0,0
79,2000,0,11035,2000-03-19,3,12,79,0,0
80,2000,0,11036,2000-03-20,3,12,80,0,0
81,2000,0,11037,2000-03-21,3,12,81,0,0
82,2000,3,11038,2000-03-22,3,12,82,3,0.4524886877828055
83,2000,2,11039,2000-03-23,3,12,83,5,0.7541478129713424
84,2000,10,11040,2000-03-24,3,12,84,15,2.262443438914027
85,2000,4,11041,2000-03-25,3,13,85,19,2.865761689291101
86,2000,4,11042,2000-03-26,3,13,86,23,3.469079939668175
87,2000,4,11043,2000-03-27,3,13,87,27,4.072398190045249
88,2000,6,11044,2000-03-28,3,13,88,33,4.97737556561086
89,2000,5,11045,2000-03-29,3,13,89,38,5.731523378582202
90,2000,0,11046,2000-03-30,3,13,90,38,5.731523378582202
91,2000,9,11047,2000-03-31,3,13,91,47,7.088989441930618
92,2000,4,11048,2000-04-01,4,14,92,51,7.6923076923076925
93,2000,4,11049,2000-04-02,4,14,93,55,8.295625942684765
94,2000,27,11050,2000-04-03,4,14,94,82,12.368024132730016
95,2000,17,11051,2000-04-04,4,14,95,99,14.93212669683258
96,2000,8,11052,2000-04-05,4,14,96,107,16.138763197586727
97,2000,6,11053,2000-04-06,4,14,97,113,17.043740573152338
98,2000,8,11054,2000-04-07,4,14,98,121,18.250377073906485
99,2000,1,11055,2000-04-08,4,15,99,122,18.401206636500756
100,2000,12,11056,2000-04-09,4,15,100,134,20.211161387631975
101,2000,19,11057,2000-04-10,4,15,101,153,23.076923076923077
102,2000,6,11058,2000-04-11,4,15,102,159,23.981900452488688
103,2000,16,11059,2000-04-12,4,15,103,175,26.395173453996986
104,2000,6,11060,2000-04-13,4,15,104,181,27.300150829562593
105,2000,39,11061,2000-04-14,4,15,105,220,33.18250377073906
106,2000,81,11062,2000-04-15,4,16,106,301,45.399698340874814
107,2000,30,11063,2000-04-16,4,16,107,331,49.924585218702866
108,2000,37,11064,2000-04-17,4,16,108,368,55.5052790346908
109,2000,28,11065,2000-04-18,4,16,109,396,59.72850678733032
110,2000,12,11066,2000-04-19,4,16,110,408,61.53846153846154
111,2000,0,11067,2000-04-20,4,16,111,408,61.53846153846154
112,2000,0,11068,2000-04-21,4,16,112,408,61.53846153846154
113,2000,24,11069,2000-04-22,4,17,113,432,65.15837104072398
114,2000,17,11070,2000-04-23,4,17,114,449,67.72247360482655
115,2000,5,11071,2000-04-24,4,17,115,454,68.47662141779789
116,2000,11,11072,2000-04-25,4,17,116,465,70.13574660633483
117,2000,5,11073,2000-04-26,4,17,117,470,70.88989441930619
118,2000,7,11074,2000-04-27,4,17,118,477,71.94570135746606
119,2000,10,11075,2000-04-28,4,17,119,487,73.45399698340876
120,2000,20,11076,2000-04-29,4,18,120,507,76.47058823529412
121,2000,19,11077,2000-04-30,4,18,121,526,79.33634992458522
122,2000,49,11078,2000-05-01,5,18,122,575,86.72699849170438
123,2000,25,11079,2000-05-02,5,18,123,600,90.49773755656109
124,2000,13,11080,2000-05-03,5,18,124,613,92.45852187028657
125,2000,5,11081,2000-05-04,5,18,125,618,93.21266968325791
126,2000,10,11082,2000-05-05,5,18,126,628,94.7209653092006
127,2000,10,11083,2000-05-06,5,19,127,638,96.22926093514329
128,2000,12,11084,2000-05-07,5,19,128,650,98.0392156862745
129,2000,10,11085,2000-05-08,5,19,129,660,99.5475113122172
130,2000,2,11086,2000-05-09,5,19,130,662,99.84917043740573
131,2000,1,11087,2000-05-10,5,19,131,663,100
132,2000,0,11088,2000-05-11,5,19,132,663,100
133,2000,0,11089,2000-05-12,5,19,133,663,100
134,2000,0,11090,2000-05-13,5,20,134,663,100
135,2000,0,11091,2000-05-14,5,20,135,663,100
136,2000,0,11092,2000-05-15,5,20,136,663,100
137,2000,0,11093,2000-05-16,5,20,137,663,100
138,2000,0,11094,2000-05-17,5,20,138,663,100
139,2000,0,11095,2000-05-18,5,20,139,663,100
140,2000,0,11096,2000-05-19,5,20,140,663,100
141,2000,0,11097,2000-05-20,5,21,141,663,100
142,2000,0,11098,2000-05-21,5,21,142,663,100
143,2000,0,11099,2000-05-22,5,21,143,663,100
144,2000,0,11100,2000-05-23,5,21,144,663,100
145,2000,0,11101,2000-05-24,5,21,145,663,100
146,2000,0,11102,2000-05-25,5,21,146,663,100
147,2000,0,11103,2000-05-26,5,21,147,663,100
148,2000,0,11104,2000-05-27,5,22,148,663,100
149,2000,0,11105,2000-05-28,5,22,149,663,100
150,2000,0,11106,2000-05-29,5,22,150,663,100
151,2000,0,11107,2000-05-30,5,22,151,663,100
152,2000,0,11108,2000-05-31,5,22,152,663,100
153,2000,0,11109,2000-06-01,6,22,153,663,100
154,2000,0,11110,2000-06-02,6,22,154,663,100
155,2000,0,11111,2000-06-03,6,23,155,663,100
156,2000,0,11112,2000-06-04,6,23,156,663,100
157,2000,0,11113,2000-06-05,6,23,157,663,100
158,2000,0,11114,2000-06-06,6,23,158,663,100
159,2000,0,11115,2000-06-07,6,23,159,663,100
160,2000,0,11116,2000-06-08,6,23,160,663,100
161,2000,0,11117,2000-06-09,6,23,161,663,100
162,2000,0,11118,2000-06-10,6,24,162,663,100
163,2000,0,11119,2000-06-11,6,24,163,663,100
164,2000,0,11120,2000-06-12,6,24,164,663,100
165,2000,0,11121,2000-06-13,6,24,165,663,100
166,2000,0,11122,2000-06-14,6,24,166,663,100
167,2000,0,11123,2000-06-15,6,24,167,663,100
168,2000,0,11124,2000-06-16,6,24,168,663,100
169,2000,0,11125,2000-06-17,6,25,169,663,100
170,2000,0,11126,2000-06-18,6,25,170,663,100
171,2000,0,11127,2000-06-19,6,25,171,663,100
172,2000,0,11128,2000-06-20,6,25,172,663,100
173,2000,0,11129,2000-06-21,6,25,173,663,100
174,2000,0,11130,2000-06-22,6,25,174,663,100
175,2000,0,11131,2000-06-23,6,25,175,663,100
176,2000,0,11132,2000-06-24,6,26,176,663,100
177,2000,0,11133,2000-06-25,6,26,177,663,100
178,2000,0,11134,2000-06-26,6,26,178,663,100
179,2000,0,11135,2000-06-27,6,26,179,663,100
180,2000,0,11136,2000-06-28,6,26,180,663,100
1,2001,0,11323,2001-01-01,1,1,1,0,0
2,2001,0,11324,2001-01-02,1,1,2,0,0
3,2001,0,11325,2001-01-03,1,1,3,0,0
4,2001,0,11326,2001-01-04,1,1,4,0,0
5,2001,0,11327,2001-01-05,1,1,5,0,0
6,2001,0,11328,2001-01-06,1,1,6,0,0
7,2001,0,11329,2001-01-07,1,1,7,0,0
8,2001,0,11330,2001-01-08,1,2,8,0,0
9,2001,0,11331,2001-01-09,1,2,9,0,0
10,2001,0,11332,2001-01-10,1,2,10,0,0
11,2001,0,11333,2001-01-11,1,2,11,0,0
12,2001,0,11334,2001-01-12,1,2,12,0,0
13,2001,0,11335,2001-01-13,1,2,13,0,0
14,2001,0,11336,2001-01-14,1,2,14,0,0
15,2001,0,11337,2001-01-15,1,3,15,0,0
16,2001,0,11338,2001-01-16,1,3,16,0,0
17,2001,0,11339,2001-01-17,1,3,17,0,0
18,2001,0,11340,2001-01-18,1,3,18,0,0
19,2001,0,11341,2001-01-19,1,3,19,0,0
20,2001,0,11342,2001-01-20,1,3,20,0,0
21,2001,0,11343,2001-01-21,1,3,21,0,0
22,2001,0,11344,2001-01-22,1,4,22,0,0
23,2001,0,11345,2001-01-23,1,4,23,0,0
24,2001,0,11346,2001-01-24,1,4,24,0,0
25,2001,0,11347,2001-01-25,1,4,25,0,0
26,2001,0,11348,2001-01-26,1,4,26,0,0
27,2001,0,11349,2001-01-27,1,4,27,0,0
28,2001,0,11350,2001-01-28,1,4,28,0,0
29,2001,0,11351,2001-01-29,1,5,29,0,0
30,2001,0,11352,2001-01-30,1,5,30,0,0
31,2001,0,11353,2001-01-31,1,5,31,0,0
32,2001,0,11354,2001-02-01,2,5,32,0,0
33,2001,0,11355,2001-02-02,2,5,33,0,0
34,2001,0,11356,2001-02-03,2,5,34,0,0
35,2001,0,11357,2001-02-04,2,5,35,0,0
36,2001,0,11358,2001-02-05,2,6,36,0,0
37,2001,0,11359,2001-02-06,2,6,37,0,0
38,2001,0,11360,2001-02-07,2,6,38,0,0
39,2001,0,11361,2001-02-08,2,6,39,0,0
40,2001,0,11362,2001-02-09,2,6,40,0,0
41,2001,0,11363,2001-02-10,2,6,41,0,0
42,2001,0,11364,2001-02-11,2,6,42,0,0
43,2001,0,11365,2001-02-12,2,7,43,0,0
44,2001,0,11366,2001-02-13,2,7,44,0,0
45,2001,0,11367,2001-02-14,2,7,45,0,0
46,2001,0,11368,2001-02-15,2,7,46,0,0
47,2001,0,11369,2001-02-16,2,7,47,0,0
48,2001,0,11370,2001-02-17,2,7,48,0,0
49,2001,0,11371,2001-02-18,2,7,49,0,0
50,2001,0,11372,2001-02-19,2,8,50,0,0
51,2001,0,11373,2001-02-20,2,8,51,0,0
52,2001,0,11374,2001-02-21,2,8,52,0,0
53,2001,0,11375,2001-02-22,2,8,53,0,0
54,2001,0,11376,2001-02-23,2,8,54,0,0
55,2001,0,11377,2001-02-24,2,8,55,0,0
56,2001,0,11378,2001-02-25,2,8,56,0,0
57,2001,0,11379,2001-02-26,2,9,57,0,0
58,2001,0,11380,2001-02-27,2,9,58,0,0
59,2001,0,11381,2001-02-28,2,9,59,0,0
60,2001,0,11382,2001-03-01,3,9,60,0,0
61,2001,0,11383,2001-03-02,3,9,61,0,0
62,2001,0,11384,2001-03-03,3,9,62,0,0
63,2001,0,11385,2001-03-04,3,9,63,0,0
64,2001,0,11386,2001-03-05,3,10,64,0,0
65,2001,0,11387,2001-03-06,3,10,65,0,0
66,2001,0,11388,2001-03-07,3,10,66,0,0
67,2001,0,11389,2001-03-08,3,10,67,0,0
68,2001,0,11390,2001-03-09,3,10,68,0,0
69,2001,0,11391,2001-03-10,3,10,69,0,0
70,2001,0,11392,2001-03-11,3,10,70,0,0
71,2001,0,11393,2001-03-12,3,11,71,0,0
72,2001,0,11394,2001-03-13,3,11,72,0,0
73,2001,4,11395,2001-03-14,3,11,73,4,0.3147128245476003
74,2001,0,11396,2001-03-15,3,11,74,4,0.3147128245476003
75,2001,3,11397,2001-03-16,3,11,75,7,0.5507474429583006
76,2001,4,11398,2001-03-17,3,11,76,11,0.865460267505901
77,2001,0,11399,2001-03-18,3,11,77,11,0.865460267505901
78,2001,0,11400,2001-03-19,3,12,78,11,0.865460267505901
79,2001,0,11401,2001-03-20,3,12,79,11,0.865460267505901
80,2001,0,11402,2001-03-21,3,12,80,11,0.865460267505901
81,2001,0,11403,2001-03-22,3,12,81,11,0.865460267505901
82,2001,0,11404,2001-03-23,3,12,82,11,0.865460267505901
83,2001,0,11405,2001-03-24,3,12,83,11,0.865460267505901
84,2001,0,11406,2001-03-25,3,12,84,11,0.865460267505901
85,2001,0,11407,2001-03-26,3,13,85,11,0.865460267505901
86,2001,0,11408,2001-03-27,3,13,86,11,0.865460267505901
87,2001,0,11409,2001-03-28,3,13,87,11,0.865460267505901
88,2001,0,11410,2001-03-29,3,13,88,11,0.865460267505901
89,2001,0,11411,2001-03-30,3,13,89,11,0.865460267505901
90,2001,0,11412,2001-03-31,3,13,90,11,0.865460267505901
91,2001,1,11413,2001-04-01,4,13,91,12,0.9441384736428009
92,2001,7,11414,2001-04-02,4,14,92,19,1.4948859166011015
93,2001,8,11415,2001-04-03,4,14,93,27,2.1243115656963023
94,2001,4,11416,2001-04-04,4,14,94,31,2.4390243902439024
95,2001,0,11417,2001-04-05,4,14,95,31,2.4390243902439024
96,2001,0,11418,2001-04-06,4,14,96,31,2.4390243902439024
97,2001,0,11419,2001-04-07,4,14,97,31,2.4390243902439024
98,2001,8,11420,2001-04-08,4,14,98,39,3.068450039339103
99,2001,19,11421,2001-04-09,4,15,99,58,4.563335955940205
100,2001,24,11422,2001-04-10,4,15,100,82,6.451612903225806
101,2001,32,11423,2001-04-11,4,15,101,114,8.969315499606608
102,2001,24,11424,2001-04-12,4,15,102,138,10.85759244689221
103,2001,72,11425,2001-04-13,4,15,103,210,16.522423288749017
104,2001,24,11426,2001-04-14,4,15,104,234,18.410700236034618
105,2001,89,11427,2001-04-15,4,15,105,323,25.413060582218726
106,2001,53,11428,2001-04-16,4,16,106,376,29.58300550747443
107,2001,35,11429,2001-04-17,4,16,107,411,32.33674272226593
108,2001,58,11430,2001-04-18,4,16,108,469,36.900078678206135
109,2001,45,11431,2001-04-19,4,16,109,514,40.440597954366645
110,2001,38,11432,2001-04-20,4,16,110,552,43.43036978756884
111,2001,16,11433,2001-04-21,4,16,111,568,44.68922108575924
112,2001,60,11434,2001-04-22,4,16,112,628,49.409913453973246
113,2001,59,11435,2001-04-23,4,17,113,687,54.05192761605036
114,2001,106,11436,2001-04-24,4,17,114,793,62.39181746656176
115,2001,84,11437,2001-04-25,4,17,115,877,69.00078678206137
116,2001,53,11438,2001-04-26,4,17,116,930,73.17073170731707
117,2001,57,11439,2001-04-27,4,17,117,987,77.65538945712038
118,2001,56,11440,2001-04-28,4,17,118,1043,82.06136900078678
119,2001,24,11441,2001-04-29,4,17,119,1067,83.94964594807239
120,2001,37,11442,2001-04-30,4,18,120,1104,86.86073957513769
121,2001,1,11443,2001-05-01,5,18,121,1105,86.93941778127459
122,2001,3,11444,2001-05-02,5,18,122,1108,87.17545239968528
123,2001,5,11445,2001-05-03,5,18,123,1113,87.5688434303698
124,2001,3,11446,2001-05-04,5,18,124,1116,87.8048780487805
125,2001,5,11447,2001-05-05,5,18,125,1121,88.19826907946499
126,2001,4,11448,2001-05-06,5,18,126,1125,88.51298190401259
127,2001,4,11449,2001-05-07,5,19,127,1129,88.82769472856019
128,2001,9,11450,2001-05-08,5,19,128,1138,89.53579858379229
129,2001,12,11451,2001-05-09,5,19,129,1150,90.4799370574351
130,2001,0,11452,2001-05-10,5,19,130,1150,90.4799370574351
131,2001,47,11453,2001-05-11,5,19,131,1197,94.17781274586939
132,2001,34,11454,2001-05-12,5,19,132,1231,96.85287175452399
133,2001,11,11455,2001-05-13,5,19,133,1242,97.7183320220299
134,2001,5,11456,2001-05-14,5,20,134,1247,98.1117230527144
135,2001,0,11457,2001-05-15,5,20,135,1247,98.1117230527144
136,2001,6,11458,2001-05-16,5,20,136,1253,98.5837922895358
137,2001,1,11459,2001-05-17,5,20,137,1254,98.6624704956727
138,2001,0,11460,2001-05-18,5,20,138,1254,98.6624704956727
139,2001,0,11461,2001-05-19,5,20,139,1254,98.6624704956727
140,2001,1,11462,2001-05-20,5,20,140,1255,98.7411487018096
141,2001,9,11463,2001-05-21,5,21,141,1264,99.4492525570417
142,2001,1,11464,2001-05-22,5,21,142,1265,99.5279307631786
143,2001,1,11465,2001-05-23,5,21,143,1266,99.6066089693155
144,2001,1,11466,2001-05-24,5,21,144,1267,99.6852871754524
145,2001,0,11467,2001-05-25,5,21,145,1267,99.6852871754524
146,2001,1,11468,2001-05-26,5,21,146,1268,99.7639653815893
147,2001,0,11469,2001-05-27,5,21,147,1268,99.7639653815893
148,2001,3,11470,2001-05-28,5,22,148,1271,100
149,2001,0,11471,2001-05-29,5,22,149,1271,100
150,2001,0,11472,2001-05-30,5,22,150,1271,100
151,2001,0,11473,2001-05-31,5,22,151,1271,100
152,2001,0,11474,2001-06-01,6,22,152,1271,100
153,2001,0,11475,2001-06-02,6,22,153,1271,100
154,2001,0,11476,2001-06-03,6,22,154,1271,100
155,2001,0,11477,2001-06-04,6,23,155,1271,100
156,2001,0,11478,2001-06-05,6,23,156,1271,100
157,2001,0,11479,2001-06-06,6,23,157,1271,100
158,2001,0,11480,2001-06-07,6,23,158,1271,100
159,2001,0,11481,2001-06-08,6,23,159,1271,100
160,2001,0,11482,2001-06-09,6,23,160,1271,100
161,2001,0,11483,2001-06-10,6,23,161,1271,100
162,2001,0,11484,2001-06-11,6,24,162,1271,100
163,2001,0,11485,2001-06-12,6,24,163,1271,100
164,2001,0,11486,2001-06-13,6,24,164,1271,100
165,2001,0,11487,2001-06-14,6,24,165,1271,100
166,2001,0,11488,2001-06-15,6,24,166,1271,100
167,2001,0,11489,2001-06-16,6,24,167,1271,100
168,2001,0,11490,2001-06-17,6,24,168,1271,100
169,2001,0,11491,2001-06-18,6,25,169,1271,100
170,2001,0,11492,2001-06-19,6,25,170,1271,100
171,2001,0,11493,2001-06-20,6,25,171,1271,100
172,2001,0,11494,2001-06-21,6,25,172,1271,100
173,2001,0,11495,2001-06-22,6,25,173,1271,100
174,2001,0,11496,2001-06-23,6,25,174,1271,100
175,2001,0,11497,2001-06-24,6,25,175,1271,100
176,2001,0,11498,2001-06-25,6,26,176,1271,100
177,2001,0,11499,2001-06-26,6,26,177,1271,100
178,2001,0,11500,2001-06-27,6,26,178,1271,100
179,2001,0,11501,2001-06-28,6,26,179,1271,100
180,2001,0,11502,2001-06-29,6,26,180,1271,100
1,2002,0,11688,2002-01-01,1,1,1,0,0
2,2002,0,11689,2002-01-02,1,1,2,0,0
3,2002,0,11690,2002-01-03,1,1,3,0,0
4,2002,0,11691,2002-01-04,1,1,4,0,0
5,2002,0,11692,2002-01-05,1,1,5,0,0
6,2002,0,11693,2002-01-06,1,1,6,0,0
7,2002,0,11694,2002-01-07,1,1,7,0,0
8,2002,0,11695,2002-01-08,1,2,8,0,0
9,2002,0,11696,2002-01-09,1,2,9,0,0
10,2002,0,11697,2002-01-10,1,2,10,0,0
11,2002,0,11698,2002-01-11,1,2,11,0,0
12,2002,0,11699,2002-01-12,1,2,12,0,0
13,2002,0,11700,2002-01-13,1,2,13,0,0
14,2002,0,11701,2002-01-14,1,2,14,0,0
15,2002,0,11702,2002-01-15,1,3,15,0,0
16,2002,0,11703,2002-01-16,1,3,16,0,0
17,2002,0,11704,2002-01-17,1,3,17,0,0
18,2002,0,11705,2002-01-18,1,3,18,0,0
19,2002,0,11706,2002-01-19,1,3,19,0,0
20,2002,0,11707,2002-01-20,1,3,20,0,0
21,2002,0,11708,2002-01-21,1,3,21,0,0
22,2002,0,11709,2002-01-22,1,4,22,0,0
23,2002,0,11710,2002-01-23,1,4,23,0,0
24,2002,0,11711,2002-01-24,1,4,24,0,0
25,2002,0,11712,2002-01-25,1,4,25,0,0
26,2002,0,11713,2002-01-26,1,4,26,0,0
27,2002,0,11714,2002-01-27,1,4,27,0,0
28,2002,0,11715,2002-01-28,1,4,28,0,0
29,2002,0,11716,2002-01-29,1,5,29,0,0
30,2002,0,11717,2002-01-30,1,5,30,0,0
31,2002,0,11718,2002-01-31,1,5,31,0,0
32,2002,0,11719,2002-02-01,2,5,32,0,0
33,2002,0,11720,2002-02-02,2,5,33,0,0
34,2002,0,11721,2002-02-03,2,5,34,0,0
35,2002,0,11722,2002-02-04,2,5,35,0,0
36,2002,0,11723,2002-02-05,2,6,36,0,0
37,2002,0,11724,2002-02-06,2,6,37,0,0
38,2002,0,11725,2002-02-07,2,6,38,0,0
39,2002,0,11726,2002-02-08,2,6,39,0,0
40,2002,0,11727,2002-02-09,2,6,40,0,0
41,2002,0,11728,2002-02-10,2,6,41,0,0
42,2002,0,11729,2002-02-11,2,6,42,0,0
43,2002,0,11730,2002-02-12,2,7,43,0,0
44,2002,0,11731,2002-02-13,2,7,44,0,0
45,2002,0,11732,2002-02-14,2,7,45,0,0
46,2002,0,11733,2002-02-15,2,7,46,0,0
47,2002,0,11734,2002-02-16,2,7,47,0,0
48,2002,0,11735,2002-02-17,2,7,48,0,0
49,2002,0,11736,2002-02-18,2,7,49,0,0
50,2002,0,11737,2002-02-19,2,8,50,0,0
51,2002,0,11738,2002-02-20,2,8,51,0,0
52,2002,0,11739,2002-02-21,2,8,52,0,0
53,2002,0,11740,2002-02-22,2,8,53,0,0
54,2002,0,11741,2002-02-23,2,8,54,0,0
55,2002,0,11742,2002-02-24,2,8,55,0,0
56,2002,0,11743,2002-02-25,2,8,56,0,0
57,2002,0,11744,2002-02-26,2,9,57,0,0
58,2002,0,11745,2002-02-27,2,9,58,0,0
59,2002,0,11746,2002-02-28,2,9,59,0,0
60,2002,0,11747,2002-03-01,3,9,60,0,0
61,2002,0,11748,2002-03-02,3,9,61,0,0
62,2002,0,11749,2002-03-03,3,9,62,0,0
63,2002,0,11750,2002-03-04,3,9,63,0,0
64,2002,0,11751,2002-03-05,3,10,64,0,0
65,2002,0,11752,2002-03-06,3,10,65,0,0
66,2002,0,11753,2002-03-07,3,10,66,0,0
67,2002,0,11754,2002-03-08,3,10,67,0,0
68,2002,0,11755,2002-03-09,3,10,68,0,0
69,2002,0,11756,2002-03-10,3,10,69,0,0
70,2002,0,11757,2002-03-11,3,10,70,0,0
71,2002,0,11758,2002-03-12,3,11,71,0,0
72,2002,0,11759,2002-03-13,3,11,72,0,0
73,2002,0,11760,2002-03-14,3,11,73,0,0
74,2002,0,11761,2002-03-15,3,11,74,0,0
75,2002,0,11762,2002-03-16,3,11,75,0,0
76,2002,0,11763,2002-03-17,3,11,76,0,0
77,2002,0,11764,2002-03-18,3,11,77,0,0
78,2002,0,11765,2002-03-19,3,12,78,0,0
79,2002,0,11766,2002-03-20,3,12,79,0,0
80,2002,0,11767,2002-03-21,3,12,80,0,0
81,2002,0,11768,2002-03-22,3,12,81,0,0
82,2002,1,11769,2002-03-23,3,12,82,1,0.2127659574468085
83,2002,1,11770,2002-03-24,3,12,83,2,0.425531914893617
84,2002,1,11771,2002-03-25,3,12,84,3,0.6382978723404255
85,2002,1,11772,2002-03-26,3,13,85,4,0.851063829787234
86,2002,0,11773,2002-03-27,3,13,86,4,0.851063829787234
87,2002,0,11774,2002-03-28,3,13,87,4,0.851063829787234
88,2002,1,11775,2002-03-29,3,13,88,5,1.0638297872340425
89,2002,0,11776,2002-03-30,3,13,89,5,1.0638297872340425
90,2002,5,11777,2002-03-31,3,13,90,10,2.127659574468085
91,2002,5,11778,2002-04-01,4,13,91,15,3.1914893617021276
92,2002,7,11779,2002-04-02,4,14,92,22,4.680851063829787
93,2002,18,11780,2002-04-03,4,14,93,40,8.51063829787234
94,2002,9,11781,2002-04-04,4,14,94,49,10.425531914893616
95,2002,2,11782,2002-04-05,4,14,95,51,10.851063829787234
96,2002,4,11783,2002-04-06,4,14,96,55,11.702127659574469
97,2002,5,11784,2002-04-07,4,14,97,60,12.76595744680851
98,2002,3,11785,2002-04-08,4,14,98,63,13.404255319148936
99,2002,6,11786,2002-04-09,4,15,99,69,14.680851063829786
100,2002,9,11787,2002-04-10,4,15,100,78,16.595744680851062
101,2002,11,11788,2002-04-11,4,15,101,89,18.93617021276596
102,2002,9,11789,2002-04-12,4,15,102,98,20.851063829787233
103,2002,9,11790,2002-04-13,4,15,103,107,22.76595744680851
104,2002,13,11791,2002-04-14,4,15,104,120,25.53191489361702
105,2002,13,11792,2002-04-15,4,15,105,133,28.297872340425535
106,2002,8,11793,2002-04-16,4,16,106,141,30
107,2002,11,11794,2002-04-17,4,16,107,152,32.340425531914896
108,2002,14,11795,2002-04-18,4,16,108,166,35.319148936170215
109,2002,12,11796,2002-04-19,4,16,109,178,37.87234042553192
110,2002,15,11797,2002-04-20,4,16,110,193,41.06382978723404
111,2002,39,11798,2002-04-21,4,16,111,232,49.361702127659576
112,2002,16,11799,2002-04-22,4,16,112,248,52.76595744680851
113,2002,30,11800,2002-04-23,4,17,113,278,59.148936170212764
114,2002,48,11801,2002-04-24,4,17,114,326,69.36170212765957
115,2002,21,11802,2002-04-25,4,17,115,347,73.82978723404256
116,2002,8,11803,2002-04-26,4,17,116,355,75.53191489361703
117,2002,6,11804,2002-04-27,4,17,117,361,76.80851063829788
118,2002,11,11805,2002-04-28,4,17,118,372,79.14893617021276
119,2002,35,11806,2002-04-29,4,17,119,407,86.59574468085106
120,2002,7,11807,2002-04-30,4,18,120,414,88.08510638297872
121,2002,17,11808,2002-05-01,5,18,121,431,91.70212765957447
122,2002,2,11809,2002-05-02,5,18,122,433,92.12765957446808
123,2002,2,11810,2002-05-03,5,18,123,435,92.5531914893617
124,2002,3,11811,2002-05-04,5,18,124,438,93.19148936170212
125,2002,0,11812,2002-05-05,5,18,125,438,93.19148936170212
126,2002,0,11813,2002-05-06,5,18,126,438,93.19148936170212
127,2002,2,11814,2002-05-07,5,19,127,440,93.61702127659575
128,2002,5,11815,2002-05-08,5,19,128,445,94.68085106382979
129,2002,11,11816,2002-05-09,5,19,129,456,97.02127659574468
130,2002,0,11817,2002-05-10,5,19,130,456,97.02127659574468
131,2002,1,11818,2002-05-11,5,19,131,457,97.23404255319149
132,2002,0,11819,2002-05-12,5,19,132,457,97.23404255319149
133,2002,4,11820,2002-05-13,5,19,133,461,98.08510638297872
134,2002,6,11821,2002-05-14,5,20,134,467,99.36170212765958
135,2002,3,11822,2002-05-15,5,20,135,470,100
136,2002,0,11823,2002-05-16,5,20,136,470,100
137,2002,0,11824,2002-05-17,5,20,137,470,100
138,2002,0,11825,2002-05-18,5,20,138,470,100
139,2002,0,11826,2002-05-19,5,20,139,470,100
140,2002,0,11827,2002-05-20,5,20,140,470,100
141,2002,0,11828,2002-05-21,5,21,141,470,100
142,2002,0,11829,2002-05-22,5,21,142,470,100
143,2002,0,11830,2002-05-23,5,21,143,470,100
144,2002,0,11831,2002-05-24,5,21,144,470,100
145,2002,0,11832,2002-05-25,5,21,145,470,100
146,2002,0,11833,2002-05-26,5,21,146,470,100
147,2002,0,11834,2002-05-27,5,21,147,470,100
148,2002,0,11835,2002-05-28,5,22,148,470,100
149,2002,0,11836,2002-05-29,5,22,149,470,100
150,2002,0,11837,2002-05-30,5,22,150,470,100
151,2002,0,11838,2002-05-31,5,22,151,470,100
152,2002,0,11839,2002-06-01,6,22,152,470,100
153,2002,0,11840,2002-06-02,6,22,153,470,100
154,2002,0,11841,2002-06-03,6,22,154,470,100
155,2002,0,11842,2002-06-04,6,23,155,470,100
156,2002,0,11843,2002-06-05,6,23,156,470,100
157,2002,0,11844,2002-06-06,6,23,157,470,100
158,2002,0,11845,2002-06-07,6,23,158,470,100
159,2002,0,11846,2002-06-08,6,23,159,470,100
160,2002,0,11847,2002-06-09,6,23,160,470,100
161,2002,0,11848,2002-06-10,6,23,161,470,100
162,2002,0,11849,2002-06-11,6,24,162,470,100
163,2002,0,11850,2002-06-12,6,24,163,470,100
164,2002,0,11851,2002-06-13,6,24,164,470,100
165,2002,0,11852,2002-06-14,6,24,165,470,100
166,2002,0,11853,2002-06-15,6,24,166,470,100
167,2002,0,11854,2002-06-16,6,24,167,470,100
168,2002,0,11855,2002-06-17,6,24,168,470,100
169,2002,0,11856,2002-06-18,6,25,169,470,100
170,2002,0,11857,2002-06-19,6,25,170,470,100
171,2002,0,11858,2002-06-20,6,25,171,470,100
172,2002,0,11859,2002-06-21,6,25,172,470,100
173,2002,0,11860,2002-06-22,6,25,173,470,100
174,2002,0,11861,2002-06-23,6,25,174,470,100
175,2002,0,11862,2002-06-24,6,25,175,470,100
176,2002,0,11863,2002-06-25,6,26,176,470,100
177,2002,0,11864,2002-06-26,6,26,177,470,100
178,2002,0,11865,2002-06-27,6,26,178,470,100
179,2002,0,11866,2002-06-28,6,26,179,470,100
180,2002,0,11867,2002-06-29,6,26,180,470,100
1,2003,0,12053,2003-01-01,1,1,1,0,0
2,2003,0,12054,2003-01-02,1,1,2,0,0
3,2003,0,12055,2003-01-03,1,1,3,0,0
4,2003,0,12056,2003-01-04,1,1,4,0,0
5,2003,0,12057,2003-01-05,1,1,5,0,0
6,2003,0,12058,2003-01-06,1,1,6,0,0
7,2003,0,12059,2003-01-07,1,1,7,0,0
8,2003,0,12060,2003-01-08,1,2,8,0,0
9,2003,0,12061,2003-01-09,1,2,9,0,0
10,2003,0,12062,2003-01-10,1,2,10,0,0
11,2003,0,12063,2003-01-11,1,2,11,0,0
12,2003,0,12064,2003-01-12,1,2,12,0,0
13,2003,0,12065,2003-01-13,1,2,13,0,0
14,2003,0,12066,2003-01-14,1,2,14,0,0
15,2003,0,12067,2003-01-15,1,3,15,0,0
16,2003,0,12068,2003-01-16,1,3,16,0,0
17,2003,0,12069,2003-01-17,1,3,17,0,0
18,2003,0,12070,2003-01-18,1,3,18,0,0
19,2003,0,12071,2003-01-19,1,3,19,0,0
20,2003,0,12072,2003-01-20,1,3,20,0,0
21,2003,0,12073,2003-01-21,1,3,21,0,0
22,2003,0,12074,2003-01-22,1,4,22,0,0
23,2003,0,12075,2003-01-23,1,4,23,0,0
24,2003,0,12076,2003-01-24,1,4,24,0,0
25,2003,0,12077,2003-01-25,1,4,25,0,0
26,2003,0,12078,2003-01-26,1,4,26,0,0
27,2003,0,12079,2003-01-27,1,4,27,0,0
28,2003,0,12080,2003-01-28,1,4,28,0,0
29,2003,0,12081,2003-01-29,1,5,29,0,0
30,2003,0,12082,2003-01-30,1,5,30,0,0
31,2003,0,12083,2003-01-31,1,5,31,0,0
32,2003,0,12084,2003-02-01,2,5,32,0,0
33,2003,0,12085,2003-02-02,2,5,33,0,0
34,2003,0,12086,2003-02-03,2,5,34,0,0
35,2003,0,12087,2003-02-04,2,5,35,0,0
36,2003,0,12088,2003-02-05,2,6,36,0,0
37,2003,0,12089,2003-02-06,2,6,37,0,0
38,2003,0,12090,2003-02-07,2,6,38,0,0
39,2003,0,12091,2003-02-08,2,6,39,0,0
40,2003,0,12092,2003-02-09,2,6,40,0,0
41,2003,0,12093,2003-02-10,2,6,41,0,0
42,2003,0,12094,2003-02-11,2,6,42,0,0
43,2003,0,12095,2003-02-12,2,7,43,0,0
44,2003,0,12096,2003-02-13,2,7,44,0,0
45,2003,0,12097,2003-02-14,2,7,45,0,0
46,2003,0,12098,2003-02-15,2,7,46,0,0
47,2003,0,12099,2003-02-16,2,7,47,0,0
48,2003,0,12100,2003-02-17,2,7,48,0,0
49,2003,0,12101,2003-02-18,2,7,49,0,0
50,2003,0,12102,2003-02-19,2,8,50,0,0
51,2003,0,12103,2003-02-20,2,8,51,0,0
52,2003,0,12104,2003-02-21,2,8,52,0,0
53,2003,0,12105,2003-02-22,2,8,53,0,0
54,2003,0,12106,2003-02-23,2,8,54,0,0
55,2003,0,12107,2003-02-24,2,8,55,0,0
56,2003,0,12108,2003-02-25,2,8,56,0,0
57,2003,0,12109,2003-02-26,2,9,57,0,0
58,2003,0,12110,2003-02-27,2,9,58,0,0
59,2003,0,12111,2003-02-28,2,9,59,0,0
60,2003,0,12112,2003-03-01,3,9,60,0,0
61,2003,0,12113,2003-03-02,3,9,61,0,0
62,2003,0,12114,2003-03-03,3,9,62,0,0
63,2003,0,12115,2003-03-04,3,9,63,0,0
64,2003,0,12116,2003-03-05,3,10,64,0,0
65,2003,0,12117,2003-03-06,3,10,65,0,0
66,2003,0,12118,2003-03-07,3,10,66,0,0
67,2003,0,12119,2003-03-08,3,10,67,0,0
68,2003,0,12120,2003-03-09,3,10,68,0,0
69,2003,0,12121,2003-03-10,3,10,69,0,0
70,2003,0,12122,2003-03-11,3,10,70,0,0
71,2003,0,12123,2003-03-12,3,11,71,0,0
72,2003,1,12124,2003-03-13,3,11,72,1,0.020508613617719443
73,2003,0,12125,2003-03-14,3,11,73,1,0.020508613617719443
74,2003,1,12126,2003-03-15,3,11,74,2,0.04101722723543889
75,2003,0,12127,2003-03-16,3,11,75,2,0.04101722723543889
76,2003,0,12128,2003-03-17,3,11,76,2,0.04101722723543889
77,2003,1,12129,2003-03-18,3,11,77,3,0.06152584085315833
78,2003,0,12130,2003-03-19,3,12,78,3,0.06152584085315833
79,2003,0,12131,2003-03-20,3,12,79,3,0.06152584085315833
80,2003,0,12132,2003-03-21,3,12,80,3,0.06152584085315833
81,2003,2,12133,2003-03-22,3,12,81,5,0.10254306808859721
82,2003,1,12134,2003-03-23,3,12,82,6,0.12305168170631665
83,2003,3,12135,2003-03-24,3,12,83,9,0.18457752255947496
84,2003,14,12136,2003-03-25,3,12,84,23,0.4716981132075472
85,2003,6,12137,2003-03-26,3,13,85,29,0.5947497949138638
86,2003,6,12138,2003-03-27,3,13,86,35,0.7178014766201805
87,2003,17,12139,2003-03-28,3,13,87,52,1.0664479081214109
88,2003,41,12140,2003-03-29,3,13,88,93,1.907301066447908
89,2003,39,12141,2003-03-30,3,13,89,132,2.7071369975389663
90,2003,45,12142,2003-03-31,3,13,90,177,3.630024610336341
91,2003,15,12143,2003-04-01,4,13,91,192,3.937653814602133
92,2003,20,12144,2003-04-02,4,14,92,212,4.3478260869565215
93,2003,41,12145,2003-04-03,4,14,93,253,5.188679245283019
94,2003,30,12146,2003-04-04,4,14,94,283,5.803937653814603
95,2003,18,12147,2003-04-05,4,14,95,301,6.173092698933552
96,2003,53,12148,2003-04-06,4,14,96,354,7.260049220672682
97,2003,54,12149,2003-04-07,4,14,97,408,8.367514356029531
98,2003,7,12150,2003-04-08,4,14,98,415,8.511074651353569
99,2003,19,12151,2003-04-09,4,15,99,434,8.900738310090238
100,2003,6,12152,2003-04-10,4,15,100,440,9.023789991796555
101,2003,6,12153,2003-04-11,4,15,101,446,9.146841673502871
102,2003,79,12154,2003-04-12,4,15,102,525,10.767022149302708
103,2003,114,12155,2003-04-13,4,15,103,639,13.105004101722722
104,2003,328,12156,2003-04-14,4,15,104,967,19.8318293683347
105,2003,204,12157,2003-04-15,4,15,105,1171,24.015586546349464
106,2003,531,12158,2003-04-16,4,16,106,1702,34.90566037735849
107,2003,298,12159,2003-04-17,4,16,107,2000,41.01722723543889
108,2003,377,12160,2003-04-18,4,16,108,2377,48.74897456931912
109,2003,245,12161,2003-04-19,4,16,109,2622,53.77358490566038
110,2003,137,12162,2003-04-20,4,16,110,2759,56.58326497128794
111,2003,121,12163,2003-04-21,4,16,111,2880,59.06480721903199
112,2003,96,12164,2003-04-22,4,16,112,2976,61.033634126333055
113,2003,174,12165,2003-04-23,4,17,113,3150,64.60213289581624
114,2003,120,12166,2003-04-24,4,17,114,3270,67.06316652994258
115,2003,137,12167,2003-04-25,4,17,115,3407,69.87284659557014
116,2003,177,12168,2003-04-26,4,17,116,3584,73.50287120590649
117,2003,51,12169,2003-04-27,4,17,117,3635,74.54881050041017
118,2003,499,12170,2003-04-28,4,17,118,4134,84.78260869565217
119,2003,397,12171,2003-04-29,4,17,119,4531,92.9245283018868
120,2003,61,12172,2003-04-30,4,18,120,4592,94.17555373256768
121,2003,26,12173,2003-05-01,5,18,121,4618,94.70877768662838
122,2003,17,12174,2003-05-02,5,18,122,4635,95.05742411812962
123,2003,28,12175,2003-05-03,5,18,123,4663,95.63166529942576
124,2003,44,12176,2003-05-04,5,18,124,4707,96.53404429860541
125,2003,40,12177,2003-05-05,5,18,125,4747,97.35438884331418
126,2003,17,12178,2003-05-06,5,18,126,4764,97.70303527481542
127,2003,22,12179,2003-05-07,5,19,127,4786,98.15422477440525
128,2003,19,12180,2003-05-08,5,19,128,4805,98.54388843314193
129,2003,6,12181,2003-05-09,5,19,129,4811,98.66694011484823
130,2003,2,12182,2003-05-10,5,19,130,4813,98.70795734208367
131,2003,3,12183,2003-05-11,5,19,131,4816,98.76948318293684
132,2003,5,12184,2003-05-12,5,19,132,4821,98.87202625102543
133,2003,8,12185,2003-05-13,5,19,133,4829,99.03609515996719
134,2003,5,12186,2003-05-14,5,20,134,4834,99.13863822805578
135,2003,2,12187,2003-05-15,5,20,135,4836,99.17965545529123
136,2003,3,12188,2003-05-16,5,20,136,4839,99.24118129614438
137,2003,18,12189,2003-05-17,5,20,137,4857,99.61033634126333
138,2003,11,12190,2003-05-18,5,20,138,4868,99.83593109105826
139,2003,8,12191,2003-05-19,5,20,139,4876,100
140,2003,0,12192,2003-05-20,5,20,140,4876,100
141,2003,0,12193,2003-05-21,5,21,141,4876,100
142,2003,0,12194,2003-05-22,5,21,142,4876,100
143,2003,0,12195,2003-05-23,5,21,143,4876,100
144,2003,0,12196,2003-05-24,5,21,144,4876,100
145,2003,0,12197,2003-05-25,5,21,145,4876,100
146,2003,0,12198,2003-05-26,5,21,146,4876,100
147,2003,0,12199,2003-05-27,5,21,147,4876,100
148,2003,0,12200,2003-05-28,5,22,148,4876,100
149,2003,0,12201,2003-05-29,5,22,149,4876,100
150,2003,0,12202,2003-05-30,5,22,150,4876,100
151,2003,0,12203,2003-05-31,5,22,151,4876,100
152,2003,0,12204,2003-06-01,6,22,152,4876,100
153,2003,0,12205,2003-06-02,6,22,153,4876,100
154,2003,0,12206,2003-06-03,6,22,154,4876,100
155,2003,0,12207,2003-06-04,6,23,155,4876,100
156,2003,0,12208,2003-06-05,6,23,156,4876,100
157,2003,0,12209,2003-06-06,6,23,157,4876,100
158,2003,0,12210,2003-06-07,6,23,158,4876,100
159,2003,0,12211,2003-06-08,6,23,159,4876,100
160,2003,0,12212,2003-06-09,6,23,160,4876,100
161,2003,0,12213,2003-06-10,6,23,161,4876,100
162,2003,0,12214,2003-06-11,6,24,162,4876,100
163,2003,0,12215,2003-06-12,6,24,163,4876,100
164,2003,0,12216,2003-06-13,6,24,164,4876,100
165,2003,0,12217,2003-06-14,6,24,165,4876,100
166,2003,0,12218,2003-06-15,6,24,166,4876,100
167,2003,0,12219,2003-06-16,6,24,167,4876,100
168,2003,0,12220,2003-06-17,6,24,168,4876,100
169,2003,0,12221,2003-06-18,6,25,169,4876,100
170,2003,0,12222,2003-06-19,6,25,170,4876,100
171,2003,0,12223,2003-06-20,6,25,171,4876,100
172,2003,0,12224,2003-06-21,6,25,172,4876,100
173,2003,0,12225,2003-06-22,6,25,173,4876,100
174,2003,0,12226,2003-06-23,6,25,174,4876,100
175,2003,0,12227,2003-06-24,6,25,175,4876,100
176,2003,0,12228,2003-06-25,6,26,176,4876,100
177,2003,0,12229,2003-06-26,6,26,177,4876,100
178,2003,0,12230,2003-06-27,6,26,178,4876,100
179,2003,0,12231,2003-06-28,6,26,179,4876,100
180,2003,0,12232,2003-06-29,6,26,180,4876,100
1,2004,0,12418,2004-01-01,1,1,1,0,0
2,2004,0,12419,2004-01-02,1,1,2,0,0
3,2004,0,12420,2004-01-03,1,1,3,0,0
4,2004,0,12421,2004-01-04,1,1,4,0,0
5,2004,0,12422,2004-01-05,1,1,5,0,0
6,2004,0,12423,2004-01-06,1,1,6,0,0
7,2004,0,12424,2004-01-07,1,1,7,0,0
8,2004,0,12425,2004-01-08,1,2,8,0,0
9,2004,0,12426,2004-01-09,1,2,9,0,0
10,2004,0,12427,2004-01-10,1,2,10,0,0
11,2004,0,12428,2004-01-11,1,2,11,0,0
12,2004,0,12429,2004-01-12,1,2,12,0,0
13,2004,0,12430,2004-01-13,1,2,13,0,0
14,2004,0,12431,2004-01-14,1,2,14,0,0
15,2004,0,12432,2004-01-15,1,3,15,0,0
16,2004,0,12433,2004-01-16,1,3,16,0,0
17,2004,0,12434,2004-01-17,1,3,17,0,0
18,2004,0,12435,2004-01-18,1,3,18,0,0
19,2004,0,12436,2004-01-19,1,3,19,0,0
20,2004,0,12437,2004-01-20,1,3,20,0,0
21,2004,0,12438,2004-01-21,1,3,21,0,0
22,2004,0,12439,2004-01-22,1,4,22,0,0
23,2004,0,12440,2004-01-23,1,4,23,0,0
24,2004,0,12441,2004-01-24,1,4,24,0,0
25,2004,0,12442,2004-01-25,1,4,25,0,0
26,2004,0,12443,2004-01-26,1,4,26,0,0
27,2004,0,12444,2004-01-27,1,4,27,0,0
28,2004,0,12445,2004-01-28,1,4,28,0,0
29,2004,0,12446,2004-01-29,1,5,29,0,0
30,2004,0,12447,2004-01-30,1,5,30,0,0
31,2004,0,12448,2004-01-31,1,5,31,0,0
32,2004,0,12449,2004-02-01,2,5,32,0,0
33,2004,0,12450,2004-02-02,2,5,33,0,0
34,2004,0,12451,2004-02-03,2,5,34,0,0
35,2004,0,12452,2004-02-04,2,5,35,0,0
36,2004,0,12453,2004-02-05,2,6,36,0,0
37,2004,0,12454,2004-02-06,2,6,37,0,0
38,2004,0,12455,2004-02-07,2,6,38,0,0
39,2004,0,12456,2004-02-08,2,6,39,0,0
40,2004,0,12457,2004-02-09,2,6,40,0,0
41,2004,0,12458,2004-02-10,2,6,41,0,0
42,2004,0,12459,2004-02-11,2,6,42,0,0
43,2004,0,12460,2004-02-12,2,7,43,0,0
44,2004,0,12461,2004-02-13,2,7,44,0,0
45,2004,0,12462,2004-02-14,2,7,45,0,0
46,2004,0,12463,2004-02-15,2,7,46,0,0
47,2004,0,12464,2004-02-16,2,7,47,0,0
48,2004,0,12465,2004-02-17,2,7,48,0,0
49,2004,0,12466,2004-02-18,2,7,49,0,0
50,2004,0,12467,2004-02-19,2,8,50,0,0
51,2004,0,12468,2004-02-20,2,8,51,0,0
52,2004,0,12469,2004-02-21,2,8,52,0,0
53,2004,0,12470,2004-02-22,2,8,53,0,0
54,2004,0,12471,2004-02-23,2,8,54,0,0
55,2004,0,12472,2004-02-24,2,8,55,0,0
56,2004,0,12473,2004-02-25,2,8,56,0,0
57,2004,0,12474,2004-02-26,2,9,57,0,0
58,2004,0,12475,2004-02-27,2,9,58,0,0
59,2004,0,12476,2004-02-28,2,9,59,0,0
60,2004,0,12477,2004-02-29,2,9,60,0,0
61,2004,0,12478,2004-03-01,3,9,61,0,0
62,2004,0,12479,2004-03-02,3,9,62,0,0
63,2004,0,12480,2004-03-03,3,9,63,0,0
64,2004,0,12481,2004-03-04,3,10,64,0,0
65,2004,0,12482,2004-03-05,3,10,65,0,0
66,2004,0,12483,2004-03-06,3,10,66,0,0
67,2004,0,12484,2004-03-07,3,10,67,0,0
68,2004,0,12485,2004-03-08,3,10,68,0,0
69,2004,0,12486,2004-03-09,3,10,69,0,0
70,2004,0,12487,2004-03-10,3,10,70,0,0
71,2004,0,12488,2004-03-11,3,11,71,0,0
72,2004,0,12489,2004-03-12,3,11,72,0,0
73,2004,0,12490,2004-03-13,3,11,73,0,0
74,2004,0,12491,2004-03-14,3,11,74,0,0
75,2004,0,12492,2004-03-15,3,11,75,0,0
76,2004,1,12493,2004-03-16,3,11,76,1,0.02390057361376673
77,2004,0,12494,2004-03-17,3,11,77,1,0.02390057361376673
78,2004,0,12495,2004-03-18,3,12,78,1,0.02390057361376673
79,2004,1,12496,2004-03-19,3,12,79,2,0.04780114722753346
80,2004,2,12497,2004-03-20,3,12,80,4,0.09560229445506692
81,2004,3,12498,2004-03-21,3,12,81,7,0.16730401529636713
82,2004,3,12499,2004-03-22,3,12,82,10,0.23900573613766732
83,2004,0,12500,2004-03-23,3,12,83,10,0.23900573613766732
84,2004,0,12501,2004-03-24,3,12,84,10,0.23900573613766732
85,2004,0,12502,2004-03-25,3,13,85,10,0.23900573613766732
86,2004,0,12503,2004-03-26,3,13,86,10,0.23900573613766732
87,2004,0,12504,2004-03-27,3,13,87,10,0.23900573613766732
88,2004,0,12505,2004-03-28,3,13,88,10,0.23900573613766732
89,2004,0,12506,2004-03-29,3,13,89,10,0.23900573613766732
90,2004,0,12507,2004-03-30,3,13,90,10,0.23900573613766732
91,2004,2,12508,2004-03-31,3,13,91,12,0.28680688336520077
92,2004,2,12509,2004-04-01,4,14,92,14,0.33460803059273425
93,2004,5,12510,2004-04-02,4,14,93,19,0.4541108986615679
94,2004,11,12511,2004-04-03,4,14,94,30,0.7170172084130019
95,2004,47,12512,2004-04-04,4,14,95,77,1.840344168260038
96,2004,15,12513,2004-04-05,4,14,96,92,2.198852772466539
97,2004,22,12514,2004-04-06,4,14,97,114,2.7246653919694075
98,2004,17,12515,2004-04-07,4,14,98,131,3.1309751434034414
99,2004,28,12516,2004-04-08,4,15,99,159,3.8001912045889106
100,2004,27,12517,2004-04-09,4,15,100,186,4.445506692160612
101,2004,18,12518,2004-04-10,4,15,101,204,4.875717017208412
102,2004,32,12519,2004-04-11,4,15,102,236,5.640535372848948
103,2004,3,12520,2004-04-12,4,15,103,239,5.7122370936902485
104,2004,16,12521,2004-04-13,4,15,104,255,6.094646271510516
105,2004,62,12522,2004-04-14,4,15,105,317,7.576481835564053
106,2004,81,12523,2004-04-15,4,16,106,398,9.51242829827916
107,2004,98,12524,2004-04-16,4,16,107,496,11.854684512428298
108,2004,118,12525,2004-04-17,4,16,108,614,14.674952198852772
109,2004,322,12526,2004-04-18,4,16,109,936,22.37093690248566
110,2004,516,12527,2004-04-19,4,16,110,1452,34.70363288718929
111,2004,250,12528,2004-04-20,4,16,111,1702,40.67877629063098
112,2004,240,12529,2004-04-21,4,16,112,1942,46.41491395793499
113,2004,270,12530,2004-04-22,4,17,113,2212,52.868068833652
114,2004,207,12531,2004-04-23,4,17,114,2419,57.815487571701716
115,2004,190,12532,2004-04-24,4,17,115,2609,62.3565965583174
116,2004,150,12533,2004-04-25,4,17,116,2759,65.9416826003824
117,2004,139,12534,2004-04-26,4,17,117,2898,69.26386233269598
118,2004,60,12535,2004-04-27,4,17,118,2958,70.69789674952199
119,2004,62,12536,2004-04-28,4,17,119,3020,72.17973231357553
120,2004,153,12537,2004-04-29,4,18,120,3173,75.83652007648183
121,2004,191,12538,2004-04-30,4,18,121,3364,80.40152963671127
122,2004,132,12539,2004-05-01,5,18,122,3496,83.5564053537285
123,2004,71,12540,2004-05-02,5,18,123,3567,85.25334608030593
124,2004,37,12541,2004-05-03,5,18,124,3604,86.1376673040153
125,2004,28,12542,2004-05-04,5,18,125,3632,86.80688336520076
126,2004,53,12543,2004-05-05,5,18,126,3685,88.0736137667304
127,2004,135,12544,2004-05-06,5,19,127,3820,91.30019120458891
128,2004,138,12545,2004-05-07,5,19,128,3958,94.59847036328873
129,2004,38,12546,2004-05-08,5,19,129,3996,95.50669216061185
130,2004,40,12547,2004-05-09,5,19,130,4036,96.46271510516252
131,2004,23,12548,2004-05-10,5,19,131,4059,97.01242829827916
132,2004,24,12549,2004-05-11,5,19,132,4083,97.58604206500956
133,2004,26,12550,2004-05-12,5,19,133,4109,98.2074569789675
134,2004,15,12551,2004-05-13,5,20,134,4124,98.56596558317399
135,2004,13,12552,2004-05-14,5,20,135,4137,98.87667304015297
136,2004,13,12553,2004-05-15,5,20,136,4150,99.18738049713193
137,2004,16,12554,2004-05-16,5,20,137,4166,99.5697896749522
138,2004,5,12555,2004-05-17,5,20,138,4171,99.68929254302104
139,2004,5,12556,2004-05-18,5,20,139,4176,99.80879541108987
140,2004,3,12557,2004-05-19,5,20,140,4179,99.88049713193116
141,2004,3,12558,2004-05-20,5,21,141,4182,99.95219885277247
142,2004,1,12559,2004-05-21,5,21,142,4183,99.97609942638623
143,2004,0,12560,2004-05-22,5,21,143,4183,99.97609942638623
144,2004,0,12561,2004-05-23,5,21,144,4183,99.97609942638623
145,2004,0,12562,2004-05-24,5,21,145,4183,99.97609942638623
146,2004,0,12563,2004-05-25,5,21,146,4183,99.97609942638623
147,2004,0,12564,2004-05-26,5,21,147,4183,99.97609942638623
148,2004,1,12565,2004-05-27,5,22,148,4184,100
149,2004,0,12566,2004-05-28,5,22,149,4184,100
150,2004,0,12567,2004-05-29,5,22,150,4184,100
151,2004,0,12568,2004-05-30,5,22,151,4184,100
152,2004,0,12569,2004-05-31,5,22,152,4184,100
153,2004,0,12570,2004-06-01,6,22,153,4184,100
154,2004,0,12571,2004-06-02,6,22,154,4184,100
155,2004,0,12572,2004-06-03,6,23,155,4184,100
156,2004,0,12573,2004-06-04,6,23,156,4184,100
157,2004,0,12574,2004-06-05,6,23,157,4184,100
158,2004,0,12575,2004-06-06,6,23,158,4184,100
159,2004,0,12576,2004-06-07,6,23,159,4184,100
160,2004,0,12577,2004-06-08,6,23,160,4184,100
161,2004,0,12578,2004-06-09,6,23,161,4184,100
162,2004,0,12579,2004-06-10,6,24,162,4184,100
163,2004,0,12580,2004-06-11,6,24,163,4184,100
164,2004,0,12581,2004-06-12,6,24,164,4184,100
165,2004,0,12582,2004-06-13,6,24,165,4184,100
166,2004,0,12583,2004-06-14,6,24,166,4184,100
167,2004,0,12584,2004-06-15,6,24,167,4184,100
168,2004,0,12585,2004-06-16,6,24,168,4184,100
169,2004,0,12586,2004-06-17,6,25,169,4184,100
170,2004,0,12587,2004-06-18,6,25,170,4184,100
171,2004,0,12588,2004-06-19,6,25,171,4184,100
172,2004,0,12589,2004-06-20,6,25,172,4184,100
173,2004,0,12590,2004-06-21,6,25,173,4184,100
174,2004,0,12591,2004-06-22,6,25,174,4184,100
175,2004,0,12592,2004-06-23,6,25,175,4184,100
176,2004,0,12593,2004-06-24,6,26,176,4184,100
177,2004,0,12594,2004-06-25,6,26,177,4184,100
178,2004,0,12595,2004-06-26,6,26,178,4184,100
179,2004,0,12596,2004-06-27,6,26,179,4184,100
180,2004,0,12597,2004-06-28,6,26,180,4184,100
1,2005,0,12784,2005-01-01,1,1,1,0,0
2,2005,0,12785,2005-01-02,1,1,2,0,0
3,2005,0,12786,2005-01-03,1,1,3,0,0
4,2005,0,12787,2005-01-04,1,1,4,0,0
5,2005,0,12788,2005-01-05,1,1,5,0,0
6,2005,0,12789,2005-01-06,1,1,6,0,0
7,2005,0,12790,2005-01-07,1,1,7,0,0
8,2005,0,12791,2005-01-08,1,2,8,0,0
9,2005,0,12792,2005-01-09,1,2,9,0,0
10,2005,0,12793,2005-01-10,1,2,10,0,0
11,2005,0,12794,2005-01-11,1,2,11,0,0
12,2005,0,12795,2005-01-12,1,2,12,0,0
13,2005,0,12796,2005-01-13,1,2,13,0,0
14,2005,0,12797,2005-01-14,1,2,14,0,0
15,2005,0,12798,2005-01-15,1,3,15,0,0
16,2005,0,12799,2005-01-16,1,3,16,0,0
17,2005,0,12800,2005-01-17,1,3,17,0,0
18,2005,0,12801,2005-01-18,1,3,18,0,0
19,2005,0,12802,2005-01-19,1,3,19,0,0
20,2005,0,12803,2005-01-20,1,3,20,0,0
21,2005,0,12804,2005-01-21,1,3,21,0,0
22,2005,0,12805,2005-01-22,1,4,22,0,0
23,2005,0,12806,2005-01-23,1,4,23,0,0
24,2005,0,12807,2005-01-24,1,4,24,0,0
25,2005,0,12808,2005-01-25,1,4,25,0,0
26,2005,0,12809,2005-01-26,1,4,26,0,0
27,2005,0,12810,2005-01-27,1,4,27,0,0
28,2005,0,12811,2005-01-28,1,4,28,0,0
29,2005,0,12812,2005-01-29,1,5,29,0,0
30,2005,0,12813,2005-01-30,1,5,30,0,0
31,2005,0,12814,2005-01-31,1,5,31,0,0
32,2005,0,12815,2005-02-01,2,5,32,0,0
33,2005,0,12816,2005-02-02,2,5,33,0,0
34,2005,0,12817,2005-02-03,2,5,34,0,0
35,2005,0,12818,2005-02-04,2,5,35,0,0
36,2005,0,12819,2005-02-05,2,6,36,0,0
37,2005,0,12820,2005-02-06,2,6,37,0,0
38,2005,0,12821,2005-02-07,2,6,38,0,0
39,2005,0,12822,2005-02-08,2,6,39,0,0
40,2005,0,12823,2005-02-09,2,6,40,0,0
41,2005,0,12824,2005-02-10,2,6,41,0,0
42,2005,0,12825,2005-02-11,2,6,42,0,0
43,2005,0,12826,2005-02-12,2,7,43,0,0
44,2005,0,12827,2005-02-13,2,7,44,0,0
45,2005,0,12828,2005-02-14,2,7,45,0,0
46,2005,0,12829,2005-02-15,2,7,46,0,0
47,2005,0,12830,2005-02-16,2,7,47,0,0
48,2005,0,12831,2005-02-17,2,7,48,0,0
49,2005,0,12832,2005-02-18,2,7,49,0,0
50,2005,0,12833,2005-02-19,2,8,50,0,0
51,2005,0,12834,2005-02-20,2,8,51,0,0
52,2005,0,12835,2005-02-21,2,8,52,0,0
53,2005,0,12836,2005-02-22,2,8,53,0,0
54,2005,0,12837,2005-02-23,2,8,54,0,0
55,2005,0,12838,2005-02-24,2,8,55,0,0
56,2005,0,12839,2005-02-25,2,8,56,0,0
57,2005,0,12840,2005-02-26,2,9,57,0,0
58,2005,0,12841,2005-02-27,2,9,58,0,0
59,2005,0,12842,2005-02-28,2,9,59,0,0
60,2005,0,12843,2005-03-01,3,9,60,0,0
61,2005,0,12844,2005-03-02,3,9,61,0,0
62,2005,0,12845,2005-03-03,3,9,62,0,0
63,2005,0,12846,2005-03-04,3,9,63,0,0
64,2005,0,12847,2005-03-05,3,10,64,0,0
65,2005,0,12848,2005-03-06,3,10,65,0,0
66,2005,0,12849,2005-03-07,3,10,66,0,0
67,2005,0,12850,2005-03-08,3,10,67,0,0
68,2005,0,12851,2005-03-09,3,10,68,0,0
69,2005,0,12852,2005-03-10,3,10,69,0,0
70,2005,0,12853,2005-03-11,3,10,70,0,0
71,2005,2,12854,2005-03-12,3,11,71,2,0.05785363031530228
72,2005,0,12855,2005-03-13,3,11,72,2,0.05785363031530228
73,2005,1,12856,2005-03-14,3,11,73,3,0.08678044547295344
74,2005,0,12857,2005-03-15,3,11,74,3,0.08678044547295344
75,2005,1,12858,2005-03-16,3,11,75,4,0.11570726063060456
76,2005,2,12859,2005-03-17,3,11,76,6,0.17356089094590688
77,2005,14,12860,2005-03-18,3,11,77,20,0.5785363031530228
78,2005,5,12861,2005-03-19,3,12,78,25,0.7231703789412786
79,2005,1,12862,2005-03-20,3,12,79,26,0.7520971940989297
80,2005,2,12863,2005-03-21,3,12,80,28,0.8099508244142319
81,2005,1,12864,2005-03-22,3,12,81,29,0.8388776395718831
82,2005,5,12865,2005-03-23,3,12,82,34,0.9835117153601388
83,2005,3,12866,2005-03-24,3,12,83,37,1.0702921608330922
84,2005,8,12867,2005-03-25,3,12,84,45,1.3017066820943013
85,2005,21,12868,2005-03-26,3,13,85,66,1.9091698004049755
86,2005,45,12869,2005-03-27,3,13,86,111,3.210876482499277
87,2005,58,12870,2005-03-28,3,13,87,169,4.888631761643043
88,2005,117,12871,2005-03-29,3,13,88,286,8.273069135088226
89,2005,88,12872,2005-03-30,3,13,89,374,10.818628868961527
90,2005,72,12873,2005-03-31,3,13,90,446,12.90135956031241
91,2005,94,12874,2005-04-01,4,13,91,540,15.620480185131616
92,2005,95,12875,2005-04-02,4,14,92,635,18.368527625108474
93,2005,166,12876,2005-04-03,4,14,93,801,23.170378941278567
94,2005,97,12877,2005-04-04,4,14,94,898,25.976280011570722
95,2005,37,12878,2005-04-05,4,14,95,935,27.04657217240382
96,2005,79,12879,2005-04-06,4,14,96,1014,29.331790569858256
97,2005,35,12880,2005-04-07,4,14,97,1049,30.344229100376047
98,2005,77,12881,2005-04-08,4,14,98,1126,32.57159386751518
99,2005,23,12882,2005-04-09,4,15,99,1149,33.23691061614117
100,2005,108,12883,2005-04-10,4,15,100,1257,36.361006653167486
101,2005,253,12884,2005-04-11,4,15,101,1510,43.67949088805322
102,2005,54,12885,2005-04-12,4,15,102,1564,45.24153890656638
103,2005,519,12886,2005-04-13,4,15,103,2083,60.254555973387326
104,2005,321,12887,2005-04-14,4,15,104,2404,69.54006363899335
105,2005,2,12888,2005-04-15,4,15,105,2406,69.59791726930865
106,2005,67,12889,2005-04-16,4,16,106,2473,71.53601388487128
107,2005,78,12890,2005-04-17,4,16,107,2551,73.79230546716806
108,2005,218,12891,2005-04-18,4,16,108,2769,80.09835117153601
109,2005,115,12892,2005-04-19,4,16,109,2884,83.4249349146659
110,2005,46,12893,2005-04-20,4,16,110,2930,84.75556841191785
111,2005,0,12894,2005-04-21,4,16,111,2930,84.75556841191785
112,2005,0,12895,2005-04-22,4,16,112,2930,84.75556841191785
113,2005,2,12896,2005-04-23,4,17,113,2932,84.81342204223316
114,2005,13,12897,2005-04-24,4,17,114,2945,85.18947063928262
115,2005,26,12898,2005-04-25,4,17,115,2971,85.94156783338155
116,2005,27,12899,2005-04-26,4,17,116,2998,86.72259184263812
117,2005,21,12900,2005-04-27,4,17,117,3019,87.3300549609488
118,2005,45,12901,2005-04-28,4,17,118,3064,88.6317616430431
119,2005,88,12902,2005-04-29,4,17,119,3152,91.1773213769164
120,2005,48,12903,2005-04-30,4,18,120,3200,92.56580850448366
121,2005,111,12904,2005-05-01,5,18,121,3311,95.77668498698293
122,2005,22,12905,2005-05-02,5,18,122,3333,96.41307492045127
123,2005,20,12906,2005-05-03,5,18,123,3353,96.99161122360428
124,2005,21,12907,2005-05-04,5,18,124,3374,97.59907434191496
125,2005,21,12908,2005-05-05,5,18,125,3395,98.20653746022563
126,2005,16,12909,2005-05-06,5,18,126,3411,98.66936650274805
127,2005,13,12910,2005-05-07,5,19,127,3424,99.04541509979751
128,2005,4,12911,2005-05-08,5,19,128,3428,99.16112236042812
129,2005,3,12912,2005-05-09,5,19,129,3431,99.24790280590106
130,2005,1,12913,2005-05-10,5,19,130,3432,99.27682962105872
131,2005,6,12914,2005-05-11,5,19,131,3438,99.45039051200463
132,2005,0,12915,2005-05-12,5,19,132,3438,99.45039051200463
133,2005,3,12916,2005-05-13,5,19,133,3441,99.53717095747758
134,2005,2,12917,2005-05-14,5,20,134,3443,99.59502458779288
135,2005,2,12918,2005-05-15,5,20,135,3445,99.65287821810819
136,2005,2,12919,2005-05-16,5,20,136,3447,99.71073184842348
137,2005,0,12920,2005-05-17,5,20,137,3447,99.71073184842348
138,2005,1,12921,2005-05-18,5,20,138,3448,99.73965866358114
139,2005,3,12922,2005-05-19,5,20,139,3451,99.82643910905409
140,2005,0,12923,2005-05-20,5,20,140,3451,99.82643910905409
141,2005,4,12924,2005-05-21,5,21,141,3455,99.94214636968469
142,2005,1,12925,2005-05-22,5,21,142,3456,99.97107318484235
143,2005,1,12926,2005-05-23,5,21,143,3457,100
144,2005,0,12927,2005-05-24,5,21,144,3457,100
145,2005,0,12928,2005-05-25,5,21,145,3457,100
146,2005,0,12929,2005-05-26,5,21,146,3457,100
147,2005,0,12930,2005-05-27,5,21,147,3457,100
148,2005,0,12931,2005-05-28,5,22,148,3457,100
149,2005,0,12932,2005-05-29,5,22,149,3457,100
150,2005,0,12933,2005-05-30,5,22,150,3457,100
151,2005,0,12934,2005-05-31,5,22,151,3457,100
152,2005,0,12935,2005-06-01,6,22,152,3457,100
153,2005,0,12936,2005-06-02,6,22,153,3457,100
154,2005,0,12937,2005-06-03,6,22,154,3457,100
155,2005,0,12938,2005-06-04,6,23,155,3457,100
156,2005,0,12939,2005-06-05,6,23,156,3457,100
157,2005,0,12940,2005-06-06,6,23,157,3457,100
158,2005,0,12941,2005-06-07,6,23,158,3457,100
159,2005,0,12942,2005-06-08,6,23,159,3457,100
160,2005,0,12943,2005-06-09,6,23,160,3457,100
161,2005,0,12944,2005-06-10,6,23,161,3457,100
162,2005,0,12945,2005-06-11,6,24,162,3457,100
163,2005,0,12946,2005-06-12,6,24,163,3457,100
164,2005,0,12947,2005-06-13,6,24,164,3457,100
165,2005,0,12948,2005-06-14,6,24,165,3457,100
166,2005,0,12949,2005-06-15,6,24,166,3457,100
167,2005,0,12950,2005-06-16,6,24,167,3457,100
168,2005,0,12951,2005-06-17,6,24,168,3457,100
169,2005,0,12952,2005-06-18,6,25,169,3457,100
170,2005,0,12953,2005-06-19,6,25,170,3457,100
171,2005,0,12954,2005-06-20,6,25,171,3457,100
172,2005,0,12955,2005-06-21,6,25,172,3457,100
173,2005,0,12956,2005-06-22,6,25,173,3457,100
174,2005,0,12957,2005-06-23,6,25,174,3457,100
175,2005,0,12958,2005-06-24,6,25,175,3457,100
176,2005,0,12959,2005-06-25,6,26,176,3457,100
177,2005,0,12960,2005-06-26,6,26,177,3457,100
178,2005,0,12961,2005-06-27,6,26,178,3457,100
179,2005,0,12962,2005-06-28,6,26,179,3457,100
180,2005,0,12963,2005-06-29,6,26,180,3457,100
1,2006,0,13149,2006-01-01,1,1,1,0,0
2,2006,0,13150,2006-01-02,1,1,2,0,0
3,2006,0,13151,2006-01-03,1,1,3,0,0
4,2006,0,13152,2006-01-04,1,1,4,0,0
5,2006,0,13153,2006-01-05,1,1,5,0,0
6,2006,0,13154,2006-01-06,1,1,6,0,0
7,2006,0,13155,2006-01-07,1,1,7,0,0
8,2006,0,13156,2006-01-08,1,2,8,0,0
9,2006,0,13157,2006-01-09,1,2,9,0,0
10,2006,0,13158,2006-01-10,1,2,10,0,0
11,2006,0,13159,2006-01-11,1,2,11,0,0
12,2006,0,13160,2006-01-12,1,2,12,0,0
13,2006,0,13161,2006-01-13,1,2,13,0,0
14,2006,0,13162,2006-01-14,1,2,14,0,0
15,2006,0,13163,2006-01-15,1,3,15,0,0
16,2006,0,13164,2006-01-16,1,3,16,0,0
17,2006,0,13165,2006-01-17,1,3,17,0,0
18,2006,0,13166,2006-01-18,1,3,18,0,0
19,2006,0,13167,2006-01-19,1,3,19,0,0
20,2006,0,13168,2006-01-20,1,3,20,0,0
21,2006,0,13169,2006-01-21,1,3,21,0,0
22,2006,0,13170,2006-01-22,1,4,22,0,0
23,2006,0,13171,2006-01-23,1,4,23,0,0
24,2006,0,13172,2006-01-24,1,4,24,0,0
25,2006,0,13173,2006-01-25,1,4,25,0,0
26,2006,0,13174,2006-01-26,1,4,26,0,0
27,2006,0,13175,2006-01-27,1,4,27,0,0
28,2006,0,13176,2006-01-28,1,4,28,0,0
29,2006,0,13177,2006-01-29,1,5,29,0,0
30,2006,0,13178,2006-01-30,1,5,30,0,0
31,2006,0,13179,2006-01-31,1,5,31,0,0
32,2006,0,13180,2006-02-01,2,5,32,0,0
33,2006,0,13181,2006-02-02,2,5,33,0,0
34,2006,0,13182,2006-02-03,2,5,34,0,0
35,2006,0,13183,2006-02-04,2,5,35,0,0
36,2006,0,13184,2006-02-05,2,6,36,0,0
37,2006,0,13185,2006-02-06,2,6,37,0,0
38,2006,0,13186,2006-02-07,2,6,38,0,0
39,2006,0,13187,2006-02-08,2,6,39,0,0
40,2006,0,13188,2006-02-09,2,6,40,0,0
41,2006,0,13189,2006-02-10,2,6,41,0,0
42,2006,0,13190,2006-02-11,2,6,42,0,0
43,2006,0,13191,2006-02-12,2,7,43,0,0
44,2006,0,13192,2006-02-13,2,7,44,0,0
45,2006,0,13193,2006-02-14,2,7,45,0,0
46,2006,0,13194,2006-02-15,2,7,46,0,0
47,2006,0,13195,2006-02-16,2,7,47,0,0
48,2006,0,13196,2006-02-17,2,7,48,0,0
49,2006,0,13197,2006-02-18,2,7,49,0,0
50,2006,0,13198,2006-02-19,2,8,50,0,0
51,2006,0,13199,2006-02-20,2,8,51,0,0
52,2006,0,13200,2006-02-21,2,8,52,0,0
53,2006,0,13201,2006-02-22,2,8,53,0,0
54,2006,0,13202,2006-02-23,2,8,54,0,0
55,2006,0,13203,2006-02-24,2,8,55,0,0
56,2006,0,13204,2006-02-25,2,8,56,0,0
57,2006,0,13205,2006-02-26,2,9,57,0,0
58,2006,0,13206,2006-02-27,2,9,58,0,0
59,2006,0,13207,2006-02-28,2,9,59,0,0
60,2006,0,13208,2006-03-01,3,9,60,0,0
61,2006,0,13209,2006-03-02,3,9,61,0,0
62,2006,0,13210,2006-03-03,3,9,62,0,0
63,2006,0,13211,2006-03-04,3,9,63,0,0
64,2006,0,13212,2006-03-05,3,10,64,0,0
65,2006,0,13213,2006-03-06,3,10,65,0,0
66,2006,0,13214,2006-03-07,3,10,66,0,0
67,2006,0,13215,2006-03-08,3,10,67,0,0
68,2006,0,13216,2006-03-09,3,10,68,0,0
69,2006,0,13217,2006-03-10,3,10,69,0,0
70,2006,0,13218,2006-03-11,3,10,70,0,0
71,2006,0,13219,2006-03-12,3,11,71,0,0
72,2006,0,13220,2006-03-13,3,11,72,0,0
73,2006,0,13221,2006-03-14,3,11,73,0,0
74,2006,0,13222,2006-03-15,3,11,74,0,0
75,2006,0,13223,2006-03-16,3,11,75,0,0
76,2006,0,13224,2006-03-17,3,11,76,0,0
77,2006,0,13225,2006-03-18,3,11,77,0,0
78,2006,0,13226,2006-03-19,3,12,78,0,0
79,2006,0,13227,2006-03-20,3,12,79,0,0
80,2006,1,13228,2006-03-21,3,12,80,1,0.07342143906020558
81,2006,3,13229,2006-03-22,3,12,81,4,0.2936857562408223
82,2006,1,13230,2006-03-23,3,12,82,5,0.36710719530102787
83,2006,0,13231,2006-03-24,3,12,83,5,0.36710719530102787
84,2006,0,13232,2006-03-25,3,12,84,5,0.36710719530102787
85,2006,0,13233,2006-03-26,3,13,85,5,0.36710719530102787
86,2006,2,13234,2006-03-27,3,13,86,7,0.5139500734214391
87,2006,1,13235,2006-03-28,3,13,87,8,0.5873715124816447
88,2006,0,13236,2006-03-29,3,13,88,8,0.5873715124816447
89,2006,0,13237,2006-03-30,3,13,89,8,0.5873715124816447
90,2006,0,13238,2006-03-31,3,13,90,8,0.5873715124816447
91,2006,0,13239,2006-04-01,4,13,91,8,0.5873715124816447
92,2006,0,13240,2006-04-02,4,14,92,8,0.5873715124816447
93,2006,4,13241,2006-04-03,4,14,93,12,0.881057268722467
94,2006,1,13242,2006-04-04,4,14,94,13,0.9544787077826725
95,2006,2,13243,2006-04-05,4,14,95,15,1.1013215859030838
96,2006,2,13244,2006-04-06,4,14,96,17,1.2481644640234948
97,2006,5,13245,2006-04-07,4,14,97,22,1.6152716593245229
98,2006,3,13246,2006-04-08,4,14,98,25,1.8355359765051396
99,2006,3,13247,2006-04-09,4,15,99,28,2.0558002936857562
100,2006,3,13248,2006-04-10,4,15,100,31,2.276064610866373
101,2006,2,13249,2006-04-11,4,15,101,33,2.4229074889867843
102,2006,6,13250,2006-04-12,4,15,102,39,2.8634361233480177
103,2006,11,13251,2006-04-13,4,15,103,50,3.671071953010279
104,2006,25,13252,2006-04-14,4,15,104,75,5.506607929515418
105,2006,80,13253,2006-04-15,4,15,105,155,11.380323054331864
106,2006,115,13254,2006-04-16,4,16,106,270,19.823788546255507
107,2006,40,13255,2006-04-17,4,16,107,310,22.760646108663728
108,2006,28,13256,2006-04-18,4,16,108,338,24.816446402349488
109,2006,21,13257,2006-04-19,4,16,109,359,26.358296622613803
110,2006,45,13258,2006-04-20,4,16,110,404,29.662261380323052
111,2006,132,13259,2006-04-21,4,16,111,536,39.353891336270195
112,2006,77,13260,2006-04-22,4,16,112,613,45.00734214390602
113,2006,82,13261,2006-04-23,4,17,113,695,51.027900146842875
114,2006,64,13262,2006-04-24,4,17,114,759,55.72687224669603
115,2006,43,13263,2006-04-25,4,17,115,802,58.883994126284875
116,2006,89,13264,2006-04-26,4,17,116,891,65.41850220264317
117,2006,63,13265,2006-04-27,4,17,117,954,70.04405286343612
118,2006,35,13266,2006-04-28,4,17,118,989,72.61380323054331
119,2006,37,13267,2006-04-29,4,17,119,1026,75.33039647577093
120,2006,26,13268,2006-04-30,4,18,120,1052,77.23935389133626
121,2006,24,13269,2006-05-01,5,18,121,1076,79.00146842878121
122,2006,18,13270,2006-05-02,5,18,122,1094,80.32305433186491
123,2006,48,13271,2006-05-03,5,18,123,1142,83.84728340675477
124,2006,76,13272,2006-05-04,5,18,124,1218,89.42731277533039
125,2006,60,13273,2006-05-05,5,18,125,1278,93.83259911894272
126,2006,16,13274,2006-05-06,5,18,126,1294,95.00734214390602
127,2006,8,13275,2006-05-07,5,19,127,1302,95.59471365638767
128,2006,16,13276,2006-05-08,5,19,128,1318,96.76945668135095
129,2006,25,13277,2006-05-09,5,19,129,1343,98.60499265785609
130,2006,4,13278,2006-05-10,5,19,130,1347,98.89867841409692
131,2006,2,13279,2006-05-11,5,19,131,1349,99.04552129221733
132,2006,1,13280,2006-05-12,5,19,132,1350,99.11894273127754
133,2006,2,13281,2006-05-13,5,19,133,1352,99.26578560939795
134,2006,4,13282,2006-05-14,5,20,134,1356,99.55947136563876
135,2006,1,13283,2006-05-15,5,20,135,1357,99.63289280469897
136,2006,1,13284,2006-05-16,5,20,136,1358,99.70631424375918
137,2006,1,13285,2006-05-17,5,20,137,1359,99.77973568281938
138,2006,1,13286,2006-05-18,5,20,138,1360,99.85315712187959
139,2006,1,13287,2006-05-19,5,20,139,1361,99.92657856093979
140,2006,1,13288,2006-05-20,5,20,140,1362,100
141,2006,0,13289,2006-05-21,5,21,141,1362,100
142,2006,0,13290,2006-05-22,5,21,142,1362,100
143,2006,0,13291,2006-05-23,5,21,143,1362,100
144,2006,0,13292,2006-05-24,5,21,144,1362,100
145,2006,0,13293,2006-05-25,5,21,145,1362,100
146,2006,0,13294,2006-05-26,5,21,146,1362,100
147,2006,0,13295,2006-05-27,5,21,147,1362,100
148,2006,0,13296,2006-05-28,5,22,148,1362,100
149,2006,0,13297,2006-05-29,5,22,149,1362,100
150,2006,0,13298,2006-05-30,5,22,150,1362,100
151,2006,0,13299,2006-05-31,5,22,151,1362,100
152,2006,0,13300,2006-06-01,6,22,152,1362,100
153,2006,0,13301,2006-06-02,6,22,153,1362,100
154,2006,0,13302,2006-06-03,6,22,154,1362,100
155,2006,0,13303,2006-06-04,6,23,155,1362,100
156,2006,0,13304,2006-06-05,6,23,156,1362,100
157,2006,0,13305,2006-06-06,6,23,157,1362,100
158,2006,0,13306,2006-06-07,6,23,158,1362,100
159,2006,0,13307,2006-06-08,6,23,159,1362,100
160,2006,0,13308,2006-06-09,6,23,160,1362,100
161,2006,0,13309,2006-06-10,6,23,161,1362,100
162,2006,0,13310,2006-06-11,6,24,162,1362,100
163,2006,0,13311,2006-06-12,6,24,163,1362,100
164,2006,0,13312,2006-06-13,6,24,164,1362,100
165,2006,0,13313,2006-06-14,6,24,165,1362,100
166,2006,0,13314,2006-06-15,6,24,166,1362,100
167,2006,0,13315,2006-06-16,6,24,167,1362,100
168,2006,0,13316,2006-06-17,6,24,168,1362,100
169,2006,0,13317,2006-06-18,6,25,169,1362,100
170,2006,0,13318,2006-06-19,6,25,170,1362,100
171,2006,0,13319,2006-06-20,6,25,171,1362,100
172,2006,0,13320,2006-06-21,6,25,172,1362,100
173,2006,0,13321,2006-06-22,6,25,173,1362,100
174,2006,0,13322,2006-06-23,6,25,174,1362,100
175,2006,0,13323,2006-06-24,6,25,175,1362,100
176,2006,0,13324,2006-06-25,6,26,176,1362,100
177,2006,0,13325,2006-06-26,6,26,177,1362,100
178,2006,0,13326,2006-06-27,6,26,178,1362,100
179,2006,0,13327,2006-06-28,6,26,179,1362,100
180,2006,0,13328,2006-06-29,6,26,180,1362,100
1,2007,0,13514,2007-01-01,1,1,1,0,0
2,2007,0,13515,2007-01-02,1,1,2,0,0
3,2007,0,13516,2007-01-03,1,1,3,0,0
4,2007,0,13517,2007-01-04,1,1,4,0,0
5,2007,0,13518,2007-01-05,1,1,5,0,0
6,2007,0,13519,2007-01-06,1,1,6,0,0
7,2007,0,13520,2007-01-07,1,1,7,0,0
8,2007,0,13521,2007-01-08,1,2,8,0,0
9,2007,0,13522,2007-01-09,1,2,9,0,0
10,2007,0,13523,2007-01-10,1,2,10,0,0
11,2007,0,13524,2007-01-11,1,2,11,0,0
12,2007,0,13525,2007-01-12,1,2,12,0,0
13,2007,0,13526,2007-01-13,1,2,13,0,0
14,2007,0,13527,2007-01-14,1,2,14,0,0
15,2007,0,13528,2007-01-15,1,3,15,0,0
16,2007,0,13529,2007-01-16,1,3,16,0,0
17,2007,0,13530,2007-01-17,1,3,17,0,0
18,2007,0,13531,2007-01-18,1,3,18,0,0
19,2007,0,13532,2007-01-19,1,3,19,0,0
20,2007,0,13533,2007-01-20,1,3,20,0,0
21,2007,0,13534,2007-01-21,1,3,21,0,0
22,2007,0,13535,2007-01-22,1,4,22,0,0
23,2007,0,13536,2007-01-23,1,4,23,0,0
24,2007,0,13537,2007-01-24,1,4,24,0,0
25,2007,0,13538,2007-01-25,1,4,25,0,0
26,2007,0,13539,2007-01-26,1,4,26,0,0
27,2007,0,13540,2007-01-27,1,4,27,0,0
28,2007,0,13541,2007-01-28,1,4,28,0,0
29,2007,0,13542,2007-01-29,1,5,29,0,0
30,2007,0,13543,2007-01-30,1,5,30,0,0
31,2007,0,13544,2007-01-31,1,5,31,0,0
32,2007,0,13545,2007-02-01,2,5,32,0,0
33,2007,0,13546,2007-02-02,2,5,33,0,0
34,2007,0,13547,2007-02-03,2,5,34,0,0
35,2007,0,13548,2007-02-04,2,5,35,0,0
36,2007,0,13549,2007-02-05,2,6,36,0,0
37,2007,0,13550,2007-02-06,2,6,37,0,0
38,2007,0,13551,2007-02-07,2,6,38,0,0
39,2007,0,13552,2007-02-08,2,6,39,0,0
40,2007,0,13553,2007-02-09,2,6,40,0,0
41,2007,0,13554,2007-02-10,2,6,41,0,0
42,2007,0,13555,2007-02-11,2,6,42,0,0
43,2007,0,13556,2007-02-12,2,7,43,0,0
44,2007,0,13557,2007-02-13,2,7,44,0,0
45,2007,0,13558,2007-02-14,2,7,45,0,0
46,2007,0,13559,2007-02-15,2,7,46,0,0
47,2007,0,13560,2007-02-16,2,7,47,0,0
48,2007,0,13561,2007-02-17,2,7,48,0,0
49,2007,0,13562,2007-02-18,2,7,49,0,0
50,2007,0,13563,2007-02-19,2,8,50,0,0
51,2007,0,13564,2007-02-20,2,8,51,0,0
52,2007,0,13565,2007-02-21,2,8,52,0,0
53,2007,0,13566,2007-02-22,2,8,53,0,0
54,2007,0,13567,2007-02-23,2,8,54,0,0
55,2007,0,13568,2007-02-24,2,8,55,0,0
56,2007,0,13569,2007-02-25,2,8,56,0,0
57,2007,0,13570,2007-02-26,2,9,57,0,0
58,2007,0,13571,2007-02-27,2,9,58,0,0
59,2007,0,13572,2007-02-28,2,9,59,0,0
60,2007,0,13573,2007-03-01,3,9,60,0,0
61,2007,0,13574,2007-03-02,3,9,61,0,0
62,2007,0,13575,2007-03-03,3,9,62,0,0
63,2007,0,13576,2007-03-04,3,9,63,0,0
64,2007,0,13577,2007-03-05,3,10,64,0,0
65,2007,0,13578,2007-03-06,3,10,65,0,0
66,2007,0,13579,2007-03-07,3,10,66,0,0
67,2007,0,13580,2007-03-08,3,10,67,0,0
68,2007,0,13581,2007-03-09,3,10,68,0,0
69,2007,0,13582,2007-03-10,3,10,69,0,0
70,2007,0,13583,2007-03-11,3,10,70,0,0
71,2007,0,13584,2007-03-12,3,11,71,0,0
72,2007,0,13585,2007-03-13,3,11,72,0,0
73,2007,0,13586,2007-03-14,3,11,73,0,0
74,2007,0,13587,2007-03-15,3,11,74,0,0
75,2007,0,13588,2007-03-16,3,11,75,0,0
76,2007,0,13589,2007-03-17,3,11,76,0,0
77,2007,0,13590,2007-03-18,3,11,77,0,0
78,2007,0,13591,2007-03-19,3,12,78,0,0
79,2007,0,13592,2007-03-20,3,12,79,0,0
80,2007,0,13593,2007-03-21,3,12,80,0,0
81,2007,0,13594,2007-03-22,3,12,81,0,0
82,2007,0,13595,2007-03-23,3,12,82,0,0
83,2007,1,13596,2007-03-24,3,12,83,1,0.04928536224741252
84,2007,1,13597,2007-03-25,3,12,84,2,0.09857072449482504
85,2007,1,13598,2007-03-26,3,13,85,3,0.14785608674223755
86,2007,1,13599,2007-03-27,3,13,86,4,0.19714144898965008
87,2007,2,13600,2007-03-28,3,13,87,6,0.2957121734844751
88,2007,6,13601,2007-03-29,3,13,88,12,0.5914243469689502
89,2007,5,13602,2007-03-30,3,13,89,17,0.8378511582060127
90,2007,3,13603,2007-03-31,3,13,90,20,0.9857072449482503
91,2007,9,13604,2007-04-01,4,13,91,29,1.429275505174963
92,2007,10,13605,2007-04-02,4,14,92,39,1.9221291276490884
93,2007,22,13606,2007-04-03,4,14,93,61,3.0064070970921635
94,2007,18,13607,2007-04-04,4,14,94,79,3.893543617545589
95,2007,23,13608,2007-04-05,4,14,95,102,5.027106949236077
96,2007,30,13609,2007-04-06,4,14,96,132,6.505667816658453
97,2007,51,13610,2007-04-07,4,14,97,183,9.01922129127649
98,2007,0,13611,2007-04-08,4,14,98,183,9.01922129127649
99,2007,58,13612,2007-04-09,4,15,99,241,11.877772301626417
100,2007,78,13613,2007-04-10,4,15,100,319,15.722030556924594
101,2007,68,13614,2007-04-11,4,15,101,387,19.073435189748643
102,2007,111,13615,2007-04-12,4,15,102,498,24.544110399211434
103,2007,121,13616,2007-04-13,4,15,103,619,30.50763923114835
104,2007,144,13617,2007-04-14,4,15,104,763,37.604731394775754
105,2007,70,13618,2007-04-15,4,15,105,833,41.054706752094624
106,2007,199,13619,2007-04-16,4,16,106,1032,50.862493839329716
107,2007,54,13620,2007-04-17,4,16,107,1086,53.523903400689996
108,2007,226,13621,2007-04-18,4,16,108,1312,64.66239526860522
109,2007,30,13622,2007-04-19,4,16,109,1342,66.1409561360276
110,2007,44,13623,2007-04-20,4,16,110,1386,68.30951207491374
111,2007,88,13624,2007-04-21,4,16,111,1474,72.64662395268606
112,2007,27,13625,2007-04-22,4,16,112,1501,73.97732873336619
113,2007,33,13626,2007-04-23,4,17,113,1534,75.6037456875308
114,2007,37,13627,2007-04-24,4,17,114,1571,77.42730409068507
115,2007,38,13628,2007-04-25,4,17,115,1609,79.30014785608674
116,2007,134,13629,2007-04-26,4,17,116,1743,85.90438639724002
117,2007,160,13630,2007-04-27,4,17,117,1903,93.79004435682602
118,2007,44,13631,2007-04-28,4,17,118,1947,95.95860029571217
119,2007,0,13632,2007-04-29,4,17,119,1947,95.95860029571217
120,2007,43,13633,2007-04-30,4,18,120,1990,98.07787087235091
121,2007,21,13634,2007-05-01,5,18,121,2011,99.11286347954658
122,2007,2,13635,2007-05-02,5,18,122,2013,99.21143420404141
123,2007,0,13636,2007-05-03,5,18,123,2013,99.21143420404141
124,2007,0,13637,2007-05-04,5,18,124,2013,99.21143420404141
125,2007,2,13638,2007-05-05,5,18,125,2015,99.31000492853622
126,2007,0,13639,2007-05-06,5,18,126,2015,99.31000492853622
127,2007,0,13640,2007-05-07,5,19,127,2015,99.31000492853622
128,2007,3,13641,2007-05-08,5,19,128,2018,99.45786101527845
129,2007,1,13642,2007-05-09,5,19,129,2019,99.50714637752588
130,2007,2,13643,2007-05-10,5,19,130,2021,99.60571710202069
131,2007,4,13644,2007-05-11,5,19,131,2025,99.80285855101036
132,2007,0,13645,2007-05-12,5,19,132,2025,99.80285855101036
133,2007,4,13646,2007-05-13,5,19,133,2029,100
134,2007,0,13647,2007-05-14,5,20,134,2029,100
135,2007,0,13648,2007-05-15,5,20,135,2029,100
136,2007,0,13649,2007-05-16,5,20,136,2029,100
137,2007,0,13650,2007-05-17,5,20,137,2029,100
138,2007,0,13651,2007-05-18,5,20,138,2029,100
139,2007,0,13652,2007-05-19,5,20,139,2029,100
140,2007,0,13653,2007-05-20,5,20,140,2029,100
141,2007,0,13654,2007-05-21,5,21,141,2029,100
142,2007,0,13655,2007-05-22,5,21,142,2029,100
143,2007,0,13656,2007-05-23,5,21,143,2029,100
144,2007,0,13657,2007-05-24,5,21,144,2029,100
145,2007,0,13658,2007-05-25,5,21,145,2029,100
146,2007,0,13659,2007-05-26,5,21,146,2029,100
147,2007,0,13660,2007-05-27,5,21,147,2029,100
148,2007,0,13661,2007-05-28,5,22,148,2029,100
149,2007,0,13662,2007-05-29,5,22,149,2029,100
150,2007,0,13663,2007-05-30,5,22,150,2029,100
151,2007,0,13664,2007-05-31,5,22,151,2029,100
152,2007,0,13665,2007-06-01,6,22,152,2029,100
153,2007,0,13666,2007-06-02,6,22,153,2029,100
154,2007,0,13667,2007-06-03,6,22,154,2029,100
155,2007,0,13668,2007-06-04,6,23,155,2029,100
156,2007,0,13669,2007-06-05,6,23,156,2029,100
157,2007,0,13670,2007-06-06,6,23,157,2029,100
158,2007,0,13671,2007-06-07,6,23,158,2029,100
159,2007,0,13672,2007-06-08,6,23,159,2029,100
160,2007,0,13673,2007-06-09,6,23,160,2029,100
161,2007,0,13674,2007-06-10,6,23,161,2029,100
162,2007,0,13675,2007-06-11,6,24,162,2029,100
163,2007,0,13676,2007-06-12,6,24,163,2029,100
164,2007,0,13677,2007-06-13,6,24,164,2029,100
165,2007,0,13678,2007-06-14,6,24,165,2029,100
166,2007,0,13679,2007-06-15,6,24,166,2029,100
167,2007,0,13680,2007-06-16,6,24,167,2029,100
168,2007,0,13681,2007-06-17,6,24,168,2029,100
169,2007,0,13682,2007-06-18,6,25,169,2029,100
170,2007,0,13683,2007-06-19,6,25,170,2029,100
171,2007,0,13684,2007-06-20,6,25,171,2029,100
172,2007,0,13685,2007-06-21,6,25,172,2029,100
173,2007,0,13686,2007-06-22,6,25,173,2029,100
174,2007,0,13687,2007-06-23,6,25,174,2029,100
175,2007,0,13688,2007-06-24,6,25,175,2029,100
176,2007,0,13689,2007-06-25,6,26,176,2029,100
177,2007,0,13690,2007-06-26,6,26,177,2029,100
178,2007,0,13691,2007-06-27,6,26,178,2029,100
179,2007,0,13692,2007-06-28,6,26,179,2029,100
180,2007,0,13693,2007-06-29,6,26,180,2029,100
1,2008,0,13879,2008-01-01,1,1,1,0,0
2,2008,0,13880,2008-01-02,1,1,2,0,0
3,2008,0,13881,2008-01-03,1,1,3,0,0
4,2008,0,13882,2008-01-04,1,1,4,0,0
5,2008,0,13883,2008-01-05,1,1,5,0,0
6,2008,0,13884,2008-01-06,1,1,6,0,0
7,2008,0,13885,2008-01-07,1,1,7,0,0
8,2008,0,13886,2008-01-08,1,2,8,0,0
9,2008,0,13887,2008-01-09,1,2,9,0,0
10,2008,0,13888,2008-01-10,1,2,10,0,0
11,2008,0,13889,2008-01-11,1,2,11,0,0
12,2008,0,13890,2008-01-12,1,2,12,0,0
13,2008,0,13891,2008-01-13,1,2,13,0,0
14,2008,0,13892,2008-01-14,1,2,14,0,0
15,2008,0,13893,2008-01-15,1,3,15,0,0
16,2008,0,13894,2008-01-16,1,3,16,0,0
17,2008,0,13895,2008-01-17,1,3,17,0,0
18,2008,0,13896,2008-01-18,1,3,18,0,0
19,2008,0,13897,2008-01-19,1,3,19,0,0
20,2008,0,13898,2008-01-20,1,3,20,0,0
21,2008,0,13899,2008-01-21,1,3,21,0,0
22,2008,0,13900,2008-01-22,1,4,22,0,0
23,2008,0,13901,2008-01-23,1,4,23,0,0
24,2008,0,13902,2008-01-24,1,4,24,0,0
25,2008,0,13903,2008-01-25,1,4,25,0,0
26,2008,0,13904,2008-01-26,1,4,26,0,0
27,2008,0,13905,2008-01-27,1,4,27,0,0
28,2008,0,13906,2008-01-28,1,4,28,0,0
29,2008,0,13907,2008-01-29,1,5,29,0,0
30,2008,0,13908,2008-01-30,1,5,30,0,0
31,2008,0,13909,2008-01-31,1,5,31,0,0
32,2008,0,13910,2008-02-01,2,5,32,0,0
33,2008,0,13911,2008-02-02,2,5,33,0,0
34,2008,0,13912,2008-02-03,2,5,34,0,0
35,2008,0,13913,2008-02-04,2,5,35,0,0
36,2008,0,13914,2008-02-05,2,6,36,0,0
37,2008,0,13915,2008-02-06,2,6,37,0,0
38,2008,0,13916,2008-02-07,2,6,38,0,0
39,2008,0,13917,2008-02-08,2,6,39,0,0
40,2008,0,13918,2008-02-09,2,6,40,0,0
41,2008,0,13919,2008-02-10,2,6,41,0,0
42,2008,0,13920,2008-02-11,2,6,42,0,0
43,2008,0,13921,2008-02-12,2,7,43,0,0
44,2008,0,13922,2008-02-13,2,7,44,0,0
45,2008,0,13923,2008-02-14,2,7,45,0,0
46,2008,0,13924,2008-02-15,2,7,46,0,0
47,2008,0,13925,2008-02-16,2,7,47,0,0
48,2008,0,13926,2008-02-17,2,7,48,0,0
49,2008,0,13927,2008-02-18,2,7,49,0,0
50,2008,0,13928,2008-02-19,2,8,50,0,0
51,2008,0,13929,2008-02-20,2,8,51,0,0
52,2008,0,13930,2008-02-21,2,8,52,0,0
53,2008,0,13931,2008-02-22,2,8,53,0,0
54,2008,0,13932,2008-02-23,2,8,54,0,0
55,2008,0,13933,2008-02-24,2,8,55,0,0
56,2008,0,13934,2008-02-25,2,8,56,0,0
57,2008,0,13935,2008-02-26,2,9,57,0,0
58,2008,0,13936,2008-02-27,2,9,58,0,0
59,2008,0,13937,2008-02-28,2,9,59,0,0
60,2008,0,13938,2008-02-29,2,9,60,0,0
61,2008,0,13939,2008-03-01,3,9,61,0,0
62,2008,0,13940,2008-03-02,3,9,62,0,0
63,2008,0,13941,2008-03-03,3,9,63,0,0
64,2008,0,13942,2008-03-04,3,10,64,0,0
65,2008,0,13943,2008-03-05,3,10,65,0,0
66,2008,0,13944,2008-03-06,3,10,66,0,0
67,2008,0,13945,2008-03-07,3,10,67,0,0
68,2008,0,13946,2008-03-08,3,10,68,0,0
69,2008,0,13947,2008-03-09,3,10,69,0,0
70,2008,0,13948,2008-03-10,3,10,70,0,0
71,2008,0,13949,2008-03-11,3,11,71,0,0
72,2008,0,13950,2008-03-12,3,11,72,0,0
73,2008,0,13951,2008-03-13,3,11,73,0,0
74,2008,0,13952,2008-03-14,3,11,74,0,0
75,2008,0,13953,2008-03-15,3,11,75,0,0
76,2008,0,13954,2008-03-16,3,11,76,0,0
77,2008,0,13955,2008-03-17,3,11,77,0,0
78,2008,0,13956,2008-03-18,3,12,78,0,0
79,2008,0,13957,2008-03-19,3,12,79,0,0
80,2008,0,13958,2008-03-20,3,12,80,0,0
81,2008,0,13959,2008-03-21,3,12,81,0,0
82,2008,0,13960,2008-03-22,3,12,82,0,0
83,2008,0,13961,2008-03-23,3,12,83,0,0
84,2008,0,13962,2008-03-24,3,12,84,0,0
85,2008,3,13963,2008-03-25,3,13,85,3,0.17942583732057416
86,2008,7,13964,2008-03-26,3,13,86,10,0.5980861244019139
87,2008,3,13965,2008-03-27,3,13,87,13,0.777511961722488
88,2008,23,13966,2008-03-28,3,13,88,36,2.15311004784689
89,2008,15,13967,2008-03-29,3,13,89,51,3.050239234449761
90,2008,59,13968,2008-03-30,3,13,90,110,6.578947368421052
91,2008,20,13969,2008-03-31,3,13,91,130,7.775119617224881
92,2008,26,13970,2008-04-01,4,14,92,156,9.330143540669857
93,2008,0,13971,2008-04-02,4,14,93,156,9.330143540669857
94,2008,48,13972,2008-04-03,4,14,94,204,12.200956937799043
95,2008,47,13973,2008-04-04,4,14,95,251,15.011961722488037
96,2008,54,13974,2008-04-05,4,14,96,305,18.241626794258373
97,2008,53,13975,2008-04-06,4,14,97,358,21.411483253588518
98,2008,19,13976,2008-04-07,4,14,98,377,22.547846889952154
99,2008,9,13977,2008-04-08,4,15,99,386,23.086124401913878
100,2008,33,13978,2008-04-09,4,15,100,419,25.059808612440193
101,2008,28,13979,2008-04-10,4,15,101,447,26.73444976076555
102,2008,14,13980,2008-04-11,4,15,102,461,27.57177033492823
103,2008,24,13981,2008-04-12,4,15,103,485,29.00717703349282
104,2008,38,13982,2008-04-13,4,15,104,523,31.279904306220097
105,2008,49,13983,2008-04-14,4,15,105,572,34.21052631578947
106,2008,41,13984,2008-04-15,4,16,106,613,36.66267942583732
107,2008,13,13985,2008-04-16,4,16,107,626,37.44019138755981
108,2008,11,13986,2008-04-17,4,16,108,637,38.09808612440192
109,2008,32,13987,2008-04-18,4,16,109,669,40.01196172248804
110,2008,255,13988,2008-04-19,4,16,110,924,55.26315789473685
111,2008,106,13989,2008-04-20,4,16,111,1030,61.602870813397125
112,2008,118,13990,2008-04-21,4,16,112,1148,68.6602870813397
113,2008,76,13991,2008-04-22,4,17,113,1224,73.20574162679426
114,2008,102,13992,2008-04-23,4,17,114,1326,79.30622009569377
115,2008,34,13993,2008-04-24,4,17,115,1360,81.3397129186603
116,2008,38,13994,2008-04-25,4,17,116,1398,83.61244019138756
117,2008,40,13995,2008-04-26,4,17,117,1438,86.00478468899522
118,2008,47,13996,2008-04-27,4,17,118,1485,88.81578947368422
119,2008,25,13997,2008-04-28,4,17,119,1510,90.311004784689
120,2008,57,13998,2008-04-29,4,18,120,1567,93.72009569377991
121,2008,28,13999,2008-04-30,4,18,121,1595,95.39473684210526
122,2008,12,14000,2008-05-01,5,18,122,1607,96.11244019138756
123,2008,4,14001,2008-05-02,5,18,123,1611,96.35167464114832
124,2008,7,14002,2008-05-03,5,18,124,1618,96.77033492822966
125,2008,0,14003,2008-05-04,5,18,125,1618,96.77033492822966
126,2008,10,14004,2008-05-05,5,18,126,1628,97.36842105263158
127,2008,12,14005,2008-05-06,5,19,127,1640,98.08612440191388
128,2008,10,14006,2008-05-07,5,19,128,1650,98.68421052631578
129,2008,3,14007,2008-05-08,5,19,129,1653,98.86363636363636
130,2008,3,14008,2008-05-09,5,19,130,1656,99.04306220095694
131,2008,15,14009,2008-05-10,5,19,131,1671,99.9401913875598
132,2008,0,14010,2008-05-11,5,19,132,1671,99.9401913875598
133,2008,0,14011,2008-05-12,5,19,133,1671,99.9401913875598
134,2008,0,14012,2008-05-13,5,20,134,1671,99.9401913875598
135,2008,0,14013,2008-05-14,5,20,135,1671,99.9401913875598
136,2008,1,14014,2008-05-15,5,20,136,1672,100
137,2008,0,14015,2008-05-16,5,20,137,1672,100
138,2008,0,14016,2008-05-17,5,20,138,1672,100
139,2008,0,14017,2008-05-18,5,20,139,1672,100
140,2008,0,14018,2008-05-19,5,20,140,1672,100
141,2008,0,14019,2008-05-20,5,21,141,1672,100
142,2008,0,14020,2008-05-21,5,21,142,1672,100
143,2008,0,14021,2008-05-22,5,21,143,1672,100
144,2008,0,14022,2008-05-23,5,21,144,1672,100
145,2008,0,14023,2008-05-24,5,21,145,1672,100
146,2008,0,14024,2008-05-25,5,21,146,1672,100
147,2008,0,14025,2008-05-26,5,21,147,1672,100
148,2008,0,14026,2008-05-27,5,22,148,1672,100
149,2008,0,14027,2008-05-28,5,22,149,1672,100
150,2008,0,14028,2008-05-29,5,22,150,1672,100
151,2008,0,14029,2008-05-30,5,22,151,1672,100
152,2008,0,14030,2008-05-31,5,22,152,1672,100
153,2008,0,14031,2008-06-01,6,22,153,1672,100
154,2008,0,14032,2008-06-02,6,22,154,1672,100
155,2008,0,14033,2008-06-03,6,23,155,1672,100
156,2008,0,14034,2008-06-04,6,23,156,1672,100
157,2008,0,14035,2008-06-05,6,23,157,1672,100
158,2008,0,14036,2008-06-06,6,23,158,1672,100
159,2008,0,14037,2008-06-07,6,23,159,1672,100
160,2008,0,14038,2008-06-08,6,23,160,1672,100
161,2008,0,14039,2008-06-09,6,23,161,1672,100
162,2008,0,14040,2008-06-10,6,24,162,1672,100
163,2008,0,14041,2008-06-11,6,24,163,1672,100
164,2008,0,14042,2008-06-12,6,24,164,1672,100
165,2008,0,14043,2008-06-13,6,24,165,1672,100
166,2008,0,14044,2008-06-14,6,24,166,1672,100
167,2008,0,14045,2008-06-15,6,24,167,1672,100
168,2008,0,14046,2008-06-16,6,24,168,1672,100
169,2008,0,14047,2008-06-17,6,25,169,1672,100
170,2008,0,14048,2008-06-18,6,25,170,1672,100
171,2008,0,14049,2008-06-19,6,25,171,1672,100
172,2008,0,14050,2008-06-20,6,25,172,1672,100
173,2008,0,14051,2008-06-21,6,25,173,1672,100
174,2008,0,14052,2008-06-22,6,25,174,1672,100
175,2008,0,14053,2008-06-23,6,25,175,1672,100
176,2008,0,14054,2008-06-24,6,26,176,1672,100
177,2008,0,14055,2008-06-25,6,26,177,1672,100
178,2008,0,14056,2008-06-26,6,26,178,1672,100
179,2008,0,14057,2008-06-27,6,26,179,1672,100
180,2008,0,14058,2008-06-28,6,26,180,1672,100
1,2009,0,14245,2009-01-01,1,1,1,0,0
2,2009,0,14246,2009-01-02,1,1,2,0,0
3,2009,0,14247,2009-01-03,1,1,3,0,0
4,2009,0,14248,2009-01-04,1,1,4,0,0
5,2009,0,14249,2009-01-05,1,1,5,0,0
6,2009,0,14250,2009-01-06,1,1,6,0,0
7,2009,0,14251,2009-01-07,1,1,7,0,0
8,2009,0,14252,2009-01-08,1,2,8,0,0
9,2009,0,14253,2009-01-09,1,2,9,0,0
10,2009,0,14254,2009-01-10,1,2,10,0,0
11,2009,0,14255,2009-01-11,1,2,11,0,0
12,2009,0,14256,2009-01-12,1,2,12,0,0
13,2009,0,14257,2009-01-13,1,2,13,0,0
14,2009,0,14258,2009-01-14,1,2,14,0,0
15,2009,0,14259,2009-01-15,1,3,15,0,0
16,2009,0,14260,2009-01-16,1,3,16,0,0
17,2009,0,14261,2009-01-17,1,3,17,0,0
18,2009,0,14262,2009-01-18,1,3,18,0,0
19,2009,0,14263,2009-01-19,1,3,19,0,0
20,2009,0,14264,2009-01-20,1,3,20,0,0
21,2009,0,14265,2009-01-21,1,3,21,0,0
22,2009,0,14266,2009-01-22,1,4,22,0,0
23,2009,0,14267,2009-01-23,1,4,23,0,0
24,2009,0,14268,2009-01-24,1,4,24,0,0
25,2009,0,14269,2009-01-25,1,4,25,0,0
26,2009,0,14270,2009-01-26,1,4,26,0,0
27,2009,0,14271,2009-01-27,1,4,27,0,0
28,2009,0,14272,2009-01-28,1,4,28,0,0
29,2009,0,14273,2009-01-29,1,5,29,0,0
30,2009,0,14274,2009-01-30,1,5,30,0,0
31,2009,0,14275,2009-01-31,1,5,31,0,0
32,2009,0,14276,2009-02-01,2,5,32,0,0
33,2009,0,14277,2009-02-02,2,5,33,0,0
34,2009,0,14278,2009-02-03,2,5,34,0,0
35,2009,0,14279,2009-02-04,2,5,35,0,0
36,2009,0,14280,2009-02-05,2,6,36,0,0
37,2009,0,14281,2009-02-06,2,6,37,0,0
38,2009,0,14282,2009-02-07,2,6,38,0,0
39,2009,0,14283,2009-02-08,2,6,39,0,0
40,2009,0,14284,2009-02-09,2,6,40,0,0
41,2009,0,14285,2009-02-10,2,6,41,0,0
42,2009,0,14286,2009-02-11,2,6,42,0,0
43,2009,0,14287,2009-02-12,2,7,43,0,0
44,2009,0,14288,2009-02-13,2,7,44,0,0
45,2009,0,14289,2009-02-14,2,7,45,0,0
46,2009,0,14290,2009-02-15,2,7,46,0,0
47,2009,0,14291,2009-02-16,2,7,47,0,0
48,2009,0,14292,2009-02-17,2,7,48,0,0
49,2009,0,14293,2009-02-18,2,7,49,0,0
50,2009,0,14294,2009-02-19,2,8,50,0,0
51,2009,0,14295,2009-02-20,2,8,51,0,0
52,2009,0,14296,2009-02-21,2,8,52,0,0
53,2009,0,14297,2009-02-22,2,8,53,0,0
54,2009,0,14298,2009-02-23,2,8,54,0,0
55,2009,0,14299,2009-02-24,2,8,55,0,0
56,2009,0,14300,2009-02-25,2,8,56,0,0
57,2009,0,14301,2009-02-26,2,9,57,0,0
58,2009,0,14302,2009-02-27,2,9,58,0,0
59,2009,0,14303,2009-02-28,2,9,59,0,0
60,2009,0,14304,2009-03-01,3,9,60,0,0
61,2009,0,14305,2009-03-02,3,9,61,0,0
62,2009,0,14306,2009-03-03,3,9,62,0,0
63,2009,0,14307,2009-03-04,3,9,63,0,0
64,2009,0,14308,2009-03-05,3,10,64,0,0
65,2009,0,14309,2009-03-06,3,10,65,0,0
66,2009,0,14310,2009-03-07,3,10,66,0,0
67,2009,0,14311,2009-03-08,3,10,67,0,0
68,2009,0,14312,2009-03-09,3,10,68,0,0
69,2009,0,14313,2009-03-10,3,10,69,0,0
70,2009,0,14314,2009-03-11,3,10,70,0,0
71,2009,0,14315,2009-03-12,3,11,71,0,0
72,2009,0,14316,2009-03-13,3,11,72,0,0
73,2009,0,14317,2009-03-14,3,11,73,0,0
74,2009,0,14318,2009-03-15,3,11,74,0,0
75,2009,3,14319,2009-03-16,3,11,75,3,0.11380880121396054
76,2009,2,14320,2009-03-17,3,11,76,5,0.18968133535660092
77,2009,4,14321,2009-03-18,3,11,77,9,0.34142640364188165
78,2009,1,14322,2009-03-19,3,12,78,10,0.37936267071320184
79,2009,4,14323,2009-03-20,3,12,79,14,0.5311077389984825
80,2009,3,14324,2009-03-21,3,12,80,17,0.644916540212443
81,2009,1,14325,2009-03-22,3,12,81,18,0.6828528072837633
82,2009,2,14326,2009-03-23,3,12,82,20,0.7587253414264037
83,2009,7,14327,2009-03-24,3,12,83,27,1.024279210925645
84,2009,10,14328,2009-03-25,3,12,84,37,1.4036418816388467
85,2009,4,14329,2009-03-26,3,13,85,41,1.5553869499241275
86,2009,16,14330,2009-03-27,3,13,86,57,2.1623672230652504
87,2009,19,14331,2009-03-28,3,13,87,76,2.8831562974203337
88,2009,9,14332,2009-03-29,3,13,88,85,3.2245827010622152
89,2009,7,14333,2009-03-30,3,13,89,92,3.490136570561457
90,2009,3,14334,2009-03-31,3,13,90,95,3.6039453717754175
91,2009,9,14335,2009-04-01,4,13,91,104,3.9453717754172986
92,2009,35,14336,2009-04-02,4,14,92,139,5.273141122913505
93,2009,26,14337,2009-04-03,4,14,93,165,6.25948406676783
94,2009,65,14338,2009-04-04,4,14,94,230,8.725341426403642
95,2009,49,14339,2009-04-05,4,14,95,279,10.58421851289833
96,2009,13,14340,2009-04-06,4,14,96,292,11.077389984825494
97,2009,51,14341,2009-04-07,4,14,97,343,13.012139605462822
98,2009,221,14342,2009-04-08,4,14,98,564,21.396054628224583
99,2009,257,14343,2009-04-09,4,15,99,821,31.14567526555387
100,2009,236,14344,2009-04-10,4,15,100,1057,40.098634294385434
101,2009,95,14345,2009-04-11,4,15,101,1152,43.70257966616085
102,2009,122,14346,2009-04-12,4,15,102,1274,48.33080424886192
103,2009,66,14347,2009-04-13,4,15,103,1340,50.834597875569045
104,2009,134,14348,2009-04-14,4,15,104,1474,55.91805766312595
105,2009,198,14349,2009-04-15,4,15,105,1672,63.42943854324734
106,2009,25,14350,2009-04-16,4,16,106,1697,64.37784522003035
107,2009,119,14351,2009-04-17,4,16,107,1816,68.89226100151745
108,2009,37,14352,2009-04-18,4,16,108,1853,70.2959028831563
109,2009,51,14353,2009-04-19,4,16,109,1904,72.23065250379362
110,2009,55,14354,2009-04-20,4,16,110,1959,74.31714719271623
111,2009,58,14355,2009-04-21,4,16,111,2017,76.51745068285281
112,2009,54,14356,2009-04-22,4,16,112,2071,78.5660091047041
113,2009,56,14357,2009-04-23,4,17,113,2127,80.69044006069804
114,2009,60,14358,2009-04-24,4,17,114,2187,82.96661608497725
115,2009,44,14359,2009-04-25,4,17,115,2231,84.63581183611532
116,2009,48,14360,2009-04-26,4,17,116,2279,86.4567526555387
117,2009,68,14361,2009-04-27,4,17,117,2347,89.03641881638846
118,2009,81,14362,2009-04-28,4,17,118,2428,92.1092564491654
119,2009,33,14363,2009-04-29,4,17,119,2461,93.36115326251897
120,2009,39,14364,2009-04-30,4,18,120,2500,94.84066767830045
121,2009,19,14365,2009-05-01,5,18,121,2519,95.56145675265554
122,2009,6,14366,2009-05-02,5,18,122,2525,95.78907435508346
123,2009,26,14367,2009-05-03,5,18,123,2551,96.77541729893778
124,2009,13,14368,2009-05-04,5,18,124,2564,97.26858877086495
125,2009,5,14369,2009-05-05,5,18,125,2569,97.45827010622155
126,2009,7,14370,2009-05-06,5,18,126,2576,97.72382397572079
127,2009,3,14371,2009-05-07,5,19,127,2579,97.83763277693474
128,2009,7,14372,2009-05-08,5,19,128,2586,98.103186646434
129,2009,6,14373,2009-05-09,5,19,129,2592,98.33080424886191
130,2009,10,14374,2009-05-10,5,19,130,2602,98.71016691957512
131,2009,6,14375,2009-05-11,5,19,131,2608,98.93778452200304
132,2009,9,14376,2009-05-12,5,19,132,2617,99.27921092564492
133,2009,7,14377,2009-05-13,5,19,133,2624,99.54476479514416
134,2009,3,14378,2009-05-14,5,20,134,2627,99.65857359635811
135,2009,0,14379,2009-05-15,5,20,135,2627,99.65857359635811
136,2009,5,14380,2009-05-16,5,20,136,2632,99.84825493171472
137,2009,1,14381,2009-05-17,5,20,137,2633,99.88619119878604
138,2009,1,14382,2009-05-18,5,20,138,2634,99.92412746585735
139,2009,0,14383,2009-05-19,5,20,139,2634,99.92412746585735
140,2009,0,14384,2009-05-20,5,20,140,2634,99.92412746585735
141,2009,1,14385,2009-05-21,5,21,141,2635,99.96206373292867
142,2009,0,14386,2009-05-22,5,21,142,2635,99.96206373292867
143,2009,1,14387,2009-05-23,5,21,143,2636,100
144,2009,0,14388,2009-05-24,5,21,144,2636,100
145,2009,0,14389,2009-05-25,5,21,145,2636,100
146,2009,0,14390,2009-05-26,5,21,146,2636,100
147,2009,0,14391,2009-05-27,5,21,147,2636,100
148,2009,0,14392,2009-05-28,5,22,148,2636,100
149,2009,0,14393,2009-05-29,5,22,149,2636,100
150,2009,0,14394,2009-05-30,5,22,150,2636,100
151,2009,0,14395,2009-05-31,5,22,151,2636,100
152,2009,0,14396,2009-06-01,6,22,152,2636,100
153,2009,0,14397,2009-06-02,6,22,153,2636,100
154,2009,0,14398,2009-06-03,6,22,154,2636,100
155,2009,0,14399,2009-06-04,6,23,155,2636,100
156,2009,0,14400,2009-06-05,6,23,156,2636,100
157,2009,0,14401,2009-06-06,6,23,157,2636,100
158,2009,0,14402,2009-06-07,6,23,158,2636,100
159,2009,0,14403,2009-06-08,6,23,159,2636,100
160,2009,0,14404,2009-06-09,6,23,160,2636,100
161,2009,0,14405,2009-06-10,6,23,161,2636,100
162,2009,0,14406,2009-06-11,6,24,162,2636,100
163,2009,0,14407,2009-06-12,6,24,163,2636,100
164,2009,0,14408,2009-06-13,6,24,164,2636,100
165,2009,0,14409,2009-06-14,6,24,165,2636,100
166,2009,0,14410,2009-06-15,6,24,166,2636,100
167,2009,0,14411,2009-06-16,6,24,167,2636,100
168,2009,0,14412,2009-06-17,6,24,168,2636,100
169,2009,0,14413,2009-06-18,6,25,169,2636,100
170,2009,0,14414,2009-06-19,6,25,170,2636,100
171,2009,0,14415,2009-06-20,6,25,171,2636,100
172,2009,0,14416,2009-06-21,6,25,172,2636,100
173,2009,0,14417,2009-06-22,6,25,173,2636,100
174,2009,0,14418,2009-06-23,6,25,174,2636,100
175,2009,0,14419,2009-06-24,6,25,175,2636,100
176,2009,0,14420,2009-06-25,6,26,176,2636,100
177,2009,0,14421,2009-06-26,6,26,177,2636,100
178,2009,0,14422,2009-06-27,6,26,178,2636,100
179,2009,0,14423,2009-06-28,6,26,179,2636,100
180,2009,0,14424,2009-06-29,6,26,180,2636,100
1,2010,0,14610,2010-01-01,1,1,1,0,0
2,2010,0,14611,2010-01-02,1,1,2,0,0
3,2010,0,14612,2010-01-03,1,1,3,0,0
4,2010,0,14613,2010-01-04,1,1,4,0,0
5,2010,0,14614,2010-01-05,1,1,5,0,0
6,2010,0,14615,2010-01-06,1,1,6,0,0
7,2010,0,14616,2010-01-07,1,1,7,0,0
8,2010,0,14617,2010-01-08,1,2,8,0,0
9,2010,0,14618,2010-01-09,1,2,9,0,0
10,2010,0,14619,2010-01-10,1,2,10,0,0
11,2010,0,14620,2010-01-11,1,2,11,0,0
12,2010,0,14621,2010-01-12,1,2,12,0,0
13,2010,0,14622,2010-01-13,1,2,13,0,0
14,2010,0,14623,2010-01-14,1,2,14,0,0
15,2010,0,14624,2010-01-15,1,3,15,0,0
16,2010,0,14625,2010-01-16,1,3,16,0,0
17,2010,0,14626,2010-01-17,1,3,17,0,0
18,2010,0,14627,2010-01-18,1,3,18,0,0
19,2010,0,14628,2010-01-19,1,3,19,0,0
20,2010,0,14629,2010-01-20,1,3,20,0,0
21,2010,0,14630,2010-01-21,1,3,21,0,0
22,2010,0,14631,2010-01-22,1,4,22,0,0
23,2010,0,14632,2010-01-23,1,4,23,0,0
24,2010,0,14633,2010-01-24,1,4,24,0,0
25,2010,0,14634,2010-01-25,1,4,25,0,0
26,2010,0,14635,2010-01-26,1,4,26,0,0
27,2010,0,14636,2010-01-27,1,4,27,0,0
28,2010,0,14637,2010-01-28,1,4,28,0,0
29,2010,0,14638,2010-01-29,1,5,29,0,0
30,2010,0,14639,2010-01-30,1,5,30,0,0
31,2010,0,14640,2010-01-31,1,5,31,0,0
32,2010,0,14641,2010-02-01,2,5,32,0,0
33,2010,0,14642,2010-02-02,2,5,33,0,0
34,2010,0,14643,2010-02-03,2,5,34,0,0
35,2010,0,14644,2010-02-04,2,5,35,0,0
36,2010,0,14645,2010-02-05,2,6,36,0,0
37,2010,0,14646,2010-02-06,2,6,37,0,0
38,2010,0,14647,2010-02-07,2,6,38,0,0
39,2010,0,14648,2010-02-08,2,6,39,0,0
40,2010,0,14649,2010-02-09,2,6,40,0,0
41,2010,0,14650,2010-02-10,2,6,41,0,0
42,2010,0,14651,2010-02-11,2,6,42,0,0
43,2010,0,14652,2010-02-12,2,7,43,0,0
44,2010,0,14653,2010-02-13,2,7,44,0,0
45,2010,0,14654,2010-02-14,2,7,45,0,0
46,2010,0,14655,2010-02-15,2,7,46,0,0
47,2010,0,14656,2010-02-16,2,7,47,0,0
48,2010,0,14657,2010-02-17,2,7,48,0,0
49,2010,0,14658,2010-02-18,2,7,49,0,0
50,2010,0,14659,2010-02-19,2,8,50,0,0
51,2010,0,14660,2010-02-20,2,8,51,0,0
52,2010,0,14661,2010-02-21,2,8,52,0,0
53,2010,0,14662,2010-02-22,2,8,53,0,0
54,2010,0,14663,2010-02-23,2,8,54,0,0
55,2010,0,14664,2010-02-24,2,8,55,0,0
56,2010,0,14665,2010-02-25,2,8,56,0,0
57,2010,0,14666,2010-02-26,2,9,57,0,0
58,2010,0,14667,2010-02-27,2,9,58,0,0
59,2010,0,14668,2010-02-28,2,9,59,0,0
60,2010,0,14669,2010-03-01,3,9,60,0,0
61,2010,0,14670,2010-03-02,3,9,61,0,0
62,2010,0,14671,2010-03-03,3,9,62,0,0
63,2010,0,14672,2010-03-04,3,9,63,0,0
64,2010,0,14673,2010-03-05,3,10,64,0,0
65,2010,0,14674,2010-03-06,3,10,65,0,0
66,2010,0,14675,2010-03-07,3,10,66,0,0
67,2010,0,14676,2010-03-08,3,10,67,0,0
68,2010,0,14677,2010-03-09,3,10,68,0,0
69,2010,0,14678,2010-03-10,3,10,69,0,0
70,2010,0,14679,2010-03-11,3,10,70,0,0
71,2010,0,14680,2010-03-12,3,11,71,0,0
72,2010,0,14681,2010-03-13,3,11,72,0,0
73,2010,0,14682,2010-03-14,3,11,73,0,0
74,2010,0,14683,2010-03-15,3,11,74,0,0
75,2010,0,14684,2010-03-16,3,11,75,0,0
76,2010,0,14685,2010-03-17,3,11,76,0,0
77,2010,0,14686,2010-03-18,3,11,77,0,0
78,2010,0,14687,2010-03-19,3,12,78,0,0
79,2010,0,14688,2010-03-20,3,12,79,0,0
80,2010,0,14689,2010-03-21,3,12,80,0,0
81,2010,0,14690,2010-03-22,3,12,81,0,0
82,2010,0,14691,2010-03-23,3,12,82,0,0
83,2010,1,14692,2010-03-24,3,12,83,1,0.029859659599880562
84,2010,1,14693,2010-03-25,3,12,84,2,0.059719319199761124
85,2010,0,14694,2010-03-26,3,13,85,2,0.059719319199761124
86,2010,0,14695,2010-03-27,3,13,86,2,0.059719319199761124
87,2010,9,14696,2010-03-28,3,13,87,11,0.32845625559868613
88,2010,1,14697,2010-03-29,3,13,88,12,0.35831591519856676
89,2010,0,14698,2010-03-30,3,13,89,12,0.35831591519856676
90,2010,2,14699,2010-03-31,3,13,90,14,0.41803523439832785
91,2010,0,14700,2010-04-01,4,13,91,14,0.41803523439832785
92,2010,18,14701,2010-04-02,4,14,92,32,0.955509107196178
93,2010,0,14702,2010-04-03,4,14,93,32,0.955509107196178
94,2010,8,14703,2010-04-04,4,14,94,40,1.1943863839952225
95,2010,4,14704,2010-04-05,4,14,95,44,1.3138250223947445
96,2010,4,14705,2010-04-06,4,14,96,48,1.433263660794267
97,2010,4,14706,2010-04-07,4,14,97,52,1.5527022991937893
98,2010,11,14707,2010-04-08,4,14,98,63,1.8811585547924752
99,2010,7,14708,2010-04-09,4,15,99,70,2.090176171991639
100,2010,24,14709,2010-04-10,4,15,100,94,2.806808002388773
101,2010,19,14710,2010-04-11,4,15,101,113,3.3741415347865034
102,2010,40,14711,2010-04-12,4,15,102,153,4.568527918781726
103,2010,34,14712,2010-04-13,4,15,103,187,5.583756345177665
104,2010,44,14713,2010-04-14,4,15,104,231,6.89758136757241
105,2010,95,14714,2010-04-15,4,15,105,326,9.734249029561063
106,2010,136,14715,2010-04-16,4,16,106,462,13.79516273514482
107,2010,88,14716,2010-04-17,4,16,107,550,16.422812779934308
108,2010,200,14717,2010-04-18,4,16,108,750,22.394744699910422
109,2010,217,14718,2010-04-19,4,16,109,967,28.874290833084505
110,2010,139,14719,2010-04-20,4,16,110,1106,33.024783517467895
111,2010,93,14720,2010-04-21,4,16,111,1199,35.801731860256794
112,2010,46,14721,2010-04-22,4,16,112,1245,37.1752762018513
113,2010,86,14722,2010-04-23,4,17,113,1331,39.74320692744103
114,2010,145,14723,2010-04-24,4,17,114,1476,44.072857569423704
115,2010,202,14724,2010-04-25,4,17,115,1678,50.104508808599576
116,2010,0,14725,2010-04-26,4,17,116,1678,50.104508808599576
117,2010,257,14726,2010-04-27,4,17,117,1935,57.77844132576888
118,2010,206,14727,2010-04-28,4,17,118,2141,63.92953120334428
119,2010,258,14728,2010-04-29,4,17,119,2399,71.63332338011347
120,2010,66,14729,2010-04-30,4,18,120,2465,73.60406091370558
121,2010,163,14730,2010-05-01,5,18,121,2628,78.47118542848611
122,2010,79,14731,2010-05-02,5,18,122,2707,80.83009853687668
123,2010,86,14732,2010-05-03,5,18,123,2793,83.39802926246641
124,2010,33,14733,2010-05-04,5,18,124,2826,84.38339802926247
125,2010,21,14734,2010-05-05,5,18,125,2847,85.01045088085995
126,2010,60,14735,2010-05-06,5,18,126,2907,86.80203045685279
127,2010,33,14736,2010-05-07,5,19,127,2940,87.78739922364885
128,2010,36,14737,2010-05-08,5,19,128,2976,88.86234696924456
129,2010,36,14738,2010-05-09,5,19,129,3012,89.93729471484025
130,2010,56,14739,2010-05-10,5,19,130,3068,91.60943565243356
131,2010,94,14740,2010-05-11,5,19,131,3162,94.41624365482234
132,2010,38,14741,2010-05-12,5,19,132,3200,95.5509107196178
133,2010,32,14742,2010-05-13,5,19,133,3232,96.50641982681397
134,2010,13,14743,2010-05-14,5,20,134,3245,96.89459540161242
135,2010,9,14744,2010-05-15,5,20,135,3254,97.16333233801134
136,2010,13,14745,2010-05-16,5,20,136,3267,97.5515079128098
137,2010,0,14746,2010-05-17,5,20,137,3267,97.5515079128098
138,2010,19,14747,2010-05-18,5,20,138,3286,98.11884144520752
139,2010,18,14748,2010-05-19,5,20,139,3304,98.65631531800537
140,2010,6,14749,2010-05-20,5,20,140,3310,98.83547327560466
141,2010,35,14750,2010-05-21,5,21,141,3345,99.88056136160047
142,2010,1,14751,2010-05-22,5,21,142,3346,99.91042102120036
143,2010,3,14752,2010-05-23,5,21,143,3349,100
144,2010,0,14753,2010-05-24,5,21,144,3349,100
145,2010,0,14754,2010-05-25,5,21,145,3349,100
146,2010,0,14755,2010-05-26,5,21,146,3349,100
147,2010,0,14756,2010-05-27,5,21,147,3349,100
148,2010,0,14757,2010-05-28,5,22,148,3349,100
149,2010,0,14758,2010-05-29,5,22,149,3349,100
150,2010,0,14759,2010-05-30,5,22,150,3349,100
151,2010,0,14760,2010-05-31,5,22,151,3349,100
152,2010,0,14761,2010-06-01,6,22,152,3349,100
153,2010,0,14762,2010-06-02,6,22,153,3349,100
154,2010,0,14763,2010-06-03,6,22,154,3349,100
155,2010,0,14764,2010-06-04,6,23,155,3349,100
156,2010,0,14765,2010-06-05,6,23,156,3349,100
157,2010,0,14766,2010-06-06,6,23,157,3349,100
158,2010,0,14767,2010-06-07,6,23,158,3349,100
159,2010,0,14768,2010-06-08,6,23,159,3349,100
160,2010,0,14769,2010-06-09,6,23,160,3349,100
161,2010,0,14770,2010-06-10,6,23,161,3349,100
162,2010,0,14771,2010-06-11,6,24,162,3349,100
163,2010,0,14772,2010-06-12,6,24,163,3349,100
164,2010,0,14773,2010-06-13,6,24,164,3349,100
165,2010,0,14774,2010-06-14,6,24,165,3349,100
166,2010,0,14775,2010-06-15,6,24,166,3349,100
167,2010,0,14776,2010-06-16,6,24,167,3349,100
168,2010,0,14777,2010-06-17,6,24,168,3349,100
169,2010,0,14778,2010-06-18,6,25,169,3349,100
170,2010,0,14779,2010-06-19,6,25,170,3349,100
171,2010,0,14780,2010-06-20,6,25,171,3349,100
172,2010,0,14781,2010-06-21,6,25,172,3349,100
173,2010,0,14782,2010-06-22,6,25,173,3349,100
174,2010,0,14783,2010-06-23,6,25,174,3349,100
175,2010,0,14784,2010-06-24,6,25,175,3349,100
176,2010,0,14785,2010-06-25,6,26,176,3349,100
177,2010,0,14786,2010-06-26,6,26,177,3349,100
178,2010,0,14787,2010-06-27,6,26,178,3349,100
179,2010,0,14788,2010-06-28,6,26,179,3349,100
180,2010,0,14789,2010-06-29,6,26,180,3349,100
1,2011,0,14975,2011-01-01,1,1,1,0,0
2,2011,0,14976,2011-01-02,1,1,2,0,0
3,2011,0,14977,2011-01-03,1,1,3,0,0
4,2011,0,14978,2011-01-04,1,1,4,0,0
5,2011,0,14979,2011-01-05,1,1,5,0,0
6,2011,0,14980,2011-01-06,1,1,6,0,0
7,2011,0,14981,2011-01-07,1,1,7,0,0
8,2011,0,14982,2011-01-08,1,2,8,0,0
9,2011,0,14983,2011-01-09,1,2,9,0,0
10,2011,0,14984,2011-01-10,1,2,10,0,0
11,2011,0,14985,2011-01-11,1,2,11,0,0
12,2011,0,14986,2011-01-12,1,2,12,0,0
13,2011,0,14987,2011-01-13,1,2,13,0,0
14,2011,0,14988,2011-01-14,1,2,14,0,0
15,2011,0,14989,2011-01-15,1,3,15,0,0
16,2011,0,14990,2011-01-16,1,3,16,0,0
17,2011,0,14991,2011-01-17,1,3,17,0,0
18,2011,0,14992,2011-01-18,1,3,18,0,0
19,2011,0,14993,2011-01-19,1,3,19,0,0
20,2011,0,14994,2011-01-20,1,3,20,0,0
21,2011,0,14995,2011-01-21,1,3,21,0,0
22,2011,0,14996,2011-01-22,1,4,22,0,0
23,2011,0,14997,2011-01-23,1,4,23,0,0
24,2011,0,14998,2011-01-24,1,4,24,0,0
25,2011,0,14999,2011-01-25,1,4,25,0,0
26,2011,0,15000,2011-01-26,1,4,26,0,0
27,2011,0,15001,2011-01-27,1,4,27,0,0
28,2011,0,15002,2011-01-28,1,4,28,0,0
29,2011,0,15003,2011-01-29,1,5,29,0,0
30,2011,0,15004,2011-01-30,1,5,30,0,0
31,2011,0,15005,2011-01-31,1,5,31,0,0
32,2011,0,15006,2011-02-01,2,5,32,0,0
33,2011,0,15007,2011-02-02,2,5,33,0,0
34,2011,0,15008,2011-02-03,2,5,34,0,0
35,2011,0,15009,2011-02-04,2,5,35,0,0
36,2011,0,15010,2011-02-05,2,6,36,0,0
37,2011,0,15011,2011-02-06,2,6,37,0,0
38,2011,0,15012,2011-02-07,2,6,38,0,0
39,2011,0,15013,2011-02-08,2,6,39,0,0
40,2011,0,15014,2011-02-09,2,6,40,0,0
41,2011,0,15015,2011-02-10,2,6,41,0,0
42,2011,0,15016,2011-02-11,2,6,42,0,0
43,2011,0,15017,2011-02-12,2,7,43,0,0
44,2011,0,15018,2011-02-13,2,7,44,0,0
45,2011,0,15019,2011-02-14,2,7,45,0,0
46,2011,0,15020,2011-02-15,2,7,46,0,0
47,2011,0,15021,2011-02-16,2,7,47,0,0
48,2011,0,15022,2011-02-17,2,7,48,0,0
49,2011,0,15023,2011-02-18,2,7,49,0,0
50,2011,0,15024,2011-02-19,2,8,50,0,0
51,2011,0,15025,2011-02-20,2,8,51,0,0
52,2011,0,15026,2011-02-21,2,8,52,0,0
53,2011,0,15027,2011-02-22,2,8,53,0,0
54,2011,0,15028,2011-02-23,2,8,54,0,0
55,2011,0,15029,2011-02-24,2,8,55,0,0
56,2011,0,15030,2011-02-25,2,8,56,0,0
57,2011,0,15031,2011-02-26,2,9,57,0,0
58,2011,0,15032,2011-02-27,2,9,58,0,0
59,2011,0,15033,2011-02-28,2,9,59,0,0
60,2011,0,15034,2011-03-01,3,9,60,0,0
61,2011,0,15035,2011-03-02,3,9,61,0,0
62,2011,0,15036,2011-03-03,3,9,62,0,0
63,2011,0,15037,2011-03-04,3,9,63,0,0
64,2011,0,15038,2011-03-05,3,10,64,0,0
65,2011,0,15039,2011-03-06,3,10,65,0,0
66,2011,0,15040,2011-03-07,3,10,66,0,0
67,2011,0,15041,2011-03-08,3,10,67,0,0
68,2011,0,15042,2011-03-09,3,10,68,0,0
69,2011,0,15043,2011-03-10,3,10,69,0,0
70,2011,0,15044,2011-03-11,3,10,70,0,0
71,2011,0,15045,2011-03-12,3,11,71,0,0
72,2011,0,15046,2011-03-13,3,11,72,0,0
73,2011,0,15047,2011-03-14,3,11,73,0,0
74,2011,0,15048,2011-03-15,3,11,74,0,0
75,2011,0,15049,2011-03-16,3,11,75,0,0
76,2011,0,15050,2011-03-17,3,11,76,0,0
77,2011,0,15051,2011-03-18,3,11,77,0,0
78,2011,0,15052,2011-03-19,3,12,78,0,0
79,2011,0,15053,2011-03-20,3,12,79,0,0
80,2011,0,15054,2011-03-21,3,12,80,0,0
81,2011,1,15055,2011-03-22,3,12,81,1,0.05605381165919283
82,2011,0,15056,2011-03-23,3,12,82,1,0.05605381165919283
83,2011,2,15057,2011-03-24,3,12,83,3,0.1681614349775785
84,2011,2,15058,2011-03-25,3,12,84,5,0.2802690582959641
85,2011,5,15059,2011-03-26,3,13,85,10,0.5605381165919282
86,2011,18,15060,2011-03-27,3,13,86,28,1.5695067264573992
87,2011,9,15061,2011-03-28,3,13,87,37,2.0739910313901344
88,2011,14,15062,2011-03-29,3,13,88,51,2.8587443946188342
89,2011,21,15063,2011-03-30,3,13,89,72,4.0358744394618835
90,2011,45,15064,2011-03-31,3,13,90,117,6.55829596412556
91,2011,76,15065,2011-04-01,4,13,91,193,10.818385650224215
92,2011,27,15066,2011-04-02,4,14,92,220,12.331838565022421
93,2011,43,15067,2011-04-03,4,14,93,263,14.742152466367713
94,2011,55,15068,2011-04-04,4,14,94,318,17.825112107623315
95,2011,62,15069,2011-04-05,4,14,95,380,21.300448430493272
96,2011,73,15070,2011-04-06,4,14,96,453,25.392376681614348
97,2011,80,15071,2011-04-07,4,14,97,533,29.876681614349778
98,2011,95,15072,2011-04-08,4,14,98,628,35.2017937219731
99,2011,144,15073,2011-04-09,4,15,99,772,43.27354260089686
100,2011,120,15074,2011-04-10,4,15,100,892,50
101,2011,57,15075,2011-04-11,4,15,101,949,53.19506726457399
102,2011,79,15076,2011-04-12,4,15,102,1028,57.62331838565022
103,2011,30,15077,2011-04-13,4,15,103,1058,59.30493273542601
104,2011,27,15078,2011-04-14,4,15,104,1085,60.818385650224215
105,2011,29,15079,2011-04-15,4,15,105,1114,62.4439461883408
106,2011,13,15080,2011-04-16,4,16,106,1127,63.172645739910315
107,2011,26,15081,2011-04-17,4,16,107,1153,64.63004484304933
108,2011,23,15082,2011-04-18,4,16,108,1176,65.91928251121077
109,2011,89,15083,2011-04-19,4,16,109,1265,70.90807174887892
110,2011,125,15084,2011-04-20,4,16,110,1390,77.91479820627802
111,2011,31,15085,2011-04-21,4,16,111,1421,79.652466367713
112,2011,92,15086,2011-04-22,4,16,112,1513,84.80941704035875
113,2011,26,15087,2011-04-23,4,17,113,1539,86.26681614349776
114,2011,30,15088,2011-04-24,4,17,114,1569,87.94843049327355
115,2011,17,15089,2011-04-25,4,17,115,1586,88.90134529147981
116,2011,20,15090,2011-04-26,4,17,116,1606,90.02242152466367
117,2011,8,15091,2011-04-27,4,17,117,1614,90.47085201793722
118,2011,10,15092,2011-04-28,4,17,118,1624,91.03139013452915
119,2011,11,15093,2011-04-29,4,17,119,1635,91.64798206278026
120,2011,8,15094,2011-04-30,4,18,120,1643,92.0964125560538
121,2011,115,15095,2011-05-01,5,18,121,1758,98.54260089686099
122,2011,22,15096,2011-05-02,5,18,122,1780,99.77578475336323
123,2011,4,15097,2011-05-03,5,18,123,1784,100
124,2011,0,15098,2011-05-04,5,18,124,1784,100
125,2011,0,15099,2011-05-05,5,18,125,1784,100
126,2011,0,15100,2011-05-06,5,18,126,1784,100
127,2011,0,15101,2011-05-07,5,19,127,1784,100
128,2011,0,15102,2011-05-08,5,19,128,1784,100
129,2011,0,15103,2011-05-09,5,19,129,1784,100
130,2011,0,15104,2011-05-10,5,19,130,1784,100
131,2011,0,15105,2011-05-11,5,19,131,1784,100
132,2011,0,15106,2011-05-12,5,19,132,1784,100
133,2011,0,15107,2011-05-13,5,19,133,1784,100
134,2011,0,15108,2011-05-14,5,20,134,1784,100
135,2011,0,15109,2011-05-15,5,20,135,1784,100
136,2011,0,15110,2011-05-16,5,20,136,1784,100
137,2011,0,15111,2011-05-17,5,20,137,1784,100
138,2011,0,15112,2011-05-18,5,20,138,1784,100
139,2011,0,15113,2011-05-19,5,20,139,1784,100
140,2011,0,15114,2011-05-20,5,20,140,1784,100
141,2011,0,15115,2011-05-21,5,21,141,1784,100
142,2011,0,15116,2011-05-22,5,21,142,1784,100
143,2011,0,15117,2011-05-23,5,21,143,1784,100
144,2011,0,15118,2011-05-24,5,21,144,1784,100
145,2011,0,15119,2011-05-25,5,21,145,1784,100
146,2011,0,15120,2011-05-26,5,21,146,1784,100
147,2011,0,15121,2011-05-27,5,21,147,1784,100
148,2011,0,15122,2011-05-28,5,22,148,1784,100
149,2011,0,15123,2011-05-29,5,22,149,1784,100
150,2011,0,15124,2011-05-30,5,22,150,1784,100
151,2011,0,15125,2011-05-31,5,22,151,1784,100
152,2011,0,15126,2011-06-01,6,22,152,1784,100
153,2011,0,15127,2011-06-02,6,22,153,1784,100
154,2011,0,15128,2011-06-03,6,22,154,1784,100
155,2011,0,15129,2011-06-04,6,23,155,1784,100
156,2011,0,15130,2011-06-05,6,23,156,1784,100
157,2011,0,15131,2011-06-06,6,23,157,1784,100
158,2011,0,15132,2011-06-07,6,23,158,1784,100
159,2011,0,15133,2011-06-08,6,23,159,1784,100
160,2011,0,15134,2011-06-09,6,23,160,1784,100
161,2011,0,15135,2011-06-10,6,23,161,1784,100
162,2011,0,15136,2011-06-11,6,24,162,1784,100
163,2011,0,15137,2011-06-12,6,24,163,1784,100
164,2011,0,15138,2011-06-13,6,24,164,1784,100
165,2011,0,15139,2011-06-14,6,24,165,1784,100
166,2011,0,15140,2011-06-15,6,24,166,1784,100
167,2011,0,15141,2011-06-16,6,24,167,1784,100
168,2011,0,15142,2011-06-17,6,24,168,1784,100
169,2011,0,15143,2011-06-18,6,25,169,1784,100
170,2011,0,15144,2011-06-19,6,25,170,1784,100
171,2011,0,15145,2011-06-20,6,25,171,1784,100
172,2011,0,15146,2011-06-21,6,25,172,1784,100
173,2011,0,15147,2011-06-22,6,25,173,1784,100
174,2011,0,15148,2011-06-23,6,25,174,1784,100
175,2011,0,15149,2011-06-24,6,25,175,1784,100
176,2011,0,15150,2011-06-25,6,26,176,1784,100
177,2011,0,15151,2011-06-26,6,26,177,1784,100
178,2011,0,15152,2011-06-27,6,26,178,1784,100
179,2011,0,15153,2011-06-28,6,26,179,1784,100
180,2011,0,15154,2011-06-29,6,26,180,1784,100
1,2012,0,15340,2012-01-01,1,1,1,0,0
2,2012,0,15341,2012-01-02,1,1,2,0,0
3,2012,0,15342,2012-01-03,1,1,3,0,0
4,2012,0,15343,2012-01-04,1,1,4,0,0
5,2012,0,15344,2012-01-05,1,1,5,0,0
6,2012,0,15345,2012-01-06,1,1,6,0,0
7,2012,0,15346,2012-01-07,1,1,7,0,0
8,2012,0,15347,2012-01-08,1,2,8,0,0
9,2012,0,15348,2012-01-09,1,2,9,0,0
10,2012,0,15349,2012-01-10,1,2,10,0,0
11,2012,0,15350,2012-01-11,1,2,11,0,0
12,2012,0,15351,2012-01-12,1,2,12,0,0
13,2012,0,15352,2012-01-13,1,2,13,0,0
14,2012,0,15353,2012-01-14,1,2,14,0,0
15,2012,0,15354,2012-01-15,1,3,15,0,0
16,2012,0,15355,2012-01-16,1,3,16,0,0
17,2012,0,15356,2012-01-17,1,3,17,0,0
18,2012,0,15357,2012-01-18,1,3,18,0,0
19,2012,0,15358,2012-01-19,1,3,19,0,0
20,2012,0,15359,2012-01-20,1,3,20,0,0
21,2012,0,15360,2012-01-21,1,3,21,0,0
22,2012,0,15361,2012-01-22,1,4,22,0,0
23,2012,0,15362,2012-01-23,1,4,23,0,0
24,2012,0,15363,2012-01-24,1,4,24,0,0
25,2012,0,15364,2012-01-25,1,4,25,0,0
26,2012,0,15365,2012-01-26,1,4,26,0,0
27,2012,0,15366,2012-01-27,1,4,27,0,0
28,2012,0,15367,2012-01-28,1,4,28,0,0
29,2012,0,15368,2012-01-29,1,5,29,0,0
30,2012,0,15369,2012-01-30,1,5,30,0,0
31,2012,0,15370,2012-01-31,1,5,31,0,0
32,2012,0,15371,2012-02-01,2,5,32,0,0
33,2012,0,15372,2012-02-02,2,5,33,0,0
34,2012,0,15373,2012-02-03,2,5,34,0,0
35,2012,0,15374,2012-02-04,2,5,35,0,0
36,2012,0,15375,2012-02-05,2,6,36,0,0
37,2012,0,15376,2012-02-06,2,6,37,0,0
38,2012,0,15377,2012-02-07,2,6,38,0,0
39,2012,0,15378,2012-02-08,2,6,39,0,0
40,2012,0,15379,2012-02-09,2,6,40,0,0
41,2012,0,15380,2012-02-10,2,6,41,0,0
42,2012,0,15381,2012-02-11,2,6,42,0,0
43,2012,0,15382,2012-02-12,2,7,43,0,0
44,2012,0,15383,2012-02-13,2,7,44,0,0
45,2012,0,15384,2012-02-14,2,7,45,0,0
46,2012,0,15385,2012-02-15,2,7,46,0,0
47,2012,0,15386,2012-02-16,2,7,47,0,0
48,2012,0,15387,2012-02-17,2,7,48,0,0
49,2012,0,15388,2012-02-18,2,7,49,0,0
50,2012,0,15389,2012-02-19,2,8,50,0,0
51,2012,0,15390,2012-02-20,2,8,51,0,0
52,2012,0,15391,2012-02-21,2,8,52,0,0
53,2012,0,15392,2012-02-22,2,8,53,0,0
54,2012,0,15393,2012-02-23,2,8,54,0,0
55,2012,0,15394,2012-02-24,2,8,55,0,0
56,2012,0,15395,2012-02-25,2,8,56,0,0
57,2012,0,15396,2012-02-26,2,9,57,0,0
58,2012,0,15397,2012-02-27,2,9,58,0,0
59,2012,0,15398,2012-02-28,2,9,59,0,0
60,2012,0,15399,2012-02-29,2,9,60,0,0
61,2012,0,15400,2012-03-01,3,9,61,0,0
62,2012,0,15401,2012-03-02,3,9,62,0,0
63,2012,0,15402,2012-03-03,3,9,63,0,0
64,2012,0,15403,2012-03-04,3,10,64,0,0
65,2012,0,15404,2012-03-05,3,10,65,0,0
66,2012,0,15405,2012-03-06,3,10,66,0,0
67,2012,0,15406,2012-03-07,3,10,67,0,0
68,2012,0,15407,2012-03-08,3,10,68,0,0
69,2012,0,15408,2012-03-09,3,10,69,0,0
70,2012,0,15409,2012-03-10,3,10,70,0,0
71,2012,0,15410,2012-03-11,3,11,71,0,0
72,2012,0,15411,2012-03-12,3,11,72,0,0
73,2012,0,15412,2012-03-13,3,11,73,0,0
74,2012,0,15413,2012-03-14,3,11,74,0,0
75,2012,0,15414,2012-03-15,3,11,75,0,0
76,2012,0,15415,2012-03-16,3,11,76,0,0
77,2012,0,15416,2012-03-17,3,11,77,0,0
78,2012,0,15417,2012-03-18,3,12,78,0,0
79,2012,2,15418,2012-03-19,3,12,79,2,0.21321961620469082
80,2012,1,15419,2012-03-20,3,12,80,3,0.31982942430703626
81,2012,0,15420,2012-03-21,3,12,81,3,0.31982942430703626
82,2012,0,15421,2012-03-22,3,12,82,3,0.31982942430703626
83,2012,1,15422,2012-03-23,3,12,83,4,0.42643923240938164
84,2012,1,15423,2012-03-24,3,12,84,5,0.5330490405117271
85,2012,2,15424,2012-03-25,3,13,85,7,0.7462686567164178
86,2012,4,15425,2012-03-26,3,13,86,11,1.1727078891257996
87,2012,9,15426,2012-03-27,3,13,87,20,2.1321961620469083
88,2012,16,15427,2012-03-28,3,13,88,36,3.8379530916844353
89,2012,20,15428,2012-03-29,3,13,89,56,5.970149253731343
90,2012,14,15429,2012-03-30,3,13,90,70,7.462686567164178
91,2012,17,15430,2012-03-31,3,13,91,87,9.275053304904052
92,2012,16,15431,2012-04-01,4,14,92,103,10.980810234541579
93,2012,9,15432,2012-04-02,4,14,93,112,11.940298507462686
94,2012,0,15433,2012-04-03,4,14,94,112,11.940298507462686
95,2012,6,15434,2012-04-04,4,14,95,118,12.57995735607676
96,2012,1,15435,2012-04-05,4,14,96,119,12.686567164179104
97,2012,12,15436,2012-04-06,4,14,97,131,13.965884861407249
98,2012,4,15437,2012-04-07,4,14,98,135,14.39232409381663
99,2012,9,15438,2012-04-08,4,15,99,144,15.351812366737741
100,2012,55,15439,2012-04-09,4,15,100,199,21.215351812366738
101,2012,220,15440,2012-04-10,4,15,101,419,44.669509594882726
102,2012,94,15441,2012-04-11,4,15,102,513,54.69083155650319
103,2012,53,15442,2012-04-12,4,15,103,566,60.3411513859275
104,2012,27,15443,2012-04-13,4,15,104,593,63.21961620469083
105,2012,38,15444,2012-04-14,4,15,105,631,67.27078891257996
106,2012,11,15445,2012-04-15,4,16,106,642,68.44349680170576
107,2012,20,15446,2012-04-16,4,16,107,662,70.57569296375267
108,2012,26,15447,2012-04-17,4,16,108,688,73.34754797441366
109,2012,40,15448,2012-04-18,4,16,109,728,77.61194029850746
110,2012,72,15449,2012-04-19,4,16,110,800,85.28784648187633
111,2012,28,15450,2012-04-20,4,16,111,828,88.27292110874201
112,2012,41,15451,2012-04-21,4,16,112,869,92.64392324093816
113,2012,14,15452,2012-04-22,4,17,113,883,94.136460554371
114,2012,22,15453,2012-04-23,4,17,114,905,96.48187633262259
115,2012,20,15454,2012-04-24,4,17,115,925,98.61407249466951
116,2012,0,15455,2012-04-25,4,17,116,925,98.61407249466951
117,2012,0,15456,2012-04-26,4,17,117,925,98.61407249466951
118,2012,1,15457,2012-04-27,4,17,118,926,98.72068230277186
119,2012,1,15458,2012-04-28,4,17,119,927,98.8272921108742
120,2012,0,15459,2012-04-29,4,18,120,927,98.8272921108742
121,2012,0,15460,2012-04-30,4,18,121,927,98.8272921108742
122,2012,0,15461,2012-05-01,5,18,122,927,98.8272921108742
123,2012,0,15462,2012-05-02,5,18,123,927,98.8272921108742
124,2012,2,15463,2012-05-03,5,18,124,929,99.0405117270789
125,2012,1,15464,2012-05-04,5,18,125,930,99.14712153518124
126,2012,0,15465,2012-05-05,5,18,126,930,99.14712153518124
127,2012,2,15466,2012-05-06,5,19,127,932,99.36034115138592
128,2012,2,15467,2012-05-07,5,19,128,934,99.57356076759062
129,2012,4,15468,2012-05-08,5,19,129,938,100
130,2012,0,15469,2012-05-09,5,19,130,938,100
131,2012,0,15470,2012-05-10,5,19,131,938,100
132,2012,0,15471,2012-05-11,5,19,132,938,100
133,2012,0,15472,2012-05-12,5,19,133,938,100
134,2012,0,15473,2012-05-13,5,20,134,938,100
135,2012,0,15474,2012-05-14,5,20,135,938,100
136,2012,0,15475,2012-05-15,5,20,136,938,100
137,2012,0,15476,2012-05-16,5,20,137,938,100
138,2012,0,15477,2012-05-17,5,20,138,938,100
139,2012,0,15478,2012-05-18,5,20,139,938,100
140,2012,0,15479,2012-05-19,5,20,140,938,100
141,2012,0,15480,2012-05-20,5,21,141,938,100
142,2012,0,15481,2012-05-21,5,21,142,938,100
143,2012,0,15482,2012-05-22,5,21,143,938,100
144,2012,0,15483,2012-05-23,5,21,144,938,100
145,2012,0,15484,2012-05-24,5,21,145,938,100
146,2012,0,15485,2012-05-25,5,21,146,938,100
147,2012,0,15486,2012-05-26,5,21,147,938,100
148,2012,0,15487,2012-05-27,5,22,148,938,100
149,2012,0,15488,2012-05-28,5,22,149,938,100
150,2012,0,15489,2012-05-29,5,22,150,938,100
151,2012,0,15490,2012-05-30,5,22,151,938,100
152,2012,0,15491,2012-05-31,5,22,152,938,100
153,2012,0,15492,2012-06-01,6,22,153,938,100
154,2012,0,15493,2012-06-02,6,22,154,938,100
155,2012,0,15494,2012-06-03,6,23,155,938,100
156,2012,0,15495,2012-06-04,6,23,156,938,100
157,2012,0,15496,2012-06-05,6,23,157,938,100
158,2012,0,15497,2012-06-06,6,23,158,938,100
159,2012,0,15498,2012-06-07,6,23,159,938,100
160,2012,0,15499,2012-06-08,6,23,160,938,100
161,2012,0,15500,2012-06-09,6,23,161,938,100
162,2012,0,15501,2012-06-10,6,24,162,938,100
163,2012,0,15502,2012-06-11,6,24,163,938,100
164,2012,0,15503,2012-06-12,6,24,164,938,100
165,2012,0,15504,2012-06-13,6,24,165,938,100
166,2012,0,15505,2012-06-14,6,24,166,938,100
167,2012,0,15506,2012-06-15,6,24,167,938,100
168,2012,0,15507,2012-06-16,6,24,168,938,100
169,2012,0,15508,2012-06-17,6,25,169,938,100
170,2012,0,15509,2012-06-18,6,25,170,938,100
171,2012,0,15510,2012-06-19,6,25,171,938,100
172,2012,0,15511,2012-06-20,6,25,172,938,100
173,2012,0,15512,2012-06-21,6,25,173,938,100
174,2012,0,15513,2012-06-22,6,25,174,938,100
175,2012,0,15514,2012-06-23,6,25,175,938,100
176,2012,0,15515,2012-06-24,6,26,176,938,100
177,2012,0,15516,2012-06-25,6,26,177,938,100
178,2012,0,15517,2012-06-26,6,26,178,938,100
179,2012,0,15518,2012-06-27,6,26,179,938,100
180,2012,0,15519,2012-06-28,6,26,180,938,100
1,2013,0,15706,2013-01-01,1,1,1,0,0
2,2013,0,15707,2013-01-02,1,1,2,0,0
3,2013,0,15708,2013-01-03,1,1,3,0,0
4,2013,0,15709,2013-01-04,1,1,4,0,0
5,2013,0,15710,2013-01-05,1,1,5,0,0
6,2013,0,15711,2013-01-06,1,1,6,0,0
7,2013,0,15712,2013-01-07,1,1,7,0,0
8,2013,0,15713,2013-01-08,1,2,8,0,0
9,2013,0,15714,2013-01-09,1,2,9,0,0
10,2013,0,15715,2013-01-10,1,2,10,0,0
11,2013,0,15716,2013-01-11,1,2,11,0,0
12,2013,0,15717,2013-01-12,1,2,12,0,0
13,2013,0,15718,2013-01-13,1,2,13,0,0
14,2013,0,15719,2013-01-14,1,2,14,0,0
15,2013,0,15720,2013-01-15,1,3,15,0,0
16,2013,0,15721,2013-01-16,1,3,16,0,0
17,2013,0,15722,2013-01-17,1,3,17,0,0
18,2013,0,15723,2013-01-18,1,3,18,0,0
19,2013,0,15724,2013-01-19,1,3,19,0,0
20,2013,0,15725,2013-01-20,1,3,20,0,0
21,2013,0,15726,2013-01-21,1,3,21,0,0
22,2013,0,15727,2013-01-22,1,4,22,0,0
23,2013,0,15728,2013-01-23,1,4,23,0,0
24,2013,0,15729,2013-01-24,1,4,24,0,0
25,2013,0,15730,2013-01-25,1,4,25,0,0
26,2013,0,15731,2013-01-26,1,4,26,0,0
27,2013,0,15732,2013-01-27,1,4,27,0,0
28,2013,0,15733,2013-01-28,1,4,28,0,0
29,2013,0,15734,2013-01-29,1,5,29,0,0
30,2013,0,15735,2013-01-30,1,5,30,0,0
31,2013,0,15736,2013-01-31,1,5,31,0,0
32,2013,0,15737,2013-02-01,2,5,32,0,0
33,2013,0,15738,2013-02-02,2,5,33,0,0
34,2013,0,15739,2013-02-03,2,5,34,0,0
35,2013,0,15740,2013-02-04,2,5,35,0,0
36,2013,0,15741,2013-02-05,2,6,36,0,0
37,2013,0,15742,2013-02-06,2,6,37,0,0
38,2013,0,15743,2013-02-07,2,6,38,0,0
39,2013,0,15744,2013-02-08,2,6,39,0,0
40,2013,0,15745,2013-02-09,2,6,40,0,0
41,2013,0,15746,2013-02-10,2,6,41,0,0
42,2013,0,15747,2013-02-11,2,6,42,0,0
43,2013,0,15748,2013-02-12,2,7,43,0,0
44,2013,0,15749,2013-02-13,2,7,44,0,0
45,2013,0,15750,2013-02-14,2,7,45,0,0
46,2013,0,15751,2013-02-15,2,7,46,0,0
47,2013,0,15752,2013-02-16,2,7,47,0,0
48,2013,0,15753,2013-02-17,2,7,48,0,0
49,2013,0,15754,2013-02-18,2,7,49,0,0
50,2013,0,15755,2013-02-19,2,8,50,0,0
51,2013,0,15756,2013-02-20,2,8,51,0,0
52,2013,0,15757,2013-02-21,2,8,52,0,0
53,2013,0,15758,2013-02-22,2,8,53,0,0
54,2013,0,15759,2013-02-23,2,8,54,0,0
55,2013,0,15760,2013-02-24,2,8,55,0,0
56,2013,0,15761,2013-02-25,2,8,56,0,0
57,2013,0,15762,2013-02-26,2,9,57,0,0
58,2013,0,15763,2013-02-27,2,9,58,0,0
59,2013,0,15764,2013-02-28,2,9,59,0,0
60,2013,0,15765,2013-03-01,3,9,60,0,0
61,2013,0,15766,2013-03-02,3,9,61,0,0
62,2013,0,15767,2013-03-03,3,9,62,0,0
63,2013,0,15768,2013-03-04,3,9,63,0,0
64,2013,0,15769,2013-03-05,3,10,64,0,0
65,2013,0,15770,2013-03-06,3,10,65,0,0
66,2013,0,15771,2013-03-07,3,10,66,0,0
67,2013,0,15772,2013-03-08,3,10,67,0,0
68,2013,0,15773,2013-03-09,3,10,68,0,0
69,2013,0,15774,2013-03-10,3,10,69,0,0
70,2013,0,15775,2013-03-11,3,10,70,0,0
71,2013,0,15776,2013-03-12,3,11,71,0,0
72,2013,0,15777,2013-03-13,3,11,72,0,0
73,2013,0,15778,2013-03-14,3,11,73,0,0
74,2013,0,15779,2013-03-15,3,11,74,0,0
75,2013,0,15780,2013-03-16,3,11,75,0,0
76,2013,0,15781,2013-03-17,3,11,76,0,0
77,2013,0,15782,2013-03-18,3,11,77,0,0
78,2013,0,15783,2013-03-19,3,12,78,0,0
79,2013,0,15784,2013-03-20,3,12,79,0,0
80,2013,0,15785,2013-03-21,3,12,80,0,0
81,2013,0,15786,2013-03-22,3,12,81,0,0
82,2013,0,15787,2013-03-23,3,12,82,0,0
83,2013,0,15788,2013-03-24,3,12,83,0,0
84,2013,0,15789,2013-03-25,3,12,84,0,0
85,2013,0,15790,2013-03-26,3,13,85,0,0
86,2013,0,15791,2013-03-27,3,13,86,0,0
87,2013,0,15792,2013-03-28,3,13,87,0,0
88,2013,0,15793,2013-03-29,3,13,88,0,0
89,2013,2,15794,2013-03-30,3,13,89,2,0.5141388174807198
90,2013,1,15795,2013-03-31,3,13,90,3,0.7712082262210797
91,2013,0,15796,2013-04-01,4,13,91,3,0.7712082262210797
92,2013,0,15797,2013-04-02,4,14,92,3,0.7712082262210797
93,2013,3,15798,2013-04-03,4,14,93,6,1.5424164524421593
94,2013,1,15799,2013-04-04,4,14,94,7,1.7994858611825193
95,2013,0,15800,2013-04-05,4,14,95,7,1.7994858611825193
96,2013,0,15801,2013-04-06,4,14,96,7,1.7994858611825193
97,2013,1,15802,2013-04-07,4,14,97,8,2.056555269922879
98,2013,5,15803,2013-04-08,4,14,98,13,3.3419023136246784
99,2013,23,15804,2013-04-09,4,15,99,36,9.254498714652955
100,2013,0,15805,2013-04-10,4,15,100,36,9.254498714652955
101,2013,7,15806,2013-04-11,4,15,101,43,11.053984575835475
102,2013,6,15807,2013-04-12,4,15,102,49,12.596401028277635
103,2013,0,15808,2013-04-13,4,15,103,49,12.596401028277635
104,2013,4,15809,2013-04-14,4,15,104,53,13.624678663239074
105,2013,13,15810,2013-04-15,4,15,105,66,16.966580976863753
106,2013,19,15811,2013-04-16,4,16,106,85,21.85089974293059
107,2013,16,15812,2013-04-17,4,16,107,101,25.96401028277635
108,2013,6,15813,2013-04-18,4,16,108,107,27.506426735218508
109,2013,5,15814,2013-04-19,4,16,109,112,28.79177377892031
110,2013,3,15815,2013-04-20,4,16,110,115,29.562982005141386
111,2013,3,15816,2013-04-21,4,16,111,118,30.334190231362467
112,2013,5,15817,2013-04-22,4,16,112,123,31.619537275064268
113,2013,7,15818,2013-04-23,4,17,113,130,33.41902313624679
114,2013,34,15819,2013-04-24,4,17,114,164,42.159383033419026
115,2013,43,15820,2013-04-25,4,17,115,207,53.213367609254504
116,2013,35,15821,2013-04-26,4,17,116,242,62.2107969151671
117,2013,15,15822,2013-04-27,4,17,117,257,66.0668380462725
118,2013,15,15823,2013-04-28,4,17,118,272,69.9228791773779
119,2013,14,15824,2013-04-29,4,17,119,286,73.52185089974293
120,2013,8,15825,2013-04-30,4,18,120,294,75.57840616966581
121,2013,22,15826,2013-05-01,5,18,121,316,81.23393316195373
122,2013,6,15827,2013-05-02,5,18,122,322,82.77634961439588
123,2013,6,15828,2013-05-03,5,18,123,328,84.31876606683805
124,2013,3,15829,2013-05-04,5,18,124,331,85.08997429305913
125,2013,9,15830,2013-05-05,5,18,125,340,87.40359897172236
126,2013,9,15831,2013-05-06,5,18,126,349,89.7172236503856
127,2013,21,15832,2013-05-07,5,19,127,370,95.11568123393316
128,2013,3,15833,2013-05-08,5,19,128,373,95.88688946015425
129,2013,9,15834,2013-05-09,5,19,129,382,98.20051413881748
130,2013,2,15835,2013-05-10,5,19,130,384,98.7146529562982
131,2013,0,15836,2013-05-11,5,19,131,384,98.7146529562982
132,2013,2,15837,2013-05-12,5,19,132,386,99.22879177377892
133,2013,1,15838,2013-05-13,5,19,133,387,99.48586118251927
134,2013,0,15839,2013-05-14,5,20,134,387,99.48586118251927
135,2013,0,15840,2013-05-15,5,20,135,387,99.48586118251927
136,2013,0,15841,2013-05-16,5,20,136,387,99.48586118251927
137,2013,2,15842,2013-05-17,5,20,137,389,100
138,2013,0,15843,2013-05-18,5,20,138,389,100
139,2013,0,15844,2013-05-19,5,20,139,389,100
140,2013,0,15845,2013-05-20,5,20,140,389,100
141,2013,0,15846,2013-05-21,5,21,141,389,100
142,2013,0,15847,2013-05-22,5,21,142,389,100
143,2013,0,15848,2013-05-23,5,21,143,389,100
144,2013,0,15849,2013-05-24,5,21,144,389,100
145,2013,0,15850,2013-05-25,5,21,145,389,100
146,2013,0,15851,2013-05-26,5,21,146,389,100
147,2013,0,15852,2013-05-27,5,21,147,389,100
148,2013,0,15853,2013-05-28,5,22,148,389,100
149,2013,0,15854,2013-05-29,5,22,149,389,100
150,2013,0,15855,2013-05-30,5,22,150,389,100
151,2013,0,15856,2013-05-31,5,22,151,389,100
152,2013,0,15857,2013-06-01,6,22,152,389,100
153,2013,0,15858,2013-06-02,6,22,153,389,100
154,2013,0,15859,2013-06-03,6,22,154,389,100
155,2013,0,15860,2013-06-04,6,23,155,389,100
156,2013,0,15861,2013-06-05,6,23,156,389,100
157,2013,0,15862,2013-06-06,6,23,157,389,100
158,2013,0,15863,2013-06-07,6,23,158,389,100
159,2013,0,15864,2013-06-08,6,23,159,389,100
160,2013,0,15865,2013-06-09,6,23,160,389,100
161,2013,0,15866,2013-06-10,6,23,161,389,100
162,2013,0,15867,2013-06-11,6,24,162,389,100
163,2013,0,15868,2013-06-12,6,24,163,389,100
164,2013,0,15869,2013-06-13,6,24,164,389,100
165,2013,0,15870,2013-06-14,6,24,165,389,100
166,2013,0,15871,2013-06-15,6,24,166,389,100
167,2013,0,15872,2013-06-16,6,24,167,389,100
168,2013,0,15873,2013-06-17,6,24,168,389,100
169,2013,0,15874,2013-06-18,6,25,169,389,100
170,2013,0,15875,2013-06-19,6,25,170,389,100
171,2013,0,15876,2013-06-20,6,25,171,389,100
172,2013,0,15877,2013-06-21,6,25,172,389,100
173,2013,0,15878,2013-06-22,6,25,173,389,100
174,2013,0,15879,2013-06-23,6,25,174,389,100
175,2013,0,15880,2013-06-24,6,25,175,389,100
176,2013,0,15881,2013-06-25,6,26,176,389,100
177,2013,0,15882,2013-06-26,6,26,177,389,100
178,2013,0,15883,2013-06-27,6,26,178,389,100
179,2013,0,15884,2013-06-28,6,26,179,389,100
180,2013,0,15885,2013-06-29,6,26,180,389,100
1,2014,0,16071,2014-01-01,1,1,1,0,0
2,2014,0,16072,2014-01-02,1,1,2,0,0
3,2014,0,16073,2014-01-03,1,1,3,0,0
4,2014,0,16074,2014-01-04,1,1,4,0,0
5,2014,0,16075,2014-01-05,1,1,5,0,0
6,2014,0,16076,2014-01-06,1,1,6,0,0
7,2014,0,16077,2014-01-07,1,1,7,0,0
8,2014,0,16078,2014-01-08,1,2,8,0,0
9,2014,0,16079,2014-01-09,1,2,9,0,0
10,2014,0,16080,2014-01-10,1,2,10,0,0
11,2014,0,16081,2014-01-11,1,2,11,0,0
12,2014,0,16082,2014-01-12,1,2,12,0,0
13,2014,0,16083,2014-01-13,1,2,13,0,0
14,2014,0,16084,2014-01-14,1,2,14,0,0
15,2014,0,16085,2014-01-15,1,3,15,0,0
16,2014,0,16086,2014-01-16,1,3,16,0,0
17,2014,0,16087,2014-01-17,1,3,17,0,0
18,2014,0,16088,2014-01-18,1,3,18,0,0
19,2014,0,16089,2014-01-19,1,3,19,0,0
20,2014,0,16090,2014-01-20,1,3,20,0,0
21,2014,0,16091,2014-01-21,1,3,21,0,0
22,2014,0,16092,2014-01-22,1,4,22,0,0
23,2014,0,16093,2014-01-23,1,4,23,0,0
24,2014,0,16094,2014-01-24,1,4,24,0,0
25,2014,0,16095,2014-01-25,1,4,25,0,0
26,2014,0,16096,2014-01-26,1,4,26,0,0
27,2014,0,16097,2014-01-27,1,4,27,0,0
28,2014,0,16098,2014-01-28,1,4,28,0,0
29,2014,0,16099,2014-01-29,1,5,29,0,0
30,2014,0,16100,2014-01-30,1,5,30,0,0
31,2014,0,16101,2014-01-31,1,5,31,0,0
32,2014,0,16102,2014-02-01,2,5,32,0,0
33,2014,0,16103,2014-02-02,2,5,33,0,0
34,2014,0,16104,2014-02-03,2,5,34,0,0
35,2014,0,16105,2014-02-04,2,5,35,0,0
36,2014,0,16106,2014-02-05,2,6,36,0,0
37,2014,0,16107,2014-02-06,2,6,37,0,0
38,2014,0,16108,2014-02-07,2,6,38,0,0
39,2014,0,16109,2014-02-08,2,6,39,0,0
40,2014,0,16110,2014-02-09,2,6,40,0,0
41,2014,0,16111,2014-02-10,2,6,41,0,0
42,2014,0,16112,2014-02-11,2,6,42,0,0
43,2014,0,16113,2014-02-12,2,7,43,0,0
44,2014,0,16114,2014-02-13,2,7,44,0,0
45,2014,0,16115,2014-02-14,2,7,45,0,0
46,2014,0,16116,2014-02-15,2,7,46,0,0
47,2014,0,16117,2014-02-16,2,7,47,0,0
48,2014,0,16118,2014-02-17,2,7,48,0,0
49,2014,0,16119,2014-02-18,2,7,49,0,0
50,2014,0,16120,2014-02-19,2,8,50,0,0
51,2014,0,16121,2014-02-20,2,8,51,0,0
52,2014,0,16122,2014-02-21,2,8,52,0,0
53,2014,0,16123,2014-02-22,2,8,53,0,0
54,2014,0,16124,2014-02-23,2,8,54,0,0
55,2014,0,16125,2014-02-24,2,8,55,0,0
56,2014,0,16126,2014-02-25,2,8,56,0,0
57,2014,0,16127,2014-02-26,2,9,57,0,0
58,2014,0,16128,2014-02-27,2,9,58,0,0
59,2014,0,16129,2014-02-28,2,9,59,0,0
60,2014,0,16130,2014-03-01,3,9,60,0,0
61,2014,0,16131,2014-03-02,3,9,61,0,0
62,2014,0,16132,2014-03-03,3,9,62,0,0
63,2014,0,16133,2014-03-04,3,9,63,0,0
64,2014,0,16134,2014-03-05,3,10,64,0,0
65,2014,0,16135,2014-03-06,3,10,65,0,0
66,2014,0,16136,2014-03-07,3,10,66,0,0
67,2014,0,16137,2014-03-08,3,10,67,0,0
68,2014,0,16138,2014-03-09,3,10,68,0,0
69,2014,0,16139,2014-03-10,3,10,69,0,0
70,2014,0,16140,2014-03-11,3,10,70,0,0
71,2014,0,16141,2014-03-12,3,11,71,0,0
72,2014,0,16142,2014-03-13,3,11,72,0,0
73,2014,0,16143,2014-03-14,3,11,73,0,0
74,2014,0,16144,2014-03-15,3,11,74,0,0
75,2014,0,16145,2014-03-16,3,11,75,0,0
76,2014,0,16146,2014-03-17,3,11,76,0,0
77,2014,0,16147,2014-03-18,3,11,77,0,0
78,2014,0,16148,2014-03-19,3,12,78,0,0
79,2014,3,16149,2014-03-20,3,12,79,3,0.12853470437017994
80,2014,16,16150,2014-03-21,3,12,80,19,0.8140531276778064
81,2014,4,16151,2014-03-22,3,12,81,23,0.985432733504713
82,2014,5,16152,2014-03-23,3,12,82,28,1.1996572407883461
83,2014,12,16153,2014-03-24,3,12,83,40,1.7137960582690661
84,2014,7,16154,2014-03-25,3,12,84,47,2.0137103684661524
85,2014,1,16155,2014-03-26,3,13,85,48,2.056555269922879
86,2014,1,16156,2014-03-27,3,13,86,49,2.0994001713796058
87,2014,6,16157,2014-03-28,3,13,87,55,2.356469580119966
88,2014,5,16158,2014-03-29,3,13,88,60,2.570694087403599
89,2014,15,16159,2014-03-30,3,13,89,75,3.2133676092544987
90,2014,36,16160,2014-03-31,3,13,90,111,4.755784061696658
91,2014,7,16161,2014-04-01,4,13,91,118,5.055698371893745
92,2014,31,16162,2014-04-02,4,14,92,149,6.383890317052271
93,2014,39,16163,2014-04-03,4,14,93,188,8.05484147386461
94,2014,80,16164,2014-04-04,4,14,94,268,11.482433590402742
95,2014,44,16165,2014-04-05,4,14,95,312,13.367609254498714
96,2014,87,16166,2014-04-06,4,14,96,399,17.09511568123393
97,2014,202,16167,2014-04-07,4,14,97,601,25.749785775492718
98,2014,118,16168,2014-04-08,4,14,98,719,30.80548414738646
99,2014,36,16169,2014-04-09,4,15,99,755,32.34790059982862
100,2014,22,16170,2014-04-10,4,15,100,777,33.29048843187661
101,2014,48,16171,2014-04-11,4,15,101,825,35.347043701799485
102,2014,34,16172,2014-04-12,4,15,102,859,36.80377035132819
103,2014,44,16173,2014-04-13,4,15,103,903,38.688946015424165
104,2014,76,16174,2014-04-14,4,15,104,979,41.94515852613539
105,2014,92,16175,2014-04-15,4,15,105,1071,45.88688946015424
106,2014,89,16176,2014-04-16,4,16,106,1160,49.70008568980291
107,2014,74,16177,2014-04-17,4,16,107,1234,52.870608397600684
108,2014,74,16178,2014-04-18,4,16,108,1308,56.041131105398456
109,2014,43,16179,2014-04-19,4,16,109,1351,57.8834618680377
110,2014,29,16180,2014-04-20,4,16,110,1380,59.12596401028277
111,2014,49,16181,2014-04-21,4,16,111,1429,61.22536418166238
112,2014,65,16182,2014-04-22,4,16,112,1494,64.01028277634961
113,2014,154,16183,2014-04-23,4,17,113,1648,70.6083976006855
114,2014,307,16184,2014-04-24,4,17,114,1955,83.7617823479006
115,2014,50,16185,2014-04-25,4,17,115,2005,85.90402742073692
116,2014,111,16186,2014-04-26,4,17,116,2116,90.6598114824336
117,2014,34,16187,2014-04-27,4,17,117,2150,92.1165381319623
118,2014,16,16188,2014-04-28,4,17,118,2166,92.80205655526991
119,2014,12,16189,2014-04-29,4,17,119,2178,93.31619537275064
120,2014,6,16190,2014-04-30,4,18,120,2184,93.573264781491
121,2014,10,16191,2014-05-01,5,18,121,2194,94.00171379605827
122,2014,14,16192,2014-05-02,5,18,122,2208,94.60154241645245
123,2014,10,16193,2014-05-03,5,18,123,2218,95.02999143101971
124,2014,9,16194,2014-05-04,5,18,124,2227,95.41559554413026
125,2014,1,16195,2014-05-05,5,18,125,2228,95.45844044558697
126,2014,2,16196,2014-05-06,5,18,126,2230,95.54413024850042
127,2014,14,16197,2014-05-07,5,19,127,2244,96.1439588688946
128,2014,8,16198,2014-05-08,5,19,128,2252,96.48671808054841
129,2014,8,16199,2014-05-09,5,19,129,2260,96.82947729220223
130,2014,26,16200,2014-05-10,5,19,130,2286,97.94344473007712
131,2014,12,16201,2014-05-11,5,19,131,2298,98.45758354755783
132,2014,10,16202,2014-05-12,5,19,132,2308,98.88603256212511
133,2014,3,16203,2014-05-13,5,19,133,2311,99.01456726649529
134,2014,1,16204,2014-05-14,5,20,134,2312,99.05741216795202
135,2014,6,16205,2014-05-15,5,20,135,2318,99.31448157669237
136,2014,1,16206,2014-05-16,5,20,136,2319,99.3573264781491
137,2014,3,16207,2014-05-17,5,20,137,2322,99.48586118251927
138,2014,6,16208,2014-05-18,5,20,138,2328,99.74293059125964
139,2014,1,16209,2014-05-19,5,20,139,2329,99.78577549271637
140,2014,0,16210,2014-05-20,5,20,140,2329,99.78577549271637
141,2014,0,16211,2014-05-21,5,21,141,2329,99.78577549271637
142,2014,2,16212,2014-05-22,5,21,142,2331,99.87146529562982
143,2014,1,16213,2014-05-23,5,21,143,2332,99.91431019708654
144,2014,0,16214,2014-05-24,5,21,144,2332,99.91431019708654
145,2014,1,16215,2014-05-25,5,21,145,2333,99.95715509854327
146,2014,0,16216,2014-05-26,5,21,146,2333,99.95715509854327
147,2014,1,16217,2014-05-27,5,21,147,2334,100
148,2014,0,16218,2014-05-28,5,22,148,2334,100
149,2014,0,16219,2014-05-29,5,22,149,2334,100
150,2014,0,16220,2014-05-30,5,22,150,2334,100
151,2014,0,16221,2014-05-31,5,22,151,2334,100
152,2014,0,16222,2014-06-01,6,22,152,2334,100
153,2014,0,16223,2014-06-02,6,22,153,2334,100
154,2014,0,16224,2014-06-03,6,22,154,2334,100
155,2014,0,16225,2014-06-04,6,23,155,2334,100
156,2014,0,16226,2014-06-05,6,23,156,2334,100
157,2014,0,16227,2014-06-06,6,23,157,2334,100
158,2014,0,16228,2014-06-07,6,23,158,2334,100
159,2014,0,16229,2014-06-08,6,23,159,2334,100
160,2014,0,16230,2014-06-09,6,23,160,2334,100
161,2014,0,16231,2014-06-10,6,23,161,2334,100
162,2014,0,16232,2014-06-11,6,24,162,2334,100
163,2014,0,16233,2014-06-12,6,24,163,2334,100
164,2014,0,16234,2014-06-13,6,24,164,2334,100
165,2014,0,16235,2014-06-14,6,24,165,2334,100
166,2014,0,16236,2014-06-15,6,24,166,2334,100
167,2014,0,16237,2014-06-16,6,24,167,2334,100
168,2014,0,16238,2014-06-17,6,24,168,2334,100
169,2014,0,16239,2014-06-18,6,25,169,2334,100
170,2014,0,16240,2014-06-19,6,25,170,2334,100
171,2014,0,16241,2014-06-20,6,25,171,2334,100
172,2014,0,16242,2014-06-21,6,25,172,2334,100
173,2014,0,16243,2014-06-22,6,25,173,2334,100
174,2014,0,16244,2014-06-23,6,25,174,2334,100
175,2014,0,16245,2014-06-24,6,25,175,2334,100
176,2014,0,16246,2014-06-25,6,26,176,2334,100
177,2014,0,16247,2014-06-26,6,26,177,2334,100
178,2014,0,16248,2014-06-27,6,26,178,2334,100
179,2014,0,16249,2014-06-28,6,26,179,2334,100
180,2014,0,16250,2014-06-29,6,26,180,2334,100
1,2015,0,16436,2015-01-01,1,1,1,0,0
2,2015,0,16437,2015-01-02,1,1,2,0,0
3,2015,0,16438,2015-01-03,1,1,3,0,0
4,2015,0,16439,2015-01-04,1,1,4,0,0
5,2015,0,16440,2015-01-05,1,1,5,0,0
6,2015,0,16441,2015-01-06,1,1,6,0,0
7,2015,0,16442,2015-01-07,1,1,7,0,0
8,2015,0,16443,2015-01-08,1,2,8,0,0
9,2015,0,16444,2015-01-09,1,2,9,0,0
10,2015,0,16445,2015-01-10,1,2,10,0,0
11,2015,0,16446,2015-01-11,1,2,11,0,0
12,2015,0,16447,2015-01-12,1,2,12,0,0
13,2015,0,16448,2015-01-13,1,2,13,0,0
14,2015,0,16449,2015-01-14,1,2,14,0,0
15,2015,0,16450,2015-01-15,1,3,15,0,0
16,2015,0,16451,2015-01-16,1,3,16,0,0
17,2015,0,16452,2015-01-17,1,3,17,0,0
18,2015,0,16453,2015-01-18,1,3,18,0,0
19,2015,0,16454,2015-01-19,1,3,19,0,0
20,2015,0,16455,2015-01-20,1,3,20,0,0
21,2015,0,16456,2015-01-21,1,3,21,0,0
22,2015,0,16457,2015-01-22,1,4,22,0,0
23,2015,0,16458,2015-01-23,1,4,23,0,0
24,2015,0,16459,2015-01-24,1,4,24,0,0
25,2015,0,16460,2015-01-25,1,4,25,0,0
26,2015,0,16461,2015-01-26,1,4,26,0,0
27,2015,0,16462,2015-01-27,1,4,27,0,0
28,2015,0,16463,2015-01-28,1,4,28,0,0
29,2015,0,16464,2015-01-29,1,5,29,0,0
30,2015,0,16465,2015-01-30,1,5,30,0,0
31,2015,0,16466,2015-01-31,1,5,31,0,0
32,2015,0,16467,2015-02-01,2,5,32,0,0
33,2015,0,16468,2015-02-02,2,5,33,0,0
34,2015,0,16469,2015-02-03,2,5,34,0,0
35,2015,0,16470,2015-02-04,2,5,35,0,0
36,2015,0,16471,2015-02-05,2,6,36,0,0
37,2015,0,16472,2015-02-06,2,6,37,0,0
38,2015,0,16473,2015-02-07,2,6,38,0,0
39,2015,0,16474,2015-02-08,2,6,39,0,0
40,2015,0,16475,2015-02-09,2,6,40,0,0
41,2015,0,16476,2015-02-10,2,6,41,0,0
42,2015,0,16477,2015-02-11,2,6,42,0,0
43,2015,0,16478,2015-02-12,2,7,43,0,0
44,2015,0,16479,2015-02-13,2,7,44,0,0
45,2015,0,16480,2015-02-14,2,7,45,0,0
46,2015,0,16481,2015-02-15,2,7,46,0,0
47,2015,0,16482,2015-02-16,2,7,47,0,0
48,2015,0,16483,2015-02-17,2,7,48,0,0
49,2015,0,16484,2015-02-18,2,7,49,0,0
50,2015,0,16485,2015-02-19,2,8,50,0,0
51,2015,0,16486,2015-02-20,2,8,51,0,0
52,2015,0,16487,2015-02-21,2,8,52,0,0
53,2015,0,16488,2015-02-22,2,8,53,0,0
54,2015,0,16489,2015-02-23,2,8,54,0,0
55,2015,0,16490,2015-02-24,2,8,55,0,0
56,2015,0,16491,2015-02-25,2,8,56,0,0
57,2015,0,16492,2015-02-26,2,9,57,0,0
58,2015,0,16493,2015-02-27,2,9,58,0,0
59,2015,0,16494,2015-02-28,2,9,59,0,0
60,2015,0,16495,2015-03-01,3,9,60,0,0
61,2015,0,16496,2015-03-02,3,9,61,0,0
62,2015,0,16497,2015-03-03,3,9,62,0,0
63,2015,0,16498,2015-03-04,3,9,63,0,0
64,2015,0,16499,2015-03-05,3,10,64,0,0
65,2015,0,16500,2015-03-06,3,10,65,0,0
66,2015,0,16501,2015-03-07,3,10,66,0,0
67,2015,0,16502,2015-03-08,3,10,67,0,0
68,2015,0,16503,2015-03-09,3,10,68,0,0
69,2015,0,16504,2015-03-10,3,10,69,0,0
70,2015,0,16505,2015-03-11,3,10,70,0,0
71,2015,0,16506,2015-03-12,3,11,71,0,0
72,2015,0,16507,2015-03-13,3,11,72,0,0
73,2015,0,16508,2015-03-14,3,11,73,0,0
74,2015,0,16509,2015-03-15,3,11,74,0,0
75,2015,0,16510,2015-03-16,3,11,75,0,0
76,2015,3,16511,2015-03-17,3,11,76,3,0.22624434389140274
77,2015,1,16512,2015-03-18,3,11,77,4,0.301659125188537
78,2015,1,16513,2015-03-19,3,12,78,5,0.3770739064856712
79,2015,1,16514,2015-03-20,3,12,79,6,0.4524886877828055
80,2015,0,16515,2015-03-21,3,12,80,6,0.4524886877828055
81,2015,1,16516,2015-03-22,3,12,81,7,0.5279034690799397
82,2015,0,16517,2015-03-23,3,12,82,7,0.5279034690799397
83,2015,0,16518,2015-03-24,3,12,83,7,0.5279034690799397
84,2015,0,16519,2015-03-25,3,12,84,7,0.5279034690799397
85,2015,4,16520,2015-03-26,3,13,85,11,0.8295625942684767
86,2015,3,16521,2015-03-27,3,13,86,14,1.0558069381598794
87,2015,5,16522,2015-03-28,3,13,87,19,1.4328808446455505
88,2015,11,16523,2015-03-29,3,13,88,30,2.262443438914027
89,2015,56,16524,2015-03-30,3,13,89,86,6.485671191553545
90,2015,9,16525,2015-03-31,3,13,90,95,7.164404223227752
91,2015,3,16526,2015-04-01,4,13,91,98,7.390648567119156
92,2015,3,16527,2015-04-02,4,14,92,101,7.616892911010558
93,2015,6,16528,2015-04-03,4,14,93,107,8.069381598793363
94,2015,5,16529,2015-04-04,4,14,94,112,8.446455505279035
95,2015,4,16530,2015-04-05,4,14,95,116,8.74811463046757
96,2015,13,16531,2015-04-06,4,14,96,129,9.728506787330318
97,2015,16,16532,2015-04-07,4,14,97,145,10.935143288084465
98,2015,16,16533,2015-04-08,4,14,98,161,12.141779788838612
99,2015,6,16534,2015-04-09,4,15,99,167,12.594268476621417
100,2015,21,16535,2015-04-10,4,15,100,188,14.177978883861236
101,2015,15,16536,2015-04-11,4,15,101,203,15.309200603318251
102,2015,31,16537,2015-04-12,4,15,102,234,17.647058823529413
103,2015,14,16538,2015-04-13,4,15,103,248,18.702865761689292
104,2015,19,16539,2015-04-14,4,15,104,267,20.13574660633484
105,2015,143,16540,2015-04-15,4,15,105,410,30.920060331825038
106,2015,64,16541,2015-04-16,4,16,106,474,35.74660633484163
107,2015,25,16542,2015-04-17,4,16,107,499,37.631975867269986
108,2015,429,16543,2015-04-18,4,16,108,928,69.98491704374057
109,2015,0,16544,2015-04-19,4,16,109,928,69.98491704374057
110,2015,86,16545,2015-04-20,4,16,110,1014,76.47058823529412
111,2015,30,16546,2015-04-21,4,16,111,1044,78.73303167420815
112,2015,17,16547,2015-04-22,4,16,112,1061,80.01508295625943
113,2015,6,16548,2015-04-23,4,17,113,1067,80.46757164404224
114,2015,5,16549,2015-04-24,4,17,114,1072,80.8446455505279
115,2015,15,16550,2015-04-25,4,17,115,1087,81.97586726998492
116,2015,87,16551,2015-04-26,4,17,116,1174,88.5369532428356
117,2015,32,16552,2015-04-27,4,17,117,1206,90.9502262443439
118,2015,5,16553,2015-04-28,4,17,118,1211,91.32730015082956
119,2015,9,16554,2015-04-29,4,17,119,1220,92.00603318250377
120,2015,80,16555,2015-04-30,4,18,120,1300,98.0392156862745
121,2015,11,16556,2015-05-01,5,18,121,1311,98.86877828054298
122,2015,4,16557,2015-05-02,5,18,122,1315,99.17043740573152
123,2015,4,16558,2015-05-03,5,18,123,1319,99.47209653092006
124,2015,0,16559,2015-05-04,5,18,124,1319,99.47209653092006
125,2015,1,16560,2015-05-05,5,18,125,1320,99.5475113122172
126,2015,0,16561,2015-05-06,5,18,126,1320,99.5475113122172
127,2015,0,16562,2015-05-07,5,19,127,1320,99.5475113122172
128,2015,0,16563,2015-05-08,5,19,128,1320,99.5475113122172
129,2015,0,16564,2015-05-09,5,19,129,1320,99.5475113122172
130,2015,1,16565,2015-05-10,5,19,130,1321,99.62292609351434
131,2015,0,16566,2015-05-11,5,19,131,1321,99.62292609351434
132,2015,2,16567,2015-05-12,5,19,132,1323,99.77375565610859
133,2015,2,16568,2015-05-13,5,19,133,1325,99.92458521870287
134,2015,1,16569,2015-05-14,5,20,134,1326,100
135,2015,0,16570,2015-05-15,5,20,135,1326,100
136,2015,0,16571,2015-05-16,5,20,136,1326,100
137,2015,0,16572,2015-05-17,5,20,137,1326,100
138,2015,0,16573,2015-05-18,5,20,138,1326,100
139,2015,0,16574,2015-05-19,5,20,139,1326,100
140,2015,0,16575,2015-05-20,5,20,140,1326,100
141,2015,0,16576,2015-05-21,5,21,141,1326,100
142,2015,0,16577,2015-05-22,5,21,142,1326,100
143,2015,0,16578,2015-05-23,5,21,143,1326,100
144,2015,0,16579,2015-05-24,5,21,144,1326,100
145,2015,0,16580,2015-05-25,5,21,145,1326,100
146,2015,0,16581,2015-05-26,5,21,146,1326,100
147,2015,0,16582,2015-05-27,5,21,147,1326,100
148,2015,0,16583,2015-05-28,5,22,148,1326,100
149,2015,0,16584,2015-05-29,5,22,149,1326,100
150,2015,0,16585,2015-05-30,5,22,150,1326,100
151,2015,0,16586,2015-05-31,5,22,151,1326,100
152,2015,0,16587,2015-06-01,6,22,152,1326,100
153,2015,0,16588,2015-06-02,6,22,153,1326,100
154,2015,0,16589,2015-06-03,6,22,154,1326,100
155,2015,0,16590,2015-06-04,6,23,155,1326,100
156,2015,0,16591,2015-06-05,6,23,156,1326,100
157,2015,0,16592,2015-06-06,6,23,157,1326,100
158,2015,0,16593,2015-06-07,6,23,158,1326,100
159,2015,0,16594,2015-06-08,6,23,159,1326,100
160,2015,0,16595,2015-06-09,6,23,160,1326,100
161,2015,0,16596,2015-06-10,6,23,161,1326,100
162,2015,0,16597,2015-06-11,6,24,162,1326,100
163,2015,0,16598,2015-06-12,6,24,163,1326,100
164,2015,0,16599,2015-06-13,6,24,164,1326,100
165,2015,0,16600,2015-06-14,6,24,165,1326,100
166,2015,0,16601,2015-06-15,6,24,166,1326,100
167,2015,0,16602,2015-06-16,6,24,167,1326,100
168,2015,0,16603,2015-06-17,6,24,168,1326,100
169,2015,0,16604,2015-06-18,6,25,169,1326,100
170,2015,0,16605,2015-06-19,6,25,170,1326,100
171,2015,0,16606,2015-06-20,6,25,171,1326,100
172,2015,0,16607,2015-06-21,6,25,172,1326,100
173,2015,0,16608,2015-06-22,6,25,173,1326,100
174,2015,0,16609,2015-06-23,6,25,174,1326,100
175,2015,0,16610,2015-06-24,6,25,175,1326,100
176,2015,0,16611,2015-06-25,6,26,176,1326,100
177,2015,0,16612,2015-06-26,6,26,177,1326,100
178,2015,0,16613,2015-06-27,6,26,178,1326,100
179,2015,0,16614,2015-06-28,6,26,179,1326,100
180,2015,0,16615,2015-06-29,6,26,180,1326,100
1,2016,0,16801,2016-01-01,1,1,1,0,0
2,2016,0,16802,2016-01-02,1,1,2,0,0
3,2016,0,16803,2016-01-03,1,1,3,0,0
4,2016,0,16804,2016-01-04,1,1,4,0,0
5,2016,0,16805,2016-01-05,1,1,5,0,0
6,2016,0,16806,2016-01-06,1,1,6,0,0
7,2016,0,16807,2016-01-07,1,1,7,0,0
8,2016,0,16808,2016-01-08,1,2,8,0,0
9,2016,0,16809,2016-01-09,1,2,9,0,0
10,2016,0,16810,2016-01-10,1,2,10,0,0
11,2016,0,16811,2016-01-11,1,2,11,0,0
12,2016,0,16812,2016-01-12,1,2,12,0,0
13,2016,0,16813,2016-01-13,1,2,13,0,0
14,2016,0,16814,2016-01-14,1,2,14,0,0
15,2016,0,16815,2016-01-15,1,3,15,0,0
16,2016,0,16816,2016-01-16,1,3,16,0,0
17,2016,0,16817,2016-01-17,1,3,17,0,0
18,2016,0,16818,2016-01-18,1,3,18,0,0
19,2016,0,16819,2016-01-19,1,3,19,0,0
20,2016,0,16820,2016-01-20,1,3,20,0,0
21,2016,0,16821,2016-01-21,1,3,21,0,0
22,2016,0,16822,2016-01-22,1,4,22,0,0
23,2016,0,16823,2016-01-23,1,4,23,0,0
24,2016,0,16824,2016-01-24,1,4,24,0,0
25,2016,0,16825,2016-01-25,1,4,25,0,0
26,2016,0,16826,2016-01-26,1,4,26,0,0
27,2016,0,16827,2016-01-27,1,4,27,0,0
28,2016,0,16828,2016-01-28,1,4,28,0,0
29,2016,0,16829,2016-01-29,1,5,29,0,0
30,2016,0,16830,2016-01-30,1,5,30,0,0
31,2016,0,16831,2016-01-31,1,5,31,0,0
32,2016,0,16832,2016-02-01,2,5,32,0,0
33,2016,0,16833,2016-02-02,2,5,33,0,0
34,2016,0,16834,2016-02-03,2,5,34,0,0
35,2016,0,16835,2016-02-04,2,5,35,0,0
36,2016,0,16836,2016-02-05,2,6,36,0,0
37,2016,0,16837,2016-02-06,2,6,37,0,0
38,2016,0,16838,2016-02-07,2,6,38,0,0
39,2016,0,16839,2016-02-08,2,6,39,0,0
40,2016,0,16840,2016-02-09,2,6,40,0,0
41,2016,0,16841,2016-02-10,2,6,41,0,0
42,2016,0,16842,2016-02-11,2,6,42,0,0
43,2016,0,16843,2016-02-12,2,7,43,0,0
44,2016,0,16844,2016-02-13,2,7,44,0,0
45,2016,0,16845,2016-02-14,2,7,45,0,0
46,2016,0,16846,2016-02-15,2,7,46,0,0
47,2016,0,16847,2016-02-16,2,7,47,0,0
48,2016,0,16848,2016-02-17,2,7,48,0,0
49,2016,0,16849,2016-02-18,2,7,49,0,0
50,2016,0,16850,2016-02-19,2,8,50,0,0
51,2016,0,16851,2016-02-20,2,8,51,0,0
52,2016,0,16852,2016-02-21,2,8,52,0,0
53,2016,0,16853,2016-02-22,2,8,53,0,0
54,2016,0,16854,2016-02-23,2,8,54,0,0
55,2016,0,16855,2016-02-24,2,8,55,0,0
56,2016,0,16856,2016-02-25,2,8,56,0,0
57,2016,0,16857,2016-02-26,2,9,57,0,0
58,2016,0,16858,2016-02-27,2,9,58,0,0
59,2016,0,16859,2016-02-28,2,9,59,0,0
60,2016,0,16860,2016-02-29,2,9,60,0,0
61,2016,0,16861,2016-03-01,3,9,61,0,0
62,2016,0,16862,2016-03-02,3,9,62,0,0
63,2016,0,16863,2016-03-03,3,9,63,0,0
64,2016,0,16864,2016-03-04,3,10,64,0,0
65,2016,0,16865,2016-03-05,3,10,65,0,0
66,2016,0,16866,2016-03-06,3,10,66,0,0
67,2016,0,16867,2016-03-07,3,10,67,0,0
68,2016,0,16868,2016-03-08,3,10,68,0,0
69,2016,0,16869,2016-03-09,3,10,69,0,0
70,2016,0,16870,2016-03-10,3,10,70,0,0
71,2016,0,16871,2016-03-11,3,11,71,0,0
72,2016,0,16872,2016-03-12,3,11,72,0,0
73,2016,0,16873,2016-03-13,3,11,73,0,0
74,2016,0,16874,2016-03-14,3,11,74,0,0
75,2016,0,16875,2016-03-15,3,11,75,0,0
76,2016,0,16876,2016-03-16,3,11,76,0,0
77,2016,0,16877,2016-03-17,3,11,77,0,0
78,2016,0,16878,2016-03-18,3,12,78,0,0
79,2016,0,16879,2016-03-19,3,12,79,0,0
80,2016,0,16880,2016-03-20,3,12,80,0,0
81,2016,1,16881,2016-03-21,3,12,81,1,0.03123048094940662
82,2016,0,16882,2016-03-22,3,12,82,1,0.03123048094940662
83,2016,0,16883,2016-03-23,3,12,83,1,0.03123048094940662
84,2016,1,16884,2016-03-24,3,12,84,2,0.06246096189881324
85,2016,6,16885,2016-03-25,3,13,85,8,0.24984384759525297
86,2016,76,16886,2016-03-26,3,13,86,84,2.623360399750156
87,2016,0,16887,2016-03-27,3,13,87,84,2.623360399750156
88,2016,0,16888,2016-03-28,3,13,88,84,2.623360399750156
89,2016,25,16889,2016-03-29,3,13,89,109,3.4041224234853216
90,2016,6,16890,2016-03-30,3,13,90,115,3.5915053091817613
91,2016,15,16891,2016-03-31,3,13,91,130,4.059962523422861
92,2016,9,16892,2016-04-01,4,14,92,139,4.34103685196752
93,2016,1,16893,2016-04-02,4,14,93,140,4.372267332916927
94,2016,19,16894,2016-04-03,4,14,94,159,4.965646470955653
95,2016,55,16895,2016-04-04,4,14,95,214,6.683322923173017
96,2016,57,16896,2016-04-05,4,14,96,271,8.463460337289193
97,2016,25,16897,2016-04-06,4,14,97,296,9.24422236102436
98,2016,37,16898,2016-04-07,4,14,98,333,10.399750156152404
99,2016,16,16899,2016-04-08,4,15,99,349,10.899437851342912
100,2016,40,16900,2016-04-09,4,15,100,389,12.148657089319176
101,2016,48,16901,2016-04-10,4,15,101,437,13.647720174890694
102,2016,85,16902,2016-04-11,4,15,102,522,16.30231105559026
103,2016,99,16903,2016-04-12,4,15,103,621,19.394128669581512
104,2016,53,16904,2016-04-13,4,15,104,674,21.049344159900063
105,2016,45,16905,2016-04-14,4,15,105,719,22.454715802623358
106,2016,57,16906,2016-04-15,4,16,106,776,24.234853216739538
107,2016,139,16907,2016-04-16,4,16,107,915,28.57589006870706
108,2016,58,16908,2016-04-17,4,16,108,973,30.38725796377264
109,2016,29,16909,2016-04-18,4,16,109,1002,31.292941911305434
110,2016,68,16910,2016-04-19,4,16,110,1070,33.416614615865086
111,2016,35,16911,2016-04-20,4,16,111,1105,34.509681449094316
112,2016,339,16912,2016-04-21,4,16,112,1444,45.09681449094316
113,2016,274,16913,2016-04-22,4,17,113,1718,53.65396627108058
114,2016,149,16914,2016-04-23,4,17,114,1867,58.307307932542166
115,2016,94,16915,2016-04-24,4,17,115,1961,61.242973141786386
116,2016,42,16916,2016-04-25,4,17,116,2003,62.55465334166146
117,2016,105,16917,2016-04-26,4,17,117,2108,65.83385384134915
118,2016,108,16918,2016-04-27,4,17,118,2216,69.20674578388507
119,2016,57,16919,2016-04-28,4,17,119,2273,70.98688319800125
120,2016,49,16920,2016-04-29,4,18,120,2322,72.51717676452218
121,2016,292,16921,2016-04-30,4,18,121,2614,81.6364772017489
122,2016,152,16922,2016-05-01,5,18,122,2766,86.38351030605871
123,2016,60,16923,2016-05-02,5,18,123,2826,88.2573391630231
124,2016,52,16924,2016-05-03,5,18,124,2878,89.88132417239225
125,2016,51,16925,2016-05-04,5,18,125,2929,91.47407870081199
126,2016,54,16926,2016-05-05,5,18,126,2983,93.16052467207994
127,2016,49,16927,2016-05-06,5,19,127,3032,94.69081823860087
128,2016,17,16928,2016-05-07,5,19,128,3049,95.22173641474079
129,2016,26,16929,2016-05-08,5,19,129,3075,96.03372891942536
130,2016,37,16930,2016-05-09,5,19,130,3112,97.18925671455341
131,2016,39,16931,2016-05-10,5,19,131,3151,98.40724547158027
132,2016,17,16932,2016-05-11,5,19,132,3168,98.93816364772017
133,2016,16,16933,2016-05-12,5,19,133,3184,99.43785134291068
134,2016,7,16934,2016-05-13,5,20,134,3191,99.65646470955653
135,2016,1,16935,2016-05-14,5,20,135,3192,99.68769519050593
136,2016,1,16936,2016-05-15,5,20,136,3193,99.71892567145534
137,2016,2,16937,2016-05-16,5,20,137,3195,99.78138663335415
138,2016,2,16938,2016-05-17,5,20,138,3197,99.84384759525297
139,2016,1,16939,2016-05-18,5,20,139,3198,99.87507807620237
140,2016,1,16940,2016-05-19,5,20,140,3199,99.90630855715177
141,2016,0,16941,2016-05-20,5,21,141,3199,99.90630855715177
142,2016,0,16942,2016-05-21,5,21,142,3199,99.90630855715177
143,2016,2,16943,2016-05-22,5,21,143,3201,99.9687695190506
144,2016,1,16944,2016-05-23,5,21,144,3202,100
145,2016,0,16945,2016-05-24,5,21,145,3202,100
146,2016,0,16946,2016-05-25,5,21,146,3202,100
147,2016,0,16947,2016-05-26,5,21,147,3202,100
148,2016,0,16948,2016-05-27,5,22,148,3202,100
149,2016,0,16949,2016-05-28,5,22,149,3202,100
150,2016,0,16950,2016-05-29,5,22,150,3202,100
151,2016,0,16951,2016-05-30,5,22,151,3202,100
152,2016,0,16952,2016-05-31,5,22,152,3202,100
153,2016,0,16953,2016-06-01,6,22,153,3202,100
154,2016,0,16954,2016-06-02,6,22,154,3202,100
155,2016,0,16955,2016-06-03,6,23,155,3202,100
156,2016,0,16956,2016-06-04,6,23,156,3202,100
157,2016,0,16957,2016-06-05,6,23,157,3202,100
158,2016,0,16958,2016-06-06,6,23,158,3202,100
159,2016,0,16959,2016-06-07,6,23,159,3202,100
160,2016,0,16960,2016-06-08,6,23,160,3202,100
161,2016,0,16961,2016-06-09,6,23,161,3202,100
162,2016,0,16962,2016-06-10,6,24,162,3202,100
163,2016,0,16963,2016-06-11,6,24,163,3202,100
164,2016,0,16964,2016-06-12,6,24,164,3202,100
165,2016,0,16965,2016-06-13,6,24,165,3202,100
166,2016,0,16966,2016-06-14,6,24,166,3202,100
167,2016,0,16967,2016-06-15,6,24,167,3202,100
168,2016,0,16968,2016-06-16,6,24,168,3202,100
169,2016,0,16969,2016-06-17,6,25,169,3202,100
170,2016,0,16970,2016-06-18,6,25,170,3202,100
171,2016,0,16971,2016-06-19,6,25,171,3202,100
172,2016,0,16972,2016-06-20,6,25,172,3202,100
173,2016,0,16973,2016-06-21,6,25,173,3202,100
174,2016,0,16974,2016-06-22,6,25,174,3202,100
175,2016,0,16975,2016-06-23,6,25,175,3202,100
176,2016,0,16976,2016-06-24,6,26,176,3202,100
177,2016,0,16977,2016-06-25,6,26,177,3202,100
178,2016,0,16978,2016-06-26,6,26,178,3202,100
179,2016,0,16979,2016-06-27,6,26,179,3202,100
180,2016,0,16980,2016-06-28,6,26,180,3202,100
1,2017,0,17167,2017-01-01,1,1,1,0,0
2,2017,0,17168,2017-01-02,1,1,2,0,0
3,2017,0,17169,2017-01-03,1,1,3,0,0
4,2017,0,17170,2017-01-04,1,1,4,0,0
5,2017,0,17171,2017-01-05,1,1,5,0,0
6,2017,0,17172,2017-01-06,1,1,6,0,0
7,2017,0,17173,2017-01-07,1,1,7,0,0
8,2017,0,17174,2017-01-08,1,2,8,0,0
9,2017,0,17175,2017-01-09,1,2,9,0,0
10,2017,0,17176,2017-01-10,1,2,10,0,0
11,2017,0,17177,2017-01-11,1,2,11,0,0
12,2017,0,17178,2017-01-12,1,2,12,0,0
13,2017,0,17179,2017-01-13,1,2,13,0,0
14,2017,0,17180,2017-01-14,1,2,14,0,0
15,2017,0,17181,2017-01-15,1,3,15,0,0
16,2017,0,17182,2017-01-16,1,3,16,0,0
17,2017,0,17183,2017-01-17,1,3,17,0,0
18,2017,0,17184,2017-01-18,1,3,18,0,0
19,2017,0,17185,2017-01-19,1,3,19,0,0
20,2017,0,17186,2017-01-20,1,3,20,0,0
21,2017,0,17187,2017-01-21,1,3,21,0,0
22,2017,0,17188,2017-01-22,1,4,22,0,0
23,2017,0,17189,2017-01-23,1,4,23,0,0
24,2017,0,17190,2017-01-24,1,4,24,0,0
25,2017,0,17191,2017-01-25,1,4,25,0,0
26,2017,0,17192,2017-01-26,1,4,26,0,0
27,2017,0,17193,2017-01-27,1,4,27,0,0
28,2017,0,17194,2017-01-28,1,4,28,0,0
29,2017,0,17195,2017-01-29,1,5,29,0,0
30,2017,0,17196,2017-01-30,1,5,30,0,0
31,2017,0,17197,2017-01-31,1,5,31,0,0
32,2017,0,17198,2017-02-01,2,5,32,0,0
33,2017,0,17199,2017-02-02,2,5,33,0,0
34,2017,0,17200,2017-02-03,2,5,34,0,0
35,2017,0,17201,2017-02-04,2,5,35,0,0
36,2017,0,17202,2017-02-05,2,6,36,0,0
37,2017,0,17203,2017-02-06,2,6,37,0,0
38,2017,0,17204,2017-02-07,2,6,38,0,0
39,2017,0,17205,2017-02-08,2,6,39,0,0
40,2017,0,17206,2017-02-09,2,6,40,0,0
41,2017,0,17207,2017-02-10,2,6,41,0,0
42,2017,0,17208,2017-02-11,2,6,42,0,0
43,2017,0,17209,2017-02-12,2,7,43,0,0
44,2017,0,17210,2017-02-13,2,7,44,0,0
45,2017,0,17211,2017-02-14,2,7,45,0,0
46,2017,0,17212,2017-02-15,2,7,46,0,0
47,2017,0,17213,2017-02-16,2,7,47,0,0
48,2017,0,17214,2017-02-17,2,7,48,0,0
49,2017,0,17215,2017-02-18,2,7,49,0,0
50,2017,0,17216,2017-02-19,2,8,50,0,0
51,2017,0,17217,2017-02-20,2,8,51,0,0
52,2017,0,17218,2017-02-21,2,8,52,0,0
53,2017,0,17219,2017-02-22,2,8,53,0,0
54,2017,0,17220,2017-02-23,2,8,54,0,0
55,2017,0,17221,2017-02-24,2,8,55,0,0
56,2017,0,17222,2017-02-25,2,8,56,0,0
57,2017,0,17223,2017-02-26,2,9,57,0,0
58,2017,0,17224,2017-02-27,2,9,58,0,0
59,2017,0,17225,2017-02-28,2,9,59,0,0
60,2017,0,17226,2017-03-01,3,9,60,0,0
61,2017,0,17227,2017-03-02,3,9,61,0,0
62,2017,0,17228,2017-03-03,3,9,62,0,0
63,2017,0,17229,2017-03-04,3,9,63,0,0
64,2017,0,17230,2017-03-05,3,10,64,0,0
65,2017,0,17231,2017-03-06,3,10,65,0,0
66,2017,0,17232,2017-03-07,3,10,66,0,0
67,2017,0,17233,2017-03-08,3,10,67,0,0
68,2017,0,17234,2017-03-09,3,10,68,0,0
69,2017,0,17235,2017-03-10,3,10,69,0,0
70,2017,0,17236,2017-03-11,3,10,70,0,0
71,2017,0,17237,2017-03-12,3,11,71,0,0
72,2017,0,17238,2017-03-13,3,11,72,0,0
73,2017,0,17239,2017-03-14,3,11,73,0,0
74,2017,0,17240,2017-03-15,3,11,74,0,0
75,2017,0,17241,2017-03-16,3,11,75,0,0
76,2017,0,17242,2017-03-17,3,11,76,0,0
77,2017,0,17243,2017-03-18,3,11,77,0,0
78,2017,0,17244,2017-03-19,3,12,78,0,0
79,2017,3,17245,2017-03-20,3,12,79,3,0.22271714922048996
80,2017,2,17246,2017-03-21,3,12,80,5,0.3711952487008166
81,2017,17,17247,2017-03-22,3,12,81,22,1.6332590942835932
82,2017,22,17248,2017-03-23,3,12,82,44,3.2665181885671863
83,2017,11,17249,2017-03-24,3,12,83,55,4.083147735708983
84,2017,20,17250,2017-03-25,3,12,84,75,5.56792873051225
85,2017,11,17251,2017-03-26,3,13,85,86,6.384558277654046
86,2017,16,17252,2017-03-27,3,13,86,102,7.57238307349666
87,2017,5,17253,2017-03-28,3,13,87,107,7.943578322197475
88,2017,14,17254,2017-03-29,3,13,88,121,8.982925018559762
89,2017,19,17255,2017-03-30,3,13,89,140,10.393466963622867
90,2017,43,17256,2017-03-31,3,13,90,183,13.585746102449889
91,2017,34,17257,2017-04-01,4,13,91,217,16.109873793615442
92,2017,35,17258,2017-04-02,4,14,92,252,18.70824053452116
93,2017,36,17259,2017-04-03,4,14,93,288,21.380846325167038
94,2017,22,17260,2017-04-04,4,14,94,310,23.01410541945063
95,2017,36,17261,2017-04-05,4,14,95,346,25.68671121009651
96,2017,43,17262,2017-04-06,4,14,96,389,28.878990348923534
97,2017,50,17263,2017-04-07,4,14,97,439,32.5909428359317
98,2017,33,17264,2017-04-08,4,14,98,472,35.04083147735709
99,2017,36,17265,2017-04-09,4,15,99,508,37.71343726800297
100,2017,47,17266,2017-04-10,4,15,100,555,41.202672605790646
101,2017,41,17267,2017-04-11,4,15,101,596,44.24647364513734
102,2017,27,17268,2017-04-12,4,15,102,623,46.25092798812175
103,2017,40,17269,2017-04-13,4,15,103,663,49.220489977728285
104,2017,34,17270,2017-04-14,4,15,104,697,51.74461766889383
105,2017,54,17271,2017-04-15,4,15,105,751,55.75352635486266
106,2017,55,17272,2017-04-16,4,16,106,806,59.83667409057164
107,2017,34,17273,2017-04-17,4,16,107,840,62.360801781737194
108,2017,21,17274,2017-04-18,4,16,108,861,63.91982182628062
109,2017,43,17275,2017-04-19,4,16,109,904,67.11210096510764
110,2017,47,17276,2017-04-20,4,16,110,951,70.60133630289532
111,2017,31,17277,2017-04-21,4,16,111,982,72.90274684484038
112,2017,12,17278,2017-04-22,4,16,112,994,73.79361544172235
113,2017,14,17279,2017-04-23,4,17,113,1008,74.83296213808464
114,2017,16,17280,2017-04-24,4,17,114,1024,76.02078693392724
115,2017,27,17281,2017-04-25,4,17,115,1051,78.02524127691166
116,2017,41,17282,2017-04-26,4,17,116,1092,81.06904231625836
117,2017,18,17283,2017-04-27,4,17,117,1110,82.40534521158129
118,2017,10,17284,2017-04-28,4,17,118,1120,83.14773570898294
119,2017,2,17285,2017-04-29,4,17,119,1122,83.29621380846325
120,2017,14,17286,2017-04-30,4,18,120,1136,84.33556050482554
121,2017,61,17287,2017-05-01,5,18,121,1197,88.8641425389755
122,2017,60,17288,2017-05-02,5,18,122,1257,93.31848552338529
123,2017,10,17289,2017-05-03,5,18,123,1267,94.06087602078694
124,2017,6,17290,2017-05-04,5,18,124,1273,94.50631031922792
125,2017,1,17291,2017-05-05,5,18,125,1274,94.58054936896808
126,2017,12,17292,2017-05-06,5,18,126,1286,95.47141796585004
127,2017,21,17293,2017-05-07,5,19,127,1307,97.03043801039347
128,2017,2,17294,2017-05-08,5,19,128,1309,97.1789161098738
129,2017,2,17295,2017-05-09,5,19,129,1311,97.32739420935413
130,2017,0,17296,2017-05-10,5,19,130,1311,97.32739420935413
131,2017,1,17297,2017-05-11,5,19,131,1312,97.40163325909428
132,2017,22,17298,2017-05-12,5,19,132,1334,99.03489235337788
133,2017,5,17299,2017-05-13,5,19,133,1339,99.4060876020787
134,2017,3,17300,2017-05-14,5,20,134,1342,99.62880475129919
135,2017,0,17301,2017-05-15,5,20,135,1342,99.62880475129919
136,2017,2,17302,2017-05-16,5,20,136,1344,99.77728285077951
137,2017,0,17303,2017-05-17,5,20,137,1344,99.77728285077951
138,2017,3,17304,2017-05-18,5,20,138,1347,100
139,2017,0,17305,2017-05-19,5,20,139,1347,100
140,2017,0,17306,2017-05-20,5,20,140,1347,100
141,2017,0,17307,2017-05-21,5,21,141,1347,100
142,2017,0,17308,2017-05-22,5,21,142,1347,100
143,2017,0,17309,2017-05-23,5,21,143,1347,100
144,2017,0,17310,2017-05-24,5,21,144,1347,100
145,2017,0,17311,2017-05-25,5,21,145,1347,100
146,2017,0,17312,2017-05-26,5,21,146,1347,100
147,2017,0,17313,2017-05-27,5,21,147,1347,100
148,2017,0,17314,2017-05-28,5,22,148,1347,100
149,2017,0,17315,2017-05-29,5,22,149,1347,100
150,2017,0,17316,2017-05-30,5,22,150,1347,100
151,2017,0,17317,2017-05-31,5,22,151,1347,100
152,2017,0,17318,2017-06-01,6,22,152,1347,100
153,2017,0,17319,2017-06-02,6,22,153,1347,100
154,2017,0,17320,2017-06-03,6,22,154,1347,100
155,2017,0,17321,2017-06-04,6,23,155,1347,100
156,2017,0,17322,2017-06-05,6,23,156,1347,100
157,2017,0,17323,2017-06-06,6,23,157,1347,100
158,2017,0,17324,2017-06-07,6,23,158,1347,100
159,2017,0,17325,2017-06-08,6,23,159,1347,100
160,2017,0,17326,2017-06-09,6,23,160,1347,100
161,2017,0,17327,2017-06-10,6,23,161,1347,100
162,2017,0,17328,2017-06-11,6,24,162,1347,100
163,2017,0,17329,2017-06-12,6,24,163,1347,100
164,2017,0,17330,2017-06-13,6,24,164,1347,100
165,2017,0,17331,2017-06-14,6,24,165,1347,100
166,2017,0,17332,2017-06-15,6,24,166,1347,100
167,2017,0,17333,2017-06-16,6,24,167,1347,100
168,2017,0,17334,2017-06-17,6,24,168,1347,100
169,2017,0,17335,2017-06-18,6,25,169,1347,100
170,2017,0,17336,2017-06-19,6,25,170,1347,100
171,2017,0,17337,2017-06-20,6,25,171,1347,100
172,2017,0,17338,2017-06-21,6,25,172,1347,100
173,2017,0,17339,2017-06-22,6,25,173,1347,100
174,2017,0,17340,2017-06-23,6,25,174,1347,100
175,2017,0,17341,2017-06-24,6,25,175,1347,100
176,2017,0,17342,2017-06-25,6,26,176,1347,100
177,2017,0,17343,2017-06-26,6,26,177,1347,100
178,2017,0,17344,2017-06-27,6,26,178,1347,100
179,2017,0,17345,2017-06-28,6,26,179,1347,100
180,2017,0,17346,2017-06-29,6,26,180,1347,100
1,2018,0,17532,2018-01-01,1,1,1,0,0
2,2018,0,17533,2018-01-02,1,1,2,0,0
3,2018,0,17534,2018-01-03,1,1,3,0,0
4,2018,0,17535,2018-01-04,1,1,4,0,0
5,2018,0,17536,2018-01-05,1,1,5,0,0
6,2018,0,17537,2018-01-06,1,1,6,0,0
7,2018,0,17538,2018-01-07,1,1,7,0,0
8,2018,0,17539,2018-01-08,1,2,8,0,0
9,2018,0,17540,2018-01-09,1,2,9,0,0
10,2018,0,17541,2018-01-10,1,2,10,0,0
11,2018,0,17542,2018-01-11,1,2,11,0,0
12,2018,0,17543,2018-01-12,1,2,12,0,0
13,2018,0,17544,2018-01-13,1,2,13,0,0
14,2018,0,17545,2018-01-14,1,2,14,0,0
15,2018,0,17546,2018-01-15,1,3,15,0,0
16,2018,0,17547,2018-01-16,1,3,16,0,0
17,2018,0,17548,2018-01-17,1,3,17,0,0
18,2018,0,17549,2018-01-18,1,3,18,0,0
19,2018,0,17550,2018-01-19,1,3,19,0,0
20,2018,0,17551,2018-01-20,1,3,20,0,0
21,2018,0,17552,2018-01-21,1,3,21,0,0
22,2018,0,17553,2018-01-22,1,4,22,0,0
23,2018,0,17554,2018-01-23,1,4,23,0,0
24,2018,0,17555,2018-01-24,1,4,24,0,0
25,2018,0,17556,2018-01-25,1,4,25,0,0
26,2018,0,17557,2018-01-26,1,4,26,0,0
27,2018,0,17558,2018-01-27,1,4,27,0,0
28,2018,0,17559,2018-01-28,1,4,28,0,0
29,2018,0,17560,2018-01-29,1,5,29,0,0
30,2018,0,17561,2018-01-30,1,5,30,0,0
31,2018,0,17562,2018-01-31,1,5,31,0,0
32,2018,0,17563,2018-02-01,2,5,32,0,0
33,2018,0,17564,2018-02-02,2,5,33,0,0
34,2018,0,17565,2018-02-03,2,5,34,0,0
35,2018,0,17566,2018-02-04,2,5,35,0,0
36,2018,0,17567,2018-02-05,2,6,36,0,0
37,2018,0,17568,2018-02-06,2,6,37,0,0
38,2018,0,17569,2018-02-07,2,6,38,0,0
39,2018,0,17570,2018-02-08,2,6,39,0,0
40,2018,0,17571,2018-02-09,2,6,40,0,0
41,2018,0,17572,2018-02-10,2,6,41,0,0
42,2018,0,17573,2018-02-11,2,6,42,0,0
43,2018,0,17574,2018-02-12,2,7,43,0,0
44,2018,0,17575,2018-02-13,2,7,44,0,0
45,2018,0,17576,2018-02-14,2,7,45,0,0
46,2018,0,17577,2018-02-15,2,7,46,0,0
47,2018,0,17578,2018-02-16,2,7,47,0,0
48,2018,0,17579,2018-02-17,2,7,48,0,0
49,2018,0,17580,2018-02-18,2,7,49,0,0
50,2018,0,17581,2018-02-19,2,8,50,0,0
51,2018,0,17582,2018-02-20,2,8,51,0,0
52,2018,0,17583,2018-02-21,2,8,52,0,0
53,2018,0,17584,2018-02-22,2,8,53,0,0
54,2018,0,17585,2018-02-23,2,8,54,0,0
55,2018,0,17586,2018-02-24,2,8,55,0,0
56,2018,0,17587,2018-02-25,2,8,56,0,0
57,2018,0,17588,2018-02-26,2,9,57,0,0
58,2018,0,17589,2018-02-27,2,9,58,0,0
59,2018,0,17590,2018-02-28,2,9,59,0,0
60,2018,0,17591,2018-03-01,3,9,60,0,0
61,2018,0,17592,2018-03-02,3,9,61,0,0
62,2018,0,17593,2018-03-03,3,9,62,0,0
63,2018,0,17594,2018-03-04,3,9,63,0,0
64,2018,0,17595,2018-03-05,3,10,64,0,0
65,2018,0,17596,2018-03-06,3,10,65,0,0
66,2018,0,17597,2018-03-07,3,10,66,0,0
67,2018,0,17598,2018-03-08,3,10,67,0,0
68,2018,0,17599,2018-03-09,3,10,68,0,0
69,2018,0,17600,2018-03-10,3,10,69,0,0
70,2018,0,17601,2018-03-11,3,10,70,0,0
71,2018,0,17602,2018-03-12,3,11,71,0,0
72,2018,0,17603,2018-03-13,3,11,72,0,0
73,2018,0,17604,2018-03-14,3,11,73,0,0
74,2018,0,17605,2018-03-15,3,11,74,0,0
75,2018,0,17606,2018-03-16,3,11,75,0,0
76,2018,0,17607,2018-03-17,3,11,76,0,0
77,2018,0,17608,2018-03-18,3,11,77,0,0
78,2018,0,17609,2018-03-19,3,12,78,0,0
79,2018,0,17610,2018-03-20,3,12,79,0,0
80,2018,0,17611,2018-03-21,3,12,80,0,0
81,2018,0,17612,2018-03-22,3,12,81,0,0
82,2018,0,17613,2018-03-23,3,12,82,0,0
83,2018,1,17614,2018-03-24,3,12,83,1,0.07662835249042146
84,2018,0,17615,2018-03-25,3,12,84,1,0.07662835249042146
85,2018,1,17616,2018-03-26,3,13,85,2,0.15325670498084293
86,2018,3,17617,2018-03-27,3,13,86,5,0.38314176245210724
87,2018,2,17618,2018-03-28,3,13,87,7,0.5363984674329502
88,2018,8,17619,2018-03-29,3,13,88,15,1.1494252873563218
89,2018,6,17620,2018-03-30,3,13,89,21,1.6091954022988506
90,2018,1,17621,2018-03-31,3,13,90,22,1.6858237547892718
91,2018,4,17622,2018-04-01,4,13,91,26,1.992337164750958
92,2018,7,17623,2018-04-02,4,14,92,33,2.528735632183908
93,2018,10,17624,2018-04-03,4,14,93,43,3.295019157088123
94,2018,0,17625,2018-04-04,4,14,94,43,3.295019157088123
95,2018,4,17626,2018-04-05,4,14,95,47,3.601532567049808
96,2018,17,17627,2018-04-06,4,14,96,64,4.904214559386974
97,2018,14,17628,2018-04-07,4,14,97,78,5.977011494252873
98,2018,8,17629,2018-04-08,4,14,98,86,6.590038314176246
99,2018,14,17630,2018-04-09,4,15,99,100,7.662835249042145
100,2018,12,17631,2018-04-10,4,15,100,112,8.582375478927203
101,2018,21,17632,2018-04-11,4,15,101,133,10.191570881226053
102,2018,49,17633,2018-04-12,4,15,102,182,13.946360153256704
103,2018,25,17634,2018-04-13,4,15,103,207,15.862068965517242
104,2018,58,17635,2018-04-14,4,15,104,265,20.306513409961685
105,2018,101,17636,2018-04-15,4,15,105,366,28.045977011494255
106,2018,95,17637,2018-04-16,4,16,106,461,35.32567049808429
107,2018,68,17638,2018-04-17,4,16,107,529,40.536398467432946
108,2018,81,17639,2018-04-18,4,16,108,610,46.74329501915709
109,2018,141,17640,2018-04-19,4,16,109,751,57.547892720306514
110,2018,115,17641,2018-04-20,4,16,110,866,66.36015325670498
111,2018,87,17642,2018-04-21,4,16,111,953,73.02681992337165
112,2018,76,17643,2018-04-22,4,16,112,1029,78.85057471264368
113,2018,30,17644,2018-04-23,4,17,113,1059,81.14942528735632
114,2018,19,17645,2018-04-24,4,17,114,1078,82.60536398467433
115,2018,25,17646,2018-04-25,4,17,115,1103,84.52107279693487
116,2018,11,17647,2018-04-26,4,17,116,1114,85.3639846743295
117,2018,27,17648,2018-04-27,4,17,117,1141,87.43295019157088
118,2018,28,17649,2018-04-28,4,17,118,1169,89.57854406130268
119,2018,19,17650,2018-04-29,4,17,119,1188,91.0344827586207
120,2018,20,17651,2018-04-30,4,18,120,1208,92.56704980842912
121,2018,10,17652,2018-05-01,5,18,121,1218,93.33333333333333
122,2018,26,17653,2018-05-02,5,18,122,1244,95.32567049808429
123,2018,24,17654,2018-05-03,5,18,123,1268,97.16475095785441
124,2018,6,17655,2018-05-04,5,18,124,1274,97.62452107279694
125,2018,2,17656,2018-05-05,5,18,125,1276,97.77777777777777
126,2018,7,17657,2018-05-06,5,18,126,1283,98.31417624521073
127,2018,3,17658,2018-05-07,5,19,127,1286,98.544061302682
128,2018,2,17659,2018-05-08,5,19,128,1288,98.69731800766284
129,2018,3,17660,2018-05-09,5,19,129,1291,98.9272030651341
130,2018,6,17661,2018-05-10,5,19,130,1297,99.38697318007664
131,2018,0,17662,2018-05-11,5,19,131,1297,99.38697318007664
132,2018,2,17663,2018-05-12,5,19,132,1299,99.54022988505747
133,2018,1,17664,2018-05-13,5,19,133,1300,99.61685823754789
134,2018,1,17665,2018-05-14,5,20,134,1301,99.69348659003832
135,2018,1,17666,2018-05-15,5,20,135,1302,99.77011494252874
136,2018,0,17667,2018-05-16,5,20,136,1302,99.77011494252874
137,2018,1,17668,2018-05-17,5,20,137,1303,99.84674329501915
138,2018,1,17669,2018-05-18,5,20,138,1304,99.92337164750957
139,2018,0,17670,2018-05-19,5,20,139,1304,99.92337164750957
140,2018,0,17671,2018-05-20,5,20,140,1304,99.92337164750957
141,2018,0,17672,2018-05-21,5,21,141,1304,99.92337164750957
142,2018,0,17673,2018-05-22,5,21,142,1304,99.92337164750957
143,2018,0,17674,2018-05-23,5,21,143,1304,99.92337164750957
144,2018,0,17675,2018-05-24,5,21,144,1304,99.92337164750957
145,2018,0,17676,2018-05-25,5,21,145,1304,99.92337164750957
146,2018,0,17677,2018-05-26,5,21,146,1304,99.92337164750957
147,2018,1,17678,2018-05-27,5,21,147,1305,100
148,2018,0,17679,2018-05-28,5,22,148,1305,100
149,2018,0,17680,2018-05-29,5,22,149,1305,100
150,2018,0,17681,2018-05-30,5,22,150,1305,100
151,2018,0,17682,2018-05-31,5,22,151,1305,100
152,2018,0,17683,2018-06-01,6,22,152,1305,100
153,2018,0,17684,2018-06-02,6,22,153,1305,100
154,2018,0,17685,2018-06-03,6,22,154,1305,100
155,2018,0,17686,2018-06-04,6,23,155,1305,100
156,2018,0,17687,2018-06-05,6,23,156,1305,100
157,2018,0,17688,2018-06-06,6,23,157,1305,100
158,2018,0,17689,2018-06-07,6,23,158,1305,100
159,2018,0,17690,2018-06-08,6,23,159,1305,100
160,2018,0,17691,2018-06-09,6,23,160,1305,100
161,2018,0,17692,2018-06-10,6,23,161,1305,100
162,2018,0,17693,2018-06-11,6,24,162,1305,100
163,2018,0,17694,2018-06-12,6,24,163,1305,100
164,2018,0,17695,2018-06-13,6,24,164,1305,100
165,2018,0,17696,2018-06-14,6,24,165,1305,100
166,2018,0,17697,2018-06-15,6,24,166,1305,100
167,2018,0,17698,2018-06-16,6,24,167,1305,100
168,2018,0,17699,2018-06-17,6,24,168,1305,100
169,2018,0,17700,2018-06-18,6,25,169,1305,100
170,2018,0,17701,2018-06-19,6,25,170,1305,100
171,2018,0,17702,2018-06-20,6,25,171,1305,100
172,2018,0,17703,2018-06-21,6,25,172,1305,100
173,2018,0,17704,2018-06-22,6,25,173,1305,100
174,2018,0,17705,2018-06-23,6,25,174,1305,100
175,2018,0,17706,2018-06-24,6,25,175,1305,100
176,2018,0,17707,2018-06-25,6,26,176,1305,100
177,2018,0,17708,2018-06-26,6,26,177,1305,100
178,2018,0,17709,2018-06-27,6,26,178,1305,100
179,2018,0,17710,2018-06-28,6,26,179,1305,100
180,2018,0,17711,2018-06-29,6,26,180,1305,100
1,2019,0,17897,2019-01-01,1,1,1,0,0
2,2019,0,17898,2019-01-02,1,1,2,0,0
3,2019,0,17899,2019-01-03,1,1,3,0,0
4,2019,0,17900,2019-01-04,1,1,4,0,0
5,2019,0,17901,2019-01-05,1,1,5,0,0
6,2019,0,17902,2019-01-06,1,1,6,0,0
7,2019,0,17903,2019-01-07,1,1,7,0,0
8,2019,0,17904,2019-01-08,1,2,8,0,0
9,2019,0,17905,2019-01-09,1,2,9,0,0
10,2019,0,17906,2019-01-10,1,2,10,0,0
11,2019,0,17907,2019-01-11,1,2,11,0,0
12,2019,0,17908,2019-01-12,1,2,12,0,0
13,2019,0,17909,2019-01-13,1,2,13,0,0
14,2019,0,17910,2019-01-14,1,2,14,0,0
15,2019,0,17911,2019-01-15,1,3,15,0,0
16,2019,0,17912,2019-01-16,1,3,16,0,0
17,2019,0,17913,2019-01-17,1,3,17,0,0
18,2019,0,17914,2019-01-18,1,3,18,0,0
19,2019,0,17915,2019-01-19,1,3,19,0,0
20,2019,0,17916,2019-01-20,1,3,20,0,0
21,2019,0,17917,2019-01-21,1,3,21,0,0
22,2019,0,17918,2019-01-22,1,4,22,0,0
23,2019,0,17919,2019-01-23,1,4,23,0,0
24,2019,0,17920,2019-01-24,1,4,24,0,0
25,2019,0,17921,2019-01-25,1,4,25,0,0
26,2019,0,17922,2019-01-26,1,4,26,0,0
27,2019,0,17923,2019-01-27,1,4,27,0,0
28,2019,0,17924,2019-01-28,1,4,28,0,0
29,2019,0,17925,2019-01-29,1,5,29,0,0
30,2019,0,17926,2019-01-30,1,5,30,0,0
31,2019,0,17927,2019-01-31,1,5,31,0,0
32,2019,0,17928,2019-02-01,2,5,32,0,0
33,2019,0,17929,2019-02-02,2,5,33,0,0
34,2019,0,17930,2019-02-03,2,5,34,0,0
35,2019,0,17931,2019-02-04,2,5,35,0,0
36,2019,0,17932,2019-02-05,2,6,36,0,0
37,2019,0,17933,2019-02-06,2,6,37,0,0
38,2019,0,17934,2019-02-07,2,6,38,0,0
39,2019,0,17935,2019-02-08,2,6,39,0,0
40,2019,0,17936,2019-02-09,2,6,40,0,0
41,2019,0,17937,2019-02-10,2,6,41,0,0
42,2019,0,17938,2019-02-11,2,6,42,0,0
43,2019,0,17939,2019-02-12,2,7,43,0,0
44,2019,0,17940,2019-02-13,2,7,44,0,0
45,2019,0,17941,2019-02-14,2,7,45,0,0
46,2019,0,17942,2019-02-15,2,7,46,0,0
47,2019,0,17943,2019-02-16,2,7,47,0,0
48,2019,0,17944,2019-02-17,2,7,48,0,0
49,2019,0,17945,2019-02-18,2,7,49,0,0
50,2019,0,17946,2019-02-19,2,8,50,0,0
51,2019,0,17947,2019-02-20,2,8,51,0,0
52,2019,0,17948,2019-02-21,2,8,52,0,0
53,2019,0,17949,2019-02-22,2,8,53,0,0
54,2019,0,17950,2019-02-23,2,8,54,0,0
55,2019,0,17951,2019-02-24,2,8,55,0,0
56,2019,0,17952,2019-02-25,2,8,56,0,0
57,2019,0,17953,2019-02-26,2,9,57,0,0
58,2019,0,17954,2019-02-27,2,9,58,0,0
59,2019,0,17955,2019-02-28,2,9,59,0,0
60,2019,0,17956,2019-03-01,3,9,60,0,0
61,2019,0,17957,2019-03-02,3,9,61,0,0
62,2019,0,17958,2019-03-03,3,9,62,0,0
63,2019,0,17959,2019-03-04,3,9,63,0,0
64,2019,0,17960,2019-03-05,3,10,64,0,0
65,2019,0,17961,2019-03-06,3,10,65,0,0
66,2019,0,17962,2019-03-07,3,10,66,0,0
67,2019,0,17963,2019-03-08,3,10,67,0,0
68,2019,0,17964,2019-03-09,3,10,68,0,0
69,2019,0,17965,2019-03-10,3,10,69,0,0
70,2019,0,17966,2019-03-11,3,10,70,0,0
71,2019,0,17967,2019-03-12,3,11,71,0,0
72,2019,0,17968,2019-03-13,3,11,72,0,0
73,2019,0,17969,2019-03-14,3,11,73,0,0
74,2019,0,17970,2019-03-15,3,11,74,0,0
75,2019,0,17971,2019-03-16,3,11,75,0,0
76,2019,0,17972,2019-03-17,3,11,76,0,0
77,2019,0,17973,2019-03-18,3,11,77,0,0
78,2019,0,17974,2019-03-19,3,12,78,0,0
79,2019,0,17975,2019-03-20,3,12,79,0,0
80,2019,2,17976,2019-03-21,3,12,80,2,0.10976948408342481
81,2019,1,17977,2019-03-22,3,12,81,3,0.1646542261251372
82,2019,6,17978,2019-03-23,3,12,82,9,0.49396267837541163
83,2019,9,17979,2019-03-24,3,12,83,18,0.9879253567508233
84,2019,7,17980,2019-03-25,3,12,84,25,1.3721185510428102
85,2019,4,17981,2019-03-26,3,13,85,29,1.5916575192096598
86,2019,5,17982,2019-03-27,3,13,86,34,1.8660812294182216
87,2019,2,17983,2019-03-28,3,13,87,36,1.9758507135016465
88,2019,5,17984,2019-03-29,3,13,88,41,2.250274423710209
89,2019,10,17985,2019-03-30,3,13,89,51,2.7991218441273324
90,2019,21,17986,2019-03-31,3,13,90,72,3.951701427003293
91,2019,21,17987,2019-04-01,4,13,91,93,5.104281009879254
92,2019,22,17988,2019-04-02,4,14,92,115,6.311745334796927
93,2019,24,17989,2019-04-03,4,14,93,139,7.628979143798024
94,2019,19,17990,2019-04-04,4,14,94,158,8.67178924259056
95,2019,28,17991,2019-04-05,4,14,95,186,10.208562019758508
96,2019,91,17992,2019-04-06,4,14,96,277,15.203073545554336
97,2019,50,17993,2019-04-07,4,14,97,327,17.947310647639956
98,2019,22,17994,2019-04-08,4,14,98,349,19.15477497255763
99,2019,21,17995,2019-04-09,4,15,99,370,20.30735455543359
100,2019,26,17996,2019-04-10,4,15,100,396,21.734357848518112
101,2019,13,17997,2019-04-11,4,15,101,409,22.447859495060374
102,2019,10,17998,2019-04-12,4,15,102,419,22.996706915477496
103,2019,7,17999,2019-04-13,4,15,103,426,23.380900109769485
104,2019,4,18000,2019-04-14,4,15,104,430,23.600439077936333
105,2019,9,18001,2019-04-15,4,15,105,439,24.094401756311747
106,2019,25,18002,2019-04-16,4,16,106,464,25.466520307354557
107,2019,46,18003,2019-04-17,4,16,107,510,27.991218441273325
108,2019,172,18004,2019-04-18,4,16,108,682,37.43139407244786
109,2019,144,18005,2019-04-19,4,16,109,826,45.334796926454445
110,2019,107,18006,2019-04-20,4,16,110,933,51.20746432491767
111,2019,289,18007,2019-04-21,4,16,111,1222,67.06915477497256
112,2019,183,18008,2019-04-22,4,16,112,1405,77.11306256860593
113,2019,69,18009,2019-04-23,4,17,113,1474,80.90010976948409
114,2019,39,18010,2019-04-24,4,17,114,1513,83.04061470911087
115,2019,70,18011,2019-04-25,4,17,115,1583,86.88254665203074
116,2019,65,18012,2019-04-26,4,17,116,1648,90.45005488474203
117,2019,26,18013,2019-04-27,4,17,117,1674,91.87705817782657
118,2019,33,18014,2019-04-28,4,17,118,1707,93.68825466520308
119,2019,25,18015,2019-04-29,4,17,119,1732,95.06037321624589
120,2019,17,18016,2019-04-30,4,18,120,1749,95.99341383095499
121,2019,12,18017,2019-05-01,5,18,121,1761,96.65203073545554
122,2019,13,18018,2019-05-02,5,18,122,1774,97.3655323819978
123,2019,13,18019,2019-05-03,5,18,123,1787,98.07903402854006
124,2019,3,18020,2019-05-04,5,18,124,1790,98.2436882546652
125,2019,6,18021,2019-05-05,5,18,125,1796,98.57299670691548
126,2019,0,18022,2019-05-06,5,18,126,1796,98.57299670691548
127,2019,20,18023,2019-05-07,5,19,127,1816,99.67069154774973
128,2019,2,18024,2019-05-08,5,19,128,1818,99.78046103183314
129,2019,0,18025,2019-05-09,5,19,129,1818,99.78046103183314
130,2019,0,18026,2019-05-10,5,19,130,1818,99.78046103183314
131,2019,0,18027,2019-05-11,5,19,131,1818,99.78046103183314
132,2019,0,18028,2019-05-12,5,19,132,1818,99.78046103183314
133,2019,0,18029,2019-05-13,5,19,133,1818,99.78046103183314
134,2019,0,18030,2019-05-14,5,20,134,1818,99.78046103183314
135,2019,0,18031,2019-05-15,5,20,135,1818,99.78046103183314
136,2019,0,18032,2019-05-16,5,20,136,1818,99.78046103183314
137,2019,0,18033,2019-05-17,5,20,137,1818,99.78046103183314
138,2019,0,18034,2019-05-18,5,20,138,1818,99.78046103183314
139,2019,2,18035,2019-05-19,5,20,139,1820,99.89023051591658
140,2019,0,18036,2019-05-20,5,20,140,1820,99.89023051591658
141,2019,0,18037,2019-05-21,5,21,141,1820,99.89023051591658
142,2019,0,18038,2019-05-22,5,21,142,1820,99.89023051591658
143,2019,1,18039,2019-05-23,5,21,143,1821,99.94511525795828
144,2019,0,18040,2019-05-24,5,21,144,1821,99.94511525795828
145,2019,0,18041,2019-05-25,5,21,145,1821,99.94511525795828
146,2019,1,18042,2019-05-26,5,21,146,1822,100
147,2019,0,18043,2019-05-27,5,21,147,1822,100
148,2019,0,18044,2019-05-28,5,22,148,1822,100
149,2019,0,18045,2019-05-29,5,22,149,1822,100
150,2019,0,18046,2019-05-30,5,22,150,1822,100
151,2019,0,18047,2019-05-31,5,22,151,1822,100
152,2019,0,18048,2019-06-01,6,22,152,1822,100
153,2019,0,18049,2019-06-02,6,22,153,1822,100
154,2019,0,18050,2019-06-03,6,22,154,1822,100
155,2019,0,18051,2019-06-04,6,23,155,1822,100
156,2019,0,18052,2019-06-05,6,23,156,1822,100
157,2019,0,18053,2019-06-06,6,23,157,1822,100
158,2019,0,18054,2019-06-07,6,23,158,1822,100
159,2019,0,18055,2019-06-08,6,23,159,1822,100
160,2019,0,18056,2019-06-09,6,23,160,1822,100
161,2019,0,18057,2019-06-10,6,23,161,1822,100
162,2019,0,18058,2019-06-11,6,24,162,1822,100
163,2019,0,18059,2019-06-12,6,24,163,1822,100
164,2019,0,18060,2019-06-13,6,24,164,1822,100
165,2019,0,18061,2019-06-14,6,24,165,1822,100
166,2019,0,18062,2019-06-15,6,24,166,1822,100
167,2019,0,18063,2019-06-16,6,24,167,1822,100
168,2019,0,18064,2019-06-17,6,24,168,1822,100
169,2019,0,18065,2019-06-18,6,25,169,1822,100
170,2019,0,18066,2019-06-19,6,25,170,1822,100
171,2019,0,18067,2019-06-20,6,25,171,1822,100
172,2019,0,18068,2019-06-21,6,25,172,1822,100
173,2019,0,18069,2019-06-22,6,25,173,1822,100
174,2019,0,18070,2019-06-23,6,25,174,1822,100
175,2019,0,18071,2019-06-24,6,25,175,1822,100
176,2019,0,18072,2019-06-25,6,26,176,1822,100
177,2019,0,18073,2019-06-26,6,26,177,1822,100
178,2019,0,18074,2019-06-27,6,26,178,1822,100
179,2019,0,18075,2019-06-28,6,26,179,1822,100
180,2019,0,18076,2019-06-29,6,26,180,1822,100
1,2020,0,18262,2020-01-01,1,1,1,0,NA
2,2020,0,18263,2020-01-02,1,1,2,0,NA
3,2020,0,18264,2020-01-03,1,1,3,0,NA
4,2020,0,18265,2020-01-04,1,1,4,0,NA
5,2020,0,18266,2020-01-05,1,1,5,0,NA
6,2020,0,18267,2020-01-06,1,1,6,0,NA
7,2020,0,18268,2020-01-07,1,1,7,0,NA
8,2020,0,18269,2020-01-08,1,2,8,0,NA
9,2020,0,18270,2020-01-09,1,2,9,0,NA
10,2020,0,18271,2020-01-10,1,2,10,0,NA
11,2020,0,18272,2020-01-11,1,2,11,0,NA
12,2020,0,18273,2020-01-12,1,2,12,0,NA
13,2020,0,18274,2020-01-13,1,2,13,0,NA
14,2020,0,18275,2020-01-14,1,2,14,0,NA
15,2020,0,18276,2020-01-15,1,3,15,0,NA
16,2020,0,18277,2020-01-16,1,3,16,0,NA
17,2020,0,18278,2020-01-17,1,3,17,0,NA
18,2020,0,18279,2020-01-18,1,3,18,0,NA
19,2020,0,18280,2020-01-19,1,3,19,0,NA
20,2020,0,18281,2020-01-20,1,3,20,0,NA
21,2020,0,18282,2020-01-21,1,3,21,0,NA
22,2020,0,18283,2020-01-22,1,4,22,0,NA
23,2020,0,18284,2020-01-23,1,4,23,0,NA
24,2020,0,18285,2020-01-24,1,4,24,0,NA
25,2020,0,18286,2020-01-25,1,4,25,0,NA
26,2020,0,18287,2020-01-26,1,4,26,0,NA
27,2020,0,18288,2020-01-27,1,4,27,0,NA
28,2020,0,18289,2020-01-28,1,4,28,0,NA
29,2020,0,18290,2020-01-29,1,5,29,0,NA
30,2020,0,18291,2020-01-30,1,5,30,0,NA
31,2020,0,18292,2020-01-31,1,5,31,0,NA
32,2020,0,18293,2020-02-01,2,5,32,0,NA
33,2020,0,18294,2020-02-02,2,5,33,0,NA
34,2020,0,18295,2020-02-03,2,5,34,0,NA
35,2020,0,18296,2020-02-04,2,5,35,0,NA
36,2020,0,18297,2020-02-05,2,6,36,0,NA
37,2020,0,18298,2020-02-06,2,6,37,0,NA
38,2020,0,18299,2020-02-07,2,6,38,0,NA
39,2020,0,18300,2020-02-08,2,6,39,0,NA
40,2020,0,18301,2020-02-09,2,6,40,0,NA
41,2020,0,18302,2020-02-10,2,6,41,0,NA
42,2020,0,18303,2020-02-11,2,6,42,0,NA
43,2020,0,18304,2020-02-12,2,7,43,0,NA
44,2020,0,18305,2020-02-13,2,7,44,0,NA
45,2020,0,18306,2020-02-14,2,7,45,0,NA
46,2020,0,18307,2020-02-15,2,7,46,0,NA
47,2020,0,18308,2020-02-16,2,7,47,0,NA
48,2020,0,18309,2020-02-17,2,7,48,0,NA
49,2020,0,18310,2020-02-18,2,7,49,0,NA
50,2020,0,18311,2020-02-19,2,8,50,0,NA
51,2020,0,18312,2020-02-20,2,8,51,0,NA
52,2020,0,18313,2020-02-21,2,8,52,0,NA
53,2020,0,18314,2020-02-22,2,8,53,0,NA
54,2020,0,18315,2020-02-23,2,8,54,0,NA
55,2020,0,18316,2020-02-24,2,8,55,0,NA
56,2020,0,18317,2020-02-25,2,8,56,0,NA
57,2020,0,18318,2020-02-26,2,9,57,0,NA
58,2020,0,18319,2020-02-27,2,9,58,0,NA
59,2020,0,18320,2020-02-28,2,9,59,0,NA
60,2020,0,18321,2020-02-29,2,9,60,0,NA
61,2020,0,18322,2020-03-01,3,9,61,0,NA
62,2020,0,18323,2020-03-02,3,9,62,0,NA
63,2020,0,18324,2020-03-03,3,9,63,0,NA
64,2020,0,18325,2020-03-04,3,10,64,0,NA
65,2020,0,18326,2020-03-05,3,10,65,0,NA
66,2020,0,18327,2020-03-06,3,10,66,0,NA
67,2020,0,18328,2020-03-07,3,10,67,0,NA
68,2020,0,18329,2020-03-08,3,10,68,0,NA
69,2020,0,18330,2020-03-09,3,10,69,0,NA
70,2020,0,18331,2020-03-10,3,10,70,0,NA
71,2020,0,18332,2020-03-11,3,11,71,0,NA
72,2020,0,18333,2020-03-12,3,11,72,0,NA
73,2020,0,18334,2020-03-13,3,11,73,0,NA
74,2020,0,18335,2020-03-14,3,11,74,0,NA
75,2020,0,18336,2020-03-15,3,11,75,0,NA
76,2020,0,18337,2020-03-16,3,11,76,0,NA
77,2020,0,18338,2020-03-17,3,11,77,0,NA
78,2020,0,18339,2020-03-18,3,12,78,0,NA
79,2020,0,18340,2020-03-19,3,12,79,0,NA
80,2020,0,18341,2020-03-20,3,12,80,0,NA
81,2020,0,18342,2020-03-21,3,12,81,0,NA
82,2020,0,18343,2020-03-22,3,12,82,0,NA
83,2020,0,18344,2020-03-23,3,12,83,0,NA
84,2020,0,18345,2020-03-24,3,12,84,0,NA
85,2020,0,18346,2020-03-25,3,13,85,0,NA
86,2020,0,18347,2020-03-26,3,13,86,0,NA
87,2020,0,18348,2020-03-27,3,13,87,0,NA
88,2020,0,18349,2020-03-28,3,13,88,0,NA
89,2020,0,18350,2020-03-29,3,13,89,0,NA
90,2020,0,18351,2020-03-30,3,13,90,0,NA
91,2020,0,18352,2020-03-31,3,13,91,0,NA
92,2020,0,18353,2020-04-01,4,14,92,0,NA
93,2020,0,18354,2020-04-02,4,14,93,0,NA
94,2020,0,18355,2020-04-03,4,14,94,0,NA
95,2020,0,18356,2020-04-04,4,14,95,0,NA
96,2020,0,18357,2020-04-05,4,14,96,0,NA
97,2020,0,18358,2020-04-06,4,14,97,0,NA
98,2020,0,18359,2020-04-07,4,14,98,0,NA
99,2020,0,18360,2020-04-08,4,15,99,0,NA
100,2020,0,18361,2020-04-09,4,15,100,0,NA
101,2020,0,18362,2020-04-10,4,15,101,0,NA
102,2020,0,18363,2020-04-11,4,15,102,0,NA
103,2020,0,18364,2020-04-12,4,15,103,0,NA
104,2020,0,18365,2020-04-13,4,15,104,0,NA
105,2020,0,18366,2020-04-14,4,15,105,0,NA
106,2020,0,18367,2020-04-15,4,16,106,0,NA
107,2020,0,18368,2020-04-16,4,16,107,0,NA
108,2020,0,18369,2020-04-17,4,16,108,0,NA
109,2020,0,18370,2020-04-18,4,16,109,0,NA
110,2020,0,18371,2020-04-19,4,16,110,0,NA
111,2020,0,18372,2020-04-20,4,16,111,0,NA
112,2020,0,18373,2020-04-21,4,16,112,0,NA
113,2020,0,18374,2020-04-22,4,17,113,0,NA
114,2020,0,18375,2020-04-23,4,17,114,0,NA
115,2020,0,18376,2020-04-24,4,17,115,0,NA
116,2020,0,18377,2020-04-25,4,17,116,0,NA
117,2020,0,18378,2020-04-26,4,17,117,0,NA
118,2020,0,18379,2020-04-27,4,17,118,0,NA
119,2020,0,18380,2020-04-28,4,17,119,0,NA
120,2020,0,18381,2020-04-29,4,18,120,0,NA
121,2020,0,18382,2020-04-30,4,18,121,0,NA
122,2020,0,18383,2020-05-01,5,18,122,0,NA
123,2020,0,18384,2020-05-02,5,18,123,0,NA
124,2020,0,18385,2020-05-03,5,18,124,0,NA
125,2020,0,18386,2020-05-04,5,18,125,0,NA
126,2020,0,18387,2020-05-05,5,18,126,0,NA
127,2020,0,18388,2020-05-06,5,19,127,0,NA
128,2020,0,18389,2020-05-07,5,19,128,0,NA
129,2020,0,18390,2020-05-08,5,19,129,0,NA
130,2020,0,18391,2020-05-09,5,19,130,0,NA
131,2020,0,18392,2020-05-10,5,19,131,0,NA
132,2020,0,18393,2020-05-11,5,19,132,0,NA
133,2020,0,18394,2020-05-12,5,19,133,0,NA
134,2020,0,18395,2020-05-13,5,20,134,0,NA
135,2020,0,18396,2020-05-14,5,20,135,0,NA
136,2020,0,18397,2020-05-15,5,20,136,0,NA
137,2020,0,18398,2020-05-16,5,20,137,0,NA
138,2020,0,18399,2020-05-17,5,20,138,0,NA
139,2020,0,18400,2020-05-18,5,20,139,0,NA
140,2020,0,18401,2020-05-19,5,20,140,0,NA
141,2020,0,18402,2020-05-20,5,21,141,0,NA
142,2020,0,18403,2020-05-21,5,21,142,0,NA
143,2020,0,18404,2020-05-22,5,21,143,0,NA
144,2020,0,18405,2020-05-23,5,21,144,0,NA
145,2020,0,18406,2020-05-24,5,21,145,0,NA
146,2020,0,18407,2020-05-25,5,21,146,0,NA
147,2020,0,18408,2020-05-26,5,21,147,0,NA
148,2020,0,18409,2020-05-27,5,22,148,0,NA
149,2020,0,18410,2020-05-28,5,22,149,0,NA
150,2020,0,18411,2020-05-29,5,22,150,0,NA
151,2020,0,18412,2020-05-30,5,22,151,0,NA
152,2020,0,18413,2020-05-31,5,22,152,0,NA
153,2020,0,18414,2020-06-01,6,22,153,0,NA
154,2020,0,18415,2020-06-02,6,22,154,0,NA
155,2020,0,18416,2020-06-03,6,23,155,0,NA
156,2020,0,18417,2020-06-04,6,23,156,0,NA
157,2020,0,18418,2020-06-05,6,23,157,0,NA
158,2020,0,18419,2020-06-06,6,23,158,0,NA
159,2020,0,18420,2020-06-07,6,23,159,0,NA
160,2020,0,18421,2020-06-08,6,23,160,0,NA
161,2020,0,18422,2020-06-09,6,23,161,0,NA
162,2020,0,18423,2020-06-10,6,24,162,0,NA
163,2020,0,18424,2020-06-11,6,24,163,0,NA
164,2020,0,18425,2020-06-12,6,24,164,0,NA
165,2020,0,18426,2020-06-13,6,24,165,0,NA
166,2020,0,18427,2020-06-14,6,24,166,0,NA
167,2020,0,18428,2020-06-15,6,24,167,0,NA
168,2020,0,18429,2020-06-16,6,24,168,0,NA
169,2020,0,18430,2020-06-17,6,25,169,0,NA
170,2020,0,18431,2020-06-18,6,25,170,0,NA
171,2020,0,18432,2020-06-19,6,25,171,0,NA
172,2020,0,18433,2020-06-20,6,25,172,0,NA
173,2020,0,18434,2020-06-21,6,25,173,0,NA
174,2020,0,18435,2020-06-22,6,25,174,0,NA
175,2020,0,18436,2020-06-23,6,25,175,0,NA
176,2020,0,18437,2020-06-24,6,26,176,0,NA
177,2020,0,18438,2020-06-25,6,26,177,0,NA
178,2020,0,18439,2020-06-26,6,26,178,0,NA
179,2020,0,18440,2020-06-27,6,26,179,0,NA
180,2020,0,18441,2020-06-28,6,26,180,0,NA
1,2021,0,18628,2021-01-01,1,1,1,0,0
2,2021,0,18629,2021-01-02,1,1,2,0,0
3,2021,0,18630,2021-01-03,1,1,3,0,0
4,2021,0,18631,2021-01-04,1,1,4,0,0
5,2021,0,18632,2021-01-05,1,1,5,0,0
6,2021,0,18633,2021-01-06,1,1,6,0,0
7,2021,0,18634,2021-01-07,1,1,7,0,0
8,2021,0,18635,2021-01-08,1,2,8,0,0
9,2021,0,18636,2021-01-09,1,2,9,0,0
10,2021,0,18637,2021-01-10,1,2,10,0,0
11,2021,0,18638,2021-01-11,1,2,11,0,0
12,2021,0,18639,2021-01-12,1,2,12,0,0
13,2021,0,18640,2021-01-13,1,2,13,0,0
14,2021,0,18641,2021-01-14,1,2,14,0,0
15,2021,0,18642,2021-01-15,1,3,15,0,0
16,2021,0,18643,2021-01-16,1,3,16,0,0
17,2021,0,18644,2021-01-17,1,3,17,0,0
18,2021,0,18645,2021-01-18,1,3,18,0,0
19,2021,0,18646,2021-01-19,1,3,19,0,0
20,2021,0,18647,2021-01-20,1,3,20,0,0
21,2021,0,18648,2021-01-21,1,3,21,0,0
22,2021,0,18649,2021-01-22,1,4,22,0,0
23,2021,0,18650,2021-01-23,1,4,23,0,0
24,2021,0,18651,2021-01-24,1,4,24,0,0
25,2021,0,18652,2021-01-25,1,4,25,0,0
26,2021,0,18653,2021-01-26,1,4,26,0,0
27,2021,0,18654,2021-01-27,1,4,27,0,0
28,2021,0,18655,2021-01-28,1,4,28,0,0
29,2021,0,18656,2021-01-29,1,5,29,0,0
30,2021,0,18657,2021-01-30,1,5,30,0,0
31,2021,0,18658,2021-01-31,1,5,31,0,0
32,2021,0,18659,2021-02-01,2,5,32,0,0
33,2021,0,18660,2021-02-02,2,5,33,0,0
34,2021,0,18661,2021-02-03,2,5,34,0,0
35,2021,0,18662,2021-02-04,2,5,35,0,0
36,2021,0,18663,2021-02-05,2,6,36,0,0
37,2021,0,18664,2021-02-06,2,6,37,0,0
38,2021,0,18665,2021-02-07,2,6,38,0,0
39,2021,0,18666,2021-02-08,2,6,39,0,0
40,2021,0,18667,2021-02-09,2,6,40,0,0
41,2021,0,18668,2021-02-10,2,6,41,0,0
42,2021,0,18669,2021-02-11,2,6,42,0,0
43,2021,0,18670,2021-02-12,2,7,43,0,0
44,2021,0,18671,2021-02-13,2,7,44,0,0
45,2021,0,18672,2021-02-14,2,7,45,0,0
46,2021,0,18673,2021-02-15,2,7,46,0,0
47,2021,0,18674,2021-02-16,2,7,47,0,0
48,2021,0,18675,2021-02-17,2,7,48,0,0
49,2021,0,18676,2021-02-18,2,7,49,0,0
50,2021,0,18677,2021-02-19,2,8,50,0,0
51,2021,0,18678,2021-02-20,2,8,51,0,0
52,2021,0,18679,2021-02-21,2,8,52,0,0
53,2021,0,18680,2021-02-22,2,8,53,0,0
54,2021,0,18681,2021-02-23,2,8,54,0,0
55,2021,0,18682,2021-02-24,2,8,55,0,0
56,2021,0,18683,2021-02-25,2,8,56,0,0
57,2021,0,18684,2021-02-26,2,9,57,0,0
58,2021,0,18685,2021-02-27,2,9,58,0,0
59,2021,0,18686,2021-02-28,2,9,59,0,0
60,2021,0,18687,2021-03-01,3,9,60,0,0
61,2021,0,18688,2021-03-02,3,9,61,0,0
62,2021,0,18689,2021-03-03,3,9,62,0,0
63,2021,0,18690,2021-03-04,3,9,63,0,0
64,2021,0,18691,2021-03-05,3,10,64,0,0
65,2021,0,18692,2021-03-06,3,10,65,0,0
66,2021,0,18693,2021-03-07,3,10,66,0,0
67,2021,0,18694,2021-03-08,3,10,67,0,0
68,2021,0,18695,2021-03-09,3,10,68,0,0
69,2021,0,18696,2021-03-10,3,10,69,0,0
70,2021,0,18697,2021-03-11,3,10,70,0,0
71,2021,0,18698,2021-03-12,3,11,71,0,0
72,2021,0,18699,2021-03-13,3,11,72,0,0
73,2021,0,18700,2021-03-14,3,11,73,0,0
74,2021,0,18701,2021-03-15,3,11,74,0,0
75,2021,2,18702,2021-03-16,3,11,75,2,0.11204481792717086
76,2021,3,18703,2021-03-17,3,11,76,5,0.2801120448179272
77,2021,0,18704,2021-03-18,3,11,77,5,0.2801120448179272
78,2021,0,18705,2021-03-19,3,12,78,5,0.2801120448179272
79,2021,0,18706,2021-03-20,3,12,79,5,0.2801120448179272
80,2021,0,18707,2021-03-21,3,12,80,5,0.2801120448179272
81,2021,0,18708,2021-03-22,3,12,81,5,0.2801120448179272
82,2021,1,18709,2021-03-23,3,12,82,6,0.33613445378151263
83,2021,0,18710,2021-03-24,3,12,83,6,0.33613445378151263
84,2021,0,18711,2021-03-25,3,12,84,6,0.33613445378151263
85,2021,4,18712,2021-03-26,3,13,85,10,0.5602240896358543
86,2021,2,18713,2021-03-27,3,13,86,12,0.6722689075630253
87,2021,3,18714,2021-03-28,3,13,87,15,0.8403361344537815
88,2021,7,18715,2021-03-29,3,13,88,22,1.2324929971988796
89,2021,14,18716,2021-03-30,3,13,89,36,2.0168067226890756
90,2021,34,18717,2021-03-31,3,13,90,70,3.9215686274509802
91,2021,37,18718,2021-04-01,4,13,91,107,5.9943977591036415
92,2021,70,18719,2021-04-02,4,14,92,177,9.915966386554622
93,2021,62,18720,2021-04-03,4,14,93,239,13.38935574229692
94,2021,50,18721,2021-04-04,4,14,94,289,16.19047619047619
95,2021,34,18722,2021-04-05,4,14,95,323,18.095238095238095
96,2021,13,18723,2021-04-06,4,14,96,336,18.823529411764707
97,2021,11,18724,2021-04-07,4,14,97,347,19.439775910364148
98,2021,8,18725,2021-04-08,4,14,98,355,19.88795518207283
99,2021,49,18726,2021-04-09,4,15,99,404,22.633053221288517
100,2021,78,18727,2021-04-10,4,15,100,482,27.00280112044818
101,2021,43,18728,2021-04-11,4,15,101,525,29.411764705882355
102,2021,35,18729,2021-04-12,4,15,102,560,31.372549019607842
103,2021,34,18730,2021-04-13,4,15,103,594,33.27731092436974
104,2021,27,18731,2021-04-14,4,15,104,621,34.78991596638655
105,2021,21,18732,2021-04-15,4,15,105,642,35.96638655462185
106,2021,22,18733,2021-04-16,4,16,106,664,37.19887955182073
107,2021,24,18734,2021-04-17,4,16,107,688,38.543417366946784
108,2021,22,18735,2021-04-18,4,16,108,710,39.77591036414566
109,2021,39,18736,2021-04-19,4,16,109,749,41.96078431372549
110,2021,43,18737,2021-04-20,4,16,110,792,44.36974789915966
111,2021,29,18738,2021-04-21,4,16,111,821,45.99439775910364
112,2021,123,18739,2021-04-22,4,16,112,944,52.885154061624654
113,2021,99,18740,2021-04-23,4,17,113,1043,58.43137254901961
114,2021,98,18741,2021-04-24,4,17,114,1141,63.921568627450974
115,2021,41,18742,2021-04-25,4,17,115,1182,66.21848739495798
116,2021,37,18743,2021-04-26,4,17,116,1219,68.29131652661064
117,2021,60,18744,2021-04-27,4,17,117,1279,71.65266106442577
118,2021,32,18745,2021-04-28,4,17,118,1311,73.44537815126051
119,2021,50,18746,2021-04-29,4,17,119,1361,76.24649859943978
120,2021,52,18747,2021-04-30,4,18,120,1413,79.15966386554622
121,2021,52,18748,2021-05-01,5,18,121,1465,82.07282913165265
122,2021,20,18749,2021-05-02,5,18,122,1485,83.19327731092437
123,2021,17,18750,2021-05-03,5,18,123,1502,84.14565826330532
124,2021,32,18751,2021-05-04,5,18,124,1534,85.93837535014006
125,2021,22,18752,2021-05-05,5,18,125,1556,87.17086834733894
126,2021,32,18753,2021-05-06,5,18,126,1588,88.96358543417367
127,2021,29,18754,2021-05-07,5,19,127,1617,90.58823529411765
128,2021,20,18755,2021-05-08,5,19,128,1637,91.70868347338936
129,2021,17,18756,2021-05-09,5,19,129,1654,92.6610644257703
130,2021,28,18757,2021-05-10,5,19,130,1682,94.22969187675069
131,2021,7,18758,2021-05-11,5,19,131,1689,94.62184873949579
132,2021,20,18759,2021-05-12,5,19,132,1709,95.74229691876751
133,2021,20,18760,2021-05-13,5,19,133,1729,96.86274509803921
134,2021,20,18761,2021-05-14,5,20,134,1749,97.98319327731092
135,2021,13,18762,2021-05-15,5,20,135,1762,98.71148459383754
136,2021,8,18763,2021-05-16,5,20,136,1770,99.15966386554622
137,2021,2,18764,2021-05-17,5,20,137,1772,99.27170868347339
138,2021,3,18765,2021-05-18,5,20,138,1775,99.43977591036415
139,2021,3,18766,2021-05-19,5,20,139,1778,99.6078431372549
140,2021,1,18767,2021-05-20,5,20,140,1779,99.66386554621849
141,2021,1,18768,2021-05-21,5,21,141,1780,99.71988795518207
142,2021,1,18769,2021-05-22,5,21,142,1781,99.77591036414566
143,2021,0,18770,2021-05-23,5,21,143,1781,99.77591036414566
144,2021,3,18771,2021-05-24,5,21,144,1784,99.94397759103641
145,2021,0,18772,2021-05-25,5,21,145,1784,99.94397759103641
146,2021,0,18773,2021-05-26,5,21,146,1784,99.94397759103641
147,2021,0,18774,2021-05-27,5,21,147,1784,99.94397759103641
148,2021,0,18775,2021-05-28,5,22,148,1784,99.94397759103641
149,2021,1,18776,2021-05-29,5,22,149,1785,100
150,2021,0,18777,2021-05-30,5,22,150,1785,100
151,2021,0,18778,2021-05-31,5,22,151,1785,100
152,2021,0,18779,2021-06-01,6,22,152,1785,100
153,2021,0,18780,2021-06-02,6,22,153,1785,100
154,2021,0,18781,2021-06-03,6,22,154,1785,100
155,2021,0,18782,2021-06-04,6,23,155,1785,100
156,2021,0,18783,2021-06-05,6,23,156,1785,100
157,2021,0,18784,2021-06-06,6,23,157,1785,100
158,2021,0,18785,2021-06-07,6,23,158,1785,100
159,2021,0,18786,2021-06-08,6,23,159,1785,100
160,2021,0,18787,2021-06-09,6,23,160,1785,100
161,2021,0,18788,2021-06-10,6,23,161,1785,100
162,2021,0,18789,2021-06-11,6,24,162,1785,100
163,2021,0,18790,2021-06-12,6,24,163,1785,100
164,2021,0,18791,2021-06-13,6,24,164,1785,100
165,2021,0,18792,2021-06-14,6,24,165,1785,100
166,2021,0,18793,2021-06-15,6,24,166,1785,100
167,2021,0,18794,2021-06-16,6,24,167,1785,100
168,2021,0,18795,2021-06-17,6,24,168,1785,100
169,2021,0,18796,2021-06-18,6,25,169,1785,100
170,2021,0,18797,2021-06-19,6,25,170,1785,100
171,2021,0,18798,2021-06-20,6,25,171,1785,100
172,2021,0,18799,2021-06-21,6,25,172,1785,100
173,2021,0,18800,2021-06-22,6,25,173,1785,100
174,2021,0,18801,2021-06-23,6,25,174,1785,100
175,2021,0,18802,2021-06-24,6,25,175,1785,100
176,2021,0,18803,2021-06-25,6,26,176,1785,100
177,2021,0,18804,2021-06-26,6,26,177,1785,100
178,2021,0,18805,2021-06-27,6,26,178,1785,100
179,2021,0,18806,2021-06-28,6,26,179,1785,100
180,2021,0,18807,2021-06-29,6,26,180,1785,100
