julianday,year,count,intDate,date,month,week,day,dailyCountCum,dailyPercentageCum
1,1996,0,9496,1996-01-01,1,1,1,0,0
2,1996,0,9497,1996-01-02,1,1,2,0,0
3,1996,0,9498,1996-01-03,1,1,3,0,0
4,1996,0,9499,1996-01-04,1,1,4,0,0
5,1996,0,9500,1996-01-05,1,1,5,0,0
6,1996,0,9501,1996-01-06,1,1,6,0,0
7,1996,0,9502,1996-01-07,1,1,7,0,0
8,1996,0,9503,1996-01-08,1,2,8,0,0
9,1996,0,9504,1996-01-09,1,2,9,0,0
10,1996,0,9505,1996-01-10,1,2,10,0,0
11,1996,0,9506,1996-01-11,1,2,11,0,0
12,1996,0,9507,1996-01-12,1,2,12,0,0
13,1996,0,9508,1996-01-13,1,2,13,0,0
14,1996,0,9509,1996-01-14,1,2,14,0,0
15,1996,0,9510,1996-01-15,1,3,15,0,0
16,1996,0,9511,1996-01-16,1,3,16,0,0
17,1996,0,9512,1996-01-17,1,3,17,0,0
18,1996,0,9513,1996-01-18,1,3,18,0,0
19,1996,0,9514,1996-01-19,1,3,19,0,0
20,1996,0,9515,1996-01-20,1,3,20,0,0
21,1996,0,9516,1996-01-21,1,3,21,0,0
22,1996,0,9517,1996-01-22,1,4,22,0,0
23,1996,0,9518,1996-01-23,1,4,23,0,0
24,1996,0,9519,1996-01-24,1,4,24,0,0
25,1996,0,9520,1996-01-25,1,4,25,0,0
26,1996,0,9521,1996-01-26,1,4,26,0,0
27,1996,0,9522,1996-01-27,1,4,27,0,0
28,1996,0,9523,1996-01-28,1,4,28,0,0
29,1996,0,9524,1996-01-29,1,5,29,0,0
30,1996,0,9525,1996-01-30,1,5,30,0,0
31,1996,0,9526,1996-01-31,1,5,31,0,0
32,1996,0,9527,1996-02-01,2,5,32,0,0
33,1996,0,9528,1996-02-02,2,5,33,0,0
34,1996,0,9529,1996-02-03,2,5,34,0,0
35,1996,0,9530,1996-02-04,2,5,35,0,0
36,1996,0,9531,1996-02-05,2,6,36,0,0
37,1996,0,9532,1996-02-06,2,6,37,0,0
38,1996,0,9533,1996-02-07,2,6,38,0,0
39,1996,0,9534,1996-02-08,2,6,39,0,0
40,1996,0,9535,1996-02-09,2,6,40,0,0
41,1996,0,9536,1996-02-10,2,6,41,0,0
42,1996,0,9537,1996-02-11,2,6,42,0,0
43,1996,0,9538,1996-02-12,2,7,43,0,0
44,1996,0,9539,1996-02-13,2,7,44,0,0
45,1996,0,9540,1996-02-14,2,7,45,0,0
46,1996,0,9541,1996-02-15,2,7,46,0,0
47,1996,0,9542,1996-02-16,2,7,47,0,0
48,1996,0,9543,1996-02-17,2,7,48,0,0
49,1996,0,9544,1996-02-18,2,7,49,0,0
50,1996,0,9545,1996-02-19,2,8,50,0,0
51,1996,0,9546,1996-02-20,2,8,51,0,0
52,1996,0,9547,1996-02-21,2,8,52,0,0
53,1996,0,9548,1996-02-22,2,8,53,0,0
54,1996,0,9549,1996-02-23,2,8,54,0,0
55,1996,0,9550,1996-02-24,2,8,55,0,0
56,1996,0,9551,1996-02-25,2,8,56,0,0
57,1996,0,9552,1996-02-26,2,9,57,0,0
58,1996,0,9553,1996-02-27,2,9,58,0,0
59,1996,0,9554,1996-02-28,2,9,59,0,0
60,1996,0,9555,1996-02-29,2,9,60,0,0
61,1996,0,9556,1996-03-01,3,9,61,0,0
62,1996,0,9557,1996-03-02,3,9,62,0,0
63,1996,0,9558,1996-03-03,3,9,63,0,0
64,1996,0,9559,1996-03-04,3,10,64,0,0
65,1996,0,9560,1996-03-05,3,10,65,0,0
66,1996,0,9561,1996-03-06,3,10,66,0,0
67,1996,0,9562,1996-03-07,3,10,67,0,0
68,1996,0,9563,1996-03-08,3,10,68,0,0
69,1996,0,9564,1996-03-09,3,10,69,0,0
70,1996,0,9565,1996-03-10,3,10,70,0,0
71,1996,0,9566,1996-03-11,3,11,71,0,0
72,1996,0,9567,1996-03-12,3,11,72,0,0
73,1996,0,9568,1996-03-13,3,11,73,0,0
74,1996,0,9569,1996-03-14,3,11,74,0,0
75,1996,0,9570,1996-03-15,3,11,75,0,0
76,1996,0,9571,1996-03-16,3,11,76,0,0
77,1996,0,9572,1996-03-17,3,11,77,0,0
78,1996,0,9573,1996-03-18,3,12,78,0,0
79,1996,0,9574,1996-03-19,3,12,79,0,0
80,1996,0,9575,1996-03-20,3,12,80,0,0
81,1996,0,9576,1996-03-21,3,12,81,0,0
82,1996,0,9577,1996-03-22,3,12,82,0,0
83,1996,0,9578,1996-03-23,3,12,83,0,0
84,1996,0,9579,1996-03-24,3,12,84,0,0
85,1996,0,9580,1996-03-25,3,13,85,0,0
86,1996,0,9581,1996-03-26,3,13,86,0,0
87,1996,0,9582,1996-03-27,3,13,87,0,0
88,1996,0,9583,1996-03-28,3,13,88,0,0
89,1996,0,9584,1996-03-29,3,13,89,0,0
90,1996,0,9585,1996-03-30,3,13,90,0,0
91,1996,0,9586,1996-03-31,3,13,91,0,0
92,1996,0,9587,1996-04-01,4,14,92,0,0
93,1996,0,9588,1996-04-02,4,14,93,0,0
94,1996,0,9589,1996-04-03,4,14,94,0,0
95,1996,0,9590,1996-04-04,4,14,95,0,0
96,1996,0,9591,1996-04-05,4,14,96,0,0
97,1996,0,9592,1996-04-06,4,14,97,0,0
98,1996,0,9593,1996-04-07,4,14,98,0,0
99,1996,0,9594,1996-04-08,4,15,99,0,0
100,1996,0,9595,1996-04-09,4,15,100,0,0
101,1996,0,9596,1996-04-10,4,15,101,0,0
102,1996,0,9597,1996-04-11,4,15,102,0,0
103,1996,0,9598,1996-04-12,4,15,103,0,0
104,1996,0,9599,1996-04-13,4,15,104,0,0
105,1996,1,9600,1996-04-14,4,15,105,1,0.6993006993006993
106,1996,2,9601,1996-04-15,4,16,106,3,2.097902097902098
107,1996,0,9602,1996-04-16,4,16,107,3,2.097902097902098
108,1996,6,9603,1996-04-17,4,16,108,9,6.293706293706294
109,1996,7,9604,1996-04-18,4,16,109,16,11.188811188811188
110,1996,4,9605,1996-04-19,4,16,110,20,13.986013986013987
111,1996,17,9606,1996-04-20,4,16,111,37,25.874125874125873
112,1996,24,9607,1996-04-21,4,16,112,61,42.65734265734265
113,1996,11,9608,1996-04-22,4,17,113,72,50.349650349650354
114,1996,7,9609,1996-04-23,4,17,114,79,55.24475524475524
115,1996,10,9610,1996-04-24,4,17,115,89,62.23776223776224
116,1996,16,9611,1996-04-25,4,17,116,105,73.42657342657343
117,1996,3,9612,1996-04-26,4,17,117,108,75.52447552447552
118,1996,13,9613,1996-04-27,4,17,118,121,84.61538461538461
119,1996,2,9614,1996-04-28,4,17,119,123,86.01398601398601
120,1996,1,9615,1996-04-29,4,18,120,124,86.7132867132867
121,1996,1,9616,1996-04-30,4,18,121,125,87.41258741258741
122,1996,1,9617,1996-05-01,5,18,122,126,88.11188811188812
123,1996,1,9618,1996-05-02,5,18,123,127,88.81118881118881
124,1996,1,9619,1996-05-03,5,18,124,128,89.5104895104895
125,1996,0,9620,1996-05-04,5,18,125,128,89.5104895104895
126,1996,2,9621,1996-05-05,5,18,126,130,90.9090909090909
127,1996,1,9622,1996-05-06,5,19,127,131,91.6083916083916
128,1996,0,9623,1996-05-07,5,19,128,131,91.6083916083916
129,1996,1,9624,1996-05-08,5,19,129,132,92.3076923076923
130,1996,2,9625,1996-05-09,5,19,130,134,93.7062937062937
131,1996,0,9626,1996-05-10,5,19,131,134,93.7062937062937
132,1996,2,9627,1996-05-11,5,19,132,136,95.1048951048951
133,1996,0,9628,1996-05-12,5,19,133,136,95.1048951048951
134,1996,0,9629,1996-05-13,5,20,134,136,95.1048951048951
135,1996,0,9630,1996-05-14,5,20,135,136,95.1048951048951
136,1996,0,9631,1996-05-15,5,20,136,136,95.1048951048951
137,1996,0,9632,1996-05-16,5,20,137,136,95.1048951048951
138,1996,3,9633,1996-05-17,5,20,138,139,97.2027972027972
139,1996,0,9634,1996-05-18,5,20,139,139,97.2027972027972
140,1996,1,9635,1996-05-19,5,20,140,140,97.9020979020979
141,1996,2,9636,1996-05-20,5,21,141,142,99.3006993006993
142,1996,0,9637,1996-05-21,5,21,142,142,99.3006993006993
143,1996,0,9638,1996-05-22,5,21,143,142,99.3006993006993
144,1996,0,9639,1996-05-23,5,21,144,142,99.3006993006993
145,1996,0,9640,1996-05-24,5,21,145,142,99.3006993006993
146,1996,0,9641,1996-05-25,5,21,146,142,99.3006993006993
147,1996,0,9642,1996-05-26,5,21,147,142,99.3006993006993
148,1996,1,9643,1996-05-27,5,22,148,143,100
149,1996,0,9644,1996-05-28,5,22,149,143,100
150,1996,0,9645,1996-05-29,5,22,150,143,100
151,1996,0,9646,1996-05-30,5,22,151,143,100
152,1996,0,9647,1996-05-31,5,22,152,143,100
153,1996,0,9648,1996-06-01,6,22,153,143,100
154,1996,0,9649,1996-06-02,6,22,154,143,100
155,1996,0,9650,1996-06-03,6,23,155,143,100
156,1996,0,9651,1996-06-04,6,23,156,143,100
157,1996,0,9652,1996-06-05,6,23,157,143,100
158,1996,0,9653,1996-06-06,6,23,158,143,100
159,1996,0,9654,1996-06-07,6,23,159,143,100
160,1996,0,9655,1996-06-08,6,23,160,143,100
161,1996,0,9656,1996-06-09,6,23,161,143,100
162,1996,0,9657,1996-06-10,6,24,162,143,100
163,1996,0,9658,1996-06-11,6,24,163,143,100
164,1996,0,9659,1996-06-12,6,24,164,143,100
165,1996,0,9660,1996-06-13,6,24,165,143,100
166,1996,0,9661,1996-06-14,6,24,166,143,100
167,1996,0,9662,1996-06-15,6,24,167,143,100
168,1996,0,9663,1996-06-16,6,24,168,143,100
169,1996,0,9664,1996-06-17,6,25,169,143,100
170,1996,0,9665,1996-06-18,6,25,170,143,100
171,1996,0,9666,1996-06-19,6,25,171,143,100
172,1996,0,9667,1996-06-20,6,25,172,143,100
173,1996,0,9668,1996-06-21,6,25,173,143,100
174,1996,0,9669,1996-06-22,6,25,174,143,100
175,1996,0,9670,1996-06-23,6,25,175,143,100
176,1996,0,9671,1996-06-24,6,26,176,143,100
177,1996,0,9672,1996-06-25,6,26,177,143,100
178,1996,0,9673,1996-06-26,6,26,178,143,100
179,1996,0,9674,1996-06-27,6,26,179,143,100
180,1996,0,9675,1996-06-28,6,26,180,143,100
1,1997,0,9862,1997-01-01,1,1,1,0,0
2,1997,0,9863,1997-01-02,1,1,2,0,0
3,1997,0,9864,1997-01-03,1,1,3,0,0
4,1997,0,9865,1997-01-04,1,1,4,0,0
5,1997,0,9866,1997-01-05,1,1,5,0,0
6,1997,0,9867,1997-01-06,1,1,6,0,0
7,1997,0,9868,1997-01-07,1,1,7,0,0
8,1997,0,9869,1997-01-08,1,2,8,0,0
9,1997,0,9870,1997-01-09,1,2,9,0,0
10,1997,0,9871,1997-01-10,1,2,10,0,0
11,1997,0,9872,1997-01-11,1,2,11,0,0
12,1997,0,9873,1997-01-12,1,2,12,0,0
13,1997,0,9874,1997-01-13,1,2,13,0,0
14,1997,0,9875,1997-01-14,1,2,14,0,0
15,1997,0,9876,1997-01-15,1,3,15,0,0
16,1997,0,9877,1997-01-16,1,3,16,0,0
17,1997,0,9878,1997-01-17,1,3,17,0,0
18,1997,0,9879,1997-01-18,1,3,18,0,0
19,1997,0,9880,1997-01-19,1,3,19,0,0
20,1997,0,9881,1997-01-20,1,3,20,0,0
21,1997,0,9882,1997-01-21,1,3,21,0,0
22,1997,0,9883,1997-01-22,1,4,22,0,0
23,1997,0,9884,1997-01-23,1,4,23,0,0
24,1997,0,9885,1997-01-24,1,4,24,0,0
25,1997,0,9886,1997-01-25,1,4,25,0,0
26,1997,0,9887,1997-01-26,1,4,26,0,0
27,1997,0,9888,1997-01-27,1,4,27,0,0
28,1997,0,9889,1997-01-28,1,4,28,0,0
29,1997,0,9890,1997-01-29,1,5,29,0,0
30,1997,0,9891,1997-01-30,1,5,30,0,0
31,1997,0,9892,1997-01-31,1,5,31,0,0
32,1997,0,9893,1997-02-01,2,5,32,0,0
33,1997,0,9894,1997-02-02,2,5,33,0,0
34,1997,0,9895,1997-02-03,2,5,34,0,0
35,1997,0,9896,1997-02-04,2,5,35,0,0
36,1997,0,9897,1997-02-05,2,6,36,0,0
37,1997,0,9898,1997-02-06,2,6,37,0,0
38,1997,0,9899,1997-02-07,2,6,38,0,0
39,1997,0,9900,1997-02-08,2,6,39,0,0
40,1997,0,9901,1997-02-09,2,6,40,0,0
41,1997,0,9902,1997-02-10,2,6,41,0,0
42,1997,0,9903,1997-02-11,2,6,42,0,0
43,1997,0,9904,1997-02-12,2,7,43,0,0
44,1997,0,9905,1997-02-13,2,7,44,0,0
45,1997,0,9906,1997-02-14,2,7,45,0,0
46,1997,0,9907,1997-02-15,2,7,46,0,0
47,1997,0,9908,1997-02-16,2,7,47,0,0
48,1997,0,9909,1997-02-17,2,7,48,0,0
49,1997,0,9910,1997-02-18,2,7,49,0,0
50,1997,0,9911,1997-02-19,2,8,50,0,0
51,1997,0,9912,1997-02-20,2,8,51,0,0
52,1997,0,9913,1997-02-21,2,8,52,0,0
53,1997,0,9914,1997-02-22,2,8,53,0,0
54,1997,0,9915,1997-02-23,2,8,54,0,0
55,1997,0,9916,1997-02-24,2,8,55,0,0
56,1997,0,9917,1997-02-25,2,8,56,0,0
57,1997,0,9918,1997-02-26,2,9,57,0,0
58,1997,0,9919,1997-02-27,2,9,58,0,0
59,1997,0,9920,1997-02-28,2,9,59,0,0
60,1997,0,9921,1997-03-01,3,9,60,0,0
61,1997,0,9922,1997-03-02,3,9,61,0,0
62,1997,0,9923,1997-03-03,3,9,62,0,0
63,1997,0,9924,1997-03-04,3,9,63,0,0
64,1997,0,9925,1997-03-05,3,10,64,0,0
65,1997,1,9926,1997-03-06,3,10,65,1,0.19723865877712032
66,1997,0,9927,1997-03-07,3,10,66,1,0.19723865877712032
67,1997,0,9928,1997-03-08,3,10,67,1,0.19723865877712032
68,1997,1,9929,1997-03-09,3,10,68,2,0.39447731755424065
69,1997,0,9930,1997-03-10,3,10,69,2,0.39447731755424065
70,1997,0,9931,1997-03-11,3,10,70,2,0.39447731755424065
71,1997,0,9932,1997-03-12,3,11,71,2,0.39447731755424065
72,1997,0,9933,1997-03-13,3,11,72,2,0.39447731755424065
73,1997,0,9934,1997-03-14,3,11,73,2,0.39447731755424065
74,1997,1,9935,1997-03-15,3,11,74,3,0.591715976331361
75,1997,2,9936,1997-03-16,3,11,75,5,0.9861932938856016
76,1997,1,9937,1997-03-17,3,11,76,6,1.183431952662722
77,1997,1,9938,1997-03-18,3,11,77,7,1.3806706114398422
78,1997,0,9939,1997-03-19,3,12,78,7,1.3806706114398422
79,1997,0,9940,1997-03-20,3,12,79,7,1.3806706114398422
80,1997,0,9941,1997-03-21,3,12,80,7,1.3806706114398422
81,1997,0,9942,1997-03-22,3,12,81,7,1.3806706114398422
82,1997,0,9943,1997-03-23,3,12,82,7,1.3806706114398422
83,1997,0,9944,1997-03-24,3,12,83,7,1.3806706114398422
84,1997,1,9945,1997-03-25,3,12,84,8,1.5779092702169626
85,1997,0,9946,1997-03-26,3,13,85,8,1.5779092702169626
86,1997,8,9947,1997-03-27,3,13,86,16,3.155818540433925
87,1997,2,9948,1997-03-28,3,13,87,18,3.5502958579881656
88,1997,2,9949,1997-03-29,3,13,88,20,3.9447731755424065
89,1997,2,9950,1997-03-30,3,13,89,22,4.339250493096647
90,1997,2,9951,1997-03-31,3,13,90,24,4.733727810650888
91,1997,3,9952,1997-04-01,4,13,91,27,5.325443786982249
92,1997,8,9953,1997-04-02,4,14,92,35,6.903353057199212
93,1997,2,9954,1997-04-03,4,14,93,37,7.297830374753452
94,1997,0,9955,1997-04-04,4,14,94,37,7.297830374753452
95,1997,1,9956,1997-04-05,4,14,95,38,7.495069033530571
96,1997,6,9957,1997-04-06,4,14,96,44,8.678500986193294
97,1997,4,9958,1997-04-07,4,14,97,48,9.467455621301776
98,1997,3,9959,1997-04-08,4,14,98,51,10.059171597633137
99,1997,7,9960,1997-04-09,4,15,99,58,11.439842209072978
100,1997,10,9961,1997-04-10,4,15,100,68,13.41222879684418
101,1997,0,9962,1997-04-11,4,15,101,68,13.41222879684418
102,1997,3,9963,1997-04-12,4,15,102,71,14.003944773175542
103,1997,6,9964,1997-04-13,4,15,103,77,15.187376725838265
104,1997,1,9965,1997-04-14,4,15,104,78,15.384615384615385
105,1997,2,9966,1997-04-15,4,15,105,80,15.779092702169626
106,1997,0,9967,1997-04-16,4,16,106,80,15.779092702169626
107,1997,18,9968,1997-04-17,4,16,107,98,19.32938856015779
108,1997,7,9969,1997-04-18,4,16,108,105,20.710059171597635
109,1997,4,9970,1997-04-19,4,16,109,109,21.499013806706113
110,1997,19,9971,1997-04-20,4,16,110,128,25.2465483234714
111,1997,10,9972,1997-04-21,4,16,111,138,27.218934911242602
112,1997,11,9973,1997-04-22,4,16,112,149,29.388560157790927
113,1997,9,9974,1997-04-23,4,17,113,158,31.163708086785007
114,1997,14,9975,1997-04-24,4,17,114,172,33.92504930966469
115,1997,43,9976,1997-04-25,4,17,115,215,42.40631163708087
116,1997,91,9977,1997-04-26,4,17,116,306,60.35502958579882
117,1997,35,9978,1997-04-27,4,17,117,341,67.25838264299803
118,1997,48,9979,1997-04-28,4,17,118,389,76.72583826429981
119,1997,27,9980,1997-04-29,4,17,119,416,82.05128205128204
120,1997,20,9981,1997-04-30,4,18,120,436,85.99605522682445
121,1997,14,9982,1997-05-01,5,18,121,450,88.75739644970415
122,1997,12,9983,1997-05-02,5,18,122,462,91.12426035502959
123,1997,8,9984,1997-05-03,5,18,123,470,92.70216962524654
124,1997,4,9985,1997-05-04,5,18,124,474,93.49112426035504
125,1997,6,9986,1997-05-05,5,18,125,480,94.67455621301775
126,1997,4,9987,1997-05-06,5,18,126,484,95.46351084812623
127,1997,0,9988,1997-05-07,5,19,127,484,95.46351084812623
128,1997,1,9989,1997-05-08,5,19,128,485,95.66074950690336
129,1997,8,9990,1997-05-09,5,19,129,493,97.2386587771203
130,1997,3,9991,1997-05-10,5,19,130,496,97.83037475345168
131,1997,1,9992,1997-05-11,5,19,131,497,98.0276134122288
132,1997,3,9993,1997-05-12,5,19,132,500,98.61932938856016
133,1997,0,9994,1997-05-13,5,19,133,500,98.61932938856016
134,1997,1,9995,1997-05-14,5,20,134,501,98.81656804733728
135,1997,2,9996,1997-05-15,5,20,135,503,99.21104536489152
136,1997,2,9997,1997-05-16,5,20,136,505,99.60552268244575
137,1997,1,9998,1997-05-17,5,20,137,506,99.80276134122288
138,1997,0,9999,1997-05-18,5,20,138,506,99.80276134122288
139,1997,0,10000,1997-05-19,5,20,139,506,99.80276134122288
140,1997,0,10001,1997-05-20,5,20,140,506,99.80276134122288
141,1997,0,10002,1997-05-21,5,21,141,506,99.80276134122288
142,1997,1,10003,1997-05-22,5,21,142,507,100
143,1997,0,10004,1997-05-23,5,21,143,507,100
144,1997,0,10005,1997-05-24,5,21,144,507,100
145,1997,0,10006,1997-05-25,5,21,145,507,100
146,1997,0,10007,1997-05-26,5,21,146,507,100
147,1997,0,10008,1997-05-27,5,21,147,507,100
148,1997,0,10009,1997-05-28,5,22,148,507,100
149,1997,0,10010,1997-05-29,5,22,149,507,100
150,1997,0,10011,1997-05-30,5,22,150,507,100
151,1997,0,10012,1997-05-31,5,22,151,507,100
152,1997,0,10013,1997-06-01,6,22,152,507,100
153,1997,0,10014,1997-06-02,6,22,153,507,100
154,1997,0,10015,1997-06-03,6,22,154,507,100
155,1997,0,10016,1997-06-04,6,23,155,507,100
156,1997,0,10017,1997-06-05,6,23,156,507,100
157,1997,0,10018,1997-06-06,6,23,157,507,100
158,1997,0,10019,1997-06-07,6,23,158,507,100
159,1997,0,10020,1997-06-08,6,23,159,507,100
160,1997,0,10021,1997-06-09,6,23,160,507,100
161,1997,0,10022,1997-06-10,6,23,161,507,100
162,1997,0,10023,1997-06-11,6,24,162,507,100
163,1997,0,10024,1997-06-12,6,24,163,507,100
164,1997,0,10025,1997-06-13,6,24,164,507,100
165,1997,0,10026,1997-06-14,6,24,165,507,100
166,1997,0,10027,1997-06-15,6,24,166,507,100
167,1997,0,10028,1997-06-16,6,24,167,507,100
168,1997,0,10029,1997-06-17,6,24,168,507,100
169,1997,0,10030,1997-06-18,6,25,169,507,100
170,1997,0,10031,1997-06-19,6,25,170,507,100
171,1997,0,10032,1997-06-20,6,25,171,507,100
172,1997,0,10033,1997-06-21,6,25,172,507,100
173,1997,0,10034,1997-06-22,6,25,173,507,100
174,1997,0,10035,1997-06-23,6,25,174,507,100
175,1997,0,10036,1997-06-24,6,25,175,507,100
176,1997,0,10037,1997-06-25,6,26,176,507,100
177,1997,0,10038,1997-06-26,6,26,177,507,100
178,1997,0,10039,1997-06-27,6,26,178,507,100
179,1997,0,10040,1997-06-28,6,26,179,507,100
180,1997,0,10041,1997-06-29,6,26,180,507,100
1,1998,0,10227,1998-01-01,1,1,1,0,0
2,1998,0,10228,1998-01-02,1,1,2,0,0
3,1998,0,10229,1998-01-03,1,1,3,0,0
4,1998,0,10230,1998-01-04,1,1,4,0,0
5,1998,0,10231,1998-01-05,1,1,5,0,0
6,1998,0,10232,1998-01-06,1,1,6,0,0
7,1998,0,10233,1998-01-07,1,1,7,0,0
8,1998,0,10234,1998-01-08,1,2,8,0,0
9,1998,0,10235,1998-01-09,1,2,9,0,0
10,1998,0,10236,1998-01-10,1,2,10,0,0
11,1998,0,10237,1998-01-11,1,2,11,0,0
12,1998,0,10238,1998-01-12,1,2,12,0,0
13,1998,0,10239,1998-01-13,1,2,13,0,0
14,1998,0,10240,1998-01-14,1,2,14,0,0
15,1998,0,10241,1998-01-15,1,3,15,0,0
16,1998,0,10242,1998-01-16,1,3,16,0,0
17,1998,0,10243,1998-01-17,1,3,17,0,0
18,1998,0,10244,1998-01-18,1,3,18,0,0
19,1998,0,10245,1998-01-19,1,3,19,0,0
20,1998,0,10246,1998-01-20,1,3,20,0,0
21,1998,0,10247,1998-01-21,1,3,21,0,0
22,1998,0,10248,1998-01-22,1,4,22,0,0
23,1998,0,10249,1998-01-23,1,4,23,0,0
24,1998,0,10250,1998-01-24,1,4,24,0,0
25,1998,0,10251,1998-01-25,1,4,25,0,0
26,1998,0,10252,1998-01-26,1,4,26,0,0
27,1998,0,10253,1998-01-27,1,4,27,0,0
28,1998,0,10254,1998-01-28,1,4,28,0,0
29,1998,0,10255,1998-01-29,1,5,29,0,0
30,1998,0,10256,1998-01-30,1,5,30,0,0
31,1998,0,10257,1998-01-31,1,5,31,0,0
32,1998,0,10258,1998-02-01,2,5,32,0,0
33,1998,0,10259,1998-02-02,2,5,33,0,0
34,1998,0,10260,1998-02-03,2,5,34,0,0
35,1998,0,10261,1998-02-04,2,5,35,0,0
36,1998,0,10262,1998-02-05,2,6,36,0,0
37,1998,0,10263,1998-02-06,2,6,37,0,0
38,1998,0,10264,1998-02-07,2,6,38,0,0
39,1998,0,10265,1998-02-08,2,6,39,0,0
40,1998,0,10266,1998-02-09,2,6,40,0,0
41,1998,0,10267,1998-02-10,2,6,41,0,0
42,1998,0,10268,1998-02-11,2,6,42,0,0
43,1998,0,10269,1998-02-12,2,7,43,0,0
44,1998,0,10270,1998-02-13,2,7,44,0,0
45,1998,0,10271,1998-02-14,2,7,45,0,0
46,1998,0,10272,1998-02-15,2,7,46,0,0
47,1998,0,10273,1998-02-16,2,7,47,0,0
48,1998,0,10274,1998-02-17,2,7,48,0,0
49,1998,0,10275,1998-02-18,2,7,49,0,0
50,1998,0,10276,1998-02-19,2,8,50,0,0
51,1998,0,10277,1998-02-20,2,8,51,0,0
52,1998,0,10278,1998-02-21,2,8,52,0,0
53,1998,0,10279,1998-02-22,2,8,53,0,0
54,1998,0,10280,1998-02-23,2,8,54,0,0
55,1998,0,10281,1998-02-24,2,8,55,0,0
56,1998,0,10282,1998-02-25,2,8,56,0,0
57,1998,0,10283,1998-02-26,2,9,57,0,0
58,1998,0,10284,1998-02-27,2,9,58,0,0
59,1998,0,10285,1998-02-28,2,9,59,0,0
60,1998,0,10286,1998-03-01,3,9,60,0,0
61,1998,0,10287,1998-03-02,3,9,61,0,0
62,1998,0,10288,1998-03-03,3,9,62,0,0
63,1998,0,10289,1998-03-04,3,9,63,0,0
64,1998,0,10290,1998-03-05,3,10,64,0,0
65,1998,0,10291,1998-03-06,3,10,65,0,0
66,1998,0,10292,1998-03-07,3,10,66,0,0
67,1998,0,10293,1998-03-08,3,10,67,0,0
68,1998,0,10294,1998-03-09,3,10,68,0,0
69,1998,0,10295,1998-03-10,3,10,69,0,0
70,1998,0,10296,1998-03-11,3,10,70,0,0
71,1998,0,10297,1998-03-12,3,11,71,0,0
72,1998,0,10298,1998-03-13,3,11,72,0,0
73,1998,0,10299,1998-03-14,3,11,73,0,0
74,1998,0,10300,1998-03-15,3,11,74,0,0
75,1998,0,10301,1998-03-16,3,11,75,0,0
76,1998,0,10302,1998-03-17,3,11,76,0,0
77,1998,1,10303,1998-03-18,3,11,77,1,0.6172839506172839
78,1998,0,10304,1998-03-19,3,12,78,1,0.6172839506172839
79,1998,0,10305,1998-03-20,3,12,79,1,0.6172839506172839
80,1998,0,10306,1998-03-21,3,12,80,1,0.6172839506172839
81,1998,1,10307,1998-03-22,3,12,81,2,1.2345679012345678
82,1998,1,10308,1998-03-23,3,12,82,3,1.8518518518518516
83,1998,0,10309,1998-03-24,3,12,83,3,1.8518518518518516
84,1998,0,10310,1998-03-25,3,12,84,3,1.8518518518518516
85,1998,0,10311,1998-03-26,3,13,85,3,1.8518518518518516
86,1998,0,10312,1998-03-27,3,13,86,3,1.8518518518518516
87,1998,4,10313,1998-03-28,3,13,87,7,4.320987654320987
88,1998,2,10314,1998-03-29,3,13,88,9,5.555555555555555
89,1998,0,10315,1998-03-30,3,13,89,9,5.555555555555555
90,1998,1,10316,1998-03-31,3,13,90,10,6.172839506172839
91,1998,6,10317,1998-04-01,4,13,91,16,9.876543209876543
92,1998,3,10318,1998-04-02,4,14,92,19,11.728395061728394
93,1998,7,10319,1998-04-03,4,14,93,26,16.049382716049383
94,1998,1,10320,1998-04-04,4,14,94,27,16.666666666666664
95,1998,4,10321,1998-04-05,4,14,95,31,19.1358024691358
96,1998,14,10322,1998-04-06,4,14,96,45,27.77777777777778
97,1998,2,10323,1998-04-07,4,14,97,47,29.01234567901235
98,1998,5,10324,1998-04-08,4,14,98,52,32.098765432098766
99,1998,1,10325,1998-04-09,4,15,99,53,32.71604938271605
100,1998,0,10326,1998-04-10,4,15,100,53,32.71604938271605
101,1998,1,10327,1998-04-11,4,15,101,54,33.33333333333333
102,1998,7,10328,1998-04-12,4,15,102,61,37.65432098765432
103,1998,3,10329,1998-04-13,4,15,103,64,39.50617283950617
104,1998,3,10330,1998-04-14,4,15,104,67,41.358024691358025
105,1998,3,10331,1998-04-15,4,15,105,70,43.20987654320987
106,1998,6,10332,1998-04-16,4,16,106,76,46.913580246913575
107,1998,5,10333,1998-04-17,4,16,107,81,50
108,1998,2,10334,1998-04-18,4,16,108,83,51.23456790123457
109,1998,6,10335,1998-04-19,4,16,109,89,54.93827160493827
110,1998,8,10336,1998-04-20,4,16,110,97,59.876543209876544
111,1998,7,10337,1998-04-21,4,16,111,104,64.19753086419753
112,1998,8,10338,1998-04-22,4,16,112,112,69.1358024691358
113,1998,5,10339,1998-04-23,4,17,113,117,72.22222222222221
114,1998,1,10340,1998-04-24,4,17,114,118,72.8395061728395
115,1998,4,10341,1998-04-25,4,17,115,122,75.30864197530865
116,1998,5,10342,1998-04-26,4,17,116,127,78.39506172839506
117,1998,1,10343,1998-04-27,4,17,117,128,79.01234567901234
118,1998,2,10344,1998-04-28,4,17,118,130,80.24691358024691
119,1998,7,10345,1998-04-29,4,17,119,137,84.5679012345679
120,1998,2,10346,1998-04-30,4,18,120,139,85.80246913580247
121,1998,1,10347,1998-05-01,5,18,121,140,86.41975308641975
122,1998,2,10348,1998-05-02,5,18,122,142,87.65432098765432
123,1998,1,10349,1998-05-03,5,18,123,143,88.27160493827161
124,1998,6,10350,1998-05-04,5,18,124,149,91.9753086419753
125,1998,2,10351,1998-05-05,5,18,125,151,93.20987654320987
126,1998,3,10352,1998-05-06,5,18,126,154,95.06172839506173
127,1998,1,10353,1998-05-07,5,19,127,155,95.67901234567901
128,1998,4,10354,1998-05-08,5,19,128,159,98.14814814814815
129,1998,0,10355,1998-05-09,5,19,129,159,98.14814814814815
130,1998,3,10356,1998-05-10,5,19,130,162,100
131,1998,0,10357,1998-05-11,5,19,131,162,100
132,1998,0,10358,1998-05-12,5,19,132,162,100
133,1998,0,10359,1998-05-13,5,19,133,162,100
134,1998,0,10360,1998-05-14,5,20,134,162,100
135,1998,0,10361,1998-05-15,5,20,135,162,100
136,1998,0,10362,1998-05-16,5,20,136,162,100
137,1998,0,10363,1998-05-17,5,20,137,162,100
138,1998,0,10364,1998-05-18,5,20,138,162,100
139,1998,0,10365,1998-05-19,5,20,139,162,100
140,1998,0,10366,1998-05-20,5,20,140,162,100
141,1998,0,10367,1998-05-21,5,21,141,162,100
142,1998,0,10368,1998-05-22,5,21,142,162,100
143,1998,0,10369,1998-05-23,5,21,143,162,100
144,1998,0,10370,1998-05-24,5,21,144,162,100
145,1998,0,10371,1998-05-25,5,21,145,162,100
146,1998,0,10372,1998-05-26,5,21,146,162,100
147,1998,0,10373,1998-05-27,5,21,147,162,100
148,1998,0,10374,1998-05-28,5,22,148,162,100
149,1998,0,10375,1998-05-29,5,22,149,162,100
150,1998,0,10376,1998-05-30,5,22,150,162,100
151,1998,0,10377,1998-05-31,5,22,151,162,100
152,1998,0,10378,1998-06-01,6,22,152,162,100
153,1998,0,10379,1998-06-02,6,22,153,162,100
154,1998,0,10380,1998-06-03,6,22,154,162,100
155,1998,0,10381,1998-06-04,6,23,155,162,100
156,1998,0,10382,1998-06-05,6,23,156,162,100
157,1998,0,10383,1998-06-06,6,23,157,162,100
158,1998,0,10384,1998-06-07,6,23,158,162,100
159,1998,0,10385,1998-06-08,6,23,159,162,100
160,1998,0,10386,1998-06-09,6,23,160,162,100
161,1998,0,10387,1998-06-10,6,23,161,162,100
162,1998,0,10388,1998-06-11,6,24,162,162,100
163,1998,0,10389,1998-06-12,6,24,163,162,100
164,1998,0,10390,1998-06-13,6,24,164,162,100
165,1998,0,10391,1998-06-14,6,24,165,162,100
166,1998,0,10392,1998-06-15,6,24,166,162,100
167,1998,0,10393,1998-06-16,6,24,167,162,100
168,1998,0,10394,1998-06-17,6,24,168,162,100
169,1998,0,10395,1998-06-18,6,25,169,162,100
170,1998,0,10396,1998-06-19,6,25,170,162,100
171,1998,0,10397,1998-06-20,6,25,171,162,100
172,1998,0,10398,1998-06-21,6,25,172,162,100
173,1998,0,10399,1998-06-22,6,25,173,162,100
174,1998,0,10400,1998-06-23,6,25,174,162,100
175,1998,0,10401,1998-06-24,6,25,175,162,100
176,1998,0,10402,1998-06-25,6,26,176,162,100
177,1998,0,10403,1998-06-26,6,26,177,162,100
178,1998,0,10404,1998-06-27,6,26,178,162,100
179,1998,0,10405,1998-06-28,6,26,179,162,100
180,1998,0,10406,1998-06-29,6,26,180,162,100
1,1999,0,10592,1999-01-01,1,1,1,0,0
2,1999,0,10593,1999-01-02,1,1,2,0,0
3,1999,0,10594,1999-01-03,1,1,3,0,0
4,1999,0,10595,1999-01-04,1,1,4,0,0
5,1999,0,10596,1999-01-05,1,1,5,0,0
6,1999,0,10597,1999-01-06,1,1,6,0,0
7,1999,0,10598,1999-01-07,1,1,7,0,0
8,1999,0,10599,1999-01-08,1,2,8,0,0
9,1999,0,10600,1999-01-09,1,2,9,0,0
10,1999,0,10601,1999-01-10,1,2,10,0,0
11,1999,0,10602,1999-01-11,1,2,11,0,0
12,1999,0,10603,1999-01-12,1,2,12,0,0
13,1999,0,10604,1999-01-13,1,2,13,0,0
14,1999,0,10605,1999-01-14,1,2,14,0,0
15,1999,0,10606,1999-01-15,1,3,15,0,0
16,1999,0,10607,1999-01-16,1,3,16,0,0
17,1999,0,10608,1999-01-17,1,3,17,0,0
18,1999,0,10609,1999-01-18,1,3,18,0,0
19,1999,0,10610,1999-01-19,1,3,19,0,0
20,1999,0,10611,1999-01-20,1,3,20,0,0
21,1999,0,10612,1999-01-21,1,3,21,0,0
22,1999,0,10613,1999-01-22,1,4,22,0,0
23,1999,0,10614,1999-01-23,1,4,23,0,0
24,1999,0,10615,1999-01-24,1,4,24,0,0
25,1999,0,10616,1999-01-25,1,4,25,0,0
26,1999,0,10617,1999-01-26,1,4,26,0,0
27,1999,0,10618,1999-01-27,1,4,27,0,0
28,1999,0,10619,1999-01-28,1,4,28,0,0
29,1999,0,10620,1999-01-29,1,5,29,0,0
30,1999,0,10621,1999-01-30,1,5,30,0,0
31,1999,0,10622,1999-01-31,1,5,31,0,0
32,1999,0,10623,1999-02-01,2,5,32,0,0
33,1999,0,10624,1999-02-02,2,5,33,0,0
34,1999,0,10625,1999-02-03,2,5,34,0,0
35,1999,0,10626,1999-02-04,2,5,35,0,0
36,1999,0,10627,1999-02-05,2,6,36,0,0
37,1999,0,10628,1999-02-06,2,6,37,0,0
38,1999,0,10629,1999-02-07,2,6,38,0,0
39,1999,0,10630,1999-02-08,2,6,39,0,0
40,1999,0,10631,1999-02-09,2,6,40,0,0
41,1999,0,10632,1999-02-10,2,6,41,0,0
42,1999,0,10633,1999-02-11,2,6,42,0,0
43,1999,0,10634,1999-02-12,2,7,43,0,0
44,1999,0,10635,1999-02-13,2,7,44,0,0
45,1999,0,10636,1999-02-14,2,7,45,0,0
46,1999,0,10637,1999-02-15,2,7,46,0,0
47,1999,0,10638,1999-02-16,2,7,47,0,0
48,1999,0,10639,1999-02-17,2,7,48,0,0
49,1999,0,10640,1999-02-18,2,7,49,0,0
50,1999,0,10641,1999-02-19,2,8,50,0,0
51,1999,0,10642,1999-02-20,2,8,51,0,0
52,1999,0,10643,1999-02-21,2,8,52,0,0
53,1999,0,10644,1999-02-22,2,8,53,0,0
54,1999,0,10645,1999-02-23,2,8,54,0,0
55,1999,0,10646,1999-02-24,2,8,55,0,0
56,1999,0,10647,1999-02-25,2,8,56,0,0
57,1999,0,10648,1999-02-26,2,9,57,0,0
58,1999,0,10649,1999-02-27,2,9,58,0,0
59,1999,0,10650,1999-02-28,2,9,59,0,0
60,1999,0,10651,1999-03-01,3,9,60,0,0
61,1999,0,10652,1999-03-02,3,9,61,0,0
62,1999,0,10653,1999-03-03,3,9,62,0,0
63,1999,0,10654,1999-03-04,3,9,63,0,0
64,1999,0,10655,1999-03-05,3,10,64,0,0
65,1999,0,10656,1999-03-06,3,10,65,0,0
66,1999,0,10657,1999-03-07,3,10,66,0,0
67,1999,0,10658,1999-03-08,3,10,67,0,0
68,1999,0,10659,1999-03-09,3,10,68,0,0
69,1999,0,10660,1999-03-10,3,10,69,0,0
70,1999,0,10661,1999-03-11,3,10,70,0,0
71,1999,0,10662,1999-03-12,3,11,71,0,0
72,1999,0,10663,1999-03-13,3,11,72,0,0
73,1999,0,10664,1999-03-14,3,11,73,0,0
74,1999,0,10665,1999-03-15,3,11,74,0,0
75,1999,1,10666,1999-03-16,3,11,75,1,2
76,1999,0,10667,1999-03-17,3,11,76,1,2
77,1999,0,10668,1999-03-18,3,11,77,1,2
78,1999,0,10669,1999-03-19,3,12,78,1,2
79,1999,0,10670,1999-03-20,3,12,79,1,2
80,1999,0,10671,1999-03-21,3,12,80,1,2
81,1999,0,10672,1999-03-22,3,12,81,1,2
82,1999,0,10673,1999-03-23,3,12,82,1,2
83,1999,1,10674,1999-03-24,3,12,83,2,4
84,1999,0,10675,1999-03-25,3,12,84,2,4
85,1999,0,10676,1999-03-26,3,13,85,2,4
86,1999,0,10677,1999-03-27,3,13,86,2,4
87,1999,1,10678,1999-03-28,3,13,87,3,6
88,1999,0,10679,1999-03-29,3,13,88,3,6
89,1999,1,10680,1999-03-30,3,13,89,4,8
90,1999,2,10681,1999-03-31,3,13,90,6,12
91,1999,0,10682,1999-04-01,4,13,91,6,12
92,1999,1,10683,1999-04-02,4,14,92,7,14.000000000000002
93,1999,0,10684,1999-04-03,4,14,93,7,14.000000000000002
94,1999,1,10685,1999-04-04,4,14,94,8,16
95,1999,1,10686,1999-04-05,4,14,95,9,18
96,1999,1,10687,1999-04-06,4,14,96,10,20
97,1999,0,10688,1999-04-07,4,14,97,10,20
98,1999,0,10689,1999-04-08,4,14,98,10,20
99,1999,0,10690,1999-04-09,4,15,99,10,20
100,1999,0,10691,1999-04-10,4,15,100,10,20
101,1999,1,10692,1999-04-11,4,15,101,11,22
102,1999,6,10693,1999-04-12,4,15,102,17,34
103,1999,3,10694,1999-04-13,4,15,103,20,40
104,1999,0,10695,1999-04-14,4,15,104,20,40
105,1999,2,10696,1999-04-15,4,15,105,22,44
106,1999,2,10697,1999-04-16,4,16,106,24,48
107,1999,5,10698,1999-04-17,4,16,107,29,57.99999999999999
108,1999,2,10699,1999-04-18,4,16,108,31,62
109,1999,4,10700,1999-04-19,4,16,109,35,70
110,1999,6,10701,1999-04-20,4,16,110,41,82
111,1999,3,10702,1999-04-21,4,16,111,44,88
112,1999,4,10703,1999-04-22,4,16,112,48,96
113,1999,0,10704,1999-04-23,4,17,113,48,96
114,1999,1,10705,1999-04-24,4,17,114,49,98
115,1999,0,10706,1999-04-25,4,17,115,49,98
116,1999,1,10707,1999-04-26,4,17,116,50,100
117,1999,0,10708,1999-04-27,4,17,117,50,100
118,1999,0,10709,1999-04-28,4,17,118,50,100
119,1999,0,10710,1999-04-29,4,17,119,50,100
120,1999,0,10711,1999-04-30,4,18,120,50,100
121,1999,0,10712,1999-05-01,5,18,121,50,100
122,1999,0,10713,1999-05-02,5,18,122,50,100
123,1999,0,10714,1999-05-03,5,18,123,50,100
124,1999,0,10715,1999-05-04,5,18,124,50,100
125,1999,0,10716,1999-05-05,5,18,125,50,100
126,1999,0,10717,1999-05-06,5,18,126,50,100
127,1999,0,10718,1999-05-07,5,19,127,50,100
128,1999,0,10719,1999-05-08,5,19,128,50,100
129,1999,0,10720,1999-05-09,5,19,129,50,100
130,1999,0,10721,1999-05-10,5,19,130,50,100
131,1999,0,10722,1999-05-11,5,19,131,50,100
132,1999,0,10723,1999-05-12,5,19,132,50,100
133,1999,0,10724,1999-05-13,5,19,133,50,100
134,1999,0,10725,1999-05-14,5,20,134,50,100
135,1999,0,10726,1999-05-15,5,20,135,50,100
136,1999,0,10727,1999-05-16,5,20,136,50,100
137,1999,0,10728,1999-05-17,5,20,137,50,100
138,1999,0,10729,1999-05-18,5,20,138,50,100
139,1999,0,10730,1999-05-19,5,20,139,50,100
140,1999,0,10731,1999-05-20,5,20,140,50,100
141,1999,0,10732,1999-05-21,5,21,141,50,100
142,1999,0,10733,1999-05-22,5,21,142,50,100
143,1999,0,10734,1999-05-23,5,21,143,50,100
144,1999,0,10735,1999-05-24,5,21,144,50,100
145,1999,0,10736,1999-05-25,5,21,145,50,100
146,1999,0,10737,1999-05-26,5,21,146,50,100
147,1999,0,10738,1999-05-27,5,21,147,50,100
148,1999,0,10739,1999-05-28,5,22,148,50,100
149,1999,0,10740,1999-05-29,5,22,149,50,100
150,1999,0,10741,1999-05-30,5,22,150,50,100
151,1999,0,10742,1999-05-31,5,22,151,50,100
152,1999,0,10743,1999-06-01,6,22,152,50,100
153,1999,0,10744,1999-06-02,6,22,153,50,100
154,1999,0,10745,1999-06-03,6,22,154,50,100
155,1999,0,10746,1999-06-04,6,23,155,50,100
156,1999,0,10747,1999-06-05,6,23,156,50,100
157,1999,0,10748,1999-06-06,6,23,157,50,100
158,1999,0,10749,1999-06-07,6,23,158,50,100
159,1999,0,10750,1999-06-08,6,23,159,50,100
160,1999,0,10751,1999-06-09,6,23,160,50,100
161,1999,0,10752,1999-06-10,6,23,161,50,100
162,1999,0,10753,1999-06-11,6,24,162,50,100
163,1999,0,10754,1999-06-12,6,24,163,50,100
164,1999,0,10755,1999-06-13,6,24,164,50,100
165,1999,0,10756,1999-06-14,6,24,165,50,100
166,1999,0,10757,1999-06-15,6,24,166,50,100
167,1999,0,10758,1999-06-16,6,24,167,50,100
168,1999,0,10759,1999-06-17,6,24,168,50,100
169,1999,0,10760,1999-06-18,6,25,169,50,100
170,1999,0,10761,1999-06-19,6,25,170,50,100
171,1999,0,10762,1999-06-20,6,25,171,50,100
172,1999,0,10763,1999-06-21,6,25,172,50,100
173,1999,0,10764,1999-06-22,6,25,173,50,100
174,1999,0,10765,1999-06-23,6,25,174,50,100
175,1999,0,10766,1999-06-24,6,25,175,50,100
176,1999,0,10767,1999-06-25,6,26,176,50,100
177,1999,0,10768,1999-06-26,6,26,177,50,100
178,1999,0,10769,1999-06-27,6,26,178,50,100
179,1999,0,10770,1999-06-28,6,26,179,50,100
180,1999,0,10771,1999-06-29,6,26,180,50,100
1,2000,0,10957,2000-01-01,1,1,1,0,0
2,2000,0,10958,2000-01-02,1,1,2,0,0
3,2000,0,10959,2000-01-03,1,1,3,0,0
4,2000,0,10960,2000-01-04,1,1,4,0,0
5,2000,0,10961,2000-01-05,1,1,5,0,0
6,2000,0,10962,2000-01-06,1,1,6,0,0
7,2000,0,10963,2000-01-07,1,1,7,0,0
8,2000,0,10964,2000-01-08,1,2,8,0,0
9,2000,0,10965,2000-01-09,1,2,9,0,0
10,2000,0,10966,2000-01-10,1,2,10,0,0
11,2000,0,10967,2000-01-11,1,2,11,0,0
12,2000,0,10968,2000-01-12,1,2,12,0,0
13,2000,0,10969,2000-01-13,1,2,13,0,0
14,2000,0,10970,2000-01-14,1,2,14,0,0
15,2000,0,10971,2000-01-15,1,3,15,0,0
16,2000,0,10972,2000-01-16,1,3,16,0,0
17,2000,0,10973,2000-01-17,1,3,17,0,0
18,2000,0,10974,2000-01-18,1,3,18,0,0
19,2000,0,10975,2000-01-19,1,3,19,0,0
20,2000,0,10976,2000-01-20,1,3,20,0,0
21,2000,0,10977,2000-01-21,1,3,21,0,0
22,2000,0,10978,2000-01-22,1,4,22,0,0
23,2000,0,10979,2000-01-23,1,4,23,0,0
24,2000,0,10980,2000-01-24,1,4,24,0,0
25,2000,0,10981,2000-01-25,1,4,25,0,0
26,2000,0,10982,2000-01-26,1,4,26,0,0
27,2000,0,10983,2000-01-27,1,4,27,0,0
28,2000,0,10984,2000-01-28,1,4,28,0,0
29,2000,0,10985,2000-01-29,1,5,29,0,0
30,2000,0,10986,2000-01-30,1,5,30,0,0
31,2000,0,10987,2000-01-31,1,5,31,0,0
32,2000,0,10988,2000-02-01,2,5,32,0,0
33,2000,0,10989,2000-02-02,2,5,33,0,0
34,2000,0,10990,2000-02-03,2,5,34,0,0
35,2000,0,10991,2000-02-04,2,5,35,0,0
36,2000,0,10992,2000-02-05,2,6,36,0,0
37,2000,0,10993,2000-02-06,2,6,37,0,0
38,2000,0,10994,2000-02-07,2,6,38,0,0
39,2000,0,10995,2000-02-08,2,6,39,0,0
40,2000,0,10996,2000-02-09,2,6,40,0,0
41,2000,0,10997,2000-02-10,2,6,41,0,0
42,2000,0,10998,2000-02-11,2,6,42,0,0
43,2000,0,10999,2000-02-12,2,7,43,0,0
44,2000,0,11000,2000-02-13,2,7,44,0,0
45,2000,0,11001,2000-02-14,2,7,45,0,0
46,2000,0,11002,2000-02-15,2,7,46,0,0
47,2000,0,11003,2000-02-16,2,7,47,0,0
48,2000,0,11004,2000-02-17,2,7,48,0,0
49,2000,0,11005,2000-02-18,2,7,49,0,0
50,2000,0,11006,2000-02-19,2,8,50,0,0
51,2000,0,11007,2000-02-20,2,8,51,0,0
52,2000,0,11008,2000-02-21,2,8,52,0,0
53,2000,0,11009,2000-02-22,2,8,53,0,0
54,2000,0,11010,2000-02-23,2,8,54,0,0
55,2000,0,11011,2000-02-24,2,8,55,0,0
56,2000,0,11012,2000-02-25,2,8,56,0,0
57,2000,0,11013,2000-02-26,2,9,57,0,0
58,2000,0,11014,2000-02-27,2,9,58,0,0
59,2000,0,11015,2000-02-28,2,9,59,0,0
60,2000,0,11016,2000-02-29,2,9,60,0,0
61,2000,0,11017,2000-03-01,3,9,61,0,0
62,2000,0,11018,2000-03-02,3,9,62,0,0
63,2000,0,11019,2000-03-03,3,9,63,0,0
64,2000,0,11020,2000-03-04,3,10,64,0,0
65,2000,0,11021,2000-03-05,3,10,65,0,0
66,2000,0,11022,2000-03-06,3,10,66,0,0
67,2000,0,11023,2000-03-07,3,10,67,0,0
68,2000,0,11024,2000-03-08,3,10,68,0,0
69,2000,0,11025,2000-03-09,3,10,69,0,0
70,2000,0,11026,2000-03-10,3,10,70,0,0
71,2000,0,11027,2000-03-11,3,11,71,0,0
72,2000,0,11028,2000-03-12,3,11,72,0,0
73,2000,0,11029,2000-03-13,3,11,73,0,0
74,2000,0,11030,2000-03-14,3,11,74,0,0
75,2000,0,11031,2000-03-15,3,11,75,0,0
76,2000,0,11032,2000-03-16,3,11,76,0,0
77,2000,0,11033,2000-03-17,3,11,77,0,0
78,2000,0,11034,2000-03-18,3,12,78,0,0
79,2000,0,11035,2000-03-19,3,12,79,0,0
80,2000,0,11036,2000-03-20,3,12,80,0,0
81,2000,0,11037,2000-03-21,3,12,81,0,0
82,2000,0,11038,2000-03-22,3,12,82,0,0
83,2000,0,11039,2000-03-23,3,12,83,0,0
84,2000,1,11040,2000-03-24,3,12,84,1,0.847457627118644
85,2000,2,11041,2000-03-25,3,13,85,3,2.5423728813559325
86,2000,1,11042,2000-03-26,3,13,86,4,3.389830508474576
87,2000,1,11043,2000-03-27,3,13,87,5,4.23728813559322
88,2000,0,11044,2000-03-28,3,13,88,5,4.23728813559322
89,2000,1,11045,2000-03-29,3,13,89,6,5.084745762711865
90,2000,1,11046,2000-03-30,3,13,90,7,5.932203389830509
91,2000,4,11047,2000-03-31,3,13,91,11,9.322033898305085
92,2000,1,11048,2000-04-01,4,14,92,12,10.16949152542373
93,2000,2,11049,2000-04-02,4,14,93,14,11.864406779661017
94,2000,3,11050,2000-04-03,4,14,94,17,14.40677966101695
95,2000,2,11051,2000-04-04,4,14,95,19,16.101694915254235
96,2000,1,11052,2000-04-05,4,14,96,20,16.94915254237288
97,2000,4,11053,2000-04-06,4,14,97,24,20.33898305084746
98,2000,3,11054,2000-04-07,4,14,98,27,22.88135593220339
99,2000,2,11055,2000-04-08,4,15,99,29,24.576271186440678
100,2000,4,11056,2000-04-09,4,15,100,33,27.966101694915253
101,2000,6,11057,2000-04-10,4,15,101,39,33.05084745762712
102,2000,2,11058,2000-04-11,4,15,102,41,34.74576271186441
103,2000,4,11059,2000-04-12,4,15,103,45,38.13559322033898
104,2000,4,11060,2000-04-13,4,15,104,49,41.52542372881356
105,2000,3,11061,2000-04-14,4,15,105,52,44.06779661016949
106,2000,2,11062,2000-04-15,4,16,106,54,45.76271186440678
107,2000,4,11063,2000-04-16,4,16,107,58,49.152542372881356
108,2000,9,11064,2000-04-17,4,16,108,67,56.779661016949156
109,2000,3,11065,2000-04-18,4,16,109,70,59.32203389830508
110,2000,3,11066,2000-04-19,4,16,110,73,61.86440677966102
111,2000,13,11067,2000-04-20,4,16,111,86,72.88135593220339
112,2000,0,11068,2000-04-21,4,16,112,86,72.88135593220339
113,2000,5,11069,2000-04-22,4,17,113,91,77.11864406779661
114,2000,4,11070,2000-04-23,4,17,114,95,80.50847457627118
115,2000,5,11071,2000-04-24,4,17,115,100,84.7457627118644
116,2000,5,11072,2000-04-25,4,17,116,105,88.98305084745762
117,2000,4,11073,2000-04-26,4,17,117,109,92.37288135593221
118,2000,2,11074,2000-04-27,4,17,118,111,94.0677966101695
119,2000,0,11075,2000-04-28,4,17,119,111,94.0677966101695
120,2000,0,11076,2000-04-29,4,18,120,111,94.0677966101695
121,2000,0,11077,2000-04-30,4,18,121,111,94.0677966101695
122,2000,1,11078,2000-05-01,5,18,122,112,94.91525423728814
123,2000,1,11079,2000-05-02,5,18,123,113,95.76271186440678
124,2000,0,11080,2000-05-03,5,18,124,113,95.76271186440678
125,2000,0,11081,2000-05-04,5,18,125,113,95.76271186440678
126,2000,1,11082,2000-05-05,5,18,126,114,96.61016949152543
127,2000,4,11083,2000-05-06,5,19,127,118,100
128,2000,0,11084,2000-05-07,5,19,128,118,100
129,2000,0,11085,2000-05-08,5,19,129,118,100
130,2000,0,11086,2000-05-09,5,19,130,118,100
131,2000,0,11087,2000-05-10,5,19,131,118,100
132,2000,0,11088,2000-05-11,5,19,132,118,100
133,2000,0,11089,2000-05-12,5,19,133,118,100
134,2000,0,11090,2000-05-13,5,20,134,118,100
135,2000,0,11091,2000-05-14,5,20,135,118,100
136,2000,0,11092,2000-05-15,5,20,136,118,100
137,2000,0,11093,2000-05-16,5,20,137,118,100
138,2000,0,11094,2000-05-17,5,20,138,118,100
139,2000,0,11095,2000-05-18,5,20,139,118,100
140,2000,0,11096,2000-05-19,5,20,140,118,100
141,2000,0,11097,2000-05-20,5,21,141,118,100
142,2000,0,11098,2000-05-21,5,21,142,118,100
143,2000,0,11099,2000-05-22,5,21,143,118,100
144,2000,0,11100,2000-05-23,5,21,144,118,100
145,2000,0,11101,2000-05-24,5,21,145,118,100
146,2000,0,11102,2000-05-25,5,21,146,118,100
147,2000,0,11103,2000-05-26,5,21,147,118,100
148,2000,0,11104,2000-05-27,5,22,148,118,100
149,2000,0,11105,2000-05-28,5,22,149,118,100
150,2000,0,11106,2000-05-29,5,22,150,118,100
151,2000,0,11107,2000-05-30,5,22,151,118,100
152,2000,0,11108,2000-05-31,5,22,152,118,100
153,2000,0,11109,2000-06-01,6,22,153,118,100
154,2000,0,11110,2000-06-02,6,22,154,118,100
155,2000,0,11111,2000-06-03,6,23,155,118,100
156,2000,0,11112,2000-06-04,6,23,156,118,100
157,2000,0,11113,2000-06-05,6,23,157,118,100
158,2000,0,11114,2000-06-06,6,23,158,118,100
159,2000,0,11115,2000-06-07,6,23,159,118,100
160,2000,0,11116,2000-06-08,6,23,160,118,100
161,2000,0,11117,2000-06-09,6,23,161,118,100
162,2000,0,11118,2000-06-10,6,24,162,118,100
163,2000,0,11119,2000-06-11,6,24,163,118,100
164,2000,0,11120,2000-06-12,6,24,164,118,100
165,2000,0,11121,2000-06-13,6,24,165,118,100
166,2000,0,11122,2000-06-14,6,24,166,118,100
167,2000,0,11123,2000-06-15,6,24,167,118,100
168,2000,0,11124,2000-06-16,6,24,168,118,100
169,2000,0,11125,2000-06-17,6,25,169,118,100
170,2000,0,11126,2000-06-18,6,25,170,118,100
171,2000,0,11127,2000-06-19,6,25,171,118,100
172,2000,0,11128,2000-06-20,6,25,172,118,100
173,2000,0,11129,2000-06-21,6,25,173,118,100
174,2000,0,11130,2000-06-22,6,25,174,118,100
175,2000,0,11131,2000-06-23,6,25,175,118,100
176,2000,0,11132,2000-06-24,6,26,176,118,100
177,2000,0,11133,2000-06-25,6,26,177,118,100
178,2000,0,11134,2000-06-26,6,26,178,118,100
179,2000,0,11135,2000-06-27,6,26,179,118,100
180,2000,0,11136,2000-06-28,6,26,180,118,100
1,2001,0,11323,2001-01-01,1,1,1,0,0
2,2001,0,11324,2001-01-02,1,1,2,0,0
3,2001,0,11325,2001-01-03,1,1,3,0,0
4,2001,0,11326,2001-01-04,1,1,4,0,0
5,2001,0,11327,2001-01-05,1,1,5,0,0
6,2001,0,11328,2001-01-06,1,1,6,0,0
7,2001,0,11329,2001-01-07,1,1,7,0,0
8,2001,0,11330,2001-01-08,1,2,8,0,0
9,2001,0,11331,2001-01-09,1,2,9,0,0
10,2001,0,11332,2001-01-10,1,2,10,0,0
11,2001,0,11333,2001-01-11,1,2,11,0,0
12,2001,0,11334,2001-01-12,1,2,12,0,0
13,2001,0,11335,2001-01-13,1,2,13,0,0
14,2001,0,11336,2001-01-14,1,2,14,0,0
15,2001,0,11337,2001-01-15,1,3,15,0,0
16,2001,0,11338,2001-01-16,1,3,16,0,0
17,2001,0,11339,2001-01-17,1,3,17,0,0
18,2001,0,11340,2001-01-18,1,3,18,0,0
19,2001,0,11341,2001-01-19,1,3,19,0,0
20,2001,0,11342,2001-01-20,1,3,20,0,0
21,2001,0,11343,2001-01-21,1,3,21,0,0
22,2001,0,11344,2001-01-22,1,4,22,0,0
23,2001,0,11345,2001-01-23,1,4,23,0,0
24,2001,0,11346,2001-01-24,1,4,24,0,0
25,2001,0,11347,2001-01-25,1,4,25,0,0
26,2001,0,11348,2001-01-26,1,4,26,0,0
27,2001,0,11349,2001-01-27,1,4,27,0,0
28,2001,0,11350,2001-01-28,1,4,28,0,0
29,2001,0,11351,2001-01-29,1,5,29,0,0
30,2001,0,11352,2001-01-30,1,5,30,0,0
31,2001,0,11353,2001-01-31,1,5,31,0,0
32,2001,0,11354,2001-02-01,2,5,32,0,0
33,2001,0,11355,2001-02-02,2,5,33,0,0
34,2001,0,11356,2001-02-03,2,5,34,0,0
35,2001,0,11357,2001-02-04,2,5,35,0,0
36,2001,0,11358,2001-02-05,2,6,36,0,0
37,2001,0,11359,2001-02-06,2,6,37,0,0
38,2001,0,11360,2001-02-07,2,6,38,0,0
39,2001,0,11361,2001-02-08,2,6,39,0,0
40,2001,0,11362,2001-02-09,2,6,40,0,0
41,2001,0,11363,2001-02-10,2,6,41,0,0
42,2001,0,11364,2001-02-11,2,6,42,0,0
43,2001,0,11365,2001-02-12,2,7,43,0,0
44,2001,0,11366,2001-02-13,2,7,44,0,0
45,2001,0,11367,2001-02-14,2,7,45,0,0
46,2001,0,11368,2001-02-15,2,7,46,0,0
47,2001,0,11369,2001-02-16,2,7,47,0,0
48,2001,0,11370,2001-02-17,2,7,48,0,0
49,2001,0,11371,2001-02-18,2,7,49,0,0
50,2001,0,11372,2001-02-19,2,8,50,0,0
51,2001,0,11373,2001-02-20,2,8,51,0,0
52,2001,0,11374,2001-02-21,2,8,52,0,0
53,2001,0,11375,2001-02-22,2,8,53,0,0
54,2001,0,11376,2001-02-23,2,8,54,0,0
55,2001,0,11377,2001-02-24,2,8,55,0,0
56,2001,0,11378,2001-02-25,2,8,56,0,0
57,2001,0,11379,2001-02-26,2,9,57,0,0
58,2001,0,11380,2001-02-27,2,9,58,0,0
59,2001,0,11381,2001-02-28,2,9,59,0,0
60,2001,1,11382,2001-03-01,3,9,60,1,3.7037037037037033
61,2001,0,11383,2001-03-02,3,9,61,1,3.7037037037037033
62,2001,0,11384,2001-03-03,3,9,62,1,3.7037037037037033
63,2001,0,11385,2001-03-04,3,9,63,1,3.7037037037037033
64,2001,0,11386,2001-03-05,3,10,64,1,3.7037037037037033
65,2001,0,11387,2001-03-06,3,10,65,1,3.7037037037037033
66,2001,1,11388,2001-03-07,3,10,66,2,7.4074074074074066
67,2001,0,11389,2001-03-08,3,10,67,2,7.4074074074074066
68,2001,0,11390,2001-03-09,3,10,68,2,7.4074074074074066
69,2001,0,11391,2001-03-10,3,10,69,2,7.4074074074074066
70,2001,0,11392,2001-03-11,3,10,70,2,7.4074074074074066
71,2001,0,11393,2001-03-12,3,11,71,2,7.4074074074074066
72,2001,0,11394,2001-03-13,3,11,72,2,7.4074074074074066
73,2001,0,11395,2001-03-14,3,11,73,2,7.4074074074074066
74,2001,0,11396,2001-03-15,3,11,74,2,7.4074074074074066
75,2001,0,11397,2001-03-16,3,11,75,2,7.4074074074074066
76,2001,0,11398,2001-03-17,3,11,76,2,7.4074074074074066
77,2001,0,11399,2001-03-18,3,11,77,2,7.4074074074074066
78,2001,0,11400,2001-03-19,3,12,78,2,7.4074074074074066
79,2001,0,11401,2001-03-20,3,12,79,2,7.4074074074074066
80,2001,0,11402,2001-03-21,3,12,80,2,7.4074074074074066
81,2001,0,11403,2001-03-22,3,12,81,2,7.4074074074074066
82,2001,0,11404,2001-03-23,3,12,82,2,7.4074074074074066
83,2001,0,11405,2001-03-24,3,12,83,2,7.4074074074074066
84,2001,0,11406,2001-03-25,3,12,84,2,7.4074074074074066
85,2001,0,11407,2001-03-26,3,13,85,2,7.4074074074074066
86,2001,0,11408,2001-03-27,3,13,86,2,7.4074074074074066
87,2001,2,11409,2001-03-28,3,13,87,4,14.814814814814813
88,2001,0,11410,2001-03-29,3,13,88,4,14.814814814814813
89,2001,0,11411,2001-03-30,3,13,89,4,14.814814814814813
90,2001,0,11412,2001-03-31,3,13,90,4,14.814814814814813
91,2001,0,11413,2001-04-01,4,13,91,4,14.814814814814813
92,2001,4,11414,2001-04-02,4,14,92,8,29.629629629629626
93,2001,2,11415,2001-04-03,4,14,93,10,37.03703703703704
94,2001,7,11416,2001-04-04,4,14,94,17,62.96296296296296
95,2001,1,11417,2001-04-05,4,14,95,18,66.66666666666666
96,2001,0,11418,2001-04-06,4,14,96,18,66.66666666666666
97,2001,0,11419,2001-04-07,4,14,97,18,66.66666666666666
98,2001,0,11420,2001-04-08,4,14,98,18,66.66666666666666
99,2001,9,11421,2001-04-09,4,15,99,27,100
100,2001,0,11422,2001-04-10,4,15,100,27,100
101,2001,0,11423,2001-04-11,4,15,101,27,100
102,2001,0,11424,2001-04-12,4,15,102,27,100
103,2001,0,11425,2001-04-13,4,15,103,27,100
104,2001,0,11426,2001-04-14,4,15,104,27,100
105,2001,0,11427,2001-04-15,4,15,105,27,100
106,2001,0,11428,2001-04-16,4,16,106,27,100
107,2001,0,11429,2001-04-17,4,16,107,27,100
108,2001,0,11430,2001-04-18,4,16,108,27,100
109,2001,0,11431,2001-04-19,4,16,109,27,100
110,2001,0,11432,2001-04-20,4,16,110,27,100
111,2001,0,11433,2001-04-21,4,16,111,27,100
112,2001,0,11434,2001-04-22,4,16,112,27,100
113,2001,0,11435,2001-04-23,4,17,113,27,100
114,2001,0,11436,2001-04-24,4,17,114,27,100
115,2001,0,11437,2001-04-25,4,17,115,27,100
116,2001,0,11438,2001-04-26,4,17,116,27,100
117,2001,0,11439,2001-04-27,4,17,117,27,100
118,2001,0,11440,2001-04-28,4,17,118,27,100
119,2001,0,11441,2001-04-29,4,17,119,27,100
120,2001,0,11442,2001-04-30,4,18,120,27,100
121,2001,0,11443,2001-05-01,5,18,121,27,100
122,2001,0,11444,2001-05-02,5,18,122,27,100
123,2001,0,11445,2001-05-03,5,18,123,27,100
124,2001,0,11446,2001-05-04,5,18,124,27,100
125,2001,0,11447,2001-05-05,5,18,125,27,100
126,2001,0,11448,2001-05-06,5,18,126,27,100
127,2001,0,11449,2001-05-07,5,19,127,27,100
128,2001,0,11450,2001-05-08,5,19,128,27,100
129,2001,0,11451,2001-05-09,5,19,129,27,100
130,2001,0,11452,2001-05-10,5,19,130,27,100
131,2001,0,11453,2001-05-11,5,19,131,27,100
132,2001,0,11454,2001-05-12,5,19,132,27,100
133,2001,0,11455,2001-05-13,5,19,133,27,100
134,2001,0,11456,2001-05-14,5,20,134,27,100
135,2001,0,11457,2001-05-15,5,20,135,27,100
136,2001,0,11458,2001-05-16,5,20,136,27,100
137,2001,0,11459,2001-05-17,5,20,137,27,100
138,2001,0,11460,2001-05-18,5,20,138,27,100
139,2001,0,11461,2001-05-19,5,20,139,27,100
140,2001,0,11462,2001-05-20,5,20,140,27,100
141,2001,0,11463,2001-05-21,5,21,141,27,100
142,2001,0,11464,2001-05-22,5,21,142,27,100
143,2001,0,11465,2001-05-23,5,21,143,27,100
144,2001,0,11466,2001-05-24,5,21,144,27,100
145,2001,0,11467,2001-05-25,5,21,145,27,100
146,2001,0,11468,2001-05-26,5,21,146,27,100
147,2001,0,11469,2001-05-27,5,21,147,27,100
148,2001,0,11470,2001-05-28,5,22,148,27,100
149,2001,0,11471,2001-05-29,5,22,149,27,100
150,2001,0,11472,2001-05-30,5,22,150,27,100
151,2001,0,11473,2001-05-31,5,22,151,27,100
152,2001,0,11474,2001-06-01,6,22,152,27,100
153,2001,0,11475,2001-06-02,6,22,153,27,100
154,2001,0,11476,2001-06-03,6,22,154,27,100
155,2001,0,11477,2001-06-04,6,23,155,27,100
156,2001,0,11478,2001-06-05,6,23,156,27,100
157,2001,0,11479,2001-06-06,6,23,157,27,100
158,2001,0,11480,2001-06-07,6,23,158,27,100
159,2001,0,11481,2001-06-08,6,23,159,27,100
160,2001,0,11482,2001-06-09,6,23,160,27,100
161,2001,0,11483,2001-06-10,6,23,161,27,100
162,2001,0,11484,2001-06-11,6,24,162,27,100
163,2001,0,11485,2001-06-12,6,24,163,27,100
164,2001,0,11486,2001-06-13,6,24,164,27,100
165,2001,0,11487,2001-06-14,6,24,165,27,100
166,2001,0,11488,2001-06-15,6,24,166,27,100
167,2001,0,11489,2001-06-16,6,24,167,27,100
168,2001,0,11490,2001-06-17,6,24,168,27,100
169,2001,0,11491,2001-06-18,6,25,169,27,100
170,2001,0,11492,2001-06-19,6,25,170,27,100
171,2001,0,11493,2001-06-20,6,25,171,27,100
172,2001,0,11494,2001-06-21,6,25,172,27,100
173,2001,0,11495,2001-06-22,6,25,173,27,100
174,2001,0,11496,2001-06-23,6,25,174,27,100
175,2001,0,11497,2001-06-24,6,25,175,27,100
176,2001,0,11498,2001-06-25,6,26,176,27,100
177,2001,0,11499,2001-06-26,6,26,177,27,100
178,2001,0,11500,2001-06-27,6,26,178,27,100
179,2001,0,11501,2001-06-28,6,26,179,27,100
180,2001,0,11502,2001-06-29,6,26,180,27,100
1,2002,0,11688,2002-01-01,1,1,1,0,NA
2,2002,0,11689,2002-01-02,1,1,2,0,NA
3,2002,0,11690,2002-01-03,1,1,3,0,NA
4,2002,0,11691,2002-01-04,1,1,4,0,NA
5,2002,0,11692,2002-01-05,1,1,5,0,NA
6,2002,0,11693,2002-01-06,1,1,6,0,NA
7,2002,0,11694,2002-01-07,1,1,7,0,NA
8,2002,0,11695,2002-01-08,1,2,8,0,NA
9,2002,0,11696,2002-01-09,1,2,9,0,NA
10,2002,0,11697,2002-01-10,1,2,10,0,NA
11,2002,0,11698,2002-01-11,1,2,11,0,NA
12,2002,0,11699,2002-01-12,1,2,12,0,NA
13,2002,0,11700,2002-01-13,1,2,13,0,NA
14,2002,0,11701,2002-01-14,1,2,14,0,NA
15,2002,0,11702,2002-01-15,1,3,15,0,NA
16,2002,0,11703,2002-01-16,1,3,16,0,NA
17,2002,0,11704,2002-01-17,1,3,17,0,NA
18,2002,0,11705,2002-01-18,1,3,18,0,NA
19,2002,0,11706,2002-01-19,1,3,19,0,NA
20,2002,0,11707,2002-01-20,1,3,20,0,NA
21,2002,0,11708,2002-01-21,1,3,21,0,NA
22,2002,0,11709,2002-01-22,1,4,22,0,NA
23,2002,0,11710,2002-01-23,1,4,23,0,NA
24,2002,0,11711,2002-01-24,1,4,24,0,NA
25,2002,0,11712,2002-01-25,1,4,25,0,NA
26,2002,0,11713,2002-01-26,1,4,26,0,NA
27,2002,0,11714,2002-01-27,1,4,27,0,NA
28,2002,0,11715,2002-01-28,1,4,28,0,NA
29,2002,0,11716,2002-01-29,1,5,29,0,NA
30,2002,0,11717,2002-01-30,1,5,30,0,NA
31,2002,0,11718,2002-01-31,1,5,31,0,NA
32,2002,0,11719,2002-02-01,2,5,32,0,NA
33,2002,0,11720,2002-02-02,2,5,33,0,NA
34,2002,0,11721,2002-02-03,2,5,34,0,NA
35,2002,0,11722,2002-02-04,2,5,35,0,NA
36,2002,0,11723,2002-02-05,2,6,36,0,NA
37,2002,0,11724,2002-02-06,2,6,37,0,NA
38,2002,0,11725,2002-02-07,2,6,38,0,NA
39,2002,0,11726,2002-02-08,2,6,39,0,NA
40,2002,0,11727,2002-02-09,2,6,40,0,NA
41,2002,0,11728,2002-02-10,2,6,41,0,NA
42,2002,0,11729,2002-02-11,2,6,42,0,NA
43,2002,0,11730,2002-02-12,2,7,43,0,NA
44,2002,0,11731,2002-02-13,2,7,44,0,NA
45,2002,0,11732,2002-02-14,2,7,45,0,NA
46,2002,0,11733,2002-02-15,2,7,46,0,NA
47,2002,0,11734,2002-02-16,2,7,47,0,NA
48,2002,0,11735,2002-02-17,2,7,48,0,NA
49,2002,0,11736,2002-02-18,2,7,49,0,NA
50,2002,0,11737,2002-02-19,2,8,50,0,NA
51,2002,0,11738,2002-02-20,2,8,51,0,NA
52,2002,0,11739,2002-02-21,2,8,52,0,NA
53,2002,0,11740,2002-02-22,2,8,53,0,NA
54,2002,0,11741,2002-02-23,2,8,54,0,NA
55,2002,0,11742,2002-02-24,2,8,55,0,NA
56,2002,0,11743,2002-02-25,2,8,56,0,NA
57,2002,0,11744,2002-02-26,2,9,57,0,NA
58,2002,0,11745,2002-02-27,2,9,58,0,NA
59,2002,0,11746,2002-02-28,2,9,59,0,NA
60,2002,0,11747,2002-03-01,3,9,60,0,NA
61,2002,0,11748,2002-03-02,3,9,61,0,NA
62,2002,0,11749,2002-03-03,3,9,62,0,NA
63,2002,0,11750,2002-03-04,3,9,63,0,NA
64,2002,0,11751,2002-03-05,3,10,64,0,NA
65,2002,0,11752,2002-03-06,3,10,65,0,NA
66,2002,0,11753,2002-03-07,3,10,66,0,NA
67,2002,0,11754,2002-03-08,3,10,67,0,NA
68,2002,0,11755,2002-03-09,3,10,68,0,NA
69,2002,0,11756,2002-03-10,3,10,69,0,NA
70,2002,0,11757,2002-03-11,3,10,70,0,NA
71,2002,0,11758,2002-03-12,3,11,71,0,NA
72,2002,0,11759,2002-03-13,3,11,72,0,NA
73,2002,0,11760,2002-03-14,3,11,73,0,NA
74,2002,0,11761,2002-03-15,3,11,74,0,NA
75,2002,0,11762,2002-03-16,3,11,75,0,NA
76,2002,0,11763,2002-03-17,3,11,76,0,NA
77,2002,0,11764,2002-03-18,3,11,77,0,NA
78,2002,0,11765,2002-03-19,3,12,78,0,NA
79,2002,0,11766,2002-03-20,3,12,79,0,NA
80,2002,0,11767,2002-03-21,3,12,80,0,NA
81,2002,0,11768,2002-03-22,3,12,81,0,NA
82,2002,0,11769,2002-03-23,3,12,82,0,NA
83,2002,0,11770,2002-03-24,3,12,83,0,NA
84,2002,0,11771,2002-03-25,3,12,84,0,NA
85,2002,0,11772,2002-03-26,3,13,85,0,NA
86,2002,0,11773,2002-03-27,3,13,86,0,NA
87,2002,0,11774,2002-03-28,3,13,87,0,NA
88,2002,0,11775,2002-03-29,3,13,88,0,NA
89,2002,0,11776,2002-03-30,3,13,89,0,NA
90,2002,0,11777,2002-03-31,3,13,90,0,NA
91,2002,0,11778,2002-04-01,4,13,91,0,NA
92,2002,0,11779,2002-04-02,4,14,92,0,NA
93,2002,0,11780,2002-04-03,4,14,93,0,NA
94,2002,0,11781,2002-04-04,4,14,94,0,NA
95,2002,0,11782,2002-04-05,4,14,95,0,NA
96,2002,0,11783,2002-04-06,4,14,96,0,NA
97,2002,0,11784,2002-04-07,4,14,97,0,NA
98,2002,0,11785,2002-04-08,4,14,98,0,NA
99,2002,0,11786,2002-04-09,4,15,99,0,NA
100,2002,0,11787,2002-04-10,4,15,100,0,NA
101,2002,0,11788,2002-04-11,4,15,101,0,NA
102,2002,0,11789,2002-04-12,4,15,102,0,NA
103,2002,0,11790,2002-04-13,4,15,103,0,NA
104,2002,0,11791,2002-04-14,4,15,104,0,NA
105,2002,0,11792,2002-04-15,4,15,105,0,NA
106,2002,0,11793,2002-04-16,4,16,106,0,NA
107,2002,0,11794,2002-04-17,4,16,107,0,NA
108,2002,0,11795,2002-04-18,4,16,108,0,NA
109,2002,0,11796,2002-04-19,4,16,109,0,NA
110,2002,0,11797,2002-04-20,4,16,110,0,NA
111,2002,0,11798,2002-04-21,4,16,111,0,NA
112,2002,0,11799,2002-04-22,4,16,112,0,NA
113,2002,0,11800,2002-04-23,4,17,113,0,NA
114,2002,0,11801,2002-04-24,4,17,114,0,NA
115,2002,0,11802,2002-04-25,4,17,115,0,NA
116,2002,0,11803,2002-04-26,4,17,116,0,NA
117,2002,0,11804,2002-04-27,4,17,117,0,NA
118,2002,0,11805,2002-04-28,4,17,118,0,NA
119,2002,0,11806,2002-04-29,4,17,119,0,NA
120,2002,0,11807,2002-04-30,4,18,120,0,NA
121,2002,0,11808,2002-05-01,5,18,121,0,NA
122,2002,0,11809,2002-05-02,5,18,122,0,NA
123,2002,0,11810,2002-05-03,5,18,123,0,NA
124,2002,0,11811,2002-05-04,5,18,124,0,NA
125,2002,0,11812,2002-05-05,5,18,125,0,NA
126,2002,0,11813,2002-05-06,5,18,126,0,NA
127,2002,0,11814,2002-05-07,5,19,127,0,NA
128,2002,0,11815,2002-05-08,5,19,128,0,NA
129,2002,0,11816,2002-05-09,5,19,129,0,NA
130,2002,0,11817,2002-05-10,5,19,130,0,NA
131,2002,0,11818,2002-05-11,5,19,131,0,NA
132,2002,0,11819,2002-05-12,5,19,132,0,NA
133,2002,0,11820,2002-05-13,5,19,133,0,NA
134,2002,0,11821,2002-05-14,5,20,134,0,NA
135,2002,0,11822,2002-05-15,5,20,135,0,NA
136,2002,0,11823,2002-05-16,5,20,136,0,NA
137,2002,0,11824,2002-05-17,5,20,137,0,NA
138,2002,0,11825,2002-05-18,5,20,138,0,NA
139,2002,0,11826,2002-05-19,5,20,139,0,NA
140,2002,0,11827,2002-05-20,5,20,140,0,NA
141,2002,0,11828,2002-05-21,5,21,141,0,NA
142,2002,0,11829,2002-05-22,5,21,142,0,NA
143,2002,0,11830,2002-05-23,5,21,143,0,NA
144,2002,0,11831,2002-05-24,5,21,144,0,NA
145,2002,0,11832,2002-05-25,5,21,145,0,NA
146,2002,0,11833,2002-05-26,5,21,146,0,NA
147,2002,0,11834,2002-05-27,5,21,147,0,NA
148,2002,0,11835,2002-05-28,5,22,148,0,NA
149,2002,0,11836,2002-05-29,5,22,149,0,NA
150,2002,0,11837,2002-05-30,5,22,150,0,NA
151,2002,0,11838,2002-05-31,5,22,151,0,NA
152,2002,0,11839,2002-06-01,6,22,152,0,NA
153,2002,0,11840,2002-06-02,6,22,153,0,NA
154,2002,0,11841,2002-06-03,6,22,154,0,NA
155,2002,0,11842,2002-06-04,6,23,155,0,NA
156,2002,0,11843,2002-06-05,6,23,156,0,NA
157,2002,0,11844,2002-06-06,6,23,157,0,NA
158,2002,0,11845,2002-06-07,6,23,158,0,NA
159,2002,0,11846,2002-06-08,6,23,159,0,NA
160,2002,0,11847,2002-06-09,6,23,160,0,NA
161,2002,0,11848,2002-06-10,6,23,161,0,NA
162,2002,0,11849,2002-06-11,6,24,162,0,NA
163,2002,0,11850,2002-06-12,6,24,163,0,NA
164,2002,0,11851,2002-06-13,6,24,164,0,NA
165,2002,0,11852,2002-06-14,6,24,165,0,NA
166,2002,0,11853,2002-06-15,6,24,166,0,NA
167,2002,0,11854,2002-06-16,6,24,167,0,NA
168,2002,0,11855,2002-06-17,6,24,168,0,NA
169,2002,0,11856,2002-06-18,6,25,169,0,NA
170,2002,0,11857,2002-06-19,6,25,170,0,NA
171,2002,0,11858,2002-06-20,6,25,171,0,NA
172,2002,0,11859,2002-06-21,6,25,172,0,NA
173,2002,0,11860,2002-06-22,6,25,173,0,NA
174,2002,0,11861,2002-06-23,6,25,174,0,NA
175,2002,0,11862,2002-06-24,6,25,175,0,NA
176,2002,0,11863,2002-06-25,6,26,176,0,NA
177,2002,0,11864,2002-06-26,6,26,177,0,NA
178,2002,0,11865,2002-06-27,6,26,178,0,NA
179,2002,0,11866,2002-06-28,6,26,179,0,NA
180,2002,0,11867,2002-06-29,6,26,180,0,NA
1,2003,0,12053,2003-01-01,1,1,1,0,0
2,2003,0,12054,2003-01-02,1,1,2,0,0
3,2003,0,12055,2003-01-03,1,1,3,0,0
4,2003,0,12056,2003-01-04,1,1,4,0,0
5,2003,0,12057,2003-01-05,1,1,5,0,0
6,2003,0,12058,2003-01-06,1,1,6,0,0
7,2003,0,12059,2003-01-07,1,1,7,0,0
8,2003,0,12060,2003-01-08,1,2,8,0,0
9,2003,0,12061,2003-01-09,1,2,9,0,0
10,2003,0,12062,2003-01-10,1,2,10,0,0
11,2003,0,12063,2003-01-11,1,2,11,0,0
12,2003,0,12064,2003-01-12,1,2,12,0,0
13,2003,0,12065,2003-01-13,1,2,13,0,0
14,2003,0,12066,2003-01-14,1,2,14,0,0
15,2003,0,12067,2003-01-15,1,3,15,0,0
16,2003,0,12068,2003-01-16,1,3,16,0,0
17,2003,0,12069,2003-01-17,1,3,17,0,0
18,2003,0,12070,2003-01-18,1,3,18,0,0
19,2003,0,12071,2003-01-19,1,3,19,0,0
20,2003,0,12072,2003-01-20,1,3,20,0,0
21,2003,0,12073,2003-01-21,1,3,21,0,0
22,2003,0,12074,2003-01-22,1,4,22,0,0
23,2003,0,12075,2003-01-23,1,4,23,0,0
24,2003,0,12076,2003-01-24,1,4,24,0,0
25,2003,0,12077,2003-01-25,1,4,25,0,0
26,2003,0,12078,2003-01-26,1,4,26,0,0
27,2003,0,12079,2003-01-27,1,4,27,0,0
28,2003,0,12080,2003-01-28,1,4,28,0,0
29,2003,0,12081,2003-01-29,1,5,29,0,0
30,2003,0,12082,2003-01-30,1,5,30,0,0
31,2003,0,12083,2003-01-31,1,5,31,0,0
32,2003,0,12084,2003-02-01,2,5,32,0,0
33,2003,0,12085,2003-02-02,2,5,33,0,0
34,2003,0,12086,2003-02-03,2,5,34,0,0
35,2003,0,12087,2003-02-04,2,5,35,0,0
36,2003,0,12088,2003-02-05,2,6,36,0,0
37,2003,0,12089,2003-02-06,2,6,37,0,0
38,2003,0,12090,2003-02-07,2,6,38,0,0
39,2003,0,12091,2003-02-08,2,6,39,0,0
40,2003,0,12092,2003-02-09,2,6,40,0,0
41,2003,0,12093,2003-02-10,2,6,41,0,0
42,2003,0,12094,2003-02-11,2,6,42,0,0
43,2003,0,12095,2003-02-12,2,7,43,0,0
44,2003,0,12096,2003-02-13,2,7,44,0,0
45,2003,0,12097,2003-02-14,2,7,45,0,0
46,2003,0,12098,2003-02-15,2,7,46,0,0
47,2003,0,12099,2003-02-16,2,7,47,0,0
48,2003,0,12100,2003-02-17,2,7,48,0,0
49,2003,0,12101,2003-02-18,2,7,49,0,0
50,2003,0,12102,2003-02-19,2,8,50,0,0
51,2003,0,12103,2003-02-20,2,8,51,0,0
52,2003,0,12104,2003-02-21,2,8,52,0,0
53,2003,0,12105,2003-02-22,2,8,53,0,0
54,2003,0,12106,2003-02-23,2,8,54,0,0
55,2003,0,12107,2003-02-24,2,8,55,0,0
56,2003,0,12108,2003-02-25,2,8,56,0,0
57,2003,0,12109,2003-02-26,2,9,57,0,0
58,2003,0,12110,2003-02-27,2,9,58,0,0
59,2003,0,12111,2003-02-28,2,9,59,0,0
60,2003,0,12112,2003-03-01,3,9,60,0,0
61,2003,0,12113,2003-03-02,3,9,61,0,0
62,2003,0,12114,2003-03-03,3,9,62,0,0
63,2003,0,12115,2003-03-04,3,9,63,0,0
64,2003,0,12116,2003-03-05,3,10,64,0,0
65,2003,0,12117,2003-03-06,3,10,65,0,0
66,2003,0,12118,2003-03-07,3,10,66,0,0
67,2003,0,12119,2003-03-08,3,10,67,0,0
68,2003,0,12120,2003-03-09,3,10,68,0,0
69,2003,0,12121,2003-03-10,3,10,69,0,0
70,2003,0,12122,2003-03-11,3,10,70,0,0
71,2003,0,12123,2003-03-12,3,11,71,0,0
72,2003,0,12124,2003-03-13,3,11,72,0,0
73,2003,0,12125,2003-03-14,3,11,73,0,0
74,2003,0,12126,2003-03-15,3,11,74,0,0
75,2003,0,12127,2003-03-16,3,11,75,0,0
76,2003,0,12128,2003-03-17,3,11,76,0,0
77,2003,0,12129,2003-03-18,3,11,77,0,0
78,2003,0,12130,2003-03-19,3,12,78,0,0
79,2003,0,12131,2003-03-20,3,12,79,0,0
80,2003,0,12132,2003-03-21,3,12,80,0,0
81,2003,0,12133,2003-03-22,3,12,81,0,0
82,2003,0,12134,2003-03-23,3,12,82,0,0
83,2003,0,12135,2003-03-24,3,12,83,0,0
84,2003,1,12136,2003-03-25,3,12,84,1,0.3968253968253968
85,2003,0,12137,2003-03-26,3,13,85,1,0.3968253968253968
86,2003,1,12138,2003-03-27,3,13,86,2,0.7936507936507936
87,2003,0,12139,2003-03-28,3,13,87,2,0.7936507936507936
88,2003,0,12140,2003-03-29,3,13,88,2,0.7936507936507936
89,2003,3,12141,2003-03-30,3,13,89,5,1.984126984126984
90,2003,1,12142,2003-03-31,3,13,90,6,2.380952380952381
91,2003,0,12143,2003-04-01,4,13,91,6,2.380952380952381
92,2003,1,12144,2003-04-02,4,14,92,7,2.7777777777777777
93,2003,0,12145,2003-04-03,4,14,93,7,2.7777777777777777
94,2003,0,12146,2003-04-04,4,14,94,7,2.7777777777777777
95,2003,1,12147,2003-04-05,4,14,95,8,3.1746031746031744
96,2003,0,12148,2003-04-06,4,14,96,8,3.1746031746031744
97,2003,3,12149,2003-04-07,4,14,97,11,4.365079365079365
98,2003,3,12150,2003-04-08,4,14,98,14,5.555555555555555
99,2003,0,12151,2003-04-09,4,15,99,14,5.555555555555555
100,2003,0,12152,2003-04-10,4,15,100,14,5.555555555555555
101,2003,3,12153,2003-04-11,4,15,101,17,6.746031746031746
102,2003,4,12154,2003-04-12,4,15,102,21,8.333333333333332
103,2003,4,12155,2003-04-13,4,15,103,25,9.920634920634921
104,2003,2,12156,2003-04-14,4,15,104,27,10.714285714285714
105,2003,17,12157,2003-04-15,4,15,105,44,17.46031746031746
106,2003,14,12158,2003-04-16,4,16,106,58,23.015873015873016
107,2003,10,12159,2003-04-17,4,16,107,68,26.984126984126984
108,2003,9,12160,2003-04-18,4,16,108,77,30.555555555555557
109,2003,4,12161,2003-04-19,4,16,109,81,32.142857142857146
110,2003,1,12162,2003-04-20,4,16,110,82,32.53968253968254
111,2003,10,12163,2003-04-21,4,16,111,92,36.507936507936506
112,2003,14,12164,2003-04-22,4,16,112,106,42.06349206349206
113,2003,22,12165,2003-04-23,4,17,113,128,50.79365079365079
114,2003,15,12166,2003-04-24,4,17,114,143,56.74603174603175
115,2003,22,12167,2003-04-25,4,17,115,165,65.47619047619048
116,2003,30,12168,2003-04-26,4,17,116,195,77.38095238095238
117,2003,13,12169,2003-04-27,4,17,117,208,82.53968253968253
118,2003,16,12170,2003-04-28,4,17,118,224,88.88888888888889
119,2003,7,12171,2003-04-29,4,17,119,231,91.66666666666666
120,2003,6,12172,2003-04-30,4,18,120,237,94.04761904761905
121,2003,4,12173,2003-05-01,5,18,121,241,95.63492063492063
122,2003,0,12174,2003-05-02,5,18,122,241,95.63492063492063
123,2003,0,12175,2003-05-03,5,18,123,241,95.63492063492063
124,2003,1,12176,2003-05-04,5,18,124,242,96.03174603174604
125,2003,3,12177,2003-05-05,5,18,125,245,97.22222222222221
126,2003,0,12178,2003-05-06,5,18,126,245,97.22222222222221
127,2003,2,12179,2003-05-07,5,19,127,247,98.01587301587301
128,2003,1,12180,2003-05-08,5,19,128,248,98.4126984126984
129,2003,1,12181,2003-05-09,5,19,129,249,98.80952380952381
130,2003,1,12182,2003-05-10,5,19,130,250,99.20634920634922
131,2003,2,12183,2003-05-11,5,19,131,252,100
132,2003,0,12184,2003-05-12,5,19,132,252,100
133,2003,0,12185,2003-05-13,5,19,133,252,100
134,2003,0,12186,2003-05-14,5,20,134,252,100
135,2003,0,12187,2003-05-15,5,20,135,252,100
136,2003,0,12188,2003-05-16,5,20,136,252,100
137,2003,0,12189,2003-05-17,5,20,137,252,100
138,2003,0,12190,2003-05-18,5,20,138,252,100
139,2003,0,12191,2003-05-19,5,20,139,252,100
140,2003,0,12192,2003-05-20,5,20,140,252,100
141,2003,0,12193,2003-05-21,5,21,141,252,100
142,2003,0,12194,2003-05-22,5,21,142,252,100
143,2003,0,12195,2003-05-23,5,21,143,252,100
144,2003,0,12196,2003-05-24,5,21,144,252,100
145,2003,0,12197,2003-05-25,5,21,145,252,100
146,2003,0,12198,2003-05-26,5,21,146,252,100
147,2003,0,12199,2003-05-27,5,21,147,252,100
148,2003,0,12200,2003-05-28,5,22,148,252,100
149,2003,0,12201,2003-05-29,5,22,149,252,100
150,2003,0,12202,2003-05-30,5,22,150,252,100
151,2003,0,12203,2003-05-31,5,22,151,252,100
152,2003,0,12204,2003-06-01,6,22,152,252,100
153,2003,0,12205,2003-06-02,6,22,153,252,100
154,2003,0,12206,2003-06-03,6,22,154,252,100
155,2003,0,12207,2003-06-04,6,23,155,252,100
156,2003,0,12208,2003-06-05,6,23,156,252,100
157,2003,0,12209,2003-06-06,6,23,157,252,100
158,2003,0,12210,2003-06-07,6,23,158,252,100
159,2003,0,12211,2003-06-08,6,23,159,252,100
160,2003,0,12212,2003-06-09,6,23,160,252,100
161,2003,0,12213,2003-06-10,6,23,161,252,100
162,2003,0,12214,2003-06-11,6,24,162,252,100
163,2003,0,12215,2003-06-12,6,24,163,252,100
164,2003,0,12216,2003-06-13,6,24,164,252,100
165,2003,0,12217,2003-06-14,6,24,165,252,100
166,2003,0,12218,2003-06-15,6,24,166,252,100
167,2003,0,12219,2003-06-16,6,24,167,252,100
168,2003,0,12220,2003-06-17,6,24,168,252,100
169,2003,0,12221,2003-06-18,6,25,169,252,100
170,2003,0,12222,2003-06-19,6,25,170,252,100
171,2003,0,12223,2003-06-20,6,25,171,252,100
172,2003,0,12224,2003-06-21,6,25,172,252,100
173,2003,0,12225,2003-06-22,6,25,173,252,100
174,2003,0,12226,2003-06-23,6,25,174,252,100
175,2003,0,12227,2003-06-24,6,25,175,252,100
176,2003,0,12228,2003-06-25,6,26,176,252,100
177,2003,0,12229,2003-06-26,6,26,177,252,100
178,2003,0,12230,2003-06-27,6,26,178,252,100
179,2003,0,12231,2003-06-28,6,26,179,252,100
180,2003,0,12232,2003-06-29,6,26,180,252,100
1,2004,0,12418,2004-01-01,1,1,1,0,0
2,2004,0,12419,2004-01-02,1,1,2,0,0
3,2004,0,12420,2004-01-03,1,1,3,0,0
4,2004,0,12421,2004-01-04,1,1,4,0,0
5,2004,0,12422,2004-01-05,1,1,5,0,0
6,2004,0,12423,2004-01-06,1,1,6,0,0
7,2004,0,12424,2004-01-07,1,1,7,0,0
8,2004,0,12425,2004-01-08,1,2,8,0,0
9,2004,0,12426,2004-01-09,1,2,9,0,0
10,2004,0,12427,2004-01-10,1,2,10,0,0
11,2004,0,12428,2004-01-11,1,2,11,0,0
12,2004,0,12429,2004-01-12,1,2,12,0,0
13,2004,0,12430,2004-01-13,1,2,13,0,0
14,2004,0,12431,2004-01-14,1,2,14,0,0
15,2004,0,12432,2004-01-15,1,3,15,0,0
16,2004,0,12433,2004-01-16,1,3,16,0,0
17,2004,0,12434,2004-01-17,1,3,17,0,0
18,2004,0,12435,2004-01-18,1,3,18,0,0
19,2004,0,12436,2004-01-19,1,3,19,0,0
20,2004,0,12437,2004-01-20,1,3,20,0,0
21,2004,0,12438,2004-01-21,1,3,21,0,0
22,2004,0,12439,2004-01-22,1,4,22,0,0
23,2004,0,12440,2004-01-23,1,4,23,0,0
24,2004,0,12441,2004-01-24,1,4,24,0,0
25,2004,0,12442,2004-01-25,1,4,25,0,0
26,2004,0,12443,2004-01-26,1,4,26,0,0
27,2004,0,12444,2004-01-27,1,4,27,0,0
28,2004,0,12445,2004-01-28,1,4,28,0,0
29,2004,0,12446,2004-01-29,1,5,29,0,0
30,2004,0,12447,2004-01-30,1,5,30,0,0
31,2004,0,12448,2004-01-31,1,5,31,0,0
32,2004,0,12449,2004-02-01,2,5,32,0,0
33,2004,0,12450,2004-02-02,2,5,33,0,0
34,2004,0,12451,2004-02-03,2,5,34,0,0
35,2004,0,12452,2004-02-04,2,5,35,0,0
36,2004,0,12453,2004-02-05,2,6,36,0,0
37,2004,0,12454,2004-02-06,2,6,37,0,0
38,2004,0,12455,2004-02-07,2,6,38,0,0
39,2004,0,12456,2004-02-08,2,6,39,0,0
40,2004,0,12457,2004-02-09,2,6,40,0,0
41,2004,0,12458,2004-02-10,2,6,41,0,0
42,2004,0,12459,2004-02-11,2,6,42,0,0
43,2004,0,12460,2004-02-12,2,7,43,0,0
44,2004,0,12461,2004-02-13,2,7,44,0,0
45,2004,0,12462,2004-02-14,2,7,45,0,0
46,2004,0,12463,2004-02-15,2,7,46,0,0
47,2004,0,12464,2004-02-16,2,7,47,0,0
48,2004,0,12465,2004-02-17,2,7,48,0,0
49,2004,0,12466,2004-02-18,2,7,49,0,0
50,2004,0,12467,2004-02-19,2,8,50,0,0
51,2004,0,12468,2004-02-20,2,8,51,0,0
52,2004,0,12469,2004-02-21,2,8,52,0,0
53,2004,0,12470,2004-02-22,2,8,53,0,0
54,2004,0,12471,2004-02-23,2,8,54,0,0
55,2004,0,12472,2004-02-24,2,8,55,0,0
56,2004,0,12473,2004-02-25,2,8,56,0,0
57,2004,0,12474,2004-02-26,2,9,57,0,0
58,2004,0,12475,2004-02-27,2,9,58,0,0
59,2004,0,12476,2004-02-28,2,9,59,0,0
60,2004,0,12477,2004-02-29,2,9,60,0,0
61,2004,0,12478,2004-03-01,3,9,61,0,0
62,2004,0,12479,2004-03-02,3,9,62,0,0
63,2004,0,12480,2004-03-03,3,9,63,0,0
64,2004,0,12481,2004-03-04,3,10,64,0,0
65,2004,0,12482,2004-03-05,3,10,65,0,0
66,2004,0,12483,2004-03-06,3,10,66,0,0
67,2004,0,12484,2004-03-07,3,10,67,0,0
68,2004,0,12485,2004-03-08,3,10,68,0,0
69,2004,0,12486,2004-03-09,3,10,69,0,0
70,2004,0,12487,2004-03-10,3,10,70,0,0
71,2004,0,12488,2004-03-11,3,11,71,0,0
72,2004,0,12489,2004-03-12,3,11,72,0,0
73,2004,0,12490,2004-03-13,3,11,73,0,0
74,2004,0,12491,2004-03-14,3,11,74,0,0
75,2004,0,12492,2004-03-15,3,11,75,0,0
76,2004,2,12493,2004-03-16,3,11,76,2,0.3412969283276451
77,2004,0,12494,2004-03-17,3,11,77,2,0.3412969283276451
78,2004,0,12495,2004-03-18,3,12,78,2,0.3412969283276451
79,2004,0,12496,2004-03-19,3,12,79,2,0.3412969283276451
80,2004,0,12497,2004-03-20,3,12,80,2,0.3412969283276451
81,2004,0,12498,2004-03-21,3,12,81,2,0.3412969283276451
82,2004,5,12499,2004-03-22,3,12,82,7,1.1945392491467577
83,2004,2,12500,2004-03-23,3,12,83,9,1.5358361774744027
84,2004,1,12501,2004-03-24,3,12,84,10,1.7064846416382253
85,2004,0,12502,2004-03-25,3,13,85,10,1.7064846416382253
86,2004,0,12503,2004-03-26,3,13,86,10,1.7064846416382253
87,2004,0,12504,2004-03-27,3,13,87,10,1.7064846416382253
88,2004,0,12505,2004-03-28,3,13,88,10,1.7064846416382253
89,2004,0,12506,2004-03-29,3,13,89,10,1.7064846416382253
90,2004,1,12507,2004-03-30,3,13,90,11,1.877133105802048
91,2004,36,12508,2004-03-31,3,13,91,47,8.020477815699659
92,2004,9,12509,2004-04-01,4,14,92,56,9.556313993174061
93,2004,17,12510,2004-04-02,4,14,93,73,12.457337883959044
94,2004,10,12511,2004-04-03,4,14,94,83,14.163822525597269
95,2004,9,12512,2004-04-04,4,14,95,92,15.699658703071673
96,2004,4,12513,2004-04-05,4,14,96,96,16.38225255972696
97,2004,6,12514,2004-04-06,4,14,97,102,17.4061433447099
98,2004,8,12515,2004-04-07,4,14,98,110,18.771331058020476
99,2004,20,12516,2004-04-08,4,15,99,130,22.18430034129693
100,2004,11,12517,2004-04-09,4,15,100,141,24.061433447098977
101,2004,5,12518,2004-04-10,4,15,101,146,24.914675767918087
102,2004,4,12519,2004-04-11,4,15,102,150,25.597269624573375
103,2004,11,12520,2004-04-12,4,15,103,161,27.474402730375424
104,2004,3,12521,2004-04-13,4,15,104,164,27.986348122866893
105,2004,14,12522,2004-04-14,4,15,105,178,30.37542662116041
106,2004,17,12523,2004-04-15,4,16,106,195,33.27645051194539
107,2004,25,12524,2004-04-16,4,16,107,220,37.54266211604095
108,2004,6,12525,2004-04-17,4,16,108,226,38.56655290102389
109,2004,26,12526,2004-04-18,4,16,109,252,43.003412969283275
110,2004,16,12527,2004-04-19,4,16,110,268,45.73378839590443
111,2004,16,12528,2004-04-20,4,16,111,284,48.4641638225256
112,2004,40,12529,2004-04-21,4,16,112,324,55.2901023890785
113,2004,18,12530,2004-04-22,4,17,113,342,58.36177474402731
114,2004,33,12531,2004-04-23,4,17,114,375,63.99317406143344
115,2004,11,12532,2004-04-24,4,17,115,386,65.8703071672355
116,2004,14,12533,2004-04-25,4,17,116,400,68.25938566552901
117,2004,13,12534,2004-04-26,4,17,117,413,70.4778156996587
118,2004,86,12535,2004-04-27,4,17,118,499,85.15358361774744
119,2004,21,12536,2004-04-28,4,17,119,520,88.73720136518772
120,2004,19,12537,2004-04-29,4,18,120,539,91.97952218430035
121,2004,4,12538,2004-04-30,4,18,121,543,92.66211604095564
122,2004,4,12539,2004-05-01,5,18,122,547,93.34470989761093
123,2004,3,12540,2004-05-02,5,18,123,550,93.85665529010238
124,2004,2,12541,2004-05-03,5,18,124,552,94.19795221843003
125,2004,2,12542,2004-05-04,5,18,125,554,94.53924914675767
126,2004,2,12543,2004-05-05,5,18,126,556,94.88054607508532
127,2004,2,12544,2004-05-06,5,19,127,558,95.22184300341297
128,2004,2,12545,2004-05-07,5,19,128,560,95.56313993174061
129,2004,3,12546,2004-05-08,5,19,129,563,96.07508532423208
130,2004,5,12547,2004-05-09,5,19,130,568,96.9283276450512
131,2004,3,12548,2004-05-10,5,19,131,571,97.44027303754265
132,2004,3,12549,2004-05-11,5,19,132,574,97.95221843003414
133,2004,2,12550,2004-05-12,5,19,133,576,98.29351535836177
134,2004,1,12551,2004-05-13,5,20,134,577,98.46416382252559
135,2004,0,12552,2004-05-14,5,20,135,577,98.46416382252559
136,2004,0,12553,2004-05-15,5,20,136,577,98.46416382252559
137,2004,1,12554,2004-05-16,5,20,137,578,98.63481228668942
138,2004,1,12555,2004-05-17,5,20,138,579,98.80546075085324
139,2004,2,12556,2004-05-18,5,20,139,581,99.14675767918088
140,2004,0,12557,2004-05-19,5,20,140,581,99.14675767918088
141,2004,1,12558,2004-05-20,5,21,141,582,99.31740614334471
142,2004,0,12559,2004-05-21,5,21,142,582,99.31740614334471
143,2004,0,12560,2004-05-22,5,21,143,582,99.31740614334471
144,2004,1,12561,2004-05-23,5,21,144,583,99.48805460750853
145,2004,0,12562,2004-05-24,5,21,145,583,99.48805460750853
146,2004,1,12563,2004-05-25,5,21,146,584,99.65870307167235
147,2004,0,12564,2004-05-26,5,21,147,584,99.65870307167235
148,2004,1,12565,2004-05-27,5,22,148,585,99.82935153583618
149,2004,0,12566,2004-05-28,5,22,149,585,99.82935153583618
150,2004,0,12567,2004-05-29,5,22,150,585,99.82935153583618
151,2004,0,12568,2004-05-30,5,22,151,585,99.82935153583618
152,2004,0,12569,2004-05-31,5,22,152,585,99.82935153583618
153,2004,0,12570,2004-06-01,6,22,153,585,99.82935153583618
154,2004,0,12571,2004-06-02,6,22,154,585,99.82935153583618
155,2004,0,12572,2004-06-03,6,23,155,585,99.82935153583618
156,2004,0,12573,2004-06-04,6,23,156,585,99.82935153583618
157,2004,0,12574,2004-06-05,6,23,157,585,99.82935153583618
158,2004,0,12575,2004-06-06,6,23,158,585,99.82935153583618
159,2004,1,12576,2004-06-07,6,23,159,586,100
160,2004,0,12577,2004-06-08,6,23,160,586,100
161,2004,0,12578,2004-06-09,6,23,161,586,100
162,2004,0,12579,2004-06-10,6,24,162,586,100
163,2004,0,12580,2004-06-11,6,24,163,586,100
164,2004,0,12581,2004-06-12,6,24,164,586,100
165,2004,0,12582,2004-06-13,6,24,165,586,100
166,2004,0,12583,2004-06-14,6,24,166,586,100
167,2004,0,12584,2004-06-15,6,24,167,586,100
168,2004,0,12585,2004-06-16,6,24,168,586,100
169,2004,0,12586,2004-06-17,6,25,169,586,100
170,2004,0,12587,2004-06-18,6,25,170,586,100
171,2004,0,12588,2004-06-19,6,25,171,586,100
172,2004,0,12589,2004-06-20,6,25,172,586,100
173,2004,0,12590,2004-06-21,6,25,173,586,100
174,2004,0,12591,2004-06-22,6,25,174,586,100
175,2004,0,12592,2004-06-23,6,25,175,586,100
176,2004,0,12593,2004-06-24,6,26,176,586,100
177,2004,0,12594,2004-06-25,6,26,177,586,100
178,2004,0,12595,2004-06-26,6,26,178,586,100
179,2004,0,12596,2004-06-27,6,26,179,586,100
180,2004,0,12597,2004-06-28,6,26,180,586,100
1,2005,0,12784,2005-01-01,1,1,1,0,0
2,2005,0,12785,2005-01-02,1,1,2,0,0
3,2005,0,12786,2005-01-03,1,1,3,0,0
4,2005,0,12787,2005-01-04,1,1,4,0,0
5,2005,0,12788,2005-01-05,1,1,5,0,0
6,2005,0,12789,2005-01-06,1,1,6,0,0
7,2005,0,12790,2005-01-07,1,1,7,0,0
8,2005,0,12791,2005-01-08,1,2,8,0,0
9,2005,0,12792,2005-01-09,1,2,9,0,0
10,2005,0,12793,2005-01-10,1,2,10,0,0
11,2005,0,12794,2005-01-11,1,2,11,0,0
12,2005,0,12795,2005-01-12,1,2,12,0,0
13,2005,0,12796,2005-01-13,1,2,13,0,0
14,2005,0,12797,2005-01-14,1,2,14,0,0
15,2005,0,12798,2005-01-15,1,3,15,0,0
16,2005,0,12799,2005-01-16,1,3,16,0,0
17,2005,0,12800,2005-01-17,1,3,17,0,0
18,2005,0,12801,2005-01-18,1,3,18,0,0
19,2005,0,12802,2005-01-19,1,3,19,0,0
20,2005,0,12803,2005-01-20,1,3,20,0,0
21,2005,0,12804,2005-01-21,1,3,21,0,0
22,2005,0,12805,2005-01-22,1,4,22,0,0
23,2005,0,12806,2005-01-23,1,4,23,0,0
24,2005,0,12807,2005-01-24,1,4,24,0,0
25,2005,0,12808,2005-01-25,1,4,25,0,0
26,2005,0,12809,2005-01-26,1,4,26,0,0
27,2005,0,12810,2005-01-27,1,4,27,0,0
28,2005,0,12811,2005-01-28,1,4,28,0,0
29,2005,0,12812,2005-01-29,1,5,29,0,0
30,2005,0,12813,2005-01-30,1,5,30,0,0
31,2005,0,12814,2005-01-31,1,5,31,0,0
32,2005,0,12815,2005-02-01,2,5,32,0,0
33,2005,0,12816,2005-02-02,2,5,33,0,0
34,2005,0,12817,2005-02-03,2,5,34,0,0
35,2005,0,12818,2005-02-04,2,5,35,0,0
36,2005,0,12819,2005-02-05,2,6,36,0,0
37,2005,0,12820,2005-02-06,2,6,37,0,0
38,2005,0,12821,2005-02-07,2,6,38,0,0
39,2005,0,12822,2005-02-08,2,6,39,0,0
40,2005,0,12823,2005-02-09,2,6,40,0,0
41,2005,0,12824,2005-02-10,2,6,41,0,0
42,2005,0,12825,2005-02-11,2,6,42,0,0
43,2005,0,12826,2005-02-12,2,7,43,0,0
44,2005,0,12827,2005-02-13,2,7,44,0,0
45,2005,0,12828,2005-02-14,2,7,45,0,0
46,2005,0,12829,2005-02-15,2,7,46,0,0
47,2005,0,12830,2005-02-16,2,7,47,0,0
48,2005,0,12831,2005-02-17,2,7,48,0,0
49,2005,0,12832,2005-02-18,2,7,49,0,0
50,2005,0,12833,2005-02-19,2,8,50,0,0
51,2005,0,12834,2005-02-20,2,8,51,0,0
52,2005,0,12835,2005-02-21,2,8,52,0,0
53,2005,0,12836,2005-02-22,2,8,53,0,0
54,2005,0,12837,2005-02-23,2,8,54,0,0
55,2005,0,12838,2005-02-24,2,8,55,0,0
56,2005,0,12839,2005-02-25,2,8,56,0,0
57,2005,0,12840,2005-02-26,2,9,57,0,0
58,2005,0,12841,2005-02-27,2,9,58,0,0
59,2005,0,12842,2005-02-28,2,9,59,0,0
60,2005,0,12843,2005-03-01,3,9,60,0,0
61,2005,0,12844,2005-03-02,3,9,61,0,0
62,2005,0,12845,2005-03-03,3,9,62,0,0
63,2005,0,12846,2005-03-04,3,9,63,0,0
64,2005,0,12847,2005-03-05,3,10,64,0,0
65,2005,0,12848,2005-03-06,3,10,65,0,0
66,2005,0,12849,2005-03-07,3,10,66,0,0
67,2005,0,12850,2005-03-08,3,10,67,0,0
68,2005,0,12851,2005-03-09,3,10,68,0,0
69,2005,0,12852,2005-03-10,3,10,69,0,0
70,2005,0,12853,2005-03-11,3,10,70,0,0
71,2005,0,12854,2005-03-12,3,11,71,0,0
72,2005,0,12855,2005-03-13,3,11,72,0,0
73,2005,0,12856,2005-03-14,3,11,73,0,0
74,2005,0,12857,2005-03-15,3,11,74,0,0
75,2005,2,12858,2005-03-16,3,11,75,2,0.4987531172069825
76,2005,0,12859,2005-03-17,3,11,76,2,0.4987531172069825
77,2005,0,12860,2005-03-18,3,11,77,2,0.4987531172069825
78,2005,0,12861,2005-03-19,3,12,78,2,0.4987531172069825
79,2005,0,12862,2005-03-20,3,12,79,2,0.4987531172069825
80,2005,2,12863,2005-03-21,3,12,80,4,0.997506234413965
81,2005,0,12864,2005-03-22,3,12,81,4,0.997506234413965
82,2005,5,12865,2005-03-23,3,12,82,9,2.2443890274314215
83,2005,3,12866,2005-03-24,3,12,83,12,2.9925187032418954
84,2005,5,12867,2005-03-25,3,12,84,17,4.239401496259352
85,2005,2,12868,2005-03-26,3,13,85,19,4.738154613466334
86,2005,0,12869,2005-03-27,3,13,86,19,4.738154613466334
87,2005,3,12870,2005-03-28,3,13,87,22,5.486284289276807
88,2005,3,12871,2005-03-29,3,13,88,25,6.234413965087282
89,2005,3,12872,2005-03-30,3,13,89,28,6.982543640897755
90,2005,2,12873,2005-03-31,3,13,90,30,7.4812967581047385
91,2005,17,12874,2005-04-01,4,13,91,47,11.72069825436409
92,2005,8,12875,2005-04-02,4,14,92,55,13.715710723192021
93,2005,7,12876,2005-04-03,4,14,93,62,15.46134663341646
94,2005,12,12877,2005-04-04,4,14,94,74,18.453865336658353
95,2005,10,12878,2005-04-05,4,14,95,84,20.947630922693268
96,2005,7,12879,2005-04-06,4,14,96,91,22.693266832917704
97,2005,5,12880,2005-04-07,4,14,97,96,23.940149625935163
98,2005,4,12881,2005-04-08,4,14,98,100,24.93765586034913
99,2005,3,12882,2005-04-09,4,15,99,103,25.6857855361596
100,2005,7,12883,2005-04-10,4,15,100,110,27.431421446384043
101,2005,14,12884,2005-04-11,4,15,101,124,30.92269326683292
102,2005,4,12885,2005-04-12,4,15,102,128,31.92019950124688
103,2005,44,12886,2005-04-13,4,15,103,172,42.8927680798005
104,2005,17,12887,2005-04-14,4,15,104,189,47.13216957605985
105,2005,21,12888,2005-04-15,4,15,105,210,52.36907730673317
106,2005,20,12889,2005-04-16,4,16,106,230,57.356608478803
107,2005,19,12890,2005-04-17,4,16,107,249,62.094763092269325
108,2005,23,12891,2005-04-18,4,16,108,272,67.83042394014963
109,2005,12,12892,2005-04-19,4,16,109,284,70.82294264339151
110,2005,3,12893,2005-04-20,4,16,110,287,71.571072319202
111,2005,12,12894,2005-04-21,4,16,111,299,74.56359102244389
112,2005,4,12895,2005-04-22,4,16,112,303,75.56109725685786
113,2005,0,12896,2005-04-23,4,17,113,303,75.56109725685786
114,2005,0,12897,2005-04-24,4,17,114,303,75.56109725685786
115,2005,12,12898,2005-04-25,4,17,115,315,78.55361596009975
116,2005,6,12899,2005-04-26,4,17,116,321,80.0498753117207
117,2005,10,12900,2005-04-27,4,17,117,331,82.54364089775561
118,2005,4,12901,2005-04-28,4,17,118,335,83.54114713216958
119,2005,7,12902,2005-04-29,4,17,119,342,85.286783042394
120,2005,12,12903,2005-04-30,4,18,120,354,88.2793017456359
121,2005,23,12904,2005-05-01,5,18,121,377,94.0149625935162
122,2005,3,12905,2005-05-02,5,18,122,380,94.76309226932669
123,2005,10,12906,2005-05-03,5,18,123,390,97.2568578553616
124,2005,4,12907,2005-05-04,5,18,124,394,98.25436408977556
125,2005,2,12908,2005-05-05,5,18,125,396,98.75311720698254
126,2005,3,12909,2005-05-06,5,18,126,399,99.50124688279301
127,2005,0,12910,2005-05-07,5,19,127,399,99.50124688279301
128,2005,0,12911,2005-05-08,5,19,128,399,99.50124688279301
129,2005,0,12912,2005-05-09,5,19,129,399,99.50124688279301
130,2005,0,12913,2005-05-10,5,19,130,399,99.50124688279301
131,2005,0,12914,2005-05-11,5,19,131,399,99.50124688279301
132,2005,0,12915,2005-05-12,5,19,132,399,99.50124688279301
133,2005,0,12916,2005-05-13,5,19,133,399,99.50124688279301
134,2005,1,12917,2005-05-14,5,20,134,400,99.75062344139651
135,2005,1,12918,2005-05-15,5,20,135,401,100
136,2005,0,12919,2005-05-16,5,20,136,401,100
137,2005,0,12920,2005-05-17,5,20,137,401,100
138,2005,0,12921,2005-05-18,5,20,138,401,100
139,2005,0,12922,2005-05-19,5,20,139,401,100
140,2005,0,12923,2005-05-20,5,20,140,401,100
141,2005,0,12924,2005-05-21,5,21,141,401,100
142,2005,0,12925,2005-05-22,5,21,142,401,100
143,2005,0,12926,2005-05-23,5,21,143,401,100
144,2005,0,12927,2005-05-24,5,21,144,401,100
145,2005,0,12928,2005-05-25,5,21,145,401,100
146,2005,0,12929,2005-05-26,5,21,146,401,100
147,2005,0,12930,2005-05-27,5,21,147,401,100
148,2005,0,12931,2005-05-28,5,22,148,401,100
149,2005,0,12932,2005-05-29,5,22,149,401,100
150,2005,0,12933,2005-05-30,5,22,150,401,100
151,2005,0,12934,2005-05-31,5,22,151,401,100
152,2005,0,12935,2005-06-01,6,22,152,401,100
153,2005,0,12936,2005-06-02,6,22,153,401,100
154,2005,0,12937,2005-06-03,6,22,154,401,100
155,2005,0,12938,2005-06-04,6,23,155,401,100
156,2005,0,12939,2005-06-05,6,23,156,401,100
157,2005,0,12940,2005-06-06,6,23,157,401,100
158,2005,0,12941,2005-06-07,6,23,158,401,100
159,2005,0,12942,2005-06-08,6,23,159,401,100
160,2005,0,12943,2005-06-09,6,23,160,401,100
161,2005,0,12944,2005-06-10,6,23,161,401,100
162,2005,0,12945,2005-06-11,6,24,162,401,100
163,2005,0,12946,2005-06-12,6,24,163,401,100
164,2005,0,12947,2005-06-13,6,24,164,401,100
165,2005,0,12948,2005-06-14,6,24,165,401,100
166,2005,0,12949,2005-06-15,6,24,166,401,100
167,2005,0,12950,2005-06-16,6,24,167,401,100
168,2005,0,12951,2005-06-17,6,24,168,401,100
169,2005,0,12952,2005-06-18,6,25,169,401,100
170,2005,0,12953,2005-06-19,6,25,170,401,100
171,2005,0,12954,2005-06-20,6,25,171,401,100
172,2005,0,12955,2005-06-21,6,25,172,401,100
173,2005,0,12956,2005-06-22,6,25,173,401,100
174,2005,0,12957,2005-06-23,6,25,174,401,100
175,2005,0,12958,2005-06-24,6,25,175,401,100
176,2005,0,12959,2005-06-25,6,26,176,401,100
177,2005,0,12960,2005-06-26,6,26,177,401,100
178,2005,0,12961,2005-06-27,6,26,178,401,100
179,2005,0,12962,2005-06-28,6,26,179,401,100
180,2005,0,12963,2005-06-29,6,26,180,401,100
1,2006,0,13149,2006-01-01,1,1,1,0,0
2,2006,0,13150,2006-01-02,1,1,2,0,0
3,2006,0,13151,2006-01-03,1,1,3,0,0
4,2006,0,13152,2006-01-04,1,1,4,0,0
5,2006,0,13153,2006-01-05,1,1,5,0,0
6,2006,0,13154,2006-01-06,1,1,6,0,0
7,2006,0,13155,2006-01-07,1,1,7,0,0
8,2006,0,13156,2006-01-08,1,2,8,0,0
9,2006,0,13157,2006-01-09,1,2,9,0,0
10,2006,0,13158,2006-01-10,1,2,10,0,0
11,2006,0,13159,2006-01-11,1,2,11,0,0
12,2006,0,13160,2006-01-12,1,2,12,0,0
13,2006,0,13161,2006-01-13,1,2,13,0,0
14,2006,0,13162,2006-01-14,1,2,14,0,0
15,2006,0,13163,2006-01-15,1,3,15,0,0
16,2006,0,13164,2006-01-16,1,3,16,0,0
17,2006,0,13165,2006-01-17,1,3,17,0,0
18,2006,0,13166,2006-01-18,1,3,18,0,0
19,2006,0,13167,2006-01-19,1,3,19,0,0
20,2006,0,13168,2006-01-20,1,3,20,0,0
21,2006,0,13169,2006-01-21,1,3,21,0,0
22,2006,0,13170,2006-01-22,1,4,22,0,0
23,2006,0,13171,2006-01-23,1,4,23,0,0
24,2006,0,13172,2006-01-24,1,4,24,0,0
25,2006,0,13173,2006-01-25,1,4,25,0,0
26,2006,0,13174,2006-01-26,1,4,26,0,0
27,2006,0,13175,2006-01-27,1,4,27,0,0
28,2006,0,13176,2006-01-28,1,4,28,0,0
29,2006,0,13177,2006-01-29,1,5,29,0,0
30,2006,0,13178,2006-01-30,1,5,30,0,0
31,2006,0,13179,2006-01-31,1,5,31,0,0
32,2006,0,13180,2006-02-01,2,5,32,0,0
33,2006,0,13181,2006-02-02,2,5,33,0,0
34,2006,0,13182,2006-02-03,2,5,34,0,0
35,2006,0,13183,2006-02-04,2,5,35,0,0
36,2006,0,13184,2006-02-05,2,6,36,0,0
37,2006,0,13185,2006-02-06,2,6,37,0,0
38,2006,0,13186,2006-02-07,2,6,38,0,0
39,2006,0,13187,2006-02-08,2,6,39,0,0
40,2006,0,13188,2006-02-09,2,6,40,0,0
41,2006,0,13189,2006-02-10,2,6,41,0,0
42,2006,0,13190,2006-02-11,2,6,42,0,0
43,2006,0,13191,2006-02-12,2,7,43,0,0
44,2006,0,13192,2006-02-13,2,7,44,0,0
45,2006,0,13193,2006-02-14,2,7,45,0,0
46,2006,0,13194,2006-02-15,2,7,46,0,0
47,2006,0,13195,2006-02-16,2,7,47,0,0
48,2006,0,13196,2006-02-17,2,7,48,0,0
49,2006,0,13197,2006-02-18,2,7,49,0,0
50,2006,0,13198,2006-02-19,2,8,50,0,0
51,2006,0,13199,2006-02-20,2,8,51,0,0
52,2006,0,13200,2006-02-21,2,8,52,0,0
53,2006,0,13201,2006-02-22,2,8,53,0,0
54,2006,0,13202,2006-02-23,2,8,54,0,0
55,2006,0,13203,2006-02-24,2,8,55,0,0
56,2006,0,13204,2006-02-25,2,8,56,0,0
57,2006,0,13205,2006-02-26,2,9,57,0,0
58,2006,0,13206,2006-02-27,2,9,58,0,0
59,2006,0,13207,2006-02-28,2,9,59,0,0
60,2006,0,13208,2006-03-01,3,9,60,0,0
61,2006,0,13209,2006-03-02,3,9,61,0,0
62,2006,0,13210,2006-03-03,3,9,62,0,0
63,2006,0,13211,2006-03-04,3,9,63,0,0
64,2006,0,13212,2006-03-05,3,10,64,0,0
65,2006,0,13213,2006-03-06,3,10,65,0,0
66,2006,0,13214,2006-03-07,3,10,66,0,0
67,2006,0,13215,2006-03-08,3,10,67,0,0
68,2006,0,13216,2006-03-09,3,10,68,0,0
69,2006,0,13217,2006-03-10,3,10,69,0,0
70,2006,0,13218,2006-03-11,3,10,70,0,0
71,2006,0,13219,2006-03-12,3,11,71,0,0
72,2006,0,13220,2006-03-13,3,11,72,0,0
73,2006,0,13221,2006-03-14,3,11,73,0,0
74,2006,0,13222,2006-03-15,3,11,74,0,0
75,2006,0,13223,2006-03-16,3,11,75,0,0
76,2006,0,13224,2006-03-17,3,11,76,0,0
77,2006,0,13225,2006-03-18,3,11,77,0,0
78,2006,0,13226,2006-03-19,3,12,78,0,0
79,2006,0,13227,2006-03-20,3,12,79,0,0
80,2006,0,13228,2006-03-21,3,12,80,0,0
81,2006,0,13229,2006-03-22,3,12,81,0,0
82,2006,0,13230,2006-03-23,3,12,82,0,0
83,2006,0,13231,2006-03-24,3,12,83,0,0
84,2006,0,13232,2006-03-25,3,12,84,0,0
85,2006,0,13233,2006-03-26,3,13,85,0,0
86,2006,0,13234,2006-03-27,3,13,86,0,0
87,2006,0,13235,2006-03-28,3,13,87,0,0
88,2006,0,13236,2006-03-29,3,13,88,0,0
89,2006,1,13237,2006-03-30,3,13,89,1,0.546448087431694
90,2006,1,13238,2006-03-31,3,13,90,2,1.092896174863388
91,2006,0,13239,2006-04-01,4,13,91,2,1.092896174863388
92,2006,0,13240,2006-04-02,4,14,92,2,1.092896174863388
93,2006,0,13241,2006-04-03,4,14,93,2,1.092896174863388
94,2006,0,13242,2006-04-04,4,14,94,2,1.092896174863388
95,2006,0,13243,2006-04-05,4,14,95,2,1.092896174863388
96,2006,0,13244,2006-04-06,4,14,96,2,1.092896174863388
97,2006,0,13245,2006-04-07,4,14,97,2,1.092896174863388
98,2006,3,13246,2006-04-08,4,14,98,5,2.73224043715847
99,2006,0,13247,2006-04-09,4,15,99,5,2.73224043715847
100,2006,0,13248,2006-04-10,4,15,100,5,2.73224043715847
101,2006,1,13249,2006-04-11,4,15,101,6,3.278688524590164
102,2006,1,13250,2006-04-12,4,15,102,7,3.825136612021858
103,2006,0,13251,2006-04-13,4,15,103,7,3.825136612021858
104,2006,0,13252,2006-04-14,4,15,104,7,3.825136612021858
105,2006,2,13253,2006-04-15,4,15,105,9,4.918032786885246
106,2006,3,13254,2006-04-16,4,16,106,12,6.557377049180328
107,2006,5,13255,2006-04-17,4,16,107,17,9.289617486338798
108,2006,2,13256,2006-04-18,4,16,108,19,10.382513661202186
109,2006,4,13257,2006-04-19,4,16,109,23,12.568306010928962
110,2006,4,13258,2006-04-20,4,16,110,27,14.754098360655737
111,2006,11,13259,2006-04-21,4,16,111,38,20.76502732240437
112,2006,5,13260,2006-04-22,4,16,112,43,23.497267759562842
113,2006,5,13261,2006-04-23,4,17,113,48,26.229508196721312
114,2006,5,13262,2006-04-24,4,17,114,53,28.96174863387978
115,2006,7,13263,2006-04-25,4,17,115,60,32.78688524590164
116,2006,3,13264,2006-04-26,4,17,116,63,34.42622950819672
117,2006,5,13265,2006-04-27,4,17,117,68,37.15846994535519
118,2006,5,13266,2006-04-28,4,17,118,73,39.89071038251366
119,2006,3,13267,2006-04-29,4,17,119,76,41.53005464480874
120,2006,6,13268,2006-04-30,4,18,120,82,44.80874316939891
121,2006,5,13269,2006-05-01,5,18,121,87,47.540983606557376
122,2006,19,13270,2006-05-02,5,18,122,106,57.92349726775956
123,2006,21,13271,2006-05-03,5,18,123,127,69.39890710382514
124,2006,18,13272,2006-05-04,5,18,124,145,79.23497267759562
125,2006,9,13273,2006-05-05,5,18,125,154,84.15300546448088
126,2006,1,13274,2006-05-06,5,18,126,155,84.69945355191257
127,2006,13,13275,2006-05-07,5,19,127,168,91.80327868852459
128,2006,7,13276,2006-05-08,5,19,128,175,95.62841530054644
129,2006,3,13277,2006-05-09,5,19,129,178,97.26775956284153
130,2006,1,13278,2006-05-10,5,19,130,179,97.81420765027322
131,2006,0,13279,2006-05-11,5,19,131,179,97.81420765027322
132,2006,0,13280,2006-05-12,5,19,132,179,97.81420765027322
133,2006,2,13281,2006-05-13,5,19,133,181,98.90710382513662
134,2006,0,13282,2006-05-14,5,20,134,181,98.90710382513662
135,2006,1,13283,2006-05-15,5,20,135,182,99.4535519125683
136,2006,1,13284,2006-05-16,5,20,136,183,100
137,2006,0,13285,2006-05-17,5,20,137,183,100
138,2006,0,13286,2006-05-18,5,20,138,183,100
139,2006,0,13287,2006-05-19,5,20,139,183,100
140,2006,0,13288,2006-05-20,5,20,140,183,100
141,2006,0,13289,2006-05-21,5,21,141,183,100
142,2006,0,13290,2006-05-22,5,21,142,183,100
143,2006,0,13291,2006-05-23,5,21,143,183,100
144,2006,0,13292,2006-05-24,5,21,144,183,100
145,2006,0,13293,2006-05-25,5,21,145,183,100
146,2006,0,13294,2006-05-26,5,21,146,183,100
147,2006,0,13295,2006-05-27,5,21,147,183,100
148,2006,0,13296,2006-05-28,5,22,148,183,100
149,2006,0,13297,2006-05-29,5,22,149,183,100
150,2006,0,13298,2006-05-30,5,22,150,183,100
151,2006,0,13299,2006-05-31,5,22,151,183,100
152,2006,0,13300,2006-06-01,6,22,152,183,100
153,2006,0,13301,2006-06-02,6,22,153,183,100
154,2006,0,13302,2006-06-03,6,22,154,183,100
155,2006,0,13303,2006-06-04,6,23,155,183,100
156,2006,0,13304,2006-06-05,6,23,156,183,100
157,2006,0,13305,2006-06-06,6,23,157,183,100
158,2006,0,13306,2006-06-07,6,23,158,183,100
159,2006,0,13307,2006-06-08,6,23,159,183,100
160,2006,0,13308,2006-06-09,6,23,160,183,100
161,2006,0,13309,2006-06-10,6,23,161,183,100
162,2006,0,13310,2006-06-11,6,24,162,183,100
163,2006,0,13311,2006-06-12,6,24,163,183,100
164,2006,0,13312,2006-06-13,6,24,164,183,100
165,2006,0,13313,2006-06-14,6,24,165,183,100
166,2006,0,13314,2006-06-15,6,24,166,183,100
167,2006,0,13315,2006-06-16,6,24,167,183,100
168,2006,0,13316,2006-06-17,6,24,168,183,100
169,2006,0,13317,2006-06-18,6,25,169,183,100
170,2006,0,13318,2006-06-19,6,25,170,183,100
171,2006,0,13319,2006-06-20,6,25,171,183,100
172,2006,0,13320,2006-06-21,6,25,172,183,100
173,2006,0,13321,2006-06-22,6,25,173,183,100
174,2006,0,13322,2006-06-23,6,25,174,183,100
175,2006,0,13323,2006-06-24,6,25,175,183,100
176,2006,0,13324,2006-06-25,6,26,176,183,100
177,2006,0,13325,2006-06-26,6,26,177,183,100
178,2006,0,13326,2006-06-27,6,26,178,183,100
179,2006,0,13327,2006-06-28,6,26,179,183,100
180,2006,0,13328,2006-06-29,6,26,180,183,100
1,2007,0,13514,2007-01-01,1,1,1,0,0
2,2007,0,13515,2007-01-02,1,1,2,0,0
3,2007,0,13516,2007-01-03,1,1,3,0,0
4,2007,0,13517,2007-01-04,1,1,4,0,0
5,2007,0,13518,2007-01-05,1,1,5,0,0
6,2007,0,13519,2007-01-06,1,1,6,0,0
7,2007,0,13520,2007-01-07,1,1,7,0,0
8,2007,0,13521,2007-01-08,1,2,8,0,0
9,2007,0,13522,2007-01-09,1,2,9,0,0
10,2007,0,13523,2007-01-10,1,2,10,0,0
11,2007,0,13524,2007-01-11,1,2,11,0,0
12,2007,0,13525,2007-01-12,1,2,12,0,0
13,2007,0,13526,2007-01-13,1,2,13,0,0
14,2007,0,13527,2007-01-14,1,2,14,0,0
15,2007,0,13528,2007-01-15,1,3,15,0,0
16,2007,0,13529,2007-01-16,1,3,16,0,0
17,2007,0,13530,2007-01-17,1,3,17,0,0
18,2007,0,13531,2007-01-18,1,3,18,0,0
19,2007,0,13532,2007-01-19,1,3,19,0,0
20,2007,0,13533,2007-01-20,1,3,20,0,0
21,2007,0,13534,2007-01-21,1,3,21,0,0
22,2007,0,13535,2007-01-22,1,4,22,0,0
23,2007,0,13536,2007-01-23,1,4,23,0,0
24,2007,0,13537,2007-01-24,1,4,24,0,0
25,2007,0,13538,2007-01-25,1,4,25,0,0
26,2007,0,13539,2007-01-26,1,4,26,0,0
27,2007,0,13540,2007-01-27,1,4,27,0,0
28,2007,0,13541,2007-01-28,1,4,28,0,0
29,2007,0,13542,2007-01-29,1,5,29,0,0
30,2007,0,13543,2007-01-30,1,5,30,0,0
31,2007,0,13544,2007-01-31,1,5,31,0,0
32,2007,0,13545,2007-02-01,2,5,32,0,0
33,2007,0,13546,2007-02-02,2,5,33,0,0
34,2007,0,13547,2007-02-03,2,5,34,0,0
35,2007,0,13548,2007-02-04,2,5,35,0,0
36,2007,0,13549,2007-02-05,2,6,36,0,0
37,2007,0,13550,2007-02-06,2,6,37,0,0
38,2007,0,13551,2007-02-07,2,6,38,0,0
39,2007,0,13552,2007-02-08,2,6,39,0,0
40,2007,0,13553,2007-02-09,2,6,40,0,0
41,2007,0,13554,2007-02-10,2,6,41,0,0
42,2007,0,13555,2007-02-11,2,6,42,0,0
43,2007,0,13556,2007-02-12,2,7,43,0,0
44,2007,0,13557,2007-02-13,2,7,44,0,0
45,2007,0,13558,2007-02-14,2,7,45,0,0
46,2007,0,13559,2007-02-15,2,7,46,0,0
47,2007,0,13560,2007-02-16,2,7,47,0,0
48,2007,0,13561,2007-02-17,2,7,48,0,0
49,2007,0,13562,2007-02-18,2,7,49,0,0
50,2007,0,13563,2007-02-19,2,8,50,0,0
51,2007,0,13564,2007-02-20,2,8,51,0,0
52,2007,0,13565,2007-02-21,2,8,52,0,0
53,2007,0,13566,2007-02-22,2,8,53,0,0
54,2007,0,13567,2007-02-23,2,8,54,0,0
55,2007,0,13568,2007-02-24,2,8,55,0,0
56,2007,0,13569,2007-02-25,2,8,56,0,0
57,2007,0,13570,2007-02-26,2,9,57,0,0
58,2007,0,13571,2007-02-27,2,9,58,0,0
59,2007,0,13572,2007-02-28,2,9,59,0,0
60,2007,0,13573,2007-03-01,3,9,60,0,0
61,2007,0,13574,2007-03-02,3,9,61,0,0
62,2007,0,13575,2007-03-03,3,9,62,0,0
63,2007,0,13576,2007-03-04,3,9,63,0,0
64,2007,0,13577,2007-03-05,3,10,64,0,0
65,2007,0,13578,2007-03-06,3,10,65,0,0
66,2007,0,13579,2007-03-07,3,10,66,0,0
67,2007,0,13580,2007-03-08,3,10,67,0,0
68,2007,0,13581,2007-03-09,3,10,68,0,0
69,2007,0,13582,2007-03-10,3,10,69,0,0
70,2007,0,13583,2007-03-11,3,10,70,0,0
71,2007,0,13584,2007-03-12,3,11,71,0,0
72,2007,0,13585,2007-03-13,3,11,72,0,0
73,2007,0,13586,2007-03-14,3,11,73,0,0
74,2007,0,13587,2007-03-15,3,11,74,0,0
75,2007,0,13588,2007-03-16,3,11,75,0,0
76,2007,0,13589,2007-03-17,3,11,76,0,0
77,2007,0,13590,2007-03-18,3,11,77,0,0
78,2007,2,13591,2007-03-19,3,12,78,2,0.6389776357827476
79,2007,1,13592,2007-03-20,3,12,79,3,0.9584664536741214
80,2007,1,13593,2007-03-21,3,12,80,4,1.2779552715654952
81,2007,0,13594,2007-03-22,3,12,81,4,1.2779552715654952
82,2007,1,13595,2007-03-23,3,12,82,5,1.5974440894568689
83,2007,0,13596,2007-03-24,3,12,83,5,1.5974440894568689
84,2007,0,13597,2007-03-25,3,12,84,5,1.5974440894568689
85,2007,1,13598,2007-03-26,3,13,85,6,1.9169329073482428
86,2007,0,13599,2007-03-27,3,13,86,6,1.9169329073482428
87,2007,1,13600,2007-03-28,3,13,87,7,2.2364217252396164
88,2007,1,13601,2007-03-29,3,13,88,8,2.5559105431309903
89,2007,0,13602,2007-03-30,3,13,89,8,2.5559105431309903
90,2007,0,13603,2007-03-31,3,13,90,8,2.5559105431309903
91,2007,1,13604,2007-04-01,4,13,91,9,2.8753993610223643
92,2007,3,13605,2007-04-02,4,14,92,12,3.8338658146964857
93,2007,1,13606,2007-04-03,4,14,93,13,4.15335463258786
94,2007,5,13607,2007-04-04,4,14,94,18,5.7507987220447285
95,2007,4,13608,2007-04-05,4,14,95,22,7.0287539936102235
96,2007,4,13609,2007-04-06,4,14,96,26,8.30670926517572
97,2007,7,13610,2007-04-07,4,14,97,33,10.543130990415335
98,2007,7,13611,2007-04-08,4,14,98,40,12.779552715654951
99,2007,5,13612,2007-04-09,4,15,99,45,14.376996805111823
100,2007,12,13613,2007-04-10,4,15,100,57,18.210862619808307
101,2007,6,13614,2007-04-11,4,15,101,63,20.12779552715655
102,2007,17,13615,2007-04-12,4,15,102,80,25.559105431309902
103,2007,11,13616,2007-04-13,4,15,103,91,29.073482428115017
104,2007,7,13617,2007-04-14,4,15,104,98,31.309904153354633
105,2007,16,13618,2007-04-15,4,15,105,114,36.42172523961661
106,2007,10,13619,2007-04-16,4,16,106,124,39.61661341853035
107,2007,11,13620,2007-04-17,4,16,107,135,43.13099041533546
108,2007,10,13621,2007-04-18,4,16,108,145,46.325878594249204
109,2007,10,13622,2007-04-19,4,16,109,155,49.52076677316294
110,2007,11,13623,2007-04-20,4,16,110,166,53.03514376996805
111,2007,9,13624,2007-04-21,4,16,111,175,55.91054313099042
112,2007,12,13625,2007-04-22,4,16,112,187,59.7444089456869
113,2007,7,13626,2007-04-23,4,17,113,194,61.980830670926515
114,2007,15,13627,2007-04-24,4,17,114,209,66.77316293929712
115,2007,9,13628,2007-04-25,4,17,115,218,69.6485623003195
116,2007,8,13629,2007-04-26,4,17,116,226,72.20447284345049
117,2007,7,13630,2007-04-27,4,17,117,233,74.4408945686901
118,2007,11,13631,2007-04-28,4,17,118,244,77.95527156549521
119,2007,16,13632,2007-04-29,4,17,119,260,83.06709265175719
120,2007,12,13633,2007-04-30,4,18,120,272,86.90095846645367
121,2007,13,13634,2007-05-01,5,18,121,285,91.05431309904152
122,2007,4,13635,2007-05-02,5,18,122,289,92.33226837060703
123,2007,2,13636,2007-05-03,5,18,123,291,92.97124600638978
124,2007,2,13637,2007-05-04,5,18,124,293,93.61022364217251
125,2007,7,13638,2007-05-05,5,18,125,300,95.84664536741214
126,2007,2,13639,2007-05-06,5,18,126,302,96.48562300319489
127,2007,4,13640,2007-05-07,5,19,127,306,97.76357827476039
128,2007,1,13641,2007-05-08,5,19,128,307,98.08306709265176
129,2007,4,13642,2007-05-09,5,19,129,311,99.36102236421725
130,2007,0,13643,2007-05-10,5,19,130,311,99.36102236421725
131,2007,0,13644,2007-05-11,5,19,131,311,99.36102236421725
132,2007,0,13645,2007-05-12,5,19,132,311,99.36102236421725
133,2007,0,13646,2007-05-13,5,19,133,311,99.36102236421725
134,2007,1,13647,2007-05-14,5,20,134,312,99.68051118210862
135,2007,0,13648,2007-05-15,5,20,135,312,99.68051118210862
136,2007,0,13649,2007-05-16,5,20,136,312,99.68051118210862
137,2007,1,13650,2007-05-17,5,20,137,313,100
138,2007,0,13651,2007-05-18,5,20,138,313,100
139,2007,0,13652,2007-05-19,5,20,139,313,100
140,2007,0,13653,2007-05-20,5,20,140,313,100
141,2007,0,13654,2007-05-21,5,21,141,313,100
142,2007,0,13655,2007-05-22,5,21,142,313,100
143,2007,0,13656,2007-05-23,5,21,143,313,100
144,2007,0,13657,2007-05-24,5,21,144,313,100
145,2007,0,13658,2007-05-25,5,21,145,313,100
146,2007,0,13659,2007-05-26,5,21,146,313,100
147,2007,0,13660,2007-05-27,5,21,147,313,100
148,2007,0,13661,2007-05-28,5,22,148,313,100
149,2007,0,13662,2007-05-29,5,22,149,313,100
150,2007,0,13663,2007-05-30,5,22,150,313,100
151,2007,0,13664,2007-05-31,5,22,151,313,100
152,2007,0,13665,2007-06-01,6,22,152,313,100
153,2007,0,13666,2007-06-02,6,22,153,313,100
154,2007,0,13667,2007-06-03,6,22,154,313,100
155,2007,0,13668,2007-06-04,6,23,155,313,100
156,2007,0,13669,2007-06-05,6,23,156,313,100
157,2007,0,13670,2007-06-06,6,23,157,313,100
158,2007,0,13671,2007-06-07,6,23,158,313,100
159,2007,0,13672,2007-06-08,6,23,159,313,100
160,2007,0,13673,2007-06-09,6,23,160,313,100
161,2007,0,13674,2007-06-10,6,23,161,313,100
162,2007,0,13675,2007-06-11,6,24,162,313,100
163,2007,0,13676,2007-06-12,6,24,163,313,100
164,2007,0,13677,2007-06-13,6,24,164,313,100
165,2007,0,13678,2007-06-14,6,24,165,313,100
166,2007,0,13679,2007-06-15,6,24,166,313,100
167,2007,0,13680,2007-06-16,6,24,167,313,100
168,2007,0,13681,2007-06-17,6,24,168,313,100
169,2007,0,13682,2007-06-18,6,25,169,313,100
170,2007,0,13683,2007-06-19,6,25,170,313,100
171,2007,0,13684,2007-06-20,6,25,171,313,100
172,2007,0,13685,2007-06-21,6,25,172,313,100
173,2007,0,13686,2007-06-22,6,25,173,313,100
174,2007,0,13687,2007-06-23,6,25,174,313,100
175,2007,0,13688,2007-06-24,6,25,175,313,100
176,2007,0,13689,2007-06-25,6,26,176,313,100
177,2007,0,13690,2007-06-26,6,26,177,313,100
178,2007,0,13691,2007-06-27,6,26,178,313,100
179,2007,0,13692,2007-06-28,6,26,179,313,100
180,2007,0,13693,2007-06-29,6,26,180,313,100
1,2008,0,13879,2008-01-01,1,1,1,0,0
2,2008,0,13880,2008-01-02,1,1,2,0,0
3,2008,0,13881,2008-01-03,1,1,3,0,0
4,2008,0,13882,2008-01-04,1,1,4,0,0
5,2008,0,13883,2008-01-05,1,1,5,0,0
6,2008,0,13884,2008-01-06,1,1,6,0,0
7,2008,0,13885,2008-01-07,1,1,7,0,0
8,2008,0,13886,2008-01-08,1,2,8,0,0
9,2008,0,13887,2008-01-09,1,2,9,0,0
10,2008,0,13888,2008-01-10,1,2,10,0,0
11,2008,0,13889,2008-01-11,1,2,11,0,0
12,2008,0,13890,2008-01-12,1,2,12,0,0
13,2008,0,13891,2008-01-13,1,2,13,0,0
14,2008,0,13892,2008-01-14,1,2,14,0,0
15,2008,0,13893,2008-01-15,1,3,15,0,0
16,2008,0,13894,2008-01-16,1,3,16,0,0
17,2008,0,13895,2008-01-17,1,3,17,0,0
18,2008,0,13896,2008-01-18,1,3,18,0,0
19,2008,0,13897,2008-01-19,1,3,19,0,0
20,2008,0,13898,2008-01-20,1,3,20,0,0
21,2008,0,13899,2008-01-21,1,3,21,0,0
22,2008,0,13900,2008-01-22,1,4,22,0,0
23,2008,0,13901,2008-01-23,1,4,23,0,0
24,2008,0,13902,2008-01-24,1,4,24,0,0
25,2008,0,13903,2008-01-25,1,4,25,0,0
26,2008,0,13904,2008-01-26,1,4,26,0,0
27,2008,0,13905,2008-01-27,1,4,27,0,0
28,2008,0,13906,2008-01-28,1,4,28,0,0
29,2008,0,13907,2008-01-29,1,5,29,0,0
30,2008,0,13908,2008-01-30,1,5,30,0,0
31,2008,0,13909,2008-01-31,1,5,31,0,0
32,2008,0,13910,2008-02-01,2,5,32,0,0
33,2008,0,13911,2008-02-02,2,5,33,0,0
34,2008,0,13912,2008-02-03,2,5,34,0,0
35,2008,0,13913,2008-02-04,2,5,35,0,0
36,2008,0,13914,2008-02-05,2,6,36,0,0
37,2008,0,13915,2008-02-06,2,6,37,0,0
38,2008,0,13916,2008-02-07,2,6,38,0,0
39,2008,0,13917,2008-02-08,2,6,39,0,0
40,2008,0,13918,2008-02-09,2,6,40,0,0
41,2008,0,13919,2008-02-10,2,6,41,0,0
42,2008,0,13920,2008-02-11,2,6,42,0,0
43,2008,0,13921,2008-02-12,2,7,43,0,0
44,2008,0,13922,2008-02-13,2,7,44,0,0
45,2008,0,13923,2008-02-14,2,7,45,0,0
46,2008,0,13924,2008-02-15,2,7,46,0,0
47,2008,0,13925,2008-02-16,2,7,47,0,0
48,2008,0,13926,2008-02-17,2,7,48,0,0
49,2008,0,13927,2008-02-18,2,7,49,0,0
50,2008,0,13928,2008-02-19,2,8,50,0,0
51,2008,0,13929,2008-02-20,2,8,51,0,0
52,2008,0,13930,2008-02-21,2,8,52,0,0
53,2008,0,13931,2008-02-22,2,8,53,0,0
54,2008,0,13932,2008-02-23,2,8,54,0,0
55,2008,0,13933,2008-02-24,2,8,55,0,0
56,2008,0,13934,2008-02-25,2,8,56,0,0
57,2008,0,13935,2008-02-26,2,9,57,0,0
58,2008,0,13936,2008-02-27,2,9,58,0,0
59,2008,0,13937,2008-02-28,2,9,59,0,0
60,2008,0,13938,2008-02-29,2,9,60,0,0
61,2008,0,13939,2008-03-01,3,9,61,0,0
62,2008,0,13940,2008-03-02,3,9,62,0,0
63,2008,1,13941,2008-03-03,3,9,63,1,0.1652892561983471
64,2008,0,13942,2008-03-04,3,10,64,1,0.1652892561983471
65,2008,0,13943,2008-03-05,3,10,65,1,0.1652892561983471
66,2008,2,13944,2008-03-06,3,10,66,3,0.49586776859504134
67,2008,0,13945,2008-03-07,3,10,67,3,0.49586776859504134
68,2008,0,13946,2008-03-08,3,10,68,3,0.49586776859504134
69,2008,0,13947,2008-03-09,3,10,69,3,0.49586776859504134
70,2008,0,13948,2008-03-10,3,10,70,3,0.49586776859504134
71,2008,0,13949,2008-03-11,3,11,71,3,0.49586776859504134
72,2008,0,13950,2008-03-12,3,11,72,3,0.49586776859504134
73,2008,0,13951,2008-03-13,3,11,73,3,0.49586776859504134
74,2008,0,13952,2008-03-14,3,11,74,3,0.49586776859504134
75,2008,0,13953,2008-03-15,3,11,75,3,0.49586776859504134
76,2008,0,13954,2008-03-16,3,11,76,3,0.49586776859504134
77,2008,0,13955,2008-03-17,3,11,77,3,0.49586776859504134
78,2008,1,13956,2008-03-18,3,12,78,4,0.6611570247933884
79,2008,0,13957,2008-03-19,3,12,79,4,0.6611570247933884
80,2008,1,13958,2008-03-20,3,12,80,5,0.8264462809917356
81,2008,0,13959,2008-03-21,3,12,81,5,0.8264462809917356
82,2008,0,13960,2008-03-22,3,12,82,5,0.8264462809917356
83,2008,0,13961,2008-03-23,3,12,83,5,0.8264462809917356
84,2008,0,13962,2008-03-24,3,12,84,5,0.8264462809917356
85,2008,1,13963,2008-03-25,3,13,85,6,0.9917355371900827
86,2008,1,13964,2008-03-26,3,13,86,7,1.1570247933884297
87,2008,0,13965,2008-03-27,3,13,87,7,1.1570247933884297
88,2008,0,13966,2008-03-28,3,13,88,7,1.1570247933884297
89,2008,0,13967,2008-03-29,3,13,89,7,1.1570247933884297
90,2008,2,13968,2008-03-30,3,13,90,9,1.487603305785124
91,2008,4,13969,2008-03-31,3,13,91,13,2.1487603305785123
92,2008,2,13970,2008-04-01,4,14,92,15,2.479338842975207
93,2008,4,13971,2008-04-02,4,14,93,19,3.1404958677685952
94,2008,3,13972,2008-04-03,4,14,94,22,3.6363636363636362
95,2008,8,13973,2008-04-04,4,14,95,30,4.958677685950414
96,2008,6,13974,2008-04-05,4,14,96,36,5.950413223140496
97,2008,3,13975,2008-04-06,4,14,97,39,6.446280991735537
98,2008,8,13976,2008-04-07,4,14,98,47,7.768595041322314
99,2008,7,13977,2008-04-08,4,15,99,54,8.925619834710744
100,2008,2,13978,2008-04-09,4,15,100,56,9.256198347107437
101,2008,4,13979,2008-04-10,4,15,101,60,9.917355371900827
102,2008,6,13980,2008-04-11,4,15,102,66,10.909090909090908
103,2008,10,13981,2008-04-12,4,15,103,76,12.561983471074381
104,2008,11,13982,2008-04-13,4,15,104,87,14.380165289256198
105,2008,11,13983,2008-04-14,4,15,105,98,16.198347107438018
106,2008,10,13984,2008-04-15,4,16,106,108,17.85123966942149
107,2008,9,13985,2008-04-16,4,16,107,117,19.33884297520661
108,2008,11,13986,2008-04-17,4,16,108,128,21.15702479338843
109,2008,6,13987,2008-04-18,4,16,109,134,22.14876033057851
110,2008,18,13988,2008-04-19,4,16,110,152,25.123966942148762
111,2008,10,13989,2008-04-20,4,16,111,162,26.776859504132233
112,2008,29,13990,2008-04-21,4,16,112,191,31.5702479338843
113,2008,26,13991,2008-04-22,4,17,113,217,35.86776859504132
114,2008,11,13992,2008-04-23,4,17,114,228,37.68595041322314
115,2008,26,13993,2008-04-24,4,17,115,254,41.98347107438016
116,2008,26,13994,2008-04-25,4,17,116,280,46.28099173553719
117,2008,30,13995,2008-04-26,4,17,117,310,51.2396694214876
118,2008,62,13996,2008-04-27,4,17,118,372,61.48760330578512
119,2008,36,13997,2008-04-28,4,17,119,408,67.43801652892562
120,2008,18,13998,2008-04-29,4,18,120,426,70.41322314049587
121,2008,7,13999,2008-04-30,4,18,121,433,71.5702479338843
122,2008,15,14000,2008-05-01,5,18,122,448,74.0495867768595
123,2008,15,14001,2008-05-02,5,18,123,463,76.52892561983471
124,2008,31,14002,2008-05-03,5,18,124,494,81.65289256198346
125,2008,21,14003,2008-05-04,5,18,125,515,85.12396694214877
126,2008,13,14004,2008-05-05,5,18,126,528,87.27272727272727
127,2008,11,14005,2008-05-06,5,19,127,539,89.0909090909091
128,2008,15,14006,2008-05-07,5,19,128,554,91.5702479338843
129,2008,14,14007,2008-05-08,5,19,129,568,93.88429752066115
130,2008,7,14008,2008-05-09,5,19,130,575,95.0413223140496
131,2008,5,14009,2008-05-10,5,19,131,580,95.86776859504133
132,2008,8,14010,2008-05-11,5,19,132,588,97.19008264462809
133,2008,6,14011,2008-05-12,5,19,133,594,98.18181818181819
134,2008,4,14012,2008-05-13,5,20,134,598,98.84297520661157
135,2008,2,14013,2008-05-14,5,20,135,600,99.17355371900827
136,2008,1,14014,2008-05-15,5,20,136,601,99.3388429752066
137,2008,0,14015,2008-05-16,5,20,137,601,99.3388429752066
138,2008,0,14016,2008-05-17,5,20,138,601,99.3388429752066
139,2008,0,14017,2008-05-18,5,20,139,601,99.3388429752066
140,2008,3,14018,2008-05-19,5,20,140,604,99.83471074380165
141,2008,1,14019,2008-05-20,5,21,141,605,100
142,2008,0,14020,2008-05-21,5,21,142,605,100
143,2008,0,14021,2008-05-22,5,21,143,605,100
144,2008,0,14022,2008-05-23,5,21,144,605,100
145,2008,0,14023,2008-05-24,5,21,145,605,100
146,2008,0,14024,2008-05-25,5,21,146,605,100
147,2008,0,14025,2008-05-26,5,21,147,605,100
148,2008,0,14026,2008-05-27,5,22,148,605,100
149,2008,0,14027,2008-05-28,5,22,149,605,100
150,2008,0,14028,2008-05-29,5,22,150,605,100
151,2008,0,14029,2008-05-30,5,22,151,605,100
152,2008,0,14030,2008-05-31,5,22,152,605,100
153,2008,0,14031,2008-06-01,6,22,153,605,100
154,2008,0,14032,2008-06-02,6,22,154,605,100
155,2008,0,14033,2008-06-03,6,23,155,605,100
156,2008,0,14034,2008-06-04,6,23,156,605,100
157,2008,0,14035,2008-06-05,6,23,157,605,100
158,2008,0,14036,2008-06-06,6,23,158,605,100
159,2008,0,14037,2008-06-07,6,23,159,605,100
160,2008,0,14038,2008-06-08,6,23,160,605,100
161,2008,0,14039,2008-06-09,6,23,161,605,100
162,2008,0,14040,2008-06-10,6,24,162,605,100
163,2008,0,14041,2008-06-11,6,24,163,605,100
164,2008,0,14042,2008-06-12,6,24,164,605,100
165,2008,0,14043,2008-06-13,6,24,165,605,100
166,2008,0,14044,2008-06-14,6,24,166,605,100
167,2008,0,14045,2008-06-15,6,24,167,605,100
168,2008,0,14046,2008-06-16,6,24,168,605,100
169,2008,0,14047,2008-06-17,6,25,169,605,100
170,2008,0,14048,2008-06-18,6,25,170,605,100
171,2008,0,14049,2008-06-19,6,25,171,605,100
172,2008,0,14050,2008-06-20,6,25,172,605,100
173,2008,0,14051,2008-06-21,6,25,173,605,100
174,2008,0,14052,2008-06-22,6,25,174,605,100
175,2008,0,14053,2008-06-23,6,25,175,605,100
176,2008,0,14054,2008-06-24,6,26,176,605,100
177,2008,0,14055,2008-06-25,6,26,177,605,100
178,2008,0,14056,2008-06-26,6,26,178,605,100
179,2008,0,14057,2008-06-27,6,26,179,605,100
180,2008,0,14058,2008-06-28,6,26,180,605,100
1,2009,0,14245,2009-01-01,1,1,1,0,0
2,2009,0,14246,2009-01-02,1,1,2,0,0
3,2009,0,14247,2009-01-03,1,1,3,0,0
4,2009,0,14248,2009-01-04,1,1,4,0,0
5,2009,0,14249,2009-01-05,1,1,5,0,0
6,2009,0,14250,2009-01-06,1,1,6,0,0
7,2009,0,14251,2009-01-07,1,1,7,0,0
8,2009,0,14252,2009-01-08,1,2,8,0,0
9,2009,0,14253,2009-01-09,1,2,9,0,0
10,2009,0,14254,2009-01-10,1,2,10,0,0
11,2009,0,14255,2009-01-11,1,2,11,0,0
12,2009,0,14256,2009-01-12,1,2,12,0,0
13,2009,0,14257,2009-01-13,1,2,13,0,0
14,2009,0,14258,2009-01-14,1,2,14,0,0
15,2009,0,14259,2009-01-15,1,3,15,0,0
16,2009,0,14260,2009-01-16,1,3,16,0,0
17,2009,0,14261,2009-01-17,1,3,17,0,0
18,2009,0,14262,2009-01-18,1,3,18,0,0
19,2009,0,14263,2009-01-19,1,3,19,0,0
20,2009,0,14264,2009-01-20,1,3,20,0,0
21,2009,0,14265,2009-01-21,1,3,21,0,0
22,2009,0,14266,2009-01-22,1,4,22,0,0
23,2009,0,14267,2009-01-23,1,4,23,0,0
24,2009,0,14268,2009-01-24,1,4,24,0,0
25,2009,0,14269,2009-01-25,1,4,25,0,0
26,2009,0,14270,2009-01-26,1,4,26,0,0
27,2009,0,14271,2009-01-27,1,4,27,0,0
28,2009,0,14272,2009-01-28,1,4,28,0,0
29,2009,0,14273,2009-01-29,1,5,29,0,0
30,2009,0,14274,2009-01-30,1,5,30,0,0
31,2009,0,14275,2009-01-31,1,5,31,0,0
32,2009,0,14276,2009-02-01,2,5,32,0,0
33,2009,0,14277,2009-02-02,2,5,33,0,0
34,2009,0,14278,2009-02-03,2,5,34,0,0
35,2009,0,14279,2009-02-04,2,5,35,0,0
36,2009,0,14280,2009-02-05,2,6,36,0,0
37,2009,0,14281,2009-02-06,2,6,37,0,0
38,2009,0,14282,2009-02-07,2,6,38,0,0
39,2009,0,14283,2009-02-08,2,6,39,0,0
40,2009,0,14284,2009-02-09,2,6,40,0,0
41,2009,0,14285,2009-02-10,2,6,41,0,0
42,2009,0,14286,2009-02-11,2,6,42,0,0
43,2009,0,14287,2009-02-12,2,7,43,0,0
44,2009,0,14288,2009-02-13,2,7,44,0,0
45,2009,0,14289,2009-02-14,2,7,45,0,0
46,2009,0,14290,2009-02-15,2,7,46,0,0
47,2009,0,14291,2009-02-16,2,7,47,0,0
48,2009,0,14292,2009-02-17,2,7,48,0,0
49,2009,0,14293,2009-02-18,2,7,49,0,0
50,2009,0,14294,2009-02-19,2,8,50,0,0
51,2009,0,14295,2009-02-20,2,8,51,0,0
52,2009,0,14296,2009-02-21,2,8,52,0,0
53,2009,0,14297,2009-02-22,2,8,53,0,0
54,2009,0,14298,2009-02-23,2,8,54,0,0
55,2009,0,14299,2009-02-24,2,8,55,0,0
56,2009,0,14300,2009-02-25,2,8,56,0,0
57,2009,0,14301,2009-02-26,2,9,57,0,0
58,2009,0,14302,2009-02-27,2,9,58,0,0
59,2009,0,14303,2009-02-28,2,9,59,0,0
60,2009,0,14304,2009-03-01,3,9,60,0,0
61,2009,0,14305,2009-03-02,3,9,61,0,0
62,2009,0,14306,2009-03-03,3,9,62,0,0
63,2009,0,14307,2009-03-04,3,9,63,0,0
64,2009,0,14308,2009-03-05,3,10,64,0,0
65,2009,0,14309,2009-03-06,3,10,65,0,0
66,2009,0,14310,2009-03-07,3,10,66,0,0
67,2009,0,14311,2009-03-08,3,10,67,0,0
68,2009,0,14312,2009-03-09,3,10,68,0,0
69,2009,0,14313,2009-03-10,3,10,69,0,0
70,2009,0,14314,2009-03-11,3,10,70,0,0
71,2009,0,14315,2009-03-12,3,11,71,0,0
72,2009,0,14316,2009-03-13,3,11,72,0,0
73,2009,0,14317,2009-03-14,3,11,73,0,0
74,2009,0,14318,2009-03-15,3,11,74,0,0
75,2009,0,14319,2009-03-16,3,11,75,0,0
76,2009,0,14320,2009-03-17,3,11,76,0,0
77,2009,0,14321,2009-03-18,3,11,77,0,0
78,2009,0,14322,2009-03-19,3,12,78,0,0
79,2009,0,14323,2009-03-20,3,12,79,0,0
80,2009,0,14324,2009-03-21,3,12,80,0,0
81,2009,1,14325,2009-03-22,3,12,81,1,0.9174311926605505
82,2009,1,14326,2009-03-23,3,12,82,2,1.834862385321101
83,2009,0,14327,2009-03-24,3,12,83,2,1.834862385321101
84,2009,1,14328,2009-03-25,3,12,84,3,2.7522935779816518
85,2009,0,14329,2009-03-26,3,13,85,3,2.7522935779816518
86,2009,0,14330,2009-03-27,3,13,86,3,2.7522935779816518
87,2009,0,14331,2009-03-28,3,13,87,3,2.7522935779816518
88,2009,0,14332,2009-03-29,3,13,88,3,2.7522935779816518
89,2009,0,14333,2009-03-30,3,13,89,3,2.7522935779816518
90,2009,1,14334,2009-03-31,3,13,90,4,3.669724770642202
91,2009,0,14335,2009-04-01,4,13,91,4,3.669724770642202
92,2009,0,14336,2009-04-02,4,14,92,4,3.669724770642202
93,2009,3,14337,2009-04-03,4,14,93,7,6.422018348623854
94,2009,0,14338,2009-04-04,4,14,94,7,6.422018348623854
95,2009,2,14339,2009-04-05,4,14,95,9,8.256880733944955
96,2009,1,14340,2009-04-06,4,14,96,10,9.174311926605505
97,2009,2,14341,2009-04-07,4,14,97,12,11.009174311926607
98,2009,4,14342,2009-04-08,4,14,98,16,14.678899082568808
99,2009,11,14343,2009-04-09,4,15,99,27,24.770642201834864
100,2009,3,14344,2009-04-10,4,15,100,30,27.522935779816514
101,2009,4,14345,2009-04-11,4,15,101,34,31.19266055045872
102,2009,3,14346,2009-04-12,4,15,102,37,33.94495412844037
103,2009,6,14347,2009-04-13,4,15,103,43,39.44954128440367
104,2009,12,14348,2009-04-14,4,15,104,55,50.45871559633027
105,2009,7,14349,2009-04-15,4,15,105,62,56.88073394495413
106,2009,5,14350,2009-04-16,4,16,106,67,61.46788990825688
107,2009,2,14351,2009-04-17,4,16,107,69,63.30275229357798
108,2009,2,14352,2009-04-18,4,16,108,71,65.13761467889908
109,2009,4,14353,2009-04-19,4,16,109,75,68.80733944954129
110,2009,10,14354,2009-04-20,4,16,110,85,77.98165137614679
111,2009,4,14355,2009-04-21,4,16,111,89,81.65137614678899
112,2009,5,14356,2009-04-22,4,16,112,94,86.23853211009175
113,2009,3,14357,2009-04-23,4,17,113,97,88.9908256880734
114,2009,0,14358,2009-04-24,4,17,114,97,88.9908256880734
115,2009,1,14359,2009-04-25,4,17,115,98,89.90825688073394
116,2009,0,14360,2009-04-26,4,17,116,98,89.90825688073394
117,2009,4,14361,2009-04-27,4,17,117,102,93.57798165137615
118,2009,0,14362,2009-04-28,4,17,118,102,93.57798165137615
119,2009,1,14363,2009-04-29,4,17,119,103,94.4954128440367
120,2009,2,14364,2009-04-30,4,18,120,105,96.3302752293578
121,2009,1,14365,2009-05-01,5,18,121,106,97.24770642201835
122,2009,2,14366,2009-05-02,5,18,122,108,99.08256880733946
123,2009,0,14367,2009-05-03,5,18,123,108,99.08256880733946
124,2009,0,14368,2009-05-04,5,18,124,108,99.08256880733946
125,2009,0,14369,2009-05-05,5,18,125,108,99.08256880733946
126,2009,0,14370,2009-05-06,5,18,126,108,99.08256880733946
127,2009,0,14371,2009-05-07,5,19,127,108,99.08256880733946
128,2009,0,14372,2009-05-08,5,19,128,108,99.08256880733946
129,2009,0,14373,2009-05-09,5,19,129,108,99.08256880733946
130,2009,0,14374,2009-05-10,5,19,130,108,99.08256880733946
131,2009,1,14375,2009-05-11,5,19,131,109,100
132,2009,0,14376,2009-05-12,5,19,132,109,100
133,2009,0,14377,2009-05-13,5,19,133,109,100
134,2009,0,14378,2009-05-14,5,20,134,109,100
135,2009,0,14379,2009-05-15,5,20,135,109,100
136,2009,0,14380,2009-05-16,5,20,136,109,100
137,2009,0,14381,2009-05-17,5,20,137,109,100
138,2009,0,14382,2009-05-18,5,20,138,109,100
139,2009,0,14383,2009-05-19,5,20,139,109,100
140,2009,0,14384,2009-05-20,5,20,140,109,100
141,2009,0,14385,2009-05-21,5,21,141,109,100
142,2009,0,14386,2009-05-22,5,21,142,109,100
143,2009,0,14387,2009-05-23,5,21,143,109,100
144,2009,0,14388,2009-05-24,5,21,144,109,100
145,2009,0,14389,2009-05-25,5,21,145,109,100
146,2009,0,14390,2009-05-26,5,21,146,109,100
147,2009,0,14391,2009-05-27,5,21,147,109,100
148,2009,0,14392,2009-05-28,5,22,148,109,100
149,2009,0,14393,2009-05-29,5,22,149,109,100
150,2009,0,14394,2009-05-30,5,22,150,109,100
151,2009,0,14395,2009-05-31,5,22,151,109,100
152,2009,0,14396,2009-06-01,6,22,152,109,100
153,2009,0,14397,2009-06-02,6,22,153,109,100
154,2009,0,14398,2009-06-03,6,22,154,109,100
155,2009,0,14399,2009-06-04,6,23,155,109,100
156,2009,0,14400,2009-06-05,6,23,156,109,100
157,2009,0,14401,2009-06-06,6,23,157,109,100
158,2009,0,14402,2009-06-07,6,23,158,109,100
159,2009,0,14403,2009-06-08,6,23,159,109,100
160,2009,0,14404,2009-06-09,6,23,160,109,100
161,2009,0,14405,2009-06-10,6,23,161,109,100
162,2009,0,14406,2009-06-11,6,24,162,109,100
163,2009,0,14407,2009-06-12,6,24,163,109,100
164,2009,0,14408,2009-06-13,6,24,164,109,100
165,2009,0,14409,2009-06-14,6,24,165,109,100
166,2009,0,14410,2009-06-15,6,24,166,109,100
167,2009,0,14411,2009-06-16,6,24,167,109,100
168,2009,0,14412,2009-06-17,6,24,168,109,100
169,2009,0,14413,2009-06-18,6,25,169,109,100
170,2009,0,14414,2009-06-19,6,25,170,109,100
171,2009,0,14415,2009-06-20,6,25,171,109,100
172,2009,0,14416,2009-06-21,6,25,172,109,100
173,2009,0,14417,2009-06-22,6,25,173,109,100
174,2009,0,14418,2009-06-23,6,25,174,109,100
175,2009,0,14419,2009-06-24,6,25,175,109,100
176,2009,0,14420,2009-06-25,6,26,176,109,100
177,2009,0,14421,2009-06-26,6,26,177,109,100
178,2009,0,14422,2009-06-27,6,26,178,109,100
179,2009,0,14423,2009-06-28,6,26,179,109,100
180,2009,0,14424,2009-06-29,6,26,180,109,100
1,2010,0,14610,2010-01-01,1,1,1,0,0
2,2010,0,14611,2010-01-02,1,1,2,0,0
3,2010,0,14612,2010-01-03,1,1,3,0,0
4,2010,0,14613,2010-01-04,1,1,4,0,0
5,2010,0,14614,2010-01-05,1,1,5,0,0
6,2010,0,14615,2010-01-06,1,1,6,0,0
7,2010,0,14616,2010-01-07,1,1,7,0,0
8,2010,0,14617,2010-01-08,1,2,8,0,0
9,2010,0,14618,2010-01-09,1,2,9,0,0
10,2010,0,14619,2010-01-10,1,2,10,0,0
11,2010,0,14620,2010-01-11,1,2,11,0,0
12,2010,0,14621,2010-01-12,1,2,12,0,0
13,2010,0,14622,2010-01-13,1,2,13,0,0
14,2010,0,14623,2010-01-14,1,2,14,0,0
15,2010,0,14624,2010-01-15,1,3,15,0,0
16,2010,0,14625,2010-01-16,1,3,16,0,0
17,2010,0,14626,2010-01-17,1,3,17,0,0
18,2010,0,14627,2010-01-18,1,3,18,0,0
19,2010,0,14628,2010-01-19,1,3,19,0,0
20,2010,0,14629,2010-01-20,1,3,20,0,0
21,2010,0,14630,2010-01-21,1,3,21,0,0
22,2010,0,14631,2010-01-22,1,4,22,0,0
23,2010,0,14632,2010-01-23,1,4,23,0,0
24,2010,0,14633,2010-01-24,1,4,24,0,0
25,2010,0,14634,2010-01-25,1,4,25,0,0
26,2010,0,14635,2010-01-26,1,4,26,0,0
27,2010,0,14636,2010-01-27,1,4,27,0,0
28,2010,0,14637,2010-01-28,1,4,28,0,0
29,2010,0,14638,2010-01-29,1,5,29,0,0
30,2010,0,14639,2010-01-30,1,5,30,0,0
31,2010,0,14640,2010-01-31,1,5,31,0,0
32,2010,0,14641,2010-02-01,2,5,32,0,0
33,2010,0,14642,2010-02-02,2,5,33,0,0
34,2010,0,14643,2010-02-03,2,5,34,0,0
35,2010,0,14644,2010-02-04,2,5,35,0,0
36,2010,0,14645,2010-02-05,2,6,36,0,0
37,2010,0,14646,2010-02-06,2,6,37,0,0
38,2010,0,14647,2010-02-07,2,6,38,0,0
39,2010,0,14648,2010-02-08,2,6,39,0,0
40,2010,0,14649,2010-02-09,2,6,40,0,0
41,2010,0,14650,2010-02-10,2,6,41,0,0
42,2010,0,14651,2010-02-11,2,6,42,0,0
43,2010,0,14652,2010-02-12,2,7,43,0,0
44,2010,0,14653,2010-02-13,2,7,44,0,0
45,2010,0,14654,2010-02-14,2,7,45,0,0
46,2010,0,14655,2010-02-15,2,7,46,0,0
47,2010,0,14656,2010-02-16,2,7,47,0,0
48,2010,0,14657,2010-02-17,2,7,48,0,0
49,2010,0,14658,2010-02-18,2,7,49,0,0
50,2010,0,14659,2010-02-19,2,8,50,0,0
51,2010,0,14660,2010-02-20,2,8,51,0,0
52,2010,0,14661,2010-02-21,2,8,52,0,0
53,2010,0,14662,2010-02-22,2,8,53,0,0
54,2010,0,14663,2010-02-23,2,8,54,0,0
55,2010,0,14664,2010-02-24,2,8,55,0,0
56,2010,0,14665,2010-02-25,2,8,56,0,0
57,2010,0,14666,2010-02-26,2,9,57,0,0
58,2010,0,14667,2010-02-27,2,9,58,0,0
59,2010,0,14668,2010-02-28,2,9,59,0,0
60,2010,0,14669,2010-03-01,3,9,60,0,0
61,2010,0,14670,2010-03-02,3,9,61,0,0
62,2010,0,14671,2010-03-03,3,9,62,0,0
63,2010,0,14672,2010-03-04,3,9,63,0,0
64,2010,0,14673,2010-03-05,3,10,64,0,0
65,2010,0,14674,2010-03-06,3,10,65,0,0
66,2010,0,14675,2010-03-07,3,10,66,0,0
67,2010,0,14676,2010-03-08,3,10,67,0,0
68,2010,0,14677,2010-03-09,3,10,68,0,0
69,2010,0,14678,2010-03-10,3,10,69,0,0
70,2010,0,14679,2010-03-11,3,10,70,0,0
71,2010,0,14680,2010-03-12,3,11,71,0,0
72,2010,0,14681,2010-03-13,3,11,72,0,0
73,2010,0,14682,2010-03-14,3,11,73,0,0
74,2010,0,14683,2010-03-15,3,11,74,0,0
75,2010,0,14684,2010-03-16,3,11,75,0,0
76,2010,0,14685,2010-03-17,3,11,76,0,0
77,2010,0,14686,2010-03-18,3,11,77,0,0
78,2010,0,14687,2010-03-19,3,12,78,0,0
79,2010,0,14688,2010-03-20,3,12,79,0,0
80,2010,0,14689,2010-03-21,3,12,80,0,0
81,2010,0,14690,2010-03-22,3,12,81,0,0
82,2010,0,14691,2010-03-23,3,12,82,0,0
83,2010,0,14692,2010-03-24,3,12,83,0,0
84,2010,0,14693,2010-03-25,3,12,84,0,0
85,2010,0,14694,2010-03-26,3,13,85,0,0
86,2010,0,14695,2010-03-27,3,13,86,0,0
87,2010,1,14696,2010-03-28,3,13,87,1,0.8849557522123894
88,2010,0,14697,2010-03-29,3,13,88,1,0.8849557522123894
89,2010,3,14698,2010-03-30,3,13,89,4,3.5398230088495577
90,2010,0,14699,2010-03-31,3,13,90,4,3.5398230088495577
91,2010,0,14700,2010-04-01,4,13,91,4,3.5398230088495577
92,2010,0,14701,2010-04-02,4,14,92,4,3.5398230088495577
93,2010,1,14702,2010-04-03,4,14,93,5,4.424778761061947
94,2010,1,14703,2010-04-04,4,14,94,6,5.3097345132743365
95,2010,0,14704,2010-04-05,4,14,95,6,5.3097345132743365
96,2010,0,14705,2010-04-06,4,14,96,6,5.3097345132743365
97,2010,1,14706,2010-04-07,4,14,97,7,6.1946902654867255
98,2010,1,14707,2010-04-08,4,14,98,8,7.079646017699115
99,2010,4,14708,2010-04-09,4,15,99,12,10.619469026548673
100,2010,3,14709,2010-04-10,4,15,100,15,13.274336283185843
101,2010,2,14710,2010-04-11,4,15,101,17,15.04424778761062
102,2010,0,14711,2010-04-12,4,15,102,17,15.04424778761062
103,2010,3,14712,2010-04-13,4,15,103,20,17.699115044247787
104,2010,3,14713,2010-04-14,4,15,104,23,20.353982300884958
105,2010,4,14714,2010-04-15,4,15,105,27,23.893805309734514
106,2010,7,14715,2010-04-16,4,16,106,34,30.08849557522124
107,2010,1,14716,2010-04-17,4,16,107,35,30.973451327433626
108,2010,4,14717,2010-04-18,4,16,108,39,34.51327433628318
109,2010,9,14718,2010-04-19,4,16,109,48,42.47787610619469
110,2010,4,14719,2010-04-20,4,16,110,52,46.017699115044245
111,2010,4,14720,2010-04-21,4,16,111,56,49.557522123893804
112,2010,6,14721,2010-04-22,4,16,112,62,54.86725663716814
113,2010,4,14722,2010-04-23,4,17,113,66,58.4070796460177
114,2010,9,14723,2010-04-24,4,17,114,75,66.3716814159292
115,2010,5,14724,2010-04-25,4,17,115,80,70.79646017699115
116,2010,2,14725,2010-04-26,4,17,116,82,72.56637168141593
117,2010,7,14726,2010-04-27,4,17,117,89,78.76106194690266
118,2010,4,14727,2010-04-28,4,17,118,93,82.30088495575221
119,2010,3,14728,2010-04-29,4,17,119,96,84.95575221238938
120,2010,0,14729,2010-04-30,4,18,120,96,84.95575221238938
121,2010,2,14730,2010-05-01,5,18,121,98,86.72566371681415
122,2010,3,14731,2010-05-02,5,18,122,101,89.38053097345133
123,2010,2,14732,2010-05-03,5,18,123,103,91.1504424778761
124,2010,3,14733,2010-05-04,5,18,124,106,93.80530973451327
125,2010,2,14734,2010-05-05,5,18,125,108,95.57522123893806
126,2010,1,14735,2010-05-06,5,18,126,109,96.46017699115043
127,2010,0,14736,2010-05-07,5,19,127,109,96.46017699115043
128,2010,0,14737,2010-05-08,5,19,128,109,96.46017699115043
129,2010,1,14738,2010-05-09,5,19,129,110,97.34513274336283
130,2010,0,14739,2010-05-10,5,19,130,110,97.34513274336283
131,2010,0,14740,2010-05-11,5,19,131,110,97.34513274336283
132,2010,0,14741,2010-05-12,5,19,132,110,97.34513274336283
133,2010,1,14742,2010-05-13,5,19,133,111,98.23008849557522
134,2010,0,14743,2010-05-14,5,20,134,111,98.23008849557522
135,2010,1,14744,2010-05-15,5,20,135,112,99.11504424778761
136,2010,0,14745,2010-05-16,5,20,136,112,99.11504424778761
137,2010,0,14746,2010-05-17,5,20,137,112,99.11504424778761
138,2010,1,14747,2010-05-18,5,20,138,113,100
139,2010,0,14748,2010-05-19,5,20,139,113,100
140,2010,0,14749,2010-05-20,5,20,140,113,100
141,2010,0,14750,2010-05-21,5,21,141,113,100
142,2010,0,14751,2010-05-22,5,21,142,113,100
143,2010,0,14752,2010-05-23,5,21,143,113,100
144,2010,0,14753,2010-05-24,5,21,144,113,100
145,2010,0,14754,2010-05-25,5,21,145,113,100
146,2010,0,14755,2010-05-26,5,21,146,113,100
147,2010,0,14756,2010-05-27,5,21,147,113,100
148,2010,0,14757,2010-05-28,5,22,148,113,100
149,2010,0,14758,2010-05-29,5,22,149,113,100
150,2010,0,14759,2010-05-30,5,22,150,113,100
151,2010,0,14760,2010-05-31,5,22,151,113,100
152,2010,0,14761,2010-06-01,6,22,152,113,100
153,2010,0,14762,2010-06-02,6,22,153,113,100
154,2010,0,14763,2010-06-03,6,22,154,113,100
155,2010,0,14764,2010-06-04,6,23,155,113,100
156,2010,0,14765,2010-06-05,6,23,156,113,100
157,2010,0,14766,2010-06-06,6,23,157,113,100
158,2010,0,14767,2010-06-07,6,23,158,113,100
159,2010,0,14768,2010-06-08,6,23,159,113,100
160,2010,0,14769,2010-06-09,6,23,160,113,100
161,2010,0,14770,2010-06-10,6,23,161,113,100
162,2010,0,14771,2010-06-11,6,24,162,113,100
163,2010,0,14772,2010-06-12,6,24,163,113,100
164,2010,0,14773,2010-06-13,6,24,164,113,100
165,2010,0,14774,2010-06-14,6,24,165,113,100
166,2010,0,14775,2010-06-15,6,24,166,113,100
167,2010,0,14776,2010-06-16,6,24,167,113,100
168,2010,0,14777,2010-06-17,6,24,168,113,100
169,2010,0,14778,2010-06-18,6,25,169,113,100
170,2010,0,14779,2010-06-19,6,25,170,113,100
171,2010,0,14780,2010-06-20,6,25,171,113,100
172,2010,0,14781,2010-06-21,6,25,172,113,100
173,2010,0,14782,2010-06-22,6,25,173,113,100
174,2010,0,14783,2010-06-23,6,25,174,113,100
175,2010,0,14784,2010-06-24,6,25,175,113,100
176,2010,0,14785,2010-06-25,6,26,176,113,100
177,2010,0,14786,2010-06-26,6,26,177,113,100
178,2010,0,14787,2010-06-27,6,26,178,113,100
179,2010,0,14788,2010-06-28,6,26,179,113,100
180,2010,0,14789,2010-06-29,6,26,180,113,100
1,2011,0,14975,2011-01-01,1,1,1,0,0
2,2011,0,14976,2011-01-02,1,1,2,0,0
3,2011,0,14977,2011-01-03,1,1,3,0,0
4,2011,0,14978,2011-01-04,1,1,4,0,0
5,2011,0,14979,2011-01-05,1,1,5,0,0
6,2011,0,14980,2011-01-06,1,1,6,0,0
7,2011,0,14981,2011-01-07,1,1,7,0,0
8,2011,0,14982,2011-01-08,1,2,8,0,0
9,2011,0,14983,2011-01-09,1,2,9,0,0
10,2011,0,14984,2011-01-10,1,2,10,0,0
11,2011,0,14985,2011-01-11,1,2,11,0,0
12,2011,0,14986,2011-01-12,1,2,12,0,0
13,2011,0,14987,2011-01-13,1,2,13,0,0
14,2011,0,14988,2011-01-14,1,2,14,0,0
15,2011,0,14989,2011-01-15,1,3,15,0,0
16,2011,0,14990,2011-01-16,1,3,16,0,0
17,2011,0,14991,2011-01-17,1,3,17,0,0
18,2011,0,14992,2011-01-18,1,3,18,0,0
19,2011,0,14993,2011-01-19,1,3,19,0,0
20,2011,0,14994,2011-01-20,1,3,20,0,0
21,2011,0,14995,2011-01-21,1,3,21,0,0
22,2011,0,14996,2011-01-22,1,4,22,0,0
23,2011,0,14997,2011-01-23,1,4,23,0,0
24,2011,0,14998,2011-01-24,1,4,24,0,0
25,2011,0,14999,2011-01-25,1,4,25,0,0
26,2011,0,15000,2011-01-26,1,4,26,0,0
27,2011,0,15001,2011-01-27,1,4,27,0,0
28,2011,0,15002,2011-01-28,1,4,28,0,0
29,2011,0,15003,2011-01-29,1,5,29,0,0
30,2011,0,15004,2011-01-30,1,5,30,0,0
31,2011,0,15005,2011-01-31,1,5,31,0,0
32,2011,0,15006,2011-02-01,2,5,32,0,0
33,2011,0,15007,2011-02-02,2,5,33,0,0
34,2011,0,15008,2011-02-03,2,5,34,0,0
35,2011,0,15009,2011-02-04,2,5,35,0,0
36,2011,0,15010,2011-02-05,2,6,36,0,0
37,2011,0,15011,2011-02-06,2,6,37,0,0
38,2011,0,15012,2011-02-07,2,6,38,0,0
39,2011,0,15013,2011-02-08,2,6,39,0,0
40,2011,0,15014,2011-02-09,2,6,40,0,0
41,2011,0,15015,2011-02-10,2,6,41,0,0
42,2011,0,15016,2011-02-11,2,6,42,0,0
43,2011,0,15017,2011-02-12,2,7,43,0,0
44,2011,0,15018,2011-02-13,2,7,44,0,0
45,2011,0,15019,2011-02-14,2,7,45,0,0
46,2011,0,15020,2011-02-15,2,7,46,0,0
47,2011,0,15021,2011-02-16,2,7,47,0,0
48,2011,0,15022,2011-02-17,2,7,48,0,0
49,2011,0,15023,2011-02-18,2,7,49,0,0
50,2011,0,15024,2011-02-19,2,8,50,0,0
51,2011,0,15025,2011-02-20,2,8,51,0,0
52,2011,0,15026,2011-02-21,2,8,52,0,0
53,2011,0,15027,2011-02-22,2,8,53,0,0
54,2011,0,15028,2011-02-23,2,8,54,0,0
55,2011,0,15029,2011-02-24,2,8,55,0,0
56,2011,0,15030,2011-02-25,2,8,56,0,0
57,2011,0,15031,2011-02-26,2,9,57,0,0
58,2011,0,15032,2011-02-27,2,9,58,0,0
59,2011,0,15033,2011-02-28,2,9,59,0,0
60,2011,0,15034,2011-03-01,3,9,60,0,0
61,2011,0,15035,2011-03-02,3,9,61,0,0
62,2011,0,15036,2011-03-03,3,9,62,0,0
63,2011,0,15037,2011-03-04,3,9,63,0,0
64,2011,0,15038,2011-03-05,3,10,64,0,0
65,2011,0,15039,2011-03-06,3,10,65,0,0
66,2011,0,15040,2011-03-07,3,10,66,0,0
67,2011,0,15041,2011-03-08,3,10,67,0,0
68,2011,0,15042,2011-03-09,3,10,68,0,0
69,2011,0,15043,2011-03-10,3,10,69,0,0
70,2011,0,15044,2011-03-11,3,10,70,0,0
71,2011,0,15045,2011-03-12,3,11,71,0,0
72,2011,0,15046,2011-03-13,3,11,72,0,0
73,2011,1,15047,2011-03-14,3,11,73,1,0.14970059880239522
74,2011,1,15048,2011-03-15,3,11,74,2,0.29940119760479045
75,2011,3,15049,2011-03-16,3,11,75,5,0.7485029940119761
76,2011,0,15050,2011-03-17,3,11,76,5,0.7485029940119761
77,2011,0,15051,2011-03-18,3,11,77,5,0.7485029940119761
78,2011,1,15052,2011-03-19,3,12,78,6,0.8982035928143712
79,2011,1,15053,2011-03-20,3,12,79,7,1.0479041916167664
80,2011,1,15054,2011-03-21,3,12,80,8,1.1976047904191618
81,2011,0,15055,2011-03-22,3,12,81,8,1.1976047904191618
82,2011,2,15056,2011-03-23,3,12,82,10,1.4970059880239521
83,2011,0,15057,2011-03-24,3,12,83,10,1.4970059880239521
84,2011,2,15058,2011-03-25,3,12,84,12,1.7964071856287425
85,2011,1,15059,2011-03-26,3,13,85,13,1.9461077844311379
86,2011,3,15060,2011-03-27,3,13,86,16,2.3952095808383236
87,2011,0,15061,2011-03-28,3,13,87,16,2.3952095808383236
88,2011,2,15062,2011-03-29,3,13,88,18,2.694610778443114
89,2011,3,15063,2011-03-30,3,13,89,21,3.143712574850299
90,2011,12,15064,2011-03-31,3,13,90,33,4.940119760479042
91,2011,12,15065,2011-04-01,4,13,91,45,6.736526946107785
92,2011,9,15066,2011-04-02,4,14,92,54,8.08383233532934
93,2011,5,15067,2011-04-03,4,14,93,59,8.832335329341317
94,2011,5,15068,2011-04-04,4,14,94,64,9.580838323353294
95,2011,15,15069,2011-04-05,4,14,95,79,11.826347305389222
96,2011,28,15070,2011-04-06,4,14,96,107,16.017964071856287
97,2011,17,15071,2011-04-07,4,14,97,124,18.562874251497004
98,2011,13,15072,2011-04-08,4,14,98,137,20.508982035928145
99,2011,11,15073,2011-04-09,4,15,99,148,22.15568862275449
100,2011,14,15074,2011-04-10,4,15,100,162,24.251497005988025
101,2011,22,15075,2011-04-11,4,15,101,184,27.54491017964072
102,2011,11,15076,2011-04-12,4,15,102,195,29.191616766467064
103,2011,11,15077,2011-04-13,4,15,103,206,30.83832335329341
104,2011,16,15078,2011-04-14,4,15,104,222,33.23353293413174
105,2011,16,15079,2011-04-15,4,15,105,238,35.62874251497006
106,2011,30,15080,2011-04-16,4,16,106,268,40.119760479041915
107,2011,26,15081,2011-04-17,4,16,107,294,44.01197604790419
108,2011,26,15082,2011-04-18,4,16,108,320,47.90419161676647
109,2011,40,15083,2011-04-19,4,16,109,360,53.89221556886228
110,2011,44,15084,2011-04-20,4,16,110,404,60.47904191616767
111,2011,31,15085,2011-04-21,4,16,111,435,65.11976047904191
112,2011,39,15086,2011-04-22,4,16,112,474,70.95808383233533
113,2011,31,15087,2011-04-23,4,17,113,505,75.59880239520959
114,2011,34,15088,2011-04-24,4,17,114,539,80.688622754491007
115,2011,19,15089,2011-04-25,4,17,115,558,83.53293413173652
116,2011,12,15090,2011-04-26,4,17,116,570,85.32934131736528
117,2011,17,15091,2011-04-27,4,17,117,587,87.87425149700599
118,2011,8,15092,2011-04-28,4,17,118,595,89.07185628742515
119,2011,21,15093,2011-04-29,4,17,119,616,92.21556886227546
120,2011,12,15094,2011-04-30,4,18,120,628,94.01197604790418
121,2011,12,15095,2011-05-01,5,18,121,640,95.80838323353294
122,2011,5,15096,2011-05-02,5,18,122,645,96.55688622754491
123,2011,3,15097,2011-05-03,5,18,123,648,97.0059880239521
124,2011,5,15098,2011-05-04,5,18,124,653,97.75449101796407
125,2011,3,15099,2011-05-05,5,18,125,656,98.20359281437125
126,2011,2,15100,2011-05-06,5,18,126,658,98.50299401197606
127,2011,4,15101,2011-05-07,5,19,127,662,99.10179640718563
128,2011,0,15102,2011-05-08,5,19,128,662,99.10179640718563
129,2011,2,15103,2011-05-09,5,19,129,664,99.40119760479041
130,2011,0,15104,2011-05-10,5,19,130,664,99.40119760479041
131,2011,0,15105,2011-05-11,5,19,131,664,99.40119760479041
132,2011,4,15106,2011-05-12,5,19,132,668,100
133,2011,0,15107,2011-05-13,5,19,133,668,100
134,2011,0,15108,2011-05-14,5,20,134,668,100
135,2011,0,15109,2011-05-15,5,20,135,668,100
136,2011,0,15110,2011-05-16,5,20,136,668,100
137,2011,0,15111,2011-05-17,5,20,137,668,100
138,2011,0,15112,2011-05-18,5,20,138,668,100
139,2011,0,15113,2011-05-19,5,20,139,668,100
140,2011,0,15114,2011-05-20,5,20,140,668,100
141,2011,0,15115,2011-05-21,5,21,141,668,100
142,2011,0,15116,2011-05-22,5,21,142,668,100
143,2011,0,15117,2011-05-23,5,21,143,668,100
144,2011,0,15118,2011-05-24,5,21,144,668,100
145,2011,0,15119,2011-05-25,5,21,145,668,100
146,2011,0,15120,2011-05-26,5,21,146,668,100
147,2011,0,15121,2011-05-27,5,21,147,668,100
148,2011,0,15122,2011-05-28,5,22,148,668,100
149,2011,0,15123,2011-05-29,5,22,149,668,100
150,2011,0,15124,2011-05-30,5,22,150,668,100
151,2011,0,15125,2011-05-31,5,22,151,668,100
152,2011,0,15126,2011-06-01,6,22,152,668,100
153,2011,0,15127,2011-06-02,6,22,153,668,100
154,2011,0,15128,2011-06-03,6,22,154,668,100
155,2011,0,15129,2011-06-04,6,23,155,668,100
156,2011,0,15130,2011-06-05,6,23,156,668,100
157,2011,0,15131,2011-06-06,6,23,157,668,100
158,2011,0,15132,2011-06-07,6,23,158,668,100
159,2011,0,15133,2011-06-08,6,23,159,668,100
160,2011,0,15134,2011-06-09,6,23,160,668,100
161,2011,0,15135,2011-06-10,6,23,161,668,100
162,2011,0,15136,2011-06-11,6,24,162,668,100
163,2011,0,15137,2011-06-12,6,24,163,668,100
164,2011,0,15138,2011-06-13,6,24,164,668,100
165,2011,0,15139,2011-06-14,6,24,165,668,100
166,2011,0,15140,2011-06-15,6,24,166,668,100
167,2011,0,15141,2011-06-16,6,24,167,668,100
168,2011,0,15142,2011-06-17,6,24,168,668,100
169,2011,0,15143,2011-06-18,6,25,169,668,100
170,2011,0,15144,2011-06-19,6,25,170,668,100
171,2011,0,15145,2011-06-20,6,25,171,668,100
172,2011,0,15146,2011-06-21,6,25,172,668,100
173,2011,0,15147,2011-06-22,6,25,173,668,100
174,2011,0,15148,2011-06-23,6,25,174,668,100
175,2011,0,15149,2011-06-24,6,25,175,668,100
176,2011,0,15150,2011-06-25,6,26,176,668,100
177,2011,0,15151,2011-06-26,6,26,177,668,100
178,2011,0,15152,2011-06-27,6,26,178,668,100
179,2011,0,15153,2011-06-28,6,26,179,668,100
180,2011,0,15154,2011-06-29,6,26,180,668,100
1,2012,0,15340,2012-01-01,1,1,1,0,0
2,2012,0,15341,2012-01-02,1,1,2,0,0
3,2012,0,15342,2012-01-03,1,1,3,0,0
4,2012,0,15343,2012-01-04,1,1,4,0,0
5,2012,0,15344,2012-01-05,1,1,5,0,0
6,2012,0,15345,2012-01-06,1,1,6,0,0
7,2012,0,15346,2012-01-07,1,1,7,0,0
8,2012,0,15347,2012-01-08,1,2,8,0,0
9,2012,0,15348,2012-01-09,1,2,9,0,0
10,2012,0,15349,2012-01-10,1,2,10,0,0
11,2012,0,15350,2012-01-11,1,2,11,0,0
12,2012,0,15351,2012-01-12,1,2,12,0,0
13,2012,0,15352,2012-01-13,1,2,13,0,0
14,2012,0,15353,2012-01-14,1,2,14,0,0
15,2012,0,15354,2012-01-15,1,3,15,0,0
16,2012,0,15355,2012-01-16,1,3,16,0,0
17,2012,0,15356,2012-01-17,1,3,17,0,0
18,2012,0,15357,2012-01-18,1,3,18,0,0
19,2012,0,15358,2012-01-19,1,3,19,0,0
20,2012,0,15359,2012-01-20,1,3,20,0,0
21,2012,0,15360,2012-01-21,1,3,21,0,0
22,2012,0,15361,2012-01-22,1,4,22,0,0
23,2012,0,15362,2012-01-23,1,4,23,0,0
24,2012,0,15363,2012-01-24,1,4,24,0,0
25,2012,0,15364,2012-01-25,1,4,25,0,0
26,2012,0,15365,2012-01-26,1,4,26,0,0
27,2012,0,15366,2012-01-27,1,4,27,0,0
28,2012,0,15367,2012-01-28,1,4,28,0,0
29,2012,0,15368,2012-01-29,1,5,29,0,0
30,2012,0,15369,2012-01-30,1,5,30,0,0
31,2012,0,15370,2012-01-31,1,5,31,0,0
32,2012,0,15371,2012-02-01,2,5,32,0,0
33,2012,0,15372,2012-02-02,2,5,33,0,0
34,2012,0,15373,2012-02-03,2,5,34,0,0
35,2012,0,15374,2012-02-04,2,5,35,0,0
36,2012,0,15375,2012-02-05,2,6,36,0,0
37,2012,0,15376,2012-02-06,2,6,37,0,0
38,2012,0,15377,2012-02-07,2,6,38,0,0
39,2012,0,15378,2012-02-08,2,6,39,0,0
40,2012,0,15379,2012-02-09,2,6,40,0,0
41,2012,0,15380,2012-02-10,2,6,41,0,0
42,2012,0,15381,2012-02-11,2,6,42,0,0
43,2012,0,15382,2012-02-12,2,7,43,0,0
44,2012,0,15383,2012-02-13,2,7,44,0,0
45,2012,0,15384,2012-02-14,2,7,45,0,0
46,2012,0,15385,2012-02-15,2,7,46,0,0
47,2012,0,15386,2012-02-16,2,7,47,0,0
48,2012,0,15387,2012-02-17,2,7,48,0,0
49,2012,0,15388,2012-02-18,2,7,49,0,0
50,2012,0,15389,2012-02-19,2,8,50,0,0
51,2012,0,15390,2012-02-20,2,8,51,0,0
52,2012,0,15391,2012-02-21,2,8,52,0,0
53,2012,0,15392,2012-02-22,2,8,53,0,0
54,2012,0,15393,2012-02-23,2,8,54,0,0
55,2012,0,15394,2012-02-24,2,8,55,0,0
56,2012,0,15395,2012-02-25,2,8,56,0,0
57,2012,0,15396,2012-02-26,2,9,57,0,0
58,2012,0,15397,2012-02-27,2,9,58,0,0
59,2012,0,15398,2012-02-28,2,9,59,0,0
60,2012,0,15399,2012-02-29,2,9,60,0,0
61,2012,0,15400,2012-03-01,3,9,61,0,0
62,2012,0,15401,2012-03-02,3,9,62,0,0
63,2012,0,15402,2012-03-03,3,9,63,0,0
64,2012,0,15403,2012-03-04,3,10,64,0,0
65,2012,0,15404,2012-03-05,3,10,65,0,0
66,2012,0,15405,2012-03-06,3,10,66,0,0
67,2012,0,15406,2012-03-07,3,10,67,0,0
68,2012,0,15407,2012-03-08,3,10,68,0,0
69,2012,0,15408,2012-03-09,3,10,69,0,0
70,2012,0,15409,2012-03-10,3,10,70,0,0
71,2012,0,15410,2012-03-11,3,11,71,0,0
72,2012,0,15411,2012-03-12,3,11,72,0,0
73,2012,0,15412,2012-03-13,3,11,73,0,0
74,2012,0,15413,2012-03-14,3,11,74,0,0
75,2012,1,15414,2012-03-15,3,11,75,1,0.1607717041800643
76,2012,0,15415,2012-03-16,3,11,76,1,0.1607717041800643
77,2012,1,15416,2012-03-17,3,11,77,2,0.3215434083601286
78,2012,1,15417,2012-03-18,3,12,78,3,0.482315112540193
79,2012,0,15418,2012-03-19,3,12,79,3,0.482315112540193
80,2012,0,15419,2012-03-20,3,12,80,3,0.482315112540193
81,2012,0,15420,2012-03-21,3,12,81,3,0.482315112540193
82,2012,1,15421,2012-03-22,3,12,82,4,0.6430868167202572
83,2012,0,15422,2012-03-23,3,12,83,4,0.6430868167202572
84,2012,1,15423,2012-03-24,3,12,84,5,0.8038585209003215
85,2012,3,15424,2012-03-25,3,13,85,8,1.2861736334405145
86,2012,1,15425,2012-03-26,3,13,86,9,1.4469453376205788
87,2012,3,15426,2012-03-27,3,13,87,12,1.929260450160772
88,2012,2,15427,2012-03-28,3,13,88,14,2.2508038585209005
89,2012,1,15428,2012-03-29,3,13,89,15,2.4115755627009645
90,2012,1,15429,2012-03-30,3,13,90,16,2.572347266881029
91,2012,0,15430,2012-03-31,3,13,91,16,2.572347266881029
92,2012,0,15431,2012-04-01,4,14,92,16,2.572347266881029
93,2012,4,15432,2012-04-02,4,14,93,20,3.215434083601286
94,2012,3,15433,2012-04-03,4,14,94,23,3.697749196141479
95,2012,1,15434,2012-04-04,4,14,95,24,3.858520900321544
96,2012,3,15435,2012-04-05,4,14,96,27,4.340836012861737
97,2012,3,15436,2012-04-06,4,14,97,30,4.823151125401929
98,2012,1,15437,2012-04-07,4,14,98,31,4.983922829581994
99,2012,2,15438,2012-04-08,4,15,99,33,5.305466237942122
100,2012,10,15439,2012-04-09,4,15,100,43,6.913183279742766
101,2012,19,15440,2012-04-10,4,15,101,62,9.967845659163988
102,2012,11,15441,2012-04-11,4,15,102,73,11.736334405144696
103,2012,16,15442,2012-04-12,4,15,103,89,14.308681672025724
104,2012,12,15443,2012-04-13,4,15,104,101,16.237942122186492
105,2012,14,15444,2012-04-14,4,15,105,115,18.488745980707396
106,2012,4,15445,2012-04-15,4,16,106,119,19.131832797427652
107,2012,7,15446,2012-04-16,4,16,107,126,20.257234726688104
108,2012,8,15447,2012-04-17,4,16,108,134,21.54340836012862
109,2012,17,15448,2012-04-18,4,16,109,151,24.27652733118971
110,2012,18,15449,2012-04-19,4,16,110,169,27.170418006430868
111,2012,52,15450,2012-04-20,4,16,111,221,35.530546623794216
112,2012,38,15451,2012-04-21,4,16,112,259,41.639871382636656
113,2012,17,15452,2012-04-22,4,17,113,276,44.37299035369775
114,2012,25,15453,2012-04-23,4,17,114,301,48.39228295819936
115,2012,19,15454,2012-04-24,4,17,115,320,51.446945337620576
116,2012,27,15455,2012-04-25,4,17,116,347,55.78778135048231
117,2012,47,15456,2012-04-26,4,17,117,394,63.344051446945336
118,2012,15,15457,2012-04-27,4,17,118,409,65.7556270096463
119,2012,61,15458,2012-04-28,4,17,119,470,75.56270096463022
120,2012,24,15459,2012-04-29,4,18,120,494,79.42122186495176
121,2012,21,15460,2012-04-30,4,18,121,515,82.79742765273312
122,2012,19,15461,2012-05-01,5,18,122,534,85.85209003215434
123,2012,4,15462,2012-05-02,5,18,123,538,86.49517684887459
124,2012,7,15463,2012-05-03,5,18,124,545,87.62057877813506
125,2012,7,15464,2012-05-04,5,18,125,552,88.7459807073955
126,2012,7,15465,2012-05-05,5,18,126,559,89.87138263665595
127,2012,12,15466,2012-05-06,5,19,127,571,91.80064308681672
128,2012,11,15467,2012-05-07,5,19,128,582,93.56913183279742
129,2012,4,15468,2012-05-08,5,19,129,586,94.21221864951768
130,2012,6,15469,2012-05-09,5,19,130,592,95.17684887459808
131,2012,12,15470,2012-05-10,5,19,131,604,97.10610932475883
132,2012,7,15471,2012-05-11,5,19,132,611,98.23151125401928
133,2012,2,15472,2012-05-12,5,19,133,613,98.55305466237942
134,2012,1,15473,2012-05-13,5,20,134,614,98.71382636655949
135,2012,0,15474,2012-05-14,5,20,135,614,98.71382636655949
136,2012,1,15475,2012-05-15,5,20,136,615,98.87459807073955
137,2012,2,15476,2012-05-16,5,20,137,617,99.19614147909968
138,2012,1,15477,2012-05-17,5,20,138,618,99.35691318327974
139,2012,0,15478,2012-05-18,5,20,139,618,99.35691318327974
140,2012,0,15479,2012-05-19,5,20,140,618,99.35691318327974
141,2012,1,15480,2012-05-20,5,21,141,619,99.51768488745981
142,2012,0,15481,2012-05-21,5,21,142,619,99.51768488745981
143,2012,1,15482,2012-05-22,5,21,143,620,99.67845659163987
144,2012,0,15483,2012-05-23,5,21,144,620,99.67845659163987
145,2012,2,15484,2012-05-24,5,21,145,622,100
146,2012,0,15485,2012-05-25,5,21,146,622,100
147,2012,0,15486,2012-05-26,5,21,147,622,100
148,2012,0,15487,2012-05-27,5,22,148,622,100
149,2012,0,15488,2012-05-28,5,22,149,622,100
150,2012,0,15489,2012-05-29,5,22,150,622,100
151,2012,0,15490,2012-05-30,5,22,151,622,100
152,2012,0,15491,2012-05-31,5,22,152,622,100
153,2012,0,15492,2012-06-01,6,22,153,622,100
154,2012,0,15493,2012-06-02,6,22,154,622,100
155,2012,0,15494,2012-06-03,6,23,155,622,100
156,2012,0,15495,2012-06-04,6,23,156,622,100
157,2012,0,15496,2012-06-05,6,23,157,622,100
158,2012,0,15497,2012-06-06,6,23,158,622,100
159,2012,0,15498,2012-06-07,6,23,159,622,100
160,2012,0,15499,2012-06-08,6,23,160,622,100
161,2012,0,15500,2012-06-09,6,23,161,622,100
162,2012,0,15501,2012-06-10,6,24,162,622,100
163,2012,0,15502,2012-06-11,6,24,163,622,100
164,2012,0,15503,2012-06-12,6,24,164,622,100
165,2012,0,15504,2012-06-13,6,24,165,622,100
166,2012,0,15505,2012-06-14,6,24,166,622,100
167,2012,0,15506,2012-06-15,6,24,167,622,100
168,2012,0,15507,2012-06-16,6,24,168,622,100
169,2012,0,15508,2012-06-17,6,25,169,622,100
170,2012,0,15509,2012-06-18,6,25,170,622,100
171,2012,0,15510,2012-06-19,6,25,171,622,100
172,2012,0,15511,2012-06-20,6,25,172,622,100
173,2012,0,15512,2012-06-21,6,25,173,622,100
174,2012,0,15513,2012-06-22,6,25,174,622,100
175,2012,0,15514,2012-06-23,6,25,175,622,100
176,2012,0,15515,2012-06-24,6,26,176,622,100
177,2012,0,15516,2012-06-25,6,26,177,622,100
178,2012,0,15517,2012-06-26,6,26,178,622,100
179,2012,0,15518,2012-06-27,6,26,179,622,100
180,2012,0,15519,2012-06-28,6,26,180,622,100
1,2013,0,15706,2013-01-01,1,1,1,0,0
2,2013,0,15707,2013-01-02,1,1,2,0,0
3,2013,0,15708,2013-01-03,1,1,3,0,0
4,2013,0,15709,2013-01-04,1,1,4,0,0
5,2013,0,15710,2013-01-05,1,1,5,0,0
6,2013,0,15711,2013-01-06,1,1,6,0,0
7,2013,0,15712,2013-01-07,1,1,7,0,0
8,2013,0,15713,2013-01-08,1,2,8,0,0
9,2013,0,15714,2013-01-09,1,2,9,0,0
10,2013,0,15715,2013-01-10,1,2,10,0,0
11,2013,0,15716,2013-01-11,1,2,11,0,0
12,2013,0,15717,2013-01-12,1,2,12,0,0
13,2013,0,15718,2013-01-13,1,2,13,0,0
14,2013,0,15719,2013-01-14,1,2,14,0,0
15,2013,0,15720,2013-01-15,1,3,15,0,0
16,2013,0,15721,2013-01-16,1,3,16,0,0
17,2013,0,15722,2013-01-17,1,3,17,0,0
18,2013,0,15723,2013-01-18,1,3,18,0,0
19,2013,0,15724,2013-01-19,1,3,19,0,0
20,2013,0,15725,2013-01-20,1,3,20,0,0
21,2013,0,15726,2013-01-21,1,3,21,0,0
22,2013,0,15727,2013-01-22,1,4,22,0,0
23,2013,0,15728,2013-01-23,1,4,23,0,0
24,2013,0,15729,2013-01-24,1,4,24,0,0
25,2013,0,15730,2013-01-25,1,4,25,0,0
26,2013,0,15731,2013-01-26,1,4,26,0,0
27,2013,0,15732,2013-01-27,1,4,27,0,0
28,2013,0,15733,2013-01-28,1,4,28,0,0
29,2013,0,15734,2013-01-29,1,5,29,0,0
30,2013,0,15735,2013-01-30,1,5,30,0,0
31,2013,0,15736,2013-01-31,1,5,31,0,0
32,2013,0,15737,2013-02-01,2,5,32,0,0
33,2013,0,15738,2013-02-02,2,5,33,0,0
34,2013,0,15739,2013-02-03,2,5,34,0,0
35,2013,0,15740,2013-02-04,2,5,35,0,0
36,2013,0,15741,2013-02-05,2,6,36,0,0
37,2013,0,15742,2013-02-06,2,6,37,0,0
38,2013,0,15743,2013-02-07,2,6,38,0,0
39,2013,0,15744,2013-02-08,2,6,39,0,0
40,2013,0,15745,2013-02-09,2,6,40,0,0
41,2013,0,15746,2013-02-10,2,6,41,0,0
42,2013,0,15747,2013-02-11,2,6,42,0,0
43,2013,0,15748,2013-02-12,2,7,43,0,0
44,2013,0,15749,2013-02-13,2,7,44,0,0
45,2013,0,15750,2013-02-14,2,7,45,0,0
46,2013,0,15751,2013-02-15,2,7,46,0,0
47,2013,0,15752,2013-02-16,2,7,47,0,0
48,2013,0,15753,2013-02-17,2,7,48,0,0
49,2013,0,15754,2013-02-18,2,7,49,0,0
50,2013,0,15755,2013-02-19,2,8,50,0,0
51,2013,0,15756,2013-02-20,2,8,51,0,0
52,2013,0,15757,2013-02-21,2,8,52,0,0
53,2013,0,15758,2013-02-22,2,8,53,0,0
54,2013,0,15759,2013-02-23,2,8,54,0,0
55,2013,0,15760,2013-02-24,2,8,55,0,0
56,2013,0,15761,2013-02-25,2,8,56,0,0
57,2013,0,15762,2013-02-26,2,9,57,0,0
58,2013,0,15763,2013-02-27,2,9,58,0,0
59,2013,0,15764,2013-02-28,2,9,59,0,0
60,2013,0,15765,2013-03-01,3,9,60,0,0
61,2013,0,15766,2013-03-02,3,9,61,0,0
62,2013,0,15767,2013-03-03,3,9,62,0,0
63,2013,0,15768,2013-03-04,3,9,63,0,0
64,2013,0,15769,2013-03-05,3,10,64,0,0
65,2013,0,15770,2013-03-06,3,10,65,0,0
66,2013,1,15771,2013-03-07,3,10,66,1,1
67,2013,0,15772,2013-03-08,3,10,67,1,1
68,2013,0,15773,2013-03-09,3,10,68,1,1
69,2013,0,15774,2013-03-10,3,10,69,1,1
70,2013,0,15775,2013-03-11,3,10,70,1,1
71,2013,0,15776,2013-03-12,3,11,71,1,1
72,2013,0,15777,2013-03-13,3,11,72,1,1
73,2013,0,15778,2013-03-14,3,11,73,1,1
74,2013,0,15779,2013-03-15,3,11,74,1,1
75,2013,0,15780,2013-03-16,3,11,75,1,1
76,2013,0,15781,2013-03-17,3,11,76,1,1
77,2013,0,15782,2013-03-18,3,11,77,1,1
78,2013,0,15783,2013-03-19,3,12,78,1,1
79,2013,0,15784,2013-03-20,3,12,79,1,1
80,2013,0,15785,2013-03-21,3,12,80,1,1
81,2013,0,15786,2013-03-22,3,12,81,1,1
82,2013,0,15787,2013-03-23,3,12,82,1,1
83,2013,0,15788,2013-03-24,3,12,83,1,1
84,2013,0,15789,2013-03-25,3,12,84,1,1
85,2013,0,15790,2013-03-26,3,13,85,1,1
86,2013,0,15791,2013-03-27,3,13,86,1,1
87,2013,0,15792,2013-03-28,3,13,87,1,1
88,2013,0,15793,2013-03-29,3,13,88,1,1
89,2013,0,15794,2013-03-30,3,13,89,1,1
90,2013,0,15795,2013-03-31,3,13,90,1,1
91,2013,0,15796,2013-04-01,4,13,91,1,1
92,2013,1,15797,2013-04-02,4,14,92,2,2
93,2013,0,15798,2013-04-03,4,14,93,2,2
94,2013,0,15799,2013-04-04,4,14,94,2,2
95,2013,1,15800,2013-04-05,4,14,95,3,3
96,2013,0,15801,2013-04-06,4,14,96,3,3
97,2013,0,15802,2013-04-07,4,14,97,3,3
98,2013,2,15803,2013-04-08,4,14,98,5,5
99,2013,0,15804,2013-04-09,4,15,99,5,5
100,2013,0,15805,2013-04-10,4,15,100,5,5
101,2013,0,15806,2013-04-11,4,15,101,5,5
102,2013,0,15807,2013-04-12,4,15,102,5,5
103,2013,0,15808,2013-04-13,4,15,103,5,5
104,2013,3,15809,2013-04-14,4,15,104,8,8
105,2013,0,15810,2013-04-15,4,15,105,8,8
106,2013,0,15811,2013-04-16,4,16,106,8,8
107,2013,3,15812,2013-04-17,4,16,107,11,11
108,2013,1,15813,2013-04-18,4,16,108,12,12
109,2013,2,15814,2013-04-19,4,16,109,14,14.000000000000002
110,2013,3,15815,2013-04-20,4,16,110,17,17
111,2013,4,15816,2013-04-21,4,16,111,21,21
112,2013,0,15817,2013-04-22,4,16,112,21,21
113,2013,5,15818,2013-04-23,4,17,113,26,26
114,2013,4,15819,2013-04-24,4,17,114,30,30
115,2013,5,15820,2013-04-25,4,17,115,35,35
116,2013,0,15821,2013-04-26,4,17,116,35,35
117,2013,4,15822,2013-04-27,4,17,117,39,39
118,2013,3,15823,2013-04-28,4,17,118,42,42
119,2013,3,15824,2013-04-29,4,17,119,45,45
120,2013,1,15825,2013-04-30,4,18,120,46,46
121,2013,4,15826,2013-05-01,5,18,121,50,50
122,2013,8,15827,2013-05-02,5,18,122,58,57.99999999999999
123,2013,15,15828,2013-05-03,5,18,123,73,73
124,2013,1,15829,2013-05-04,5,18,124,74,74
125,2013,7,15830,2013-05-05,5,18,125,81,81
126,2013,8,15831,2013-05-06,5,18,126,89,89
127,2013,0,15832,2013-05-07,5,19,127,89,89
128,2013,6,15833,2013-05-08,5,19,128,95,95
129,2013,0,15834,2013-05-09,5,19,129,95,95
130,2013,0,15835,2013-05-10,5,19,130,95,95
131,2013,1,15836,2013-05-11,5,19,131,96,96
132,2013,1,15837,2013-05-12,5,19,132,97,97
133,2013,0,15838,2013-05-13,5,19,133,97,97
134,2013,1,15839,2013-05-14,5,20,134,98,98
135,2013,2,15840,2013-05-15,5,20,135,100,100
136,2013,0,15841,2013-05-16,5,20,136,100,100
137,2013,0,15842,2013-05-17,5,20,137,100,100
138,2013,0,15843,2013-05-18,5,20,138,100,100
139,2013,0,15844,2013-05-19,5,20,139,100,100
140,2013,0,15845,2013-05-20,5,20,140,100,100
141,2013,0,15846,2013-05-21,5,21,141,100,100
142,2013,0,15847,2013-05-22,5,21,142,100,100
143,2013,0,15848,2013-05-23,5,21,143,100,100
144,2013,0,15849,2013-05-24,5,21,144,100,100
145,2013,0,15850,2013-05-25,5,21,145,100,100
146,2013,0,15851,2013-05-26,5,21,146,100,100
147,2013,0,15852,2013-05-27,5,21,147,100,100
148,2013,0,15853,2013-05-28,5,22,148,100,100
149,2013,0,15854,2013-05-29,5,22,149,100,100
150,2013,0,15855,2013-05-30,5,22,150,100,100
151,2013,0,15856,2013-05-31,5,22,151,100,100
152,2013,0,15857,2013-06-01,6,22,152,100,100
153,2013,0,15858,2013-06-02,6,22,153,100,100
154,2013,0,15859,2013-06-03,6,22,154,100,100
155,2013,0,15860,2013-06-04,6,23,155,100,100
156,2013,0,15861,2013-06-05,6,23,156,100,100
157,2013,0,15862,2013-06-06,6,23,157,100,100
158,2013,0,15863,2013-06-07,6,23,158,100,100
159,2013,0,15864,2013-06-08,6,23,159,100,100
160,2013,0,15865,2013-06-09,6,23,160,100,100
161,2013,0,15866,2013-06-10,6,23,161,100,100
162,2013,0,15867,2013-06-11,6,24,162,100,100
163,2013,0,15868,2013-06-12,6,24,163,100,100
164,2013,0,15869,2013-06-13,6,24,164,100,100
165,2013,0,15870,2013-06-14,6,24,165,100,100
166,2013,0,15871,2013-06-15,6,24,166,100,100
167,2013,0,15872,2013-06-16,6,24,167,100,100
168,2013,0,15873,2013-06-17,6,24,168,100,100
169,2013,0,15874,2013-06-18,6,25,169,100,100
170,2013,0,15875,2013-06-19,6,25,170,100,100
171,2013,0,15876,2013-06-20,6,25,171,100,100
172,2013,0,15877,2013-06-21,6,25,172,100,100
173,2013,0,15878,2013-06-22,6,25,173,100,100
174,2013,0,15879,2013-06-23,6,25,174,100,100
175,2013,0,15880,2013-06-24,6,25,175,100,100
176,2013,0,15881,2013-06-25,6,26,176,100,100
177,2013,0,15882,2013-06-26,6,26,177,100,100
178,2013,0,15883,2013-06-27,6,26,178,100,100
179,2013,0,15884,2013-06-28,6,26,179,100,100
180,2013,0,15885,2013-06-29,6,26,180,100,100
1,2014,0,16071,2014-01-01,1,1,1,0,0
2,2014,0,16072,2014-01-02,1,1,2,0,0
3,2014,0,16073,2014-01-03,1,1,3,0,0
4,2014,0,16074,2014-01-04,1,1,4,0,0
5,2014,0,16075,2014-01-05,1,1,5,0,0
6,2014,0,16076,2014-01-06,1,1,6,0,0
7,2014,0,16077,2014-01-07,1,1,7,0,0
8,2014,0,16078,2014-01-08,1,2,8,0,0
9,2014,0,16079,2014-01-09,1,2,9,0,0
10,2014,0,16080,2014-01-10,1,2,10,0,0
11,2014,0,16081,2014-01-11,1,2,11,0,0
12,2014,0,16082,2014-01-12,1,2,12,0,0
13,2014,0,16083,2014-01-13,1,2,13,0,0
14,2014,0,16084,2014-01-14,1,2,14,0,0
15,2014,0,16085,2014-01-15,1,3,15,0,0
16,2014,0,16086,2014-01-16,1,3,16,0,0
17,2014,0,16087,2014-01-17,1,3,17,0,0
18,2014,0,16088,2014-01-18,1,3,18,0,0
19,2014,0,16089,2014-01-19,1,3,19,0,0
20,2014,0,16090,2014-01-20,1,3,20,0,0
21,2014,0,16091,2014-01-21,1,3,21,0,0
22,2014,0,16092,2014-01-22,1,4,22,0,0
23,2014,0,16093,2014-01-23,1,4,23,0,0
24,2014,0,16094,2014-01-24,1,4,24,0,0
25,2014,0,16095,2014-01-25,1,4,25,0,0
26,2014,0,16096,2014-01-26,1,4,26,0,0
27,2014,0,16097,2014-01-27,1,4,27,0,0
28,2014,0,16098,2014-01-28,1,4,28,0,0
29,2014,0,16099,2014-01-29,1,5,29,0,0
30,2014,0,16100,2014-01-30,1,5,30,0,0
31,2014,0,16101,2014-01-31,1,5,31,0,0
32,2014,0,16102,2014-02-01,2,5,32,0,0
33,2014,0,16103,2014-02-02,2,5,33,0,0
34,2014,0,16104,2014-02-03,2,5,34,0,0
35,2014,0,16105,2014-02-04,2,5,35,0,0
36,2014,0,16106,2014-02-05,2,6,36,0,0
37,2014,0,16107,2014-02-06,2,6,37,0,0
38,2014,0,16108,2014-02-07,2,6,38,0,0
39,2014,0,16109,2014-02-08,2,6,39,0,0
40,2014,0,16110,2014-02-09,2,6,40,0,0
41,2014,0,16111,2014-02-10,2,6,41,0,0
42,2014,0,16112,2014-02-11,2,6,42,0,0
43,2014,0,16113,2014-02-12,2,7,43,0,0
44,2014,0,16114,2014-02-13,2,7,44,0,0
45,2014,0,16115,2014-02-14,2,7,45,0,0
46,2014,0,16116,2014-02-15,2,7,46,0,0
47,2014,0,16117,2014-02-16,2,7,47,0,0
48,2014,0,16118,2014-02-17,2,7,48,0,0
49,2014,0,16119,2014-02-18,2,7,49,0,0
50,2014,0,16120,2014-02-19,2,8,50,0,0
51,2014,0,16121,2014-02-20,2,8,51,0,0
52,2014,0,16122,2014-02-21,2,8,52,0,0
53,2014,0,16123,2014-02-22,2,8,53,0,0
54,2014,0,16124,2014-02-23,2,8,54,0,0
55,2014,0,16125,2014-02-24,2,8,55,0,0
56,2014,0,16126,2014-02-25,2,8,56,0,0
57,2014,0,16127,2014-02-26,2,9,57,0,0
58,2014,0,16128,2014-02-27,2,9,58,0,0
59,2014,0,16129,2014-02-28,2,9,59,0,0
60,2014,0,16130,2014-03-01,3,9,60,0,0
61,2014,0,16131,2014-03-02,3,9,61,0,0
62,2014,0,16132,2014-03-03,3,9,62,0,0
63,2014,0,16133,2014-03-04,3,9,63,0,0
64,2014,0,16134,2014-03-05,3,10,64,0,0
65,2014,0,16135,2014-03-06,3,10,65,0,0
66,2014,0,16136,2014-03-07,3,10,66,0,0
67,2014,0,16137,2014-03-08,3,10,67,0,0
68,2014,0,16138,2014-03-09,3,10,68,0,0
69,2014,0,16139,2014-03-10,3,10,69,0,0
70,2014,0,16140,2014-03-11,3,10,70,0,0
71,2014,0,16141,2014-03-12,3,11,71,0,0
72,2014,0,16142,2014-03-13,3,11,72,0,0
73,2014,0,16143,2014-03-14,3,11,73,0,0
74,2014,0,16144,2014-03-15,3,11,74,0,0
75,2014,1,16145,2014-03-16,3,11,75,1,0.6666666666666667
76,2014,0,16146,2014-03-17,3,11,76,1,0.6666666666666667
77,2014,0,16147,2014-03-18,3,11,77,1,0.6666666666666667
78,2014,0,16148,2014-03-19,3,12,78,1,0.6666666666666667
79,2014,0,16149,2014-03-20,3,12,79,1,0.6666666666666667
80,2014,3,16150,2014-03-21,3,12,80,4,2.666666666666667
81,2014,1,16151,2014-03-22,3,12,81,5,3.3333333333333335
82,2014,0,16152,2014-03-23,3,12,82,5,3.3333333333333335
83,2014,0,16153,2014-03-24,3,12,83,5,3.3333333333333335
84,2014,0,16154,2014-03-25,3,12,84,5,3.3333333333333335
85,2014,1,16155,2014-03-26,3,13,85,6,4
86,2014,0,16156,2014-03-27,3,13,86,6,4
87,2014,0,16157,2014-03-28,3,13,87,6,4
88,2014,0,16158,2014-03-29,3,13,88,6,4
89,2014,1,16159,2014-03-30,3,13,89,7,4.666666666666667
90,2014,2,16160,2014-03-31,3,13,90,9,6
91,2014,1,16161,2014-04-01,4,13,91,10,6.666666666666667
92,2014,5,16162,2014-04-02,4,14,92,15,10
93,2014,3,16163,2014-04-03,4,14,93,18,12
94,2014,5,16164,2014-04-04,4,14,94,23,15.333333333333332
95,2014,1,16165,2014-04-05,4,14,95,24,16
96,2014,8,16166,2014-04-06,4,14,96,32,21.333333333333336
97,2014,8,16167,2014-04-07,4,14,97,40,26.666666666666668
98,2014,7,16168,2014-04-08,4,14,98,47,31.333333333333336
99,2014,7,16169,2014-04-09,4,15,99,54,36
100,2014,3,16170,2014-04-10,4,15,100,57,38
101,2014,9,16171,2014-04-11,4,15,101,66,44
102,2014,6,16172,2014-04-12,4,15,102,72,48
103,2014,5,16173,2014-04-13,4,15,103,77,51.33333333333333
104,2014,7,16174,2014-04-14,4,15,104,84,56.00000000000001
105,2014,0,16175,2014-04-15,4,15,105,84,56.00000000000001
106,2014,6,16176,2014-04-16,4,16,106,90,60
107,2014,2,16177,2014-04-17,4,16,107,92,61.33333333333333
108,2014,1,16178,2014-04-18,4,16,108,93,62
109,2014,0,16179,2014-04-19,4,16,109,93,62
110,2014,6,16180,2014-04-20,4,16,110,99,66
111,2014,2,16181,2014-04-21,4,16,111,101,67.33333333333333
112,2014,10,16182,2014-04-22,4,16,112,111,74
113,2014,5,16183,2014-04-23,4,17,113,116,77.33333333333333
114,2014,4,16184,2014-04-24,4,17,114,120,80
115,2014,4,16185,2014-04-25,4,17,115,124,82.66666666666667
116,2014,5,16186,2014-04-26,4,17,116,129,86
117,2014,5,16187,2014-04-27,4,17,117,134,89.33333333333333
118,2014,3,16188,2014-04-28,4,17,118,137,91.33333333333333
119,2014,6,16189,2014-04-29,4,17,119,143,95.33333333333334
120,2014,0,16190,2014-04-30,4,18,120,143,95.33333333333334
121,2014,2,16191,2014-05-01,5,18,121,145,96.66666666666667
122,2014,0,16192,2014-05-02,5,18,122,145,96.66666666666667
123,2014,2,16193,2014-05-03,5,18,123,147,98
124,2014,0,16194,2014-05-04,5,18,124,147,98
125,2014,0,16195,2014-05-05,5,18,125,147,98
126,2014,2,16196,2014-05-06,5,18,126,149,99.33333333333333
127,2014,0,16197,2014-05-07,5,19,127,149,99.33333333333333
128,2014,0,16198,2014-05-08,5,19,128,149,99.33333333333333
129,2014,0,16199,2014-05-09,5,19,129,149,99.33333333333333
130,2014,0,16200,2014-05-10,5,19,130,149,99.33333333333333
131,2014,1,16201,2014-05-11,5,19,131,150,100
132,2014,0,16202,2014-05-12,5,19,132,150,100
133,2014,0,16203,2014-05-13,5,19,133,150,100
134,2014,0,16204,2014-05-14,5,20,134,150,100
135,2014,0,16205,2014-05-15,5,20,135,150,100
136,2014,0,16206,2014-05-16,5,20,136,150,100
137,2014,0,16207,2014-05-17,5,20,137,150,100
138,2014,0,16208,2014-05-18,5,20,138,150,100
139,2014,0,16209,2014-05-19,5,20,139,150,100
140,2014,0,16210,2014-05-20,5,20,140,150,100
141,2014,0,16211,2014-05-21,5,21,141,150,100
142,2014,0,16212,2014-05-22,5,21,142,150,100
143,2014,0,16213,2014-05-23,5,21,143,150,100
144,2014,0,16214,2014-05-24,5,21,144,150,100
145,2014,0,16215,2014-05-25,5,21,145,150,100
146,2014,0,16216,2014-05-26,5,21,146,150,100
147,2014,0,16217,2014-05-27,5,21,147,150,100
148,2014,0,16218,2014-05-28,5,22,148,150,100
149,2014,0,16219,2014-05-29,5,22,149,150,100
150,2014,0,16220,2014-05-30,5,22,150,150,100
151,2014,0,16221,2014-05-31,5,22,151,150,100
152,2014,0,16222,2014-06-01,6,22,152,150,100
153,2014,0,16223,2014-06-02,6,22,153,150,100
154,2014,0,16224,2014-06-03,6,22,154,150,100
155,2014,0,16225,2014-06-04,6,23,155,150,100
156,2014,0,16226,2014-06-05,6,23,156,150,100
157,2014,0,16227,2014-06-06,6,23,157,150,100
158,2014,0,16228,2014-06-07,6,23,158,150,100
159,2014,0,16229,2014-06-08,6,23,159,150,100
160,2014,0,16230,2014-06-09,6,23,160,150,100
161,2014,0,16231,2014-06-10,6,23,161,150,100
162,2014,0,16232,2014-06-11,6,24,162,150,100
163,2014,0,16233,2014-06-12,6,24,163,150,100
164,2014,0,16234,2014-06-13,6,24,164,150,100
165,2014,0,16235,2014-06-14,6,24,165,150,100
166,2014,0,16236,2014-06-15,6,24,166,150,100
167,2014,0,16237,2014-06-16,6,24,167,150,100
168,2014,0,16238,2014-06-17,6,24,168,150,100
169,2014,0,16239,2014-06-18,6,25,169,150,100
170,2014,0,16240,2014-06-19,6,25,170,150,100
171,2014,0,16241,2014-06-20,6,25,171,150,100
172,2014,0,16242,2014-06-21,6,25,172,150,100
173,2014,0,16243,2014-06-22,6,25,173,150,100
174,2014,0,16244,2014-06-23,6,25,174,150,100
175,2014,0,16245,2014-06-24,6,25,175,150,100
176,2014,0,16246,2014-06-25,6,26,176,150,100
177,2014,0,16247,2014-06-26,6,26,177,150,100
178,2014,0,16248,2014-06-27,6,26,178,150,100
179,2014,0,16249,2014-06-28,6,26,179,150,100
180,2014,0,16250,2014-06-29,6,26,180,150,100
1,2015,0,16436,2015-01-01,1,1,1,0,0
2,2015,0,16437,2015-01-02,1,1,2,0,0
3,2015,0,16438,2015-01-03,1,1,3,0,0
4,2015,0,16439,2015-01-04,1,1,4,0,0
5,2015,0,16440,2015-01-05,1,1,5,0,0
6,2015,0,16441,2015-01-06,1,1,6,0,0
7,2015,0,16442,2015-01-07,1,1,7,0,0
8,2015,0,16443,2015-01-08,1,2,8,0,0
9,2015,0,16444,2015-01-09,1,2,9,0,0
10,2015,0,16445,2015-01-10,1,2,10,0,0
11,2015,0,16446,2015-01-11,1,2,11,0,0
12,2015,0,16447,2015-01-12,1,2,12,0,0
13,2015,0,16448,2015-01-13,1,2,13,0,0
14,2015,0,16449,2015-01-14,1,2,14,0,0
15,2015,0,16450,2015-01-15,1,3,15,0,0
16,2015,0,16451,2015-01-16,1,3,16,0,0
17,2015,0,16452,2015-01-17,1,3,17,0,0
18,2015,0,16453,2015-01-18,1,3,18,0,0
19,2015,0,16454,2015-01-19,1,3,19,0,0
20,2015,0,16455,2015-01-20,1,3,20,0,0
21,2015,0,16456,2015-01-21,1,3,21,0,0
22,2015,0,16457,2015-01-22,1,4,22,0,0
23,2015,0,16458,2015-01-23,1,4,23,0,0
24,2015,0,16459,2015-01-24,1,4,24,0,0
25,2015,0,16460,2015-01-25,1,4,25,0,0
26,2015,0,16461,2015-01-26,1,4,26,0,0
27,2015,0,16462,2015-01-27,1,4,27,0,0
28,2015,0,16463,2015-01-28,1,4,28,0,0
29,2015,0,16464,2015-01-29,1,5,29,0,0
30,2015,0,16465,2015-01-30,1,5,30,0,0
31,2015,0,16466,2015-01-31,1,5,31,0,0
32,2015,0,16467,2015-02-01,2,5,32,0,0
33,2015,0,16468,2015-02-02,2,5,33,0,0
34,2015,0,16469,2015-02-03,2,5,34,0,0
35,2015,0,16470,2015-02-04,2,5,35,0,0
36,2015,0,16471,2015-02-05,2,6,36,0,0
37,2015,0,16472,2015-02-06,2,6,37,0,0
38,2015,0,16473,2015-02-07,2,6,38,0,0
39,2015,0,16474,2015-02-08,2,6,39,0,0
40,2015,0,16475,2015-02-09,2,6,40,0,0
41,2015,0,16476,2015-02-10,2,6,41,0,0
42,2015,0,16477,2015-02-11,2,6,42,0,0
43,2015,0,16478,2015-02-12,2,7,43,0,0
44,2015,0,16479,2015-02-13,2,7,44,0,0
45,2015,0,16480,2015-02-14,2,7,45,0,0
46,2015,0,16481,2015-02-15,2,7,46,0,0
47,2015,0,16482,2015-02-16,2,7,47,0,0
48,2015,0,16483,2015-02-17,2,7,48,0,0
49,2015,0,16484,2015-02-18,2,7,49,0,0
50,2015,0,16485,2015-02-19,2,8,50,0,0
51,2015,0,16486,2015-02-20,2,8,51,0,0
52,2015,0,16487,2015-02-21,2,8,52,0,0
53,2015,0,16488,2015-02-22,2,8,53,0,0
54,2015,0,16489,2015-02-23,2,8,54,0,0
55,2015,0,16490,2015-02-24,2,8,55,0,0
56,2015,0,16491,2015-02-25,2,8,56,0,0
57,2015,1,16492,2015-02-26,2,9,57,1,0.1567398119122257
58,2015,0,16493,2015-02-27,2,9,58,1,0.1567398119122257
59,2015,0,16494,2015-02-28,2,9,59,1,0.1567398119122257
60,2015,0,16495,2015-03-01,3,9,60,1,0.1567398119122257
61,2015,0,16496,2015-03-02,3,9,61,1,0.1567398119122257
62,2015,0,16497,2015-03-03,3,9,62,1,0.1567398119122257
63,2015,0,16498,2015-03-04,3,9,63,1,0.1567398119122257
64,2015,0,16499,2015-03-05,3,10,64,1,0.1567398119122257
65,2015,0,16500,2015-03-06,3,10,65,1,0.1567398119122257
66,2015,0,16501,2015-03-07,3,10,66,1,0.1567398119122257
67,2015,0,16502,2015-03-08,3,10,67,1,0.1567398119122257
68,2015,0,16503,2015-03-09,3,10,68,1,0.1567398119122257
69,2015,0,16504,2015-03-10,3,10,69,1,0.1567398119122257
70,2015,0,16505,2015-03-11,3,10,70,1,0.1567398119122257
71,2015,1,16506,2015-03-12,3,11,71,2,0.3134796238244514
72,2015,0,16507,2015-03-13,3,11,72,2,0.3134796238244514
73,2015,0,16508,2015-03-14,3,11,73,2,0.3134796238244514
74,2015,1,16509,2015-03-15,3,11,74,3,0.4702194357366771
75,2015,0,16510,2015-03-16,3,11,75,3,0.4702194357366771
76,2015,0,16511,2015-03-17,3,11,76,3,0.4702194357366771
77,2015,0,16512,2015-03-18,3,11,77,3,0.4702194357366771
78,2015,0,16513,2015-03-19,3,12,78,3,0.4702194357366771
79,2015,0,16514,2015-03-20,3,12,79,3,0.4702194357366771
80,2015,1,16515,2015-03-21,3,12,80,4,0.6269592476489028
81,2015,0,16516,2015-03-22,3,12,81,4,0.6269592476489028
82,2015,0,16517,2015-03-23,3,12,82,4,0.6269592476489028
83,2015,1,16518,2015-03-24,3,12,83,5,0.7836990595611284
84,2015,1,16519,2015-03-25,3,12,84,6,0.9404388714733543
85,2015,0,16520,2015-03-26,3,13,85,6,0.9404388714733543
86,2015,1,16521,2015-03-27,3,13,86,7,1.09717868338558
87,2015,0,16522,2015-03-28,3,13,87,7,1.09717868338558
88,2015,5,16523,2015-03-29,3,13,88,12,1.8808777429467085
89,2015,3,16524,2015-03-30,3,13,89,15,2.3510971786833856
90,2015,1,16525,2015-03-31,3,13,90,16,2.507836990595611
91,2015,1,16526,2015-04-01,4,13,91,17,2.664576802507837
92,2015,2,16527,2015-04-02,4,14,92,19,2.978056426332288
93,2015,5,16528,2015-04-03,4,14,93,24,3.761755485893417
94,2015,5,16529,2015-04-04,4,14,94,29,4.545454545454546
95,2015,6,16530,2015-04-05,4,14,95,35,5.4858934169279
96,2015,2,16531,2015-04-06,4,14,96,37,5.799373040752351
97,2015,12,16532,2015-04-07,4,14,97,49,7.6802507836990594
98,2015,9,16533,2015-04-08,4,14,98,58,9.090909090909092
99,2015,10,16534,2015-04-09,4,15,99,68,10.658307210031348
100,2015,8,16535,2015-04-10,4,15,100,76,11.912225705329153
101,2015,8,16536,2015-04-11,4,15,101,84,13.166144200626958
102,2015,17,16537,2015-04-12,4,15,102,101,15.830721003134796
103,2015,13,16538,2015-04-13,4,15,103,114,17.86833855799373
104,2015,23,16539,2015-04-14,4,15,104,137,21.473354231974923
105,2015,11,16540,2015-04-15,4,15,105,148,23.197492163009404
106,2015,11,16541,2015-04-16,4,16,106,159,24.921630094043888
107,2015,9,16542,2015-04-17,4,16,107,168,26.332288401253916
108,2015,16,16543,2015-04-18,4,16,108,184,28.84012539184953
109,2015,9,16544,2015-04-19,4,16,109,193,30.250783699059564
110,2015,19,16545,2015-04-20,4,16,110,212,33.22884012539185
111,2015,27,16546,2015-04-21,4,16,111,239,37.460815047021946
112,2015,27,16547,2015-04-22,4,16,112,266,41.692789968652036
113,2015,16,16548,2015-04-23,4,17,113,282,44.20062695924764
114,2015,29,16549,2015-04-24,4,17,114,311,48.7460815047022
115,2015,42,16550,2015-04-25,4,17,115,353,55.32915360501567
116,2015,34,16551,2015-04-26,4,17,116,387,60.658307210031346
117,2015,32,16552,2015-04-27,4,17,117,419,65.67398119122258
118,2015,14,16553,2015-04-28,4,17,118,433,67.86833855799374
119,2015,15,16554,2015-04-29,4,17,119,448,70.21943573667711
120,2015,8,16555,2015-04-30,4,18,120,456,71.47335423197492
121,2015,9,16556,2015-05-01,5,18,121,465,72.88401253918495
122,2015,18,16557,2015-05-02,5,18,122,483,75.70532915360502
123,2015,27,16558,2015-05-03,5,18,123,510,79.9373040752351
124,2015,48,16559,2015-05-04,5,18,124,558,87.46081504702194
125,2015,14,16560,2015-05-05,5,18,125,572,89.65517241379311
126,2015,14,16561,2015-05-06,5,18,126,586,91.84952978056427
127,2015,9,16562,2015-05-07,5,19,127,595,93.2601880877743
128,2015,9,16563,2015-05-08,5,19,128,604,94.67084639498434
129,2015,11,16564,2015-05-09,5,19,129,615,96.3949843260188
130,2015,3,16565,2015-05-10,5,19,130,618,96.86520376175548
131,2015,8,16566,2015-05-11,5,19,131,626,98.11912225705329
132,2015,2,16567,2015-05-12,5,19,132,628,98.43260188087774
133,2015,4,16568,2015-05-13,5,19,133,632,99.05956112852664
134,2015,1,16569,2015-05-14,5,20,134,633,99.21630094043887
135,2015,2,16570,2015-05-15,5,20,135,635,99.52978056426332
136,2015,0,16571,2015-05-16,5,20,136,635,99.52978056426332
137,2015,0,16572,2015-05-17,5,20,137,635,99.52978056426332
138,2015,1,16573,2015-05-18,5,20,138,636,99.68652037617555
139,2015,1,16574,2015-05-19,5,20,139,637,99.84326018808778
140,2015,0,16575,2015-05-20,5,20,140,637,99.84326018808778
141,2015,0,16576,2015-05-21,5,21,141,637,99.84326018808778
142,2015,0,16577,2015-05-22,5,21,142,637,99.84326018808778
143,2015,0,16578,2015-05-23,5,21,143,637,99.84326018808778
144,2015,0,16579,2015-05-24,5,21,144,637,99.84326018808778
145,2015,0,16580,2015-05-25,5,21,145,637,99.84326018808778
146,2015,1,16581,2015-05-26,5,21,146,638,100
147,2015,0,16582,2015-05-27,5,21,147,638,100
148,2015,0,16583,2015-05-28,5,22,148,638,100
149,2015,0,16584,2015-05-29,5,22,149,638,100
150,2015,0,16585,2015-05-30,5,22,150,638,100
151,2015,0,16586,2015-05-31,5,22,151,638,100
152,2015,0,16587,2015-06-01,6,22,152,638,100
153,2015,0,16588,2015-06-02,6,22,153,638,100
154,2015,0,16589,2015-06-03,6,22,154,638,100
155,2015,0,16590,2015-06-04,6,23,155,638,100
156,2015,0,16591,2015-06-05,6,23,156,638,100
157,2015,0,16592,2015-06-06,6,23,157,638,100
158,2015,0,16593,2015-06-07,6,23,158,638,100
159,2015,0,16594,2015-06-08,6,23,159,638,100
160,2015,0,16595,2015-06-09,6,23,160,638,100
161,2015,0,16596,2015-06-10,6,23,161,638,100
162,2015,0,16597,2015-06-11,6,24,162,638,100
163,2015,0,16598,2015-06-12,6,24,163,638,100
164,2015,0,16599,2015-06-13,6,24,164,638,100
165,2015,0,16600,2015-06-14,6,24,165,638,100
166,2015,0,16601,2015-06-15,6,24,166,638,100
167,2015,0,16602,2015-06-16,6,24,167,638,100
168,2015,0,16603,2015-06-17,6,24,168,638,100
169,2015,0,16604,2015-06-18,6,25,169,638,100
170,2015,0,16605,2015-06-19,6,25,170,638,100
171,2015,0,16606,2015-06-20,6,25,171,638,100
172,2015,0,16607,2015-06-21,6,25,172,638,100
173,2015,0,16608,2015-06-22,6,25,173,638,100
174,2015,0,16609,2015-06-23,6,25,174,638,100
175,2015,0,16610,2015-06-24,6,25,175,638,100
176,2015,0,16611,2015-06-25,6,26,176,638,100
177,2015,0,16612,2015-06-26,6,26,177,638,100
178,2015,0,16613,2015-06-27,6,26,178,638,100
179,2015,0,16614,2015-06-28,6,26,179,638,100
180,2015,0,16615,2015-06-29,6,26,180,638,100
1,2016,0,16801,2016-01-01,1,1,1,0,0
2,2016,0,16802,2016-01-02,1,1,2,0,0
3,2016,0,16803,2016-01-03,1,1,3,0,0
4,2016,0,16804,2016-01-04,1,1,4,0,0
5,2016,0,16805,2016-01-05,1,1,5,0,0
6,2016,0,16806,2016-01-06,1,1,6,0,0
7,2016,0,16807,2016-01-07,1,1,7,0,0
8,2016,0,16808,2016-01-08,1,2,8,0,0
9,2016,0,16809,2016-01-09,1,2,9,0,0
10,2016,0,16810,2016-01-10,1,2,10,0,0
11,2016,0,16811,2016-01-11,1,2,11,0,0
12,2016,0,16812,2016-01-12,1,2,12,0,0
13,2016,0,16813,2016-01-13,1,2,13,0,0
14,2016,0,16814,2016-01-14,1,2,14,0,0
15,2016,0,16815,2016-01-15,1,3,15,0,0
16,2016,0,16816,2016-01-16,1,3,16,0,0
17,2016,0,16817,2016-01-17,1,3,17,0,0
18,2016,0,16818,2016-01-18,1,3,18,0,0
19,2016,0,16819,2016-01-19,1,3,19,0,0
20,2016,0,16820,2016-01-20,1,3,20,0,0
21,2016,0,16821,2016-01-21,1,3,21,0,0
22,2016,0,16822,2016-01-22,1,4,22,0,0
23,2016,0,16823,2016-01-23,1,4,23,0,0
24,2016,0,16824,2016-01-24,1,4,24,0,0
25,2016,0,16825,2016-01-25,1,4,25,0,0
26,2016,0,16826,2016-01-26,1,4,26,0,0
27,2016,0,16827,2016-01-27,1,4,27,0,0
28,2016,0,16828,2016-01-28,1,4,28,0,0
29,2016,0,16829,2016-01-29,1,5,29,0,0
30,2016,0,16830,2016-01-30,1,5,30,0,0
31,2016,0,16831,2016-01-31,1,5,31,0,0
32,2016,0,16832,2016-02-01,2,5,32,0,0
33,2016,0,16833,2016-02-02,2,5,33,0,0
34,2016,0,16834,2016-02-03,2,5,34,0,0
35,2016,0,16835,2016-02-04,2,5,35,0,0
36,2016,0,16836,2016-02-05,2,6,36,0,0
37,2016,0,16837,2016-02-06,2,6,37,0,0
38,2016,0,16838,2016-02-07,2,6,38,0,0
39,2016,0,16839,2016-02-08,2,6,39,0,0
40,2016,0,16840,2016-02-09,2,6,40,0,0
41,2016,0,16841,2016-02-10,2,6,41,0,0
42,2016,0,16842,2016-02-11,2,6,42,0,0
43,2016,0,16843,2016-02-12,2,7,43,0,0
44,2016,0,16844,2016-02-13,2,7,44,0,0
45,2016,0,16845,2016-02-14,2,7,45,0,0
46,2016,0,16846,2016-02-15,2,7,46,0,0
47,2016,0,16847,2016-02-16,2,7,47,0,0
48,2016,0,16848,2016-02-17,2,7,48,0,0
49,2016,0,16849,2016-02-18,2,7,49,0,0
50,2016,0,16850,2016-02-19,2,8,50,0,0
51,2016,0,16851,2016-02-20,2,8,51,0,0
52,2016,0,16852,2016-02-21,2,8,52,0,0
53,2016,0,16853,2016-02-22,2,8,53,0,0
54,2016,0,16854,2016-02-23,2,8,54,0,0
55,2016,0,16855,2016-02-24,2,8,55,0,0
56,2016,0,16856,2016-02-25,2,8,56,0,0
57,2016,0,16857,2016-02-26,2,9,57,0,0
58,2016,0,16858,2016-02-27,2,9,58,0,0
59,2016,0,16859,2016-02-28,2,9,59,0,0
60,2016,0,16860,2016-02-29,2,9,60,0,0
61,2016,0,16861,2016-03-01,3,9,61,0,0
62,2016,0,16862,2016-03-02,3,9,62,0,0
63,2016,0,16863,2016-03-03,3,9,63,0,0
64,2016,0,16864,2016-03-04,3,10,64,0,0
65,2016,0,16865,2016-03-05,3,10,65,0,0
66,2016,0,16866,2016-03-06,3,10,66,0,0
67,2016,0,16867,2016-03-07,3,10,67,0,0
68,2016,0,16868,2016-03-08,3,10,68,0,0
69,2016,1,16869,2016-03-09,3,10,69,1,0.17006802721088435
70,2016,1,16870,2016-03-10,3,10,70,2,0.3401360544217687
71,2016,0,16871,2016-03-11,3,11,71,2,0.3401360544217687
72,2016,0,16872,2016-03-12,3,11,72,2,0.3401360544217687
73,2016,0,16873,2016-03-13,3,11,73,2,0.3401360544217687
74,2016,0,16874,2016-03-14,3,11,74,2,0.3401360544217687
75,2016,0,16875,2016-03-15,3,11,75,2,0.3401360544217687
76,2016,1,16876,2016-03-16,3,11,76,3,0.5102040816326531
77,2016,0,16877,2016-03-17,3,11,77,3,0.5102040816326531
78,2016,0,16878,2016-03-18,3,12,78,3,0.5102040816326531
79,2016,0,16879,2016-03-19,3,12,79,3,0.5102040816326531
80,2016,0,16880,2016-03-20,3,12,80,3,0.5102040816326531
81,2016,0,16881,2016-03-21,3,12,81,3,0.5102040816326531
82,2016,0,16882,2016-03-22,3,12,82,3,0.5102040816326531
83,2016,0,16883,2016-03-23,3,12,83,3,0.5102040816326531
84,2016,0,16884,2016-03-24,3,12,84,3,0.5102040816326531
85,2016,3,16885,2016-03-25,3,13,85,6,1.0204081632653061
86,2016,0,16886,2016-03-26,3,13,86,6,1.0204081632653061
87,2016,1,16887,2016-03-27,3,13,87,7,1.1904761904761905
88,2016,3,16888,2016-03-28,3,13,88,10,1.7006802721088436
89,2016,0,16889,2016-03-29,3,13,89,10,1.7006802721088436
90,2016,1,16890,2016-03-30,3,13,90,11,1.870748299319728
91,2016,2,16891,2016-03-31,3,13,91,13,2.2108843537414966
92,2016,3,16892,2016-04-01,4,14,92,16,2.7210884353741496
93,2016,1,16893,2016-04-02,4,14,93,17,2.891156462585034
94,2016,4,16894,2016-04-03,4,14,94,21,3.571428571428571
95,2016,4,16895,2016-04-04,4,14,95,25,4.2517006802721085
96,2016,3,16896,2016-04-05,4,14,96,28,4.761904761904762
97,2016,2,16897,2016-04-06,4,14,97,30,5.1020408163265305
98,2016,4,16898,2016-04-07,4,14,98,34,5.782312925170068
99,2016,8,16899,2016-04-08,4,15,99,42,7.142857142857142
100,2016,6,16900,2016-04-09,4,15,100,48,8.16326530612245
101,2016,4,16901,2016-04-10,4,15,101,52,8.843537414965986
102,2016,14,16902,2016-04-11,4,15,102,66,11.224489795918368
103,2016,14,16903,2016-04-12,4,15,103,80,13.60544217687075
104,2016,14,16904,2016-04-13,4,15,104,94,15.98639455782313
105,2016,5,16905,2016-04-14,4,15,105,99,16.83673469387755
106,2016,16,16906,2016-04-15,4,16,106,115,19.5578231292517
107,2016,3,16907,2016-04-16,4,16,107,118,20.068027210884352
108,2016,19,16908,2016-04-17,4,16,108,137,23.299319727891156
109,2016,8,16909,2016-04-18,4,16,109,145,24.65986394557823
110,2016,12,16910,2016-04-19,4,16,110,157,26.700680272108844
111,2016,16,16911,2016-04-20,4,16,111,173,29.421768707482993
112,2016,13,16912,2016-04-21,4,16,112,186,31.63265306122449
113,2016,19,16913,2016-04-22,4,17,113,205,34.863945578231295
114,2016,11,16914,2016-04-23,4,17,114,216,36.734693877551024
115,2016,1,16915,2016-04-24,4,17,115,217,36.904761904761905
116,2016,18,16916,2016-04-25,4,17,116,235,39.965986394557824
117,2016,21,16917,2016-04-26,4,17,117,256,43.53741496598639
118,2016,10,16918,2016-04-27,4,17,118,266,45.23809523809524
119,2016,17,16919,2016-04-28,4,17,119,283,48.12925170068027
120,2016,36,16920,2016-04-29,4,18,120,319,54.25170068027211
121,2016,25,16921,2016-04-30,4,18,121,344,58.50340136054422
122,2016,28,16922,2016-05-01,5,18,122,372,63.26530612244898
123,2016,11,16923,2016-05-02,5,18,123,383,65.1360544217687
124,2016,18,16924,2016-05-03,5,18,124,401,68.19727891156462
125,2016,20,16925,2016-05-04,5,18,125,421,71.5986394557823
126,2016,19,16926,2016-05-05,5,18,126,440,74.82993197278913
127,2016,15,16927,2016-05-06,5,19,127,455,77.38095238095238
128,2016,15,16928,2016-05-07,5,19,128,470,79.93197278911565
129,2016,10,16929,2016-05-08,5,19,129,480,81.63265306122449
130,2016,13,16930,2016-05-09,5,19,130,493,83.84353741496598
131,2016,24,16931,2016-05-10,5,19,131,517,87.92517006802721
132,2016,27,16932,2016-05-11,5,19,132,544,92.51700680272108
133,2016,12,16933,2016-05-12,5,19,133,556,94.5578231292517
134,2016,9,16934,2016-05-13,5,20,134,565,96.08843537414967
135,2016,3,16935,2016-05-14,5,20,135,568,96.5986394557823
136,2016,2,16936,2016-05-15,5,20,136,570,96.93877551020408
137,2016,1,16937,2016-05-16,5,20,137,571,97.10884353741497
138,2016,1,16938,2016-05-17,5,20,138,572,97.27891156462584
139,2016,4,16939,2016-05-18,5,20,139,576,97.95918367346938
140,2016,3,16940,2016-05-19,5,20,140,579,98.46938775510205
141,2016,3,16941,2016-05-20,5,21,141,582,98.9795918367347
142,2016,2,16942,2016-05-21,5,21,142,584,99.31972789115646
143,2016,1,16943,2016-05-22,5,21,143,585,99.48979591836735
144,2016,2,16944,2016-05-23,5,21,144,587,99.82993197278913
145,2016,1,16945,2016-05-24,5,21,145,588,100
146,2016,0,16946,2016-05-25,5,21,146,588,100
147,2016,0,16947,2016-05-26,5,21,147,588,100
148,2016,0,16948,2016-05-27,5,22,148,588,100
149,2016,0,16949,2016-05-28,5,22,149,588,100
150,2016,0,16950,2016-05-29,5,22,150,588,100
151,2016,0,16951,2016-05-30,5,22,151,588,100
152,2016,0,16952,2016-05-31,5,22,152,588,100
153,2016,0,16953,2016-06-01,6,22,153,588,100
154,2016,0,16954,2016-06-02,6,22,154,588,100
155,2016,0,16955,2016-06-03,6,23,155,588,100
156,2016,0,16956,2016-06-04,6,23,156,588,100
157,2016,0,16957,2016-06-05,6,23,157,588,100
158,2016,0,16958,2016-06-06,6,23,158,588,100
159,2016,0,16959,2016-06-07,6,23,159,588,100
160,2016,0,16960,2016-06-08,6,23,160,588,100
161,2016,0,16961,2016-06-09,6,23,161,588,100
162,2016,0,16962,2016-06-10,6,24,162,588,100
163,2016,0,16963,2016-06-11,6,24,163,588,100
164,2016,0,16964,2016-06-12,6,24,164,588,100
165,2016,0,16965,2016-06-13,6,24,165,588,100
166,2016,0,16966,2016-06-14,6,24,166,588,100
167,2016,0,16967,2016-06-15,6,24,167,588,100
168,2016,0,16968,2016-06-16,6,24,168,588,100
169,2016,0,16969,2016-06-17,6,25,169,588,100
170,2016,0,16970,2016-06-18,6,25,170,588,100
171,2016,0,16971,2016-06-19,6,25,171,588,100
172,2016,0,16972,2016-06-20,6,25,172,588,100
173,2016,0,16973,2016-06-21,6,25,173,588,100
174,2016,0,16974,2016-06-22,6,25,174,588,100
175,2016,0,16975,2016-06-23,6,25,175,588,100
176,2016,0,16976,2016-06-24,6,26,176,588,100
177,2016,0,16977,2016-06-25,6,26,177,588,100
178,2016,0,16978,2016-06-26,6,26,178,588,100
179,2016,0,16979,2016-06-27,6,26,179,588,100
180,2016,0,16980,2016-06-28,6,26,180,588,100
1,2017,0,17167,2017-01-01,1,1,1,0,0
2,2017,0,17168,2017-01-02,1,1,2,0,0
3,2017,0,17169,2017-01-03,1,1,3,0,0
4,2017,0,17170,2017-01-04,1,1,4,0,0
5,2017,0,17171,2017-01-05,1,1,5,0,0
6,2017,0,17172,2017-01-06,1,1,6,0,0
7,2017,0,17173,2017-01-07,1,1,7,0,0
8,2017,0,17174,2017-01-08,1,2,8,0,0
9,2017,0,17175,2017-01-09,1,2,9,0,0
10,2017,0,17176,2017-01-10,1,2,10,0,0
11,2017,0,17177,2017-01-11,1,2,11,0,0
12,2017,0,17178,2017-01-12,1,2,12,0,0
13,2017,0,17179,2017-01-13,1,2,13,0,0
14,2017,0,17180,2017-01-14,1,2,14,0,0
15,2017,0,17181,2017-01-15,1,3,15,0,0
16,2017,0,17182,2017-01-16,1,3,16,0,0
17,2017,0,17183,2017-01-17,1,3,17,0,0
18,2017,0,17184,2017-01-18,1,3,18,0,0
19,2017,0,17185,2017-01-19,1,3,19,0,0
20,2017,0,17186,2017-01-20,1,3,20,0,0
21,2017,0,17187,2017-01-21,1,3,21,0,0
22,2017,0,17188,2017-01-22,1,4,22,0,0
23,2017,0,17189,2017-01-23,1,4,23,0,0
24,2017,0,17190,2017-01-24,1,4,24,0,0
25,2017,0,17191,2017-01-25,1,4,25,0,0
26,2017,0,17192,2017-01-26,1,4,26,0,0
27,2017,0,17193,2017-01-27,1,4,27,0,0
28,2017,0,17194,2017-01-28,1,4,28,0,0
29,2017,0,17195,2017-01-29,1,5,29,0,0
30,2017,0,17196,2017-01-30,1,5,30,0,0
31,2017,0,17197,2017-01-31,1,5,31,0,0
32,2017,0,17198,2017-02-01,2,5,32,0,0
33,2017,0,17199,2017-02-02,2,5,33,0,0
34,2017,0,17200,2017-02-03,2,5,34,0,0
35,2017,0,17201,2017-02-04,2,5,35,0,0
36,2017,0,17202,2017-02-05,2,6,36,0,0
37,2017,0,17203,2017-02-06,2,6,37,0,0
38,2017,0,17204,2017-02-07,2,6,38,0,0
39,2017,0,17205,2017-02-08,2,6,39,0,0
40,2017,0,17206,2017-02-09,2,6,40,0,0
41,2017,0,17207,2017-02-10,2,6,41,0,0
42,2017,0,17208,2017-02-11,2,6,42,0,0
43,2017,0,17209,2017-02-12,2,7,43,0,0
44,2017,0,17210,2017-02-13,2,7,44,0,0
45,2017,0,17211,2017-02-14,2,7,45,0,0
46,2017,0,17212,2017-02-15,2,7,46,0,0
47,2017,0,17213,2017-02-16,2,7,47,0,0
48,2017,0,17214,2017-02-17,2,7,48,0,0
49,2017,0,17215,2017-02-18,2,7,49,0,0
50,2017,0,17216,2017-02-19,2,8,50,0,0
51,2017,0,17217,2017-02-20,2,8,51,0,0
52,2017,0,17218,2017-02-21,2,8,52,0,0
53,2017,0,17219,2017-02-22,2,8,53,0,0
54,2017,0,17220,2017-02-23,2,8,54,0,0
55,2017,0,17221,2017-02-24,2,8,55,0,0
56,2017,0,17222,2017-02-25,2,8,56,0,0
57,2017,0,17223,2017-02-26,2,9,57,0,0
58,2017,0,17224,2017-02-27,2,9,58,0,0
59,2017,0,17225,2017-02-28,2,9,59,0,0
60,2017,0,17226,2017-03-01,3,9,60,0,0
61,2017,0,17227,2017-03-02,3,9,61,0,0
62,2017,0,17228,2017-03-03,3,9,62,0,0
63,2017,0,17229,2017-03-04,3,9,63,0,0
64,2017,0,17230,2017-03-05,3,10,64,0,0
65,2017,0,17231,2017-03-06,3,10,65,0,0
66,2017,0,17232,2017-03-07,3,10,66,0,0
67,2017,0,17233,2017-03-08,3,10,67,0,0
68,2017,0,17234,2017-03-09,3,10,68,0,0
69,2017,0,17235,2017-03-10,3,10,69,0,0
70,2017,0,17236,2017-03-11,3,10,70,0,0
71,2017,0,17237,2017-03-12,3,11,71,0,0
72,2017,0,17238,2017-03-13,3,11,72,0,0
73,2017,0,17239,2017-03-14,3,11,73,0,0
74,2017,2,17240,2017-03-15,3,11,74,2,1.1111111111111112
75,2017,0,17241,2017-03-16,3,11,75,2,1.1111111111111112
76,2017,1,17242,2017-03-17,3,11,76,3,1.6666666666666667
77,2017,1,17243,2017-03-18,3,11,77,4,2.2222222222222223
78,2017,0,17244,2017-03-19,3,12,78,4,2.2222222222222223
79,2017,0,17245,2017-03-20,3,12,79,4,2.2222222222222223
80,2017,0,17246,2017-03-21,3,12,80,4,2.2222222222222223
81,2017,0,17247,2017-03-22,3,12,81,4,2.2222222222222223
82,2017,0,17248,2017-03-23,3,12,82,4,2.2222222222222223
83,2017,1,17249,2017-03-24,3,12,83,5,2.7777777777777777
84,2017,2,17250,2017-03-25,3,12,84,7,3.888888888888889
85,2017,0,17251,2017-03-26,3,13,85,7,3.888888888888889
86,2017,0,17252,2017-03-27,3,13,86,7,3.888888888888889
87,2017,1,17253,2017-03-28,3,13,87,8,4.444444444444445
88,2017,1,17254,2017-03-29,3,13,88,9,5
89,2017,3,17255,2017-03-30,3,13,89,12,6.666666666666667
90,2017,1,17256,2017-03-31,3,13,90,13,7.222222222222221
91,2017,2,17257,2017-04-01,4,13,91,15,8.333333333333332
92,2017,4,17258,2017-04-02,4,14,92,19,10.555555555555555
93,2017,4,17259,2017-04-03,4,14,93,23,12.777777777777777
94,2017,5,17260,2017-04-04,4,14,94,28,15.555555555555555
95,2017,2,17261,2017-04-05,4,14,95,30,16.666666666666664
96,2017,5,17262,2017-04-06,4,14,96,35,19.444444444444446
97,2017,3,17263,2017-04-07,4,14,97,38,21.11111111111111
98,2017,5,17264,2017-04-08,4,14,98,43,23.88888888888889
99,2017,6,17265,2017-04-09,4,15,99,49,27.22222222222222
100,2017,6,17266,2017-04-10,4,15,100,55,30.555555555555557
101,2017,3,17267,2017-04-11,4,15,101,58,32.22222222222222
102,2017,3,17268,2017-04-12,4,15,102,61,33.88888888888889
103,2017,4,17269,2017-04-13,4,15,103,65,36.11111111111111
104,2017,7,17270,2017-04-14,4,15,104,72,40
105,2017,5,17271,2017-04-15,4,15,105,77,42.77777777777778
106,2017,9,17272,2017-04-16,4,16,106,86,47.77777777777778
107,2017,13,17273,2017-04-17,4,16,107,99,55.00000000000001
108,2017,7,17274,2017-04-18,4,16,108,106,58.88888888888889
109,2017,2,17275,2017-04-19,4,16,109,108,60
110,2017,4,17276,2017-04-20,4,16,110,112,62.22222222222222
111,2017,8,17277,2017-04-21,4,16,111,120,66.66666666666666
112,2017,0,17278,2017-04-22,4,16,112,120,66.66666666666666
113,2017,11,17279,2017-04-23,4,17,113,131,72.77777777777777
114,2017,2,17280,2017-04-24,4,17,114,133,73.88888888888889
115,2017,3,17281,2017-04-25,4,17,115,136,75.55555555555556
116,2017,4,17282,2017-04-26,4,17,116,140,77.77777777777779
117,2017,2,17283,2017-04-27,4,17,117,142,78.88888888888889
118,2017,5,17284,2017-04-28,4,17,118,147,81.66666666666667
119,2017,1,17285,2017-04-29,4,17,119,148,82.22222222222221
120,2017,3,17286,2017-04-30,4,18,120,151,83.88888888888889
121,2017,10,17287,2017-05-01,5,18,121,161,89.44444444444444
122,2017,4,17288,2017-05-02,5,18,122,165,91.66666666666666
123,2017,4,17289,2017-05-03,5,18,123,169,93.88888888888889
124,2017,3,17290,2017-05-04,5,18,124,172,95.55555555555556
125,2017,2,17291,2017-05-05,5,18,125,174,96.66666666666667
126,2017,3,17292,2017-05-06,5,18,126,177,98.33333333333333
127,2017,1,17293,2017-05-07,5,19,127,178,98.88888888888889
128,2017,2,17294,2017-05-08,5,19,128,180,100
129,2017,0,17295,2017-05-09,5,19,129,180,100
130,2017,0,17296,2017-05-10,5,19,130,180,100
131,2017,0,17297,2017-05-11,5,19,131,180,100
132,2017,0,17298,2017-05-12,5,19,132,180,100
133,2017,0,17299,2017-05-13,5,19,133,180,100
134,2017,0,17300,2017-05-14,5,20,134,180,100
135,2017,0,17301,2017-05-15,5,20,135,180,100
136,2017,0,17302,2017-05-16,5,20,136,180,100
137,2017,0,17303,2017-05-17,5,20,137,180,100
138,2017,0,17304,2017-05-18,5,20,138,180,100
139,2017,0,17305,2017-05-19,5,20,139,180,100
140,2017,0,17306,2017-05-20,5,20,140,180,100
141,2017,0,17307,2017-05-21,5,21,141,180,100
142,2017,0,17308,2017-05-22,5,21,142,180,100
143,2017,0,17309,2017-05-23,5,21,143,180,100
144,2017,0,17310,2017-05-24,5,21,144,180,100
145,2017,0,17311,2017-05-25,5,21,145,180,100
146,2017,0,17312,2017-05-26,5,21,146,180,100
147,2017,0,17313,2017-05-27,5,21,147,180,100
148,2017,0,17314,2017-05-28,5,22,148,180,100
149,2017,0,17315,2017-05-29,5,22,149,180,100
150,2017,0,17316,2017-05-30,5,22,150,180,100
151,2017,0,17317,2017-05-31,5,22,151,180,100
152,2017,0,17318,2017-06-01,6,22,152,180,100
153,2017,0,17319,2017-06-02,6,22,153,180,100
154,2017,0,17320,2017-06-03,6,22,154,180,100
155,2017,0,17321,2017-06-04,6,23,155,180,100
156,2017,0,17322,2017-06-05,6,23,156,180,100
157,2017,0,17323,2017-06-06,6,23,157,180,100
158,2017,0,17324,2017-06-07,6,23,158,180,100
159,2017,0,17325,2017-06-08,6,23,159,180,100
160,2017,0,17326,2017-06-09,6,23,160,180,100
161,2017,0,17327,2017-06-10,6,23,161,180,100
162,2017,0,17328,2017-06-11,6,24,162,180,100
163,2017,0,17329,2017-06-12,6,24,163,180,100
164,2017,0,17330,2017-06-13,6,24,164,180,100
165,2017,0,17331,2017-06-14,6,24,165,180,100
166,2017,0,17332,2017-06-15,6,24,166,180,100
167,2017,0,17333,2017-06-16,6,24,167,180,100
168,2017,0,17334,2017-06-17,6,24,168,180,100
169,2017,0,17335,2017-06-18,6,25,169,180,100
170,2017,0,17336,2017-06-19,6,25,170,180,100
171,2017,0,17337,2017-06-20,6,25,171,180,100
172,2017,0,17338,2017-06-21,6,25,172,180,100
173,2017,0,17339,2017-06-22,6,25,173,180,100
174,2017,0,17340,2017-06-23,6,25,174,180,100
175,2017,0,17341,2017-06-24,6,25,175,180,100
176,2017,0,17342,2017-06-25,6,26,176,180,100
177,2017,0,17343,2017-06-26,6,26,177,180,100
178,2017,0,17344,2017-06-27,6,26,178,180,100
179,2017,0,17345,2017-06-28,6,26,179,180,100
180,2017,0,17346,2017-06-29,6,26,180,180,100
1,2018,0,17532,2018-01-01,1,1,1,0,0
2,2018,0,17533,2018-01-02,1,1,2,0,0
3,2018,0,17534,2018-01-03,1,1,3,0,0
4,2018,0,17535,2018-01-04,1,1,4,0,0
5,2018,0,17536,2018-01-05,1,1,5,0,0
6,2018,0,17537,2018-01-06,1,1,6,0,0
7,2018,0,17538,2018-01-07,1,1,7,0,0
8,2018,0,17539,2018-01-08,1,2,8,0,0
9,2018,0,17540,2018-01-09,1,2,9,0,0
10,2018,0,17541,2018-01-10,1,2,10,0,0
11,2018,0,17542,2018-01-11,1,2,11,0,0
12,2018,0,17543,2018-01-12,1,2,12,0,0
13,2018,0,17544,2018-01-13,1,2,13,0,0
14,2018,0,17545,2018-01-14,1,2,14,0,0
15,2018,0,17546,2018-01-15,1,3,15,0,0
16,2018,0,17547,2018-01-16,1,3,16,0,0
17,2018,0,17548,2018-01-17,1,3,17,0,0
18,2018,0,17549,2018-01-18,1,3,18,0,0
19,2018,0,17550,2018-01-19,1,3,19,0,0
20,2018,0,17551,2018-01-20,1,3,20,0,0
21,2018,0,17552,2018-01-21,1,3,21,0,0
22,2018,0,17553,2018-01-22,1,4,22,0,0
23,2018,0,17554,2018-01-23,1,4,23,0,0
24,2018,0,17555,2018-01-24,1,4,24,0,0
25,2018,0,17556,2018-01-25,1,4,25,0,0
26,2018,0,17557,2018-01-26,1,4,26,0,0
27,2018,0,17558,2018-01-27,1,4,27,0,0
28,2018,0,17559,2018-01-28,1,4,28,0,0
29,2018,0,17560,2018-01-29,1,5,29,0,0
30,2018,0,17561,2018-01-30,1,5,30,0,0
31,2018,0,17562,2018-01-31,1,5,31,0,0
32,2018,0,17563,2018-02-01,2,5,32,0,0
33,2018,0,17564,2018-02-02,2,5,33,0,0
34,2018,0,17565,2018-02-03,2,5,34,0,0
35,2018,0,17566,2018-02-04,2,5,35,0,0
36,2018,0,17567,2018-02-05,2,6,36,0,0
37,2018,0,17568,2018-02-06,2,6,37,0,0
38,2018,0,17569,2018-02-07,2,6,38,0,0
39,2018,0,17570,2018-02-08,2,6,39,0,0
40,2018,0,17571,2018-02-09,2,6,40,0,0
41,2018,0,17572,2018-02-10,2,6,41,0,0
42,2018,0,17573,2018-02-11,2,6,42,0,0
43,2018,0,17574,2018-02-12,2,7,43,0,0
44,2018,0,17575,2018-02-13,2,7,44,0,0
45,2018,0,17576,2018-02-14,2,7,45,0,0
46,2018,0,17577,2018-02-15,2,7,46,0,0
47,2018,0,17578,2018-02-16,2,7,47,0,0
48,2018,0,17579,2018-02-17,2,7,48,0,0
49,2018,0,17580,2018-02-18,2,7,49,0,0
50,2018,0,17581,2018-02-19,2,8,50,0,0
51,2018,0,17582,2018-02-20,2,8,51,0,0
52,2018,0,17583,2018-02-21,2,8,52,0,0
53,2018,0,17584,2018-02-22,2,8,53,0,0
54,2018,0,17585,2018-02-23,2,8,54,0,0
55,2018,0,17586,2018-02-24,2,8,55,0,0
56,2018,0,17587,2018-02-25,2,8,56,0,0
57,2018,0,17588,2018-02-26,2,9,57,0,0
58,2018,0,17589,2018-02-27,2,9,58,0,0
59,2018,0,17590,2018-02-28,2,9,59,0,0
60,2018,0,17591,2018-03-01,3,9,60,0,0
61,2018,0,17592,2018-03-02,3,9,61,0,0
62,2018,0,17593,2018-03-03,3,9,62,0,0
63,2018,0,17594,2018-03-04,3,9,63,0,0
64,2018,0,17595,2018-03-05,3,10,64,0,0
65,2018,0,17596,2018-03-06,3,10,65,0,0
66,2018,0,17597,2018-03-07,3,10,66,0,0
67,2018,0,17598,2018-03-08,3,10,67,0,0
68,2018,0,17599,2018-03-09,3,10,68,0,0
69,2018,0,17600,2018-03-10,3,10,69,0,0
70,2018,0,17601,2018-03-11,3,10,70,0,0
71,2018,0,17602,2018-03-12,3,11,71,0,0
72,2018,0,17603,2018-03-13,3,11,72,0,0
73,2018,0,17604,2018-03-14,3,11,73,0,0
74,2018,0,17605,2018-03-15,3,11,74,0,0
75,2018,0,17606,2018-03-16,3,11,75,0,0
76,2018,0,17607,2018-03-17,3,11,76,0,0
77,2018,0,17608,2018-03-18,3,11,77,0,0
78,2018,0,17609,2018-03-19,3,12,78,0,0
79,2018,0,17610,2018-03-20,3,12,79,0,0
80,2018,0,17611,2018-03-21,3,12,80,0,0
81,2018,0,17612,2018-03-22,3,12,81,0,0
82,2018,0,17613,2018-03-23,3,12,82,0,0
83,2018,0,17614,2018-03-24,3,12,83,0,0
84,2018,0,17615,2018-03-25,3,12,84,0,0
85,2018,2,17616,2018-03-26,3,13,85,2,0.8403361344537815
86,2018,0,17617,2018-03-27,3,13,86,2,0.8403361344537815
87,2018,0,17618,2018-03-28,3,13,87,2,0.8403361344537815
88,2018,0,17619,2018-03-29,3,13,88,2,0.8403361344537815
89,2018,0,17620,2018-03-30,3,13,89,2,0.8403361344537815
90,2018,0,17621,2018-03-31,3,13,90,2,0.8403361344537815
91,2018,0,17622,2018-04-01,4,13,91,2,0.8403361344537815
92,2018,0,17623,2018-04-02,4,14,92,2,0.8403361344537815
93,2018,0,17624,2018-04-03,4,14,93,2,0.8403361344537815
94,2018,0,17625,2018-04-04,4,14,94,2,0.8403361344537815
95,2018,2,17626,2018-04-05,4,14,95,4,1.680672268907563
96,2018,1,17627,2018-04-06,4,14,96,5,2.100840336134454
97,2018,0,17628,2018-04-07,4,14,97,5,2.100840336134454
98,2018,3,17629,2018-04-08,4,14,98,8,3.361344537815126
99,2018,2,17630,2018-04-09,4,15,99,10,4.201680672268908
100,2018,6,17631,2018-04-10,4,15,100,16,6.722689075630252
101,2018,0,17632,2018-04-11,4,15,101,16,6.722689075630252
102,2018,6,17633,2018-04-12,4,15,102,22,9.243697478991598
103,2018,7,17634,2018-04-13,4,15,103,29,12.184873949579831
104,2018,0,17635,2018-04-14,4,15,104,29,12.184873949579831
105,2018,0,17636,2018-04-15,4,15,105,29,12.184873949579831
106,2018,10,17637,2018-04-16,4,16,106,39,16.386554621848738
107,2018,7,17638,2018-04-17,4,16,107,46,19.327731092436977
108,2018,29,17639,2018-04-18,4,16,108,75,31.512605042016805
109,2018,27,17640,2018-04-19,4,16,109,102,42.857142857142854
110,2018,38,17641,2018-04-20,4,16,110,140,58.82352941176471
111,2018,0,17642,2018-04-21,4,16,111,140,58.82352941176471
112,2018,5,17643,2018-04-22,4,16,112,145,60.924369747899156
113,2018,10,17644,2018-04-23,4,17,113,155,65.12605042016807
114,2018,11,17645,2018-04-24,4,17,114,166,69.74789915966386
115,2018,14,17646,2018-04-25,4,17,115,180,75.63025210084034
116,2018,11,17647,2018-04-26,4,17,116,191,80.25210084033614
117,2018,8,17648,2018-04-27,4,17,117,199,83.61344537815127
118,2018,0,17649,2018-04-28,4,17,118,199,83.61344537815127
119,2018,0,17650,2018-04-29,4,17,119,199,83.61344537815127
120,2018,12,17651,2018-04-30,4,18,120,211,88.65546218487394
121,2018,5,17652,2018-05-01,5,18,121,216,90.75630252100841
122,2018,0,17653,2018-05-02,5,18,122,216,90.75630252100841
123,2018,5,17654,2018-05-03,5,18,123,221,92.85714285714286
124,2018,1,17655,2018-05-04,5,18,124,222,93.27731092436974
125,2018,0,17656,2018-05-05,5,18,125,222,93.27731092436974
126,2018,1,17657,2018-05-06,5,18,126,223,93.69747899159664
127,2018,5,17658,2018-05-07,5,19,127,228,95.7983193277311
128,2018,2,17659,2018-05-08,5,19,128,230,96.63865546218487
129,2018,1,17660,2018-05-09,5,19,129,231,97.05882352941177
130,2018,4,17661,2018-05-10,5,19,130,235,98.73949579831933
131,2018,3,17662,2018-05-11,5,19,131,238,100
132,2018,0,17663,2018-05-12,5,19,132,238,100
133,2018,0,17664,2018-05-13,5,19,133,238,100
134,2018,0,17665,2018-05-14,5,20,134,238,100
135,2018,0,17666,2018-05-15,5,20,135,238,100
136,2018,0,17667,2018-05-16,5,20,136,238,100
137,2018,0,17668,2018-05-17,5,20,137,238,100
138,2018,0,17669,2018-05-18,5,20,138,238,100
139,2018,0,17670,2018-05-19,5,20,139,238,100
140,2018,0,17671,2018-05-20,5,20,140,238,100
141,2018,0,17672,2018-05-21,5,21,141,238,100
142,2018,0,17673,2018-05-22,5,21,142,238,100
143,2018,0,17674,2018-05-23,5,21,143,238,100
144,2018,0,17675,2018-05-24,5,21,144,238,100
145,2018,0,17676,2018-05-25,5,21,145,238,100
146,2018,0,17677,2018-05-26,5,21,146,238,100
147,2018,0,17678,2018-05-27,5,21,147,238,100
148,2018,0,17679,2018-05-28,5,22,148,238,100
149,2018,0,17680,2018-05-29,5,22,149,238,100
150,2018,0,17681,2018-05-30,5,22,150,238,100
151,2018,0,17682,2018-05-31,5,22,151,238,100
152,2018,0,17683,2018-06-01,6,22,152,238,100
153,2018,0,17684,2018-06-02,6,22,153,238,100
154,2018,0,17685,2018-06-03,6,22,154,238,100
155,2018,0,17686,2018-06-04,6,23,155,238,100
156,2018,0,17687,2018-06-05,6,23,156,238,100
157,2018,0,17688,2018-06-06,6,23,157,238,100
158,2018,0,17689,2018-06-07,6,23,158,238,100
159,2018,0,17690,2018-06-08,6,23,159,238,100
160,2018,0,17691,2018-06-09,6,23,160,238,100
161,2018,0,17692,2018-06-10,6,23,161,238,100
162,2018,0,17693,2018-06-11,6,24,162,238,100
163,2018,0,17694,2018-06-12,6,24,163,238,100
164,2018,0,17695,2018-06-13,6,24,164,238,100
165,2018,0,17696,2018-06-14,6,24,165,238,100
166,2018,0,17697,2018-06-15,6,24,166,238,100
167,2018,0,17698,2018-06-16,6,24,167,238,100
168,2018,0,17699,2018-06-17,6,24,168,238,100
169,2018,0,17700,2018-06-18,6,25,169,238,100
170,2018,0,17701,2018-06-19,6,25,170,238,100
171,2018,0,17702,2018-06-20,6,25,171,238,100
172,2018,0,17703,2018-06-21,6,25,172,238,100
173,2018,0,17704,2018-06-22,6,25,173,238,100
174,2018,0,17705,2018-06-23,6,25,174,238,100
175,2018,0,17706,2018-06-24,6,25,175,238,100
176,2018,0,17707,2018-06-25,6,26,176,238,100
177,2018,0,17708,2018-06-26,6,26,177,238,100
178,2018,0,17709,2018-06-27,6,26,178,238,100
179,2018,0,17710,2018-06-28,6,26,179,238,100
180,2018,0,17711,2018-06-29,6,26,180,238,100
1,2019,0,17897,2019-01-01,1,1,1,0,0
2,2019,0,17898,2019-01-02,1,1,2,0,0
3,2019,0,17899,2019-01-03,1,1,3,0,0
4,2019,0,17900,2019-01-04,1,1,4,0,0
5,2019,0,17901,2019-01-05,1,1,5,0,0
6,2019,0,17902,2019-01-06,1,1,6,0,0
7,2019,0,17903,2019-01-07,1,1,7,0,0
8,2019,0,17904,2019-01-08,1,2,8,0,0
9,2019,0,17905,2019-01-09,1,2,9,0,0
10,2019,0,17906,2019-01-10,1,2,10,0,0
11,2019,0,17907,2019-01-11,1,2,11,0,0
12,2019,0,17908,2019-01-12,1,2,12,0,0
13,2019,0,17909,2019-01-13,1,2,13,0,0
14,2019,0,17910,2019-01-14,1,2,14,0,0
15,2019,0,17911,2019-01-15,1,3,15,0,0
16,2019,0,17912,2019-01-16,1,3,16,0,0
17,2019,0,17913,2019-01-17,1,3,17,0,0
18,2019,0,17914,2019-01-18,1,3,18,0,0
19,2019,0,17915,2019-01-19,1,3,19,0,0
20,2019,0,17916,2019-01-20,1,3,20,0,0
21,2019,0,17917,2019-01-21,1,3,21,0,0
22,2019,0,17918,2019-01-22,1,4,22,0,0
23,2019,0,17919,2019-01-23,1,4,23,0,0
24,2019,0,17920,2019-01-24,1,4,24,0,0
25,2019,0,17921,2019-01-25,1,4,25,0,0
26,2019,0,17922,2019-01-26,1,4,26,0,0
27,2019,0,17923,2019-01-27,1,4,27,0,0
28,2019,0,17924,2019-01-28,1,4,28,0,0
29,2019,0,17925,2019-01-29,1,5,29,0,0
30,2019,0,17926,2019-01-30,1,5,30,0,0
31,2019,0,17927,2019-01-31,1,5,31,0,0
32,2019,0,17928,2019-02-01,2,5,32,0,0
33,2019,0,17929,2019-02-02,2,5,33,0,0
34,2019,0,17930,2019-02-03,2,5,34,0,0
35,2019,0,17931,2019-02-04,2,5,35,0,0
36,2019,0,17932,2019-02-05,2,6,36,0,0
37,2019,0,17933,2019-02-06,2,6,37,0,0
38,2019,0,17934,2019-02-07,2,6,38,0,0
39,2019,0,17935,2019-02-08,2,6,39,0,0
40,2019,0,17936,2019-02-09,2,6,40,0,0
41,2019,0,17937,2019-02-10,2,6,41,0,0
42,2019,0,17938,2019-02-11,2,6,42,0,0
43,2019,0,17939,2019-02-12,2,7,43,0,0
44,2019,0,17940,2019-02-13,2,7,44,0,0
45,2019,0,17941,2019-02-14,2,7,45,0,0
46,2019,0,17942,2019-02-15,2,7,46,0,0
47,2019,0,17943,2019-02-16,2,7,47,0,0
48,2019,0,17944,2019-02-17,2,7,48,0,0
49,2019,0,17945,2019-02-18,2,7,49,0,0
50,2019,0,17946,2019-02-19,2,8,50,0,0
51,2019,0,17947,2019-02-20,2,8,51,0,0
52,2019,0,17948,2019-02-21,2,8,52,0,0
53,2019,0,17949,2019-02-22,2,8,53,0,0
54,2019,0,17950,2019-02-23,2,8,54,0,0
55,2019,0,17951,2019-02-24,2,8,55,0,0
56,2019,0,17952,2019-02-25,2,8,56,0,0
57,2019,0,17953,2019-02-26,2,9,57,0,0
58,2019,0,17954,2019-02-27,2,9,58,0,0
59,2019,0,17955,2019-02-28,2,9,59,0,0
60,2019,0,17956,2019-03-01,3,9,60,0,0
61,2019,0,17957,2019-03-02,3,9,61,0,0
62,2019,0,17958,2019-03-03,3,9,62,0,0
63,2019,1,17959,2019-03-04,3,9,63,1,0.34965034965034963
64,2019,0,17960,2019-03-05,3,10,64,1,0.34965034965034963
65,2019,0,17961,2019-03-06,3,10,65,1,0.34965034965034963
66,2019,0,17962,2019-03-07,3,10,66,1,0.34965034965034963
67,2019,1,17963,2019-03-08,3,10,67,2,0.6993006993006993
68,2019,0,17964,2019-03-09,3,10,68,2,0.6993006993006993
69,2019,0,17965,2019-03-10,3,10,69,2,0.6993006993006993
70,2019,0,17966,2019-03-11,3,10,70,2,0.6993006993006993
71,2019,1,17967,2019-03-12,3,11,71,3,1.048951048951049
72,2019,1,17968,2019-03-13,3,11,72,4,1.3986013986013985
73,2019,0,17969,2019-03-14,3,11,73,4,1.3986013986013985
74,2019,0,17970,2019-03-15,3,11,74,4,1.3986013986013985
75,2019,0,17971,2019-03-16,3,11,75,4,1.3986013986013985
76,2019,0,17972,2019-03-17,3,11,76,4,1.3986013986013985
77,2019,1,17973,2019-03-18,3,11,77,5,1.7482517482517483
78,2019,0,17974,2019-03-19,3,12,78,5,1.7482517482517483
79,2019,0,17975,2019-03-20,3,12,79,5,1.7482517482517483
80,2019,0,17976,2019-03-21,3,12,80,5,1.7482517482517483
81,2019,0,17977,2019-03-22,3,12,81,5,1.7482517482517483
82,2019,0,17978,2019-03-23,3,12,82,5,1.7482517482517483
83,2019,0,17979,2019-03-24,3,12,83,5,1.7482517482517483
84,2019,1,17980,2019-03-25,3,12,84,6,2.097902097902098
85,2019,0,17981,2019-03-26,3,13,85,6,2.097902097902098
86,2019,0,17982,2019-03-27,3,13,86,6,2.097902097902098
87,2019,0,17983,2019-03-28,3,13,87,6,2.097902097902098
88,2019,1,17984,2019-03-29,3,13,88,7,2.4475524475524475
89,2019,0,17985,2019-03-30,3,13,89,7,2.4475524475524475
90,2019,0,17986,2019-03-31,3,13,90,7,2.4475524475524475
91,2019,3,17987,2019-04-01,4,13,91,10,3.4965034965034967
92,2019,0,17988,2019-04-02,4,14,92,10,3.4965034965034967
93,2019,0,17989,2019-04-03,4,14,93,10,3.4965034965034967
94,2019,1,17990,2019-04-04,4,14,94,11,3.8461538461538463
95,2019,3,17991,2019-04-05,4,14,95,14,4.895104895104895
96,2019,0,17992,2019-04-06,4,14,96,14,4.895104895104895
97,2019,0,17993,2019-04-07,4,14,97,14,4.895104895104895
98,2019,2,17994,2019-04-08,4,14,98,16,5.594405594405594
99,2019,7,17995,2019-04-09,4,15,99,23,8.041958041958042
100,2019,17,17996,2019-04-10,4,15,100,40,13.986013986013987
101,2019,0,17997,2019-04-11,4,15,101,40,13.986013986013987
102,2019,3,17998,2019-04-12,4,15,102,43,15.034965034965033
103,2019,0,17999,2019-04-13,4,15,103,43,15.034965034965033
104,2019,1,18000,2019-04-14,4,15,104,44,15.384615384615385
105,2019,1,18001,2019-04-15,4,15,105,45,15.734265734265735
106,2019,6,18002,2019-04-16,4,16,106,51,17.832167832167833
107,2019,6,18003,2019-04-17,4,16,107,57,19.93006993006993
108,2019,16,18004,2019-04-18,4,16,108,73,25.524475524475527
109,2019,12,18005,2019-04-19,4,16,109,85,29.72027972027972
110,2019,0,18006,2019-04-20,4,16,110,85,29.72027972027972
111,2019,0,18007,2019-04-21,4,16,111,85,29.72027972027972
112,2019,5,18008,2019-04-22,4,16,112,90,31.46853146853147
113,2019,12,18009,2019-04-23,4,17,113,102,35.66433566433567
114,2019,28,18010,2019-04-24,4,17,114,130,45.45454545454545
115,2019,24,18011,2019-04-25,4,17,115,154,53.84615384615385
116,2019,10,18012,2019-04-26,4,17,116,164,57.34265734265735
117,2019,0,18013,2019-04-27,4,17,117,164,57.34265734265735
118,2019,0,18014,2019-04-28,4,17,118,164,57.34265734265735
119,2019,16,18015,2019-04-29,4,17,119,180,62.93706293706294
120,2019,8,18016,2019-04-30,4,18,120,188,65.73426573426573
121,2019,11,18017,2019-05-01,5,18,121,199,69.58041958041959
122,2019,4,18018,2019-05-02,5,18,122,203,70.97902097902097
123,2019,2,18019,2019-05-03,5,18,123,205,71.67832167832168
124,2019,0,18020,2019-05-04,5,18,124,205,71.67832167832168
125,2019,0,18021,2019-05-05,5,18,125,205,71.67832167832168
126,2019,34,18022,2019-05-06,5,18,126,239,83.56643356643356
127,2019,11,18023,2019-05-07,5,19,127,250,87.41258741258741
128,2019,6,18024,2019-05-08,5,19,128,256,89.5104895104895
129,2019,10,18025,2019-05-09,5,19,129,266,93.00699300699301
130,2019,3,18026,2019-05-10,5,19,130,269,94.05594405594405
131,2019,0,18027,2019-05-11,5,19,131,269,94.05594405594405
132,2019,0,18028,2019-05-12,5,19,132,269,94.05594405594405
133,2019,5,18029,2019-05-13,5,19,133,274,95.8041958041958
134,2019,0,18030,2019-05-14,5,20,134,274,95.8041958041958
135,2019,3,18031,2019-05-15,5,20,135,277,96.85314685314685
136,2019,4,18032,2019-05-16,5,20,136,281,98.25174825174825
137,2019,1,18033,2019-05-17,5,20,137,282,98.6013986013986
138,2019,0,18034,2019-05-18,5,20,138,282,98.6013986013986
139,2019,0,18035,2019-05-19,5,20,139,282,98.6013986013986
140,2019,1,18036,2019-05-20,5,20,140,283,98.95104895104895
141,2019,1,18037,2019-05-21,5,21,141,284,99.3006993006993
142,2019,0,18038,2019-05-22,5,21,142,284,99.3006993006993
143,2019,0,18039,2019-05-23,5,21,143,284,99.3006993006993
144,2019,0,18040,2019-05-24,5,21,144,284,99.3006993006993
145,2019,0,18041,2019-05-25,5,21,145,284,99.3006993006993
146,2019,1,18042,2019-05-26,5,21,146,285,99.65034965034964
147,2019,0,18043,2019-05-27,5,21,147,285,99.65034965034964
148,2019,1,18044,2019-05-28,5,22,148,286,100
149,2019,0,18045,2019-05-29,5,22,149,286,100
150,2019,0,18046,2019-05-30,5,22,150,286,100
151,2019,0,18047,2019-05-31,5,22,151,286,100
152,2019,0,18048,2019-06-01,6,22,152,286,100
153,2019,0,18049,2019-06-02,6,22,153,286,100
154,2019,0,18050,2019-06-03,6,22,154,286,100
155,2019,0,18051,2019-06-04,6,23,155,286,100
156,2019,0,18052,2019-06-05,6,23,156,286,100
157,2019,0,18053,2019-06-06,6,23,157,286,100
158,2019,0,18054,2019-06-07,6,23,158,286,100
159,2019,0,18055,2019-06-08,6,23,159,286,100
160,2019,0,18056,2019-06-09,6,23,160,286,100
161,2019,0,18057,2019-06-10,6,23,161,286,100
162,2019,0,18058,2019-06-11,6,24,162,286,100
163,2019,0,18059,2019-06-12,6,24,163,286,100
164,2019,0,18060,2019-06-13,6,24,164,286,100
165,2019,0,18061,2019-06-14,6,24,165,286,100
166,2019,0,18062,2019-06-15,6,24,166,286,100
167,2019,0,18063,2019-06-16,6,24,167,286,100
168,2019,0,18064,2019-06-17,6,24,168,286,100
169,2019,0,18065,2019-06-18,6,25,169,286,100
170,2019,0,18066,2019-06-19,6,25,170,286,100
171,2019,0,18067,2019-06-20,6,25,171,286,100
172,2019,0,18068,2019-06-21,6,25,172,286,100
173,2019,0,18069,2019-06-22,6,25,173,286,100
174,2019,0,18070,2019-06-23,6,25,174,286,100
175,2019,0,18071,2019-06-24,6,25,175,286,100
176,2019,0,18072,2019-06-25,6,26,176,286,100
177,2019,0,18073,2019-06-26,6,26,177,286,100
178,2019,0,18074,2019-06-27,6,26,178,286,100
179,2019,0,18075,2019-06-28,6,26,179,286,100
180,2019,0,18076,2019-06-29,6,26,180,286,100
1,2020,0,18262,2020-01-01,1,1,1,0,NA
2,2020,0,18263,2020-01-02,1,1,2,0,NA
3,2020,0,18264,2020-01-03,1,1,3,0,NA
4,2020,0,18265,2020-01-04,1,1,4,0,NA
5,2020,0,18266,2020-01-05,1,1,5,0,NA
6,2020,0,18267,2020-01-06,1,1,6,0,NA
7,2020,0,18268,2020-01-07,1,1,7,0,NA
8,2020,0,18269,2020-01-08,1,2,8,0,NA
9,2020,0,18270,2020-01-09,1,2,9,0,NA
10,2020,0,18271,2020-01-10,1,2,10,0,NA
11,2020,0,18272,2020-01-11,1,2,11,0,NA
12,2020,0,18273,2020-01-12,1,2,12,0,NA
13,2020,0,18274,2020-01-13,1,2,13,0,NA
14,2020,0,18275,2020-01-14,1,2,14,0,NA
15,2020,0,18276,2020-01-15,1,3,15,0,NA
16,2020,0,18277,2020-01-16,1,3,16,0,NA
17,2020,0,18278,2020-01-17,1,3,17,0,NA
18,2020,0,18279,2020-01-18,1,3,18,0,NA
19,2020,0,18280,2020-01-19,1,3,19,0,NA
20,2020,0,18281,2020-01-20,1,3,20,0,NA
21,2020,0,18282,2020-01-21,1,3,21,0,NA
22,2020,0,18283,2020-01-22,1,4,22,0,NA
23,2020,0,18284,2020-01-23,1,4,23,0,NA
24,2020,0,18285,2020-01-24,1,4,24,0,NA
25,2020,0,18286,2020-01-25,1,4,25,0,NA
26,2020,0,18287,2020-01-26,1,4,26,0,NA
27,2020,0,18288,2020-01-27,1,4,27,0,NA
28,2020,0,18289,2020-01-28,1,4,28,0,NA
29,2020,0,18290,2020-01-29,1,5,29,0,NA
30,2020,0,18291,2020-01-30,1,5,30,0,NA
31,2020,0,18292,2020-01-31,1,5,31,0,NA
32,2020,0,18293,2020-02-01,2,5,32,0,NA
33,2020,0,18294,2020-02-02,2,5,33,0,NA
34,2020,0,18295,2020-02-03,2,5,34,0,NA
35,2020,0,18296,2020-02-04,2,5,35,0,NA
36,2020,0,18297,2020-02-05,2,6,36,0,NA
37,2020,0,18298,2020-02-06,2,6,37,0,NA
38,2020,0,18299,2020-02-07,2,6,38,0,NA
39,2020,0,18300,2020-02-08,2,6,39,0,NA
40,2020,0,18301,2020-02-09,2,6,40,0,NA
41,2020,0,18302,2020-02-10,2,6,41,0,NA
42,2020,0,18303,2020-02-11,2,6,42,0,NA
43,2020,0,18304,2020-02-12,2,7,43,0,NA
44,2020,0,18305,2020-02-13,2,7,44,0,NA
45,2020,0,18306,2020-02-14,2,7,45,0,NA
46,2020,0,18307,2020-02-15,2,7,46,0,NA
47,2020,0,18308,2020-02-16,2,7,47,0,NA
48,2020,0,18309,2020-02-17,2,7,48,0,NA
49,2020,0,18310,2020-02-18,2,7,49,0,NA
50,2020,0,18311,2020-02-19,2,8,50,0,NA
51,2020,0,18312,2020-02-20,2,8,51,0,NA
52,2020,0,18313,2020-02-21,2,8,52,0,NA
53,2020,0,18314,2020-02-22,2,8,53,0,NA
54,2020,0,18315,2020-02-23,2,8,54,0,NA
55,2020,0,18316,2020-02-24,2,8,55,0,NA
56,2020,0,18317,2020-02-25,2,8,56,0,NA
57,2020,0,18318,2020-02-26,2,9,57,0,NA
58,2020,0,18319,2020-02-27,2,9,58,0,NA
59,2020,0,18320,2020-02-28,2,9,59,0,NA
60,2020,0,18321,2020-02-29,2,9,60,0,NA
61,2020,0,18322,2020-03-01,3,9,61,0,NA
62,2020,0,18323,2020-03-02,3,9,62,0,NA
63,2020,0,18324,2020-03-03,3,9,63,0,NA
64,2020,0,18325,2020-03-04,3,10,64,0,NA
65,2020,0,18326,2020-03-05,3,10,65,0,NA
66,2020,0,18327,2020-03-06,3,10,66,0,NA
67,2020,0,18328,2020-03-07,3,10,67,0,NA
68,2020,0,18329,2020-03-08,3,10,68,0,NA
69,2020,0,18330,2020-03-09,3,10,69,0,NA
70,2020,0,18331,2020-03-10,3,10,70,0,NA
71,2020,0,18332,2020-03-11,3,11,71,0,NA
72,2020,0,18333,2020-03-12,3,11,72,0,NA
73,2020,0,18334,2020-03-13,3,11,73,0,NA
74,2020,0,18335,2020-03-14,3,11,74,0,NA
75,2020,0,18336,2020-03-15,3,11,75,0,NA
76,2020,0,18337,2020-03-16,3,11,76,0,NA
77,2020,0,18338,2020-03-17,3,11,77,0,NA
78,2020,0,18339,2020-03-18,3,12,78,0,NA
79,2020,0,18340,2020-03-19,3,12,79,0,NA
80,2020,0,18341,2020-03-20,3,12,80,0,NA
81,2020,0,18342,2020-03-21,3,12,81,0,NA
82,2020,0,18343,2020-03-22,3,12,82,0,NA
83,2020,0,18344,2020-03-23,3,12,83,0,NA
84,2020,0,18345,2020-03-24,3,12,84,0,NA
85,2020,0,18346,2020-03-25,3,13,85,0,NA
86,2020,0,18347,2020-03-26,3,13,86,0,NA
87,2020,0,18348,2020-03-27,3,13,87,0,NA
88,2020,0,18349,2020-03-28,3,13,88,0,NA
89,2020,0,18350,2020-03-29,3,13,89,0,NA
90,2020,0,18351,2020-03-30,3,13,90,0,NA
91,2020,0,18352,2020-03-31,3,13,91,0,NA
92,2020,0,18353,2020-04-01,4,14,92,0,NA
93,2020,0,18354,2020-04-02,4,14,93,0,NA
94,2020,0,18355,2020-04-03,4,14,94,0,NA
95,2020,0,18356,2020-04-04,4,14,95,0,NA
96,2020,0,18357,2020-04-05,4,14,96,0,NA
97,2020,0,18358,2020-04-06,4,14,97,0,NA
98,2020,0,18359,2020-04-07,4,14,98,0,NA
99,2020,0,18360,2020-04-08,4,15,99,0,NA
100,2020,0,18361,2020-04-09,4,15,100,0,NA
101,2020,0,18362,2020-04-10,4,15,101,0,NA
102,2020,0,18363,2020-04-11,4,15,102,0,NA
103,2020,0,18364,2020-04-12,4,15,103,0,NA
104,2020,0,18365,2020-04-13,4,15,104,0,NA
105,2020,0,18366,2020-04-14,4,15,105,0,NA
106,2020,0,18367,2020-04-15,4,16,106,0,NA
107,2020,0,18368,2020-04-16,4,16,107,0,NA
108,2020,0,18369,2020-04-17,4,16,108,0,NA
109,2020,0,18370,2020-04-18,4,16,109,0,NA
110,2020,0,18371,2020-04-19,4,16,110,0,NA
111,2020,0,18372,2020-04-20,4,16,111,0,NA
112,2020,0,18373,2020-04-21,4,16,112,0,NA
113,2020,0,18374,2020-04-22,4,17,113,0,NA
114,2020,0,18375,2020-04-23,4,17,114,0,NA
115,2020,0,18376,2020-04-24,4,17,115,0,NA
116,2020,0,18377,2020-04-25,4,17,116,0,NA
117,2020,0,18378,2020-04-26,4,17,117,0,NA
118,2020,0,18379,2020-04-27,4,17,118,0,NA
119,2020,0,18380,2020-04-28,4,17,119,0,NA
120,2020,0,18381,2020-04-29,4,18,120,0,NA
121,2020,0,18382,2020-04-30,4,18,121,0,NA
122,2020,0,18383,2020-05-01,5,18,122,0,NA
123,2020,0,18384,2020-05-02,5,18,123,0,NA
124,2020,0,18385,2020-05-03,5,18,124,0,NA
125,2020,0,18386,2020-05-04,5,18,125,0,NA
126,2020,0,18387,2020-05-05,5,18,126,0,NA
127,2020,0,18388,2020-05-06,5,19,127,0,NA
128,2020,0,18389,2020-05-07,5,19,128,0,NA
129,2020,0,18390,2020-05-08,5,19,129,0,NA
130,2020,0,18391,2020-05-09,5,19,130,0,NA
131,2020,0,18392,2020-05-10,5,19,131,0,NA
132,2020,0,18393,2020-05-11,5,19,132,0,NA
133,2020,0,18394,2020-05-12,5,19,133,0,NA
134,2020,0,18395,2020-05-13,5,20,134,0,NA
135,2020,0,18396,2020-05-14,5,20,135,0,NA
136,2020,0,18397,2020-05-15,5,20,136,0,NA
137,2020,0,18398,2020-05-16,5,20,137,0,NA
138,2020,0,18399,2020-05-17,5,20,138,0,NA
139,2020,0,18400,2020-05-18,5,20,139,0,NA
140,2020,0,18401,2020-05-19,5,20,140,0,NA
141,2020,0,18402,2020-05-20,5,21,141,0,NA
142,2020,0,18403,2020-05-21,5,21,142,0,NA
143,2020,0,18404,2020-05-22,5,21,143,0,NA
144,2020,0,18405,2020-05-23,5,21,144,0,NA
145,2020,0,18406,2020-05-24,5,21,145,0,NA
146,2020,0,18407,2020-05-25,5,21,146,0,NA
147,2020,0,18408,2020-05-26,5,21,147,0,NA
148,2020,0,18409,2020-05-27,5,22,148,0,NA
149,2020,0,18410,2020-05-28,5,22,149,0,NA
150,2020,0,18411,2020-05-29,5,22,150,0,NA
151,2020,0,18412,2020-05-30,5,22,151,0,NA
152,2020,0,18413,2020-05-31,5,22,152,0,NA
153,2020,0,18414,2020-06-01,6,22,153,0,NA
154,2020,0,18415,2020-06-02,6,22,154,0,NA
155,2020,0,18416,2020-06-03,6,23,155,0,NA
156,2020,0,18417,2020-06-04,6,23,156,0,NA
157,2020,0,18418,2020-06-05,6,23,157,0,NA
158,2020,0,18419,2020-06-06,6,23,158,0,NA
159,2020,0,18420,2020-06-07,6,23,159,0,NA
160,2020,0,18421,2020-06-08,6,23,160,0,NA
161,2020,0,18422,2020-06-09,6,23,161,0,NA
162,2020,0,18423,2020-06-10,6,24,162,0,NA
163,2020,0,18424,2020-06-11,6,24,163,0,NA
164,2020,0,18425,2020-06-12,6,24,164,0,NA
165,2020,0,18426,2020-06-13,6,24,165,0,NA
166,2020,0,18427,2020-06-14,6,24,166,0,NA
167,2020,0,18428,2020-06-15,6,24,167,0,NA
168,2020,0,18429,2020-06-16,6,24,168,0,NA
169,2020,0,18430,2020-06-17,6,25,169,0,NA
170,2020,0,18431,2020-06-18,6,25,170,0,NA
171,2020,0,18432,2020-06-19,6,25,171,0,NA
172,2020,0,18433,2020-06-20,6,25,172,0,NA
173,2020,0,18434,2020-06-21,6,25,173,0,NA
174,2020,0,18435,2020-06-22,6,25,174,0,NA
175,2020,0,18436,2020-06-23,6,25,175,0,NA
176,2020,0,18437,2020-06-24,6,26,176,0,NA
177,2020,0,18438,2020-06-25,6,26,177,0,NA
178,2020,0,18439,2020-06-26,6,26,178,0,NA
179,2020,0,18440,2020-06-27,6,26,179,0,NA
180,2020,0,18441,2020-06-28,6,26,180,0,NA
1,2021,0,18628,2021-01-01,1,1,1,0,0
2,2021,0,18629,2021-01-02,1,1,2,0,0
3,2021,0,18630,2021-01-03,1,1,3,0,0
4,2021,0,18631,2021-01-04,1,1,4,0,0
5,2021,0,18632,2021-01-05,1,1,5,0,0
6,2021,0,18633,2021-01-06,1,1,6,0,0
7,2021,0,18634,2021-01-07,1,1,7,0,0
8,2021,0,18635,2021-01-08,1,2,8,0,0
9,2021,0,18636,2021-01-09,1,2,9,0,0
10,2021,0,18637,2021-01-10,1,2,10,0,0
11,2021,0,18638,2021-01-11,1,2,11,0,0
12,2021,0,18639,2021-01-12,1,2,12,0,0
13,2021,0,18640,2021-01-13,1,2,13,0,0
14,2021,0,18641,2021-01-14,1,2,14,0,0
15,2021,0,18642,2021-01-15,1,3,15,0,0
16,2021,0,18643,2021-01-16,1,3,16,0,0
17,2021,0,18644,2021-01-17,1,3,17,0,0
18,2021,0,18645,2021-01-18,1,3,18,0,0
19,2021,0,18646,2021-01-19,1,3,19,0,0
20,2021,0,18647,2021-01-20,1,3,20,0,0
21,2021,0,18648,2021-01-21,1,3,21,0,0
22,2021,0,18649,2021-01-22,1,4,22,0,0
23,2021,0,18650,2021-01-23,1,4,23,0,0
24,2021,0,18651,2021-01-24,1,4,24,0,0
25,2021,0,18652,2021-01-25,1,4,25,0,0
26,2021,0,18653,2021-01-26,1,4,26,0,0
27,2021,0,18654,2021-01-27,1,4,27,0,0
28,2021,0,18655,2021-01-28,1,4,28,0,0
29,2021,0,18656,2021-01-29,1,5,29,0,0
30,2021,0,18657,2021-01-30,1,5,30,0,0
31,2021,0,18658,2021-01-31,1,5,31,0,0
32,2021,0,18659,2021-02-01,2,5,32,0,0
33,2021,0,18660,2021-02-02,2,5,33,0,0
34,2021,0,18661,2021-02-03,2,5,34,0,0
35,2021,0,18662,2021-02-04,2,5,35,0,0
36,2021,0,18663,2021-02-05,2,6,36,0,0
37,2021,0,18664,2021-02-06,2,6,37,0,0
38,2021,0,18665,2021-02-07,2,6,38,0,0
39,2021,0,18666,2021-02-08,2,6,39,0,0
40,2021,0,18667,2021-02-09,2,6,40,0,0
41,2021,0,18668,2021-02-10,2,6,41,0,0
42,2021,0,18669,2021-02-11,2,6,42,0,0
43,2021,0,18670,2021-02-12,2,7,43,0,0
44,2021,0,18671,2021-02-13,2,7,44,0,0
45,2021,0,18672,2021-02-14,2,7,45,0,0
46,2021,0,18673,2021-02-15,2,7,46,0,0
47,2021,0,18674,2021-02-16,2,7,47,0,0
48,2021,0,18675,2021-02-17,2,7,48,0,0
49,2021,0,18676,2021-02-18,2,7,49,0,0
50,2021,0,18677,2021-02-19,2,8,50,0,0
51,2021,0,18678,2021-02-20,2,8,51,0,0
52,2021,0,18679,2021-02-21,2,8,52,0,0
53,2021,0,18680,2021-02-22,2,8,53,0,0
54,2021,0,18681,2021-02-23,2,8,54,0,0
55,2021,0,18682,2021-02-24,2,8,55,0,0
56,2021,0,18683,2021-02-25,2,8,56,0,0
57,2021,0,18684,2021-02-26,2,9,57,0,0
58,2021,0,18685,2021-02-27,2,9,58,0,0
59,2021,0,18686,2021-02-28,2,9,59,0,0
60,2021,0,18687,2021-03-01,3,9,60,0,0
61,2021,0,18688,2021-03-02,3,9,61,0,0
62,2021,0,18689,2021-03-03,3,9,62,0,0
63,2021,0,18690,2021-03-04,3,9,63,0,0
64,2021,0,18691,2021-03-05,3,10,64,0,0
65,2021,0,18692,2021-03-06,3,10,65,0,0
66,2021,0,18693,2021-03-07,3,10,66,0,0
67,2021,0,18694,2021-03-08,3,10,67,0,0
68,2021,0,18695,2021-03-09,3,10,68,0,0
69,2021,0,18696,2021-03-10,3,10,69,0,0
70,2021,0,18697,2021-03-11,3,10,70,0,0
71,2021,0,18698,2021-03-12,3,11,71,0,0
72,2021,0,18699,2021-03-13,3,11,72,0,0
73,2021,0,18700,2021-03-14,3,11,73,0,0
74,2021,0,18701,2021-03-15,3,11,74,0,0
75,2021,0,18702,2021-03-16,3,11,75,0,0
76,2021,0,18703,2021-03-17,3,11,76,0,0
77,2021,0,18704,2021-03-18,3,11,77,0,0
78,2021,0,18705,2021-03-19,3,12,78,0,0
79,2021,0,18706,2021-03-20,3,12,79,0,0
80,2021,0,18707,2021-03-21,3,12,80,0,0
81,2021,0,18708,2021-03-22,3,12,81,0,0
82,2021,0,18709,2021-03-23,3,12,82,0,0
83,2021,0,18710,2021-03-24,3,12,83,0,0
84,2021,0,18711,2021-03-25,3,12,84,0,0
85,2021,0,18712,2021-03-26,3,13,85,0,0
86,2021,0,18713,2021-03-27,3,13,86,0,0
87,2021,0,18714,2021-03-28,3,13,87,0,0
88,2021,0,18715,2021-03-29,3,13,88,0,0
89,2021,1,18716,2021-03-30,3,13,89,1,2.127659574468085
90,2021,0,18717,2021-03-31,3,13,90,1,2.127659574468085
91,2021,1,18718,2021-04-01,4,13,91,2,4.25531914893617
92,2021,0,18719,2021-04-02,4,14,92,2,4.25531914893617
93,2021,0,18720,2021-04-03,4,14,93,2,4.25531914893617
94,2021,0,18721,2021-04-04,4,14,94,2,4.25531914893617
95,2021,0,18722,2021-04-05,4,14,95,2,4.25531914893617
96,2021,0,18723,2021-04-06,4,14,96,2,4.25531914893617
97,2021,0,18724,2021-04-07,4,14,97,2,4.25531914893617
98,2021,0,18725,2021-04-08,4,14,98,2,4.25531914893617
99,2021,0,18726,2021-04-09,4,15,99,2,4.25531914893617
100,2021,0,18727,2021-04-10,4,15,100,2,4.25531914893617
101,2021,0,18728,2021-04-11,4,15,101,2,4.25531914893617
102,2021,1,18729,2021-04-12,4,15,102,3,6.382978723404255
103,2021,1,18730,2021-04-13,4,15,103,4,8.51063829787234
104,2021,1,18731,2021-04-14,4,15,104,5,10.638297872340425
105,2021,0,18732,2021-04-15,4,15,105,5,10.638297872340425
106,2021,2,18733,2021-04-16,4,16,106,7,14.893617021276595
107,2021,0,18734,2021-04-17,4,16,107,7,14.893617021276595
108,2021,0,18735,2021-04-18,4,16,108,7,14.893617021276595
109,2021,3,18736,2021-04-19,4,16,109,10,21.27659574468085
110,2021,2,18737,2021-04-20,4,16,110,12,25.53191489361702
111,2021,4,18738,2021-04-21,4,16,111,16,34.04255319148936
112,2021,4,18739,2021-04-22,4,16,112,20,42.5531914893617
113,2021,4,18740,2021-04-23,4,17,113,24,51.06382978723404
114,2021,0,18741,2021-04-24,4,17,114,24,51.06382978723404
115,2021,0,18742,2021-04-25,4,17,115,24,51.06382978723404
116,2021,0,18743,2021-04-26,4,17,116,24,51.06382978723404
117,2021,1,18744,2021-04-27,4,17,117,25,53.191489361702125
118,2021,2,18745,2021-04-28,4,17,118,27,57.446808510638306
119,2021,0,18746,2021-04-29,4,17,119,27,57.446808510638306
120,2021,3,18747,2021-04-30,4,18,120,30,63.829787234042556
121,2021,0,18748,2021-05-01,5,18,121,30,63.829787234042556
122,2021,0,18749,2021-05-02,5,18,122,30,63.829787234042556
123,2021,0,18750,2021-05-03,5,18,123,30,63.829787234042556
124,2021,7,18751,2021-05-04,5,18,124,37,78.72340425531915
125,2021,0,18752,2021-05-05,5,18,125,37,78.72340425531915
126,2021,3,18753,2021-05-06,5,18,126,40,85.1063829787234
127,2021,1,18754,2021-05-07,5,19,127,41,87.2340425531915
128,2021,0,18755,2021-05-08,5,19,128,41,87.2340425531915
129,2021,0,18756,2021-05-09,5,19,129,41,87.2340425531915
130,2021,3,18757,2021-05-10,5,19,130,44,93.61702127659575
131,2021,1,18758,2021-05-11,5,19,131,45,95.74468085106383
132,2021,0,18759,2021-05-12,5,19,132,45,95.74468085106383
133,2021,0,18760,2021-05-13,5,19,133,45,95.74468085106383
134,2021,0,18761,2021-05-14,5,20,134,45,95.74468085106383
135,2021,0,18762,2021-05-15,5,20,135,45,95.74468085106383
136,2021,0,18763,2021-05-16,5,20,136,45,95.74468085106383
137,2021,0,18764,2021-05-17,5,20,137,45,95.74468085106383
138,2021,0,18765,2021-05-18,5,20,138,45,95.74468085106383
139,2021,0,18766,2021-05-19,5,20,139,45,95.74468085106383
140,2021,0,18767,2021-05-20,5,20,140,45,95.74468085106383
141,2021,0,18768,2021-05-21,5,21,141,45,95.74468085106383
142,2021,0,18769,2021-05-22,5,21,142,45,95.74468085106383
143,2021,0,18770,2021-05-23,5,21,143,45,95.74468085106383
144,2021,0,18771,2021-05-24,5,21,144,45,95.74468085106383
145,2021,0,18772,2021-05-25,5,21,145,45,95.74468085106383
146,2021,0,18773,2021-05-26,5,21,146,45,95.74468085106383
147,2021,0,18774,2021-05-27,5,21,147,45,95.74468085106383
148,2021,0,18775,2021-05-28,5,22,148,45,95.74468085106383
149,2021,0,18776,2021-05-29,5,22,149,45,95.74468085106383
150,2021,0,18777,2021-05-30,5,22,150,45,95.74468085106383
151,2021,0,18778,2021-05-31,5,22,151,45,95.74468085106383
152,2021,0,18779,2021-06-01,6,22,152,45,95.74468085106383
153,2021,2,18780,2021-06-02,6,22,153,47,100
154,2021,0,18781,2021-06-03,6,22,154,47,100
155,2021,0,18782,2021-06-04,6,23,155,47,100
156,2021,0,18783,2021-06-05,6,23,156,47,100
157,2021,0,18784,2021-06-06,6,23,157,47,100
158,2021,0,18785,2021-06-07,6,23,158,47,100
159,2021,0,18786,2021-06-08,6,23,159,47,100
160,2021,0,18787,2021-06-09,6,23,160,47,100
161,2021,0,18788,2021-06-10,6,23,161,47,100
162,2021,0,18789,2021-06-11,6,24,162,47,100
163,2021,0,18790,2021-06-12,6,24,163,47,100
164,2021,0,18791,2021-06-13,6,24,164,47,100
165,2021,0,18792,2021-06-14,6,24,165,47,100
166,2021,0,18793,2021-06-15,6,24,166,47,100
167,2021,0,18794,2021-06-16,6,24,167,47,100
168,2021,0,18795,2021-06-17,6,24,168,47,100
169,2021,0,18796,2021-06-18,6,25,169,47,100
170,2021,0,18797,2021-06-19,6,25,170,47,100
171,2021,0,18798,2021-06-20,6,25,171,47,100
172,2021,0,18799,2021-06-21,6,25,172,47,100
173,2021,0,18800,2021-06-22,6,25,173,47,100
174,2021,0,18801,2021-06-23,6,25,174,47,100
175,2021,0,18802,2021-06-24,6,25,175,47,100
176,2021,0,18803,2021-06-25,6,26,176,47,100
177,2021,0,18804,2021-06-26,6,26,177,47,100
178,2021,0,18805,2021-06-27,6,26,178,47,100
179,2021,0,18806,2021-06-28,6,26,179,47,100
180,2021,0,18807,2021-06-29,6,26,180,47,100
