julianday,year,count,intDate,date,month,week,day,dailyCountCum,dailyPercentageCum
1,1986,0,5844,1986-01-01,1,1,1,0,0
2,1986,0,5845,1986-01-02,1,1,2,0,0
3,1986,0,5846,1986-01-03,1,1,3,0,0
4,1986,0,5847,1986-01-04,1,1,4,0,0
5,1986,0,5848,1986-01-05,1,1,5,0,0
6,1986,0,5849,1986-01-06,1,1,6,0,0
7,1986,0,5850,1986-01-07,1,1,7,0,0
8,1986,0,5851,1986-01-08,1,2,8,0,0
9,1986,0,5852,1986-01-09,1,2,9,0,0
10,1986,0,5853,1986-01-10,1,2,10,0,0
11,1986,0,5854,1986-01-11,1,2,11,0,0
12,1986,0,5855,1986-01-12,1,2,12,0,0
13,1986,0,5856,1986-01-13,1,2,13,0,0
14,1986,0,5857,1986-01-14,1,2,14,0,0
15,1986,0,5858,1986-01-15,1,3,15,0,0
16,1986,0,5859,1986-01-16,1,3,16,0,0
17,1986,0,5860,1986-01-17,1,3,17,0,0
18,1986,0,5861,1986-01-18,1,3,18,0,0
19,1986,0,5862,1986-01-19,1,3,19,0,0
20,1986,0,5863,1986-01-20,1,3,20,0,0
21,1986,0,5864,1986-01-21,1,3,21,0,0
22,1986,0,5865,1986-01-22,1,4,22,0,0
23,1986,0,5866,1986-01-23,1,4,23,0,0
24,1986,0,5867,1986-01-24,1,4,24,0,0
25,1986,0,5868,1986-01-25,1,4,25,0,0
26,1986,0,5869,1986-01-26,1,4,26,0,0
27,1986,0,5870,1986-01-27,1,4,27,0,0
28,1986,0,5871,1986-01-28,1,4,28,0,0
29,1986,0,5872,1986-01-29,1,5,29,0,0
30,1986,0,5873,1986-01-30,1,5,30,0,0
31,1986,0,5874,1986-01-31,1,5,31,0,0
32,1986,0,5875,1986-02-01,2,5,32,0,0
33,1986,0,5876,1986-02-02,2,5,33,0,0
34,1986,0,5877,1986-02-03,2,5,34,0,0
35,1986,0,5878,1986-02-04,2,5,35,0,0
36,1986,0,5879,1986-02-05,2,6,36,0,0
37,1986,0,5880,1986-02-06,2,6,37,0,0
38,1986,0,5881,1986-02-07,2,6,38,0,0
39,1986,0,5882,1986-02-08,2,6,39,0,0
40,1986,0,5883,1986-02-09,2,6,40,0,0
41,1986,0,5884,1986-02-10,2,6,41,0,0
42,1986,0,5885,1986-02-11,2,6,42,0,0
43,1986,0,5886,1986-02-12,2,7,43,0,0
44,1986,0,5887,1986-02-13,2,7,44,0,0
45,1986,0,5888,1986-02-14,2,7,45,0,0
46,1986,0,5889,1986-02-15,2,7,46,0,0
47,1986,0,5890,1986-02-16,2,7,47,0,0
48,1986,0,5891,1986-02-17,2,7,48,0,0
49,1986,0,5892,1986-02-18,2,7,49,0,0
50,1986,0,5893,1986-02-19,2,8,50,0,0
51,1986,0,5894,1986-02-20,2,8,51,0,0
52,1986,0,5895,1986-02-21,2,8,52,0,0
53,1986,0,5896,1986-02-22,2,8,53,0,0
54,1986,0,5897,1986-02-23,2,8,54,0,0
55,1986,0,5898,1986-02-24,2,8,55,0,0
56,1986,0,5899,1986-02-25,2,8,56,0,0
57,1986,0,5900,1986-02-26,2,9,57,0,0
58,1986,0,5901,1986-02-27,2,9,58,0,0
59,1986,0,5902,1986-02-28,2,9,59,0,0
60,1986,1,5903,1986-03-01,3,9,60,1,0.19607843137254902
61,1986,0,5904,1986-03-02,3,9,61,1,0.19607843137254902
62,1986,0,5905,1986-03-03,3,9,62,1,0.19607843137254902
63,1986,0,5906,1986-03-04,3,9,63,1,0.19607843137254902
64,1986,1,5907,1986-03-05,3,10,64,2,0.39215686274509803
65,1986,0,5908,1986-03-06,3,10,65,2,0.39215686274509803
66,1986,0,5909,1986-03-07,3,10,66,2,0.39215686274509803
67,1986,0,5910,1986-03-08,3,10,67,2,0.39215686274509803
68,1986,0,5911,1986-03-09,3,10,68,2,0.39215686274509803
69,1986,0,5912,1986-03-10,3,10,69,2,0.39215686274509803
70,1986,0,5913,1986-03-11,3,10,70,2,0.39215686274509803
71,1986,0,5914,1986-03-12,3,11,71,2,0.39215686274509803
72,1986,0,5915,1986-03-13,3,11,72,2,0.39215686274509803
73,1986,0,5916,1986-03-14,3,11,73,2,0.39215686274509803
74,1986,0,5917,1986-03-15,3,11,74,2,0.39215686274509803
75,1986,0,5918,1986-03-16,3,11,75,2,0.39215686274509803
76,1986,0,5919,1986-03-17,3,11,76,2,0.39215686274509803
77,1986,0,5920,1986-03-18,3,11,77,2,0.39215686274509803
78,1986,0,5921,1986-03-19,3,12,78,2,0.39215686274509803
79,1986,0,5922,1986-03-20,3,12,79,2,0.39215686274509803
80,1986,0,5923,1986-03-21,3,12,80,2,0.39215686274509803
81,1986,0,5924,1986-03-22,3,12,81,2,0.39215686274509803
82,1986,0,5925,1986-03-23,3,12,82,2,0.39215686274509803
83,1986,0,5926,1986-03-24,3,12,83,2,0.39215686274509803
84,1986,0,5927,1986-03-25,3,12,84,2,0.39215686274509803
85,1986,0,5928,1986-03-26,3,13,85,2,0.39215686274509803
86,1986,2,5929,1986-03-27,3,13,86,4,0.7843137254901961
87,1986,0,5930,1986-03-28,3,13,87,4,0.7843137254901961
88,1986,0,5931,1986-03-29,3,13,88,4,0.7843137254901961
89,1986,0,5932,1986-03-30,3,13,89,4,0.7843137254901961
90,1986,0,5933,1986-03-31,3,13,90,4,0.7843137254901961
91,1986,6,5934,1986-04-01,4,13,91,10,1.9607843137254901
92,1986,3,5935,1986-04-02,4,14,92,13,2.549019607843137
93,1986,2,5936,1986-04-03,4,14,93,15,2.941176470588235
94,1986,0,5937,1986-04-04,4,14,94,15,2.941176470588235
95,1986,0,5938,1986-04-05,4,14,95,15,2.941176470588235
96,1986,0,5939,1986-04-06,4,14,96,15,2.941176470588235
97,1986,2,5940,1986-04-07,4,14,97,17,3.3333333333333335
98,1986,1,5941,1986-04-08,4,14,98,18,3.5294117647058822
99,1986,0,5942,1986-04-09,4,15,99,18,3.5294117647058822
100,1986,3,5943,1986-04-10,4,15,100,21,4.117647058823529
101,1986,6,5944,1986-04-11,4,15,101,27,5.294117647058823
102,1986,11,5945,1986-04-12,4,15,102,38,7.450980392156863
103,1986,9,5946,1986-04-13,4,15,103,47,9.215686274509805
104,1986,31,5947,1986-04-14,4,15,104,78,15.294117647058824
105,1986,9,5948,1986-04-15,4,15,105,87,17.058823529411764
106,1986,0,5949,1986-04-16,4,16,106,87,17.058823529411764
107,1986,24,5950,1986-04-17,4,16,107,111,21.764705882352942
108,1986,0,5951,1986-04-18,4,16,108,111,21.764705882352942
109,1986,3,5952,1986-04-19,4,16,109,114,22.35294117647059
110,1986,20,5953,1986-04-20,4,16,110,134,26.27450980392157
111,1986,30,5954,1986-04-21,4,16,111,164,32.15686274509804
112,1986,30,5955,1986-04-22,4,16,112,194,38.03921568627451
113,1986,47,5956,1986-04-23,4,17,113,241,47.25490196078431
114,1986,66,5957,1986-04-24,4,17,114,307,60.19607843137255
115,1986,41,5958,1986-04-25,4,17,115,348,68.23529411764706
116,1986,13,5959,1986-04-26,4,17,116,361,70.7843137254902
117,1986,38,5960,1986-04-27,4,17,117,399,78.23529411764706
118,1986,56,5961,1986-04-28,4,17,118,455,89.2156862745098
119,1986,13,5962,1986-04-29,4,17,119,468,91.76470588235294
120,1986,6,5963,1986-04-30,4,18,120,474,92.94117647058823
121,1986,12,5964,1986-05-01,5,18,121,486,95.29411764705881
122,1986,12,5965,1986-05-02,5,18,122,498,97.6470588235294
123,1986,2,5966,1986-05-03,5,18,123,500,98.0392156862745
124,1986,3,5967,1986-05-04,5,18,124,503,98.62745098039215
125,1986,0,5968,1986-05-05,5,18,125,503,98.62745098039215
126,1986,0,5969,1986-05-06,5,18,126,503,98.62745098039215
127,1986,1,5970,1986-05-07,5,19,127,504,98.82352941176471
128,1986,2,5971,1986-05-08,5,19,128,506,99.2156862745098
129,1986,0,5972,1986-05-09,5,19,129,506,99.2156862745098
130,1986,0,5973,1986-05-10,5,19,130,506,99.2156862745098
131,1986,3,5974,1986-05-11,5,19,131,509,99.80392156862746
132,1986,0,5975,1986-05-12,5,19,132,509,99.80392156862746
133,1986,0,5976,1986-05-13,5,19,133,509,99.80392156862746
134,1986,1,5977,1986-05-14,5,20,134,510,100
135,1986,0,5978,1986-05-15,5,20,135,510,100
136,1986,0,5979,1986-05-16,5,20,136,510,100
137,1986,0,5980,1986-05-17,5,20,137,510,100
138,1986,0,5981,1986-05-18,5,20,138,510,100
139,1986,0,5982,1986-05-19,5,20,139,510,100
140,1986,0,5983,1986-05-20,5,20,140,510,100
141,1986,0,5984,1986-05-21,5,21,141,510,100
142,1986,0,5985,1986-05-22,5,21,142,510,100
143,1986,0,5986,1986-05-23,5,21,143,510,100
144,1986,0,5987,1986-05-24,5,21,144,510,100
145,1986,0,5988,1986-05-25,5,21,145,510,100
146,1986,0,5989,1986-05-26,5,21,146,510,100
147,1986,0,5990,1986-05-27,5,21,147,510,100
148,1986,0,5991,1986-05-28,5,22,148,510,100
149,1986,0,5992,1986-05-29,5,22,149,510,100
150,1986,0,5993,1986-05-30,5,22,150,510,100
151,1986,0,5994,1986-05-31,5,22,151,510,100
152,1986,0,5995,1986-06-01,6,22,152,510,100
153,1986,0,5996,1986-06-02,6,22,153,510,100
154,1986,0,5997,1986-06-03,6,22,154,510,100
155,1986,0,5998,1986-06-04,6,23,155,510,100
156,1986,0,5999,1986-06-05,6,23,156,510,100
157,1986,0,6000,1986-06-06,6,23,157,510,100
158,1986,0,6001,1986-06-07,6,23,158,510,100
159,1986,0,6002,1986-06-08,6,23,159,510,100
160,1986,0,6003,1986-06-09,6,23,160,510,100
161,1986,0,6004,1986-06-10,6,23,161,510,100
162,1986,0,6005,1986-06-11,6,24,162,510,100
163,1986,0,6006,1986-06-12,6,24,163,510,100
164,1986,0,6007,1986-06-13,6,24,164,510,100
165,1986,0,6008,1986-06-14,6,24,165,510,100
166,1986,0,6009,1986-06-15,6,24,166,510,100
167,1986,0,6010,1986-06-16,6,24,167,510,100
168,1986,0,6011,1986-06-17,6,24,168,510,100
169,1986,0,6012,1986-06-18,6,25,169,510,100
170,1986,0,6013,1986-06-19,6,25,170,510,100
171,1986,0,6014,1986-06-20,6,25,171,510,100
172,1986,0,6015,1986-06-21,6,25,172,510,100
173,1986,0,6016,1986-06-22,6,25,173,510,100
174,1986,0,6017,1986-06-23,6,25,174,510,100
175,1986,0,6018,1986-06-24,6,25,175,510,100
176,1986,0,6019,1986-06-25,6,26,176,510,100
177,1986,0,6020,1986-06-26,6,26,177,510,100
178,1986,0,6021,1986-06-27,6,26,178,510,100
179,1986,0,6022,1986-06-28,6,26,179,510,100
180,1986,0,6023,1986-06-29,6,26,180,510,100
1,1987,0,6209,1987-01-01,1,1,1,0,0
2,1987,0,6210,1987-01-02,1,1,2,0,0
3,1987,0,6211,1987-01-03,1,1,3,0,0
4,1987,0,6212,1987-01-04,1,1,4,0,0
5,1987,0,6213,1987-01-05,1,1,5,0,0
6,1987,0,6214,1987-01-06,1,1,6,0,0
7,1987,0,6215,1987-01-07,1,1,7,0,0
8,1987,0,6216,1987-01-08,1,2,8,0,0
9,1987,0,6217,1987-01-09,1,2,9,0,0
10,1987,0,6218,1987-01-10,1,2,10,0,0
11,1987,0,6219,1987-01-11,1,2,11,0,0
12,1987,0,6220,1987-01-12,1,2,12,0,0
13,1987,0,6221,1987-01-13,1,2,13,0,0
14,1987,0,6222,1987-01-14,1,2,14,0,0
15,1987,0,6223,1987-01-15,1,3,15,0,0
16,1987,0,6224,1987-01-16,1,3,16,0,0
17,1987,0,6225,1987-01-17,1,3,17,0,0
18,1987,0,6226,1987-01-18,1,3,18,0,0
19,1987,0,6227,1987-01-19,1,3,19,0,0
20,1987,0,6228,1987-01-20,1,3,20,0,0
21,1987,0,6229,1987-01-21,1,3,21,0,0
22,1987,0,6230,1987-01-22,1,4,22,0,0
23,1987,0,6231,1987-01-23,1,4,23,0,0
24,1987,0,6232,1987-01-24,1,4,24,0,0
25,1987,0,6233,1987-01-25,1,4,25,0,0
26,1987,0,6234,1987-01-26,1,4,26,0,0
27,1987,0,6235,1987-01-27,1,4,27,0,0
28,1987,0,6236,1987-01-28,1,4,28,0,0
29,1987,0,6237,1987-01-29,1,5,29,0,0
30,1987,0,6238,1987-01-30,1,5,30,0,0
31,1987,0,6239,1987-01-31,1,5,31,0,0
32,1987,0,6240,1987-02-01,2,5,32,0,0
33,1987,0,6241,1987-02-02,2,5,33,0,0
34,1987,0,6242,1987-02-03,2,5,34,0,0
35,1987,0,6243,1987-02-04,2,5,35,0,0
36,1987,0,6244,1987-02-05,2,6,36,0,0
37,1987,0,6245,1987-02-06,2,6,37,0,0
38,1987,0,6246,1987-02-07,2,6,38,0,0
39,1987,0,6247,1987-02-08,2,6,39,0,0
40,1987,0,6248,1987-02-09,2,6,40,0,0
41,1987,0,6249,1987-02-10,2,6,41,0,0
42,1987,0,6250,1987-02-11,2,6,42,0,0
43,1987,0,6251,1987-02-12,2,7,43,0,0
44,1987,0,6252,1987-02-13,2,7,44,0,0
45,1987,0,6253,1987-02-14,2,7,45,0,0
46,1987,0,6254,1987-02-15,2,7,46,0,0
47,1987,0,6255,1987-02-16,2,7,47,0,0
48,1987,0,6256,1987-02-17,2,7,48,0,0
49,1987,0,6257,1987-02-18,2,7,49,0,0
50,1987,0,6258,1987-02-19,2,8,50,0,0
51,1987,0,6259,1987-02-20,2,8,51,0,0
52,1987,0,6260,1987-02-21,2,8,52,0,0
53,1987,0,6261,1987-02-22,2,8,53,0,0
54,1987,0,6262,1987-02-23,2,8,54,0,0
55,1987,1,6263,1987-02-24,2,8,55,1,0.36900369003690037
56,1987,1,6264,1987-02-25,2,8,56,2,0.7380073800738007
57,1987,0,6265,1987-02-26,2,9,57,2,0.7380073800738007
58,1987,0,6266,1987-02-27,2,9,58,2,0.7380073800738007
59,1987,0,6267,1987-02-28,2,9,59,2,0.7380073800738007
60,1987,0,6268,1987-03-01,3,9,60,2,0.7380073800738007
61,1987,1,6269,1987-03-02,3,9,61,3,1.107011070110701
62,1987,0,6270,1987-03-03,3,9,62,3,1.107011070110701
63,1987,0,6271,1987-03-04,3,9,63,3,1.107011070110701
64,1987,2,6272,1987-03-05,3,10,64,5,1.8450184501845017
65,1987,2,6273,1987-03-06,3,10,65,7,2.5830258302583027
66,1987,0,6274,1987-03-07,3,10,66,7,2.5830258302583027
67,1987,0,6275,1987-03-08,3,10,67,7,2.5830258302583027
68,1987,5,6276,1987-03-09,3,10,68,12,4.428044280442804
69,1987,0,6277,1987-03-10,3,10,69,12,4.428044280442804
70,1987,0,6278,1987-03-11,3,10,70,12,4.428044280442804
71,1987,2,6279,1987-03-12,3,11,71,14,5.166051660516605
72,1987,0,6280,1987-03-13,3,11,72,14,5.166051660516605
73,1987,0,6281,1987-03-14,3,11,73,14,5.166051660516605
74,1987,0,6282,1987-03-15,3,11,74,14,5.166051660516605
75,1987,0,6283,1987-03-16,3,11,75,14,5.166051660516605
76,1987,10,6284,1987-03-17,3,11,76,24,8.856088560885608
77,1987,4,6285,1987-03-18,3,11,77,28,10.33210332103321
78,1987,2,6286,1987-03-19,3,12,78,30,11.07011070110701
79,1987,3,6287,1987-03-20,3,12,79,33,12.177121771217712
80,1987,5,6288,1987-03-21,3,12,80,38,14.022140221402212
81,1987,7,6289,1987-03-22,3,12,81,45,16.605166051660518
82,1987,1,6290,1987-03-23,3,12,82,46,16.974169741697416
83,1987,4,6291,1987-03-24,3,12,83,50,18.45018450184502
84,1987,5,6292,1987-03-25,3,12,84,55,20.29520295202952
85,1987,3,6293,1987-03-26,3,13,85,58,21.40221402214022
86,1987,0,6294,1987-03-27,3,13,86,58,21.40221402214022
87,1987,0,6295,1987-03-28,3,13,87,58,21.40221402214022
88,1987,0,6296,1987-03-29,3,13,88,58,21.40221402214022
89,1987,3,6297,1987-03-30,3,13,89,61,22.509225092250922
90,1987,0,6298,1987-03-31,3,13,90,61,22.509225092250922
91,1987,13,6299,1987-04-01,4,13,91,74,27.30627306273063
92,1987,13,6300,1987-04-02,4,14,92,87,32.10332103321033
93,1987,0,6301,1987-04-03,4,14,93,87,32.10332103321033
94,1987,6,6302,1987-04-04,4,14,94,93,34.31734317343174
95,1987,12,6303,1987-04-05,4,14,95,105,38.74538745387454
96,1987,7,6304,1987-04-06,4,14,96,112,41.32841328413284
97,1987,11,6305,1987-04-07,4,14,97,123,45.38745387453875
98,1987,12,6306,1987-04-08,4,14,98,135,49.815498154981555
99,1987,7,6307,1987-04-09,4,15,99,142,52.398523985239855
100,1987,13,6308,1987-04-10,4,15,100,155,57.19557195571956
101,1987,4,6309,1987-04-11,4,15,101,159,58.671586715867164
102,1987,6,6310,1987-04-12,4,15,102,165,60.88560885608856
103,1987,8,6311,1987-04-13,4,15,103,173,63.837638376383765
104,1987,9,6312,1987-04-14,4,15,104,182,67.15867158671587
105,1987,27,6313,1987-04-15,4,15,105,209,77.12177121771218
106,1987,15,6314,1987-04-16,4,16,106,224,82.65682656826569
107,1987,3,6315,1987-04-17,4,16,107,227,83.76383763837639
108,1987,10,6316,1987-04-18,4,16,108,237,87.4538745387454
109,1987,4,6317,1987-04-19,4,16,109,241,88.92988929889299
110,1987,3,6318,1987-04-20,4,16,110,244,90.03690036900369
111,1987,8,6319,1987-04-21,4,16,111,252,92.98892988929889
112,1987,7,6320,1987-04-22,4,16,112,259,95.5719557195572
113,1987,3,6321,1987-04-23,4,17,113,262,96.6789667896679
114,1987,0,6322,1987-04-24,4,17,114,262,96.6789667896679
115,1987,2,6323,1987-04-25,4,17,115,264,97.41697416974169
116,1987,2,6324,1987-04-26,4,17,116,266,98.1549815498155
117,1987,3,6325,1987-04-27,4,17,117,269,99.2619926199262
118,1987,2,6326,1987-04-28,4,17,118,271,100
119,1987,0,6327,1987-04-29,4,17,119,271,100
120,1987,0,6328,1987-04-30,4,18,120,271,100
121,1987,0,6329,1987-05-01,5,18,121,271,100
122,1987,0,6330,1987-05-02,5,18,122,271,100
123,1987,0,6331,1987-05-03,5,18,123,271,100
124,1987,0,6332,1987-05-04,5,18,124,271,100
125,1987,0,6333,1987-05-05,5,18,125,271,100
126,1987,0,6334,1987-05-06,5,18,126,271,100
127,1987,0,6335,1987-05-07,5,19,127,271,100
128,1987,0,6336,1987-05-08,5,19,128,271,100
129,1987,0,6337,1987-05-09,5,19,129,271,100
130,1987,0,6338,1987-05-10,5,19,130,271,100
131,1987,0,6339,1987-05-11,5,19,131,271,100
132,1987,0,6340,1987-05-12,5,19,132,271,100
133,1987,0,6341,1987-05-13,5,19,133,271,100
134,1987,0,6342,1987-05-14,5,20,134,271,100
135,1987,0,6343,1987-05-15,5,20,135,271,100
136,1987,0,6344,1987-05-16,5,20,136,271,100
137,1987,0,6345,1987-05-17,5,20,137,271,100
138,1987,0,6346,1987-05-18,5,20,138,271,100
139,1987,0,6347,1987-05-19,5,20,139,271,100
140,1987,0,6348,1987-05-20,5,20,140,271,100
141,1987,0,6349,1987-05-21,5,21,141,271,100
142,1987,0,6350,1987-05-22,5,21,142,271,100
143,1987,0,6351,1987-05-23,5,21,143,271,100
144,1987,0,6352,1987-05-24,5,21,144,271,100
145,1987,0,6353,1987-05-25,5,21,145,271,100
146,1987,0,6354,1987-05-26,5,21,146,271,100
147,1987,0,6355,1987-05-27,5,21,147,271,100
148,1987,0,6356,1987-05-28,5,22,148,271,100
149,1987,0,6357,1987-05-29,5,22,149,271,100
150,1987,0,6358,1987-05-30,5,22,150,271,100
151,1987,0,6359,1987-05-31,5,22,151,271,100
152,1987,0,6360,1987-06-01,6,22,152,271,100
153,1987,0,6361,1987-06-02,6,22,153,271,100
154,1987,0,6362,1987-06-03,6,22,154,271,100
155,1987,0,6363,1987-06-04,6,23,155,271,100
156,1987,0,6364,1987-06-05,6,23,156,271,100
157,1987,0,6365,1987-06-06,6,23,157,271,100
158,1987,0,6366,1987-06-07,6,23,158,271,100
159,1987,0,6367,1987-06-08,6,23,159,271,100
160,1987,0,6368,1987-06-09,6,23,160,271,100
161,1987,0,6369,1987-06-10,6,23,161,271,100
162,1987,0,6370,1987-06-11,6,24,162,271,100
163,1987,0,6371,1987-06-12,6,24,163,271,100
164,1987,0,6372,1987-06-13,6,24,164,271,100
165,1987,0,6373,1987-06-14,6,24,165,271,100
166,1987,0,6374,1987-06-15,6,24,166,271,100
167,1987,0,6375,1987-06-16,6,24,167,271,100
168,1987,0,6376,1987-06-17,6,24,168,271,100
169,1987,0,6377,1987-06-18,6,25,169,271,100
170,1987,0,6378,1987-06-19,6,25,170,271,100
171,1987,0,6379,1987-06-20,6,25,171,271,100
172,1987,0,6380,1987-06-21,6,25,172,271,100
173,1987,0,6381,1987-06-22,6,25,173,271,100
174,1987,0,6382,1987-06-23,6,25,174,271,100
175,1987,0,6383,1987-06-24,6,25,175,271,100
176,1987,0,6384,1987-06-25,6,26,176,271,100
177,1987,0,6385,1987-06-26,6,26,177,271,100
178,1987,0,6386,1987-06-27,6,26,178,271,100
179,1987,0,6387,1987-06-28,6,26,179,271,100
180,1987,0,6388,1987-06-29,6,26,180,271,100
1,1988,0,6574,1988-01-01,1,1,1,0,0
2,1988,0,6575,1988-01-02,1,1,2,0,0
3,1988,0,6576,1988-01-03,1,1,3,0,0
4,1988,0,6577,1988-01-04,1,1,4,0,0
5,1988,0,6578,1988-01-05,1,1,5,0,0
6,1988,0,6579,1988-01-06,1,1,6,0,0
7,1988,0,6580,1988-01-07,1,1,7,0,0
8,1988,0,6581,1988-01-08,1,2,8,0,0
9,1988,0,6582,1988-01-09,1,2,9,0,0
10,1988,0,6583,1988-01-10,1,2,10,0,0
11,1988,0,6584,1988-01-11,1,2,11,0,0
12,1988,0,6585,1988-01-12,1,2,12,0,0
13,1988,0,6586,1988-01-13,1,2,13,0,0
14,1988,0,6587,1988-01-14,1,2,14,0,0
15,1988,0,6588,1988-01-15,1,3,15,0,0
16,1988,0,6589,1988-01-16,1,3,16,0,0
17,1988,0,6590,1988-01-17,1,3,17,0,0
18,1988,0,6591,1988-01-18,1,3,18,0,0
19,1988,0,6592,1988-01-19,1,3,19,0,0
20,1988,0,6593,1988-01-20,1,3,20,0,0
21,1988,0,6594,1988-01-21,1,3,21,0,0
22,1988,0,6595,1988-01-22,1,4,22,0,0
23,1988,0,6596,1988-01-23,1,4,23,0,0
24,1988,0,6597,1988-01-24,1,4,24,0,0
25,1988,0,6598,1988-01-25,1,4,25,0,0
26,1988,0,6599,1988-01-26,1,4,26,0,0
27,1988,0,6600,1988-01-27,1,4,27,0,0
28,1988,0,6601,1988-01-28,1,4,28,0,0
29,1988,0,6602,1988-01-29,1,5,29,0,0
30,1988,0,6603,1988-01-30,1,5,30,0,0
31,1988,0,6604,1988-01-31,1,5,31,0,0
32,1988,0,6605,1988-02-01,2,5,32,0,0
33,1988,0,6606,1988-02-02,2,5,33,0,0
34,1988,0,6607,1988-02-03,2,5,34,0,0
35,1988,0,6608,1988-02-04,2,5,35,0,0
36,1988,0,6609,1988-02-05,2,6,36,0,0
37,1988,0,6610,1988-02-06,2,6,37,0,0
38,1988,0,6611,1988-02-07,2,6,38,0,0
39,1988,0,6612,1988-02-08,2,6,39,0,0
40,1988,0,6613,1988-02-09,2,6,40,0,0
41,1988,0,6614,1988-02-10,2,6,41,0,0
42,1988,0,6615,1988-02-11,2,6,42,0,0
43,1988,0,6616,1988-02-12,2,7,43,0,0
44,1988,0,6617,1988-02-13,2,7,44,0,0
45,1988,0,6618,1988-02-14,2,7,45,0,0
46,1988,0,6619,1988-02-15,2,7,46,0,0
47,1988,0,6620,1988-02-16,2,7,47,0,0
48,1988,0,6621,1988-02-17,2,7,48,0,0
49,1988,0,6622,1988-02-18,2,7,49,0,0
50,1988,0,6623,1988-02-19,2,8,50,0,0
51,1988,0,6624,1988-02-20,2,8,51,0,0
52,1988,0,6625,1988-02-21,2,8,52,0,0
53,1988,0,6626,1988-02-22,2,8,53,0,0
54,1988,0,6627,1988-02-23,2,8,54,0,0
55,1988,0,6628,1988-02-24,2,8,55,0,0
56,1988,0,6629,1988-02-25,2,8,56,0,0
57,1988,0,6630,1988-02-26,2,9,57,0,0
58,1988,0,6631,1988-02-27,2,9,58,0,0
59,1988,0,6632,1988-02-28,2,9,59,0,0
60,1988,0,6633,1988-02-29,2,9,60,0,0
61,1988,0,6634,1988-03-01,3,9,61,0,0
62,1988,0,6635,1988-03-02,3,9,62,0,0
63,1988,0,6636,1988-03-03,3,9,63,0,0
64,1988,0,6637,1988-03-04,3,10,64,0,0
65,1988,0,6638,1988-03-05,3,10,65,0,0
66,1988,0,6639,1988-03-06,3,10,66,0,0
67,1988,0,6640,1988-03-07,3,10,67,0,0
68,1988,0,6641,1988-03-08,3,10,68,0,0
69,1988,0,6642,1988-03-09,3,10,69,0,0
70,1988,0,6643,1988-03-10,3,10,70,0,0
71,1988,0,6644,1988-03-11,3,11,71,0,0
72,1988,0,6645,1988-03-12,3,11,72,0,0
73,1988,0,6646,1988-03-13,3,11,73,0,0
74,1988,0,6647,1988-03-14,3,11,74,0,0
75,1988,0,6648,1988-03-15,3,11,75,0,0
76,1988,6,6649,1988-03-16,3,11,76,6,2.0202020202020203
77,1988,0,6650,1988-03-17,3,11,77,6,2.0202020202020203
78,1988,0,6651,1988-03-18,3,12,78,6,2.0202020202020203
79,1988,3,6652,1988-03-19,3,12,79,9,3.0303030303030303
80,1988,2,6653,1988-03-20,3,12,80,11,3.7037037037037033
81,1988,0,6654,1988-03-21,3,12,81,11,3.7037037037037033
82,1988,7,6655,1988-03-22,3,12,82,18,6.0606060606060606
83,1988,2,6656,1988-03-23,3,12,83,20,6.7340067340067336
84,1988,2,6657,1988-03-24,3,12,84,22,7.4074074074074066
85,1988,8,6658,1988-03-25,3,13,85,30,10.1010101010101
86,1988,1,6659,1988-03-26,3,13,86,31,10.437710437710438
87,1988,0,6660,1988-03-27,3,13,87,31,10.437710437710438
88,1988,7,6661,1988-03-28,3,13,88,38,12.794612794612794
89,1988,0,6662,1988-03-29,3,13,89,38,12.794612794612794
90,1988,4,6663,1988-03-30,3,13,90,42,14.14141414141414
91,1988,1,6664,1988-03-31,3,13,91,43,14.47811447811448
92,1988,0,6665,1988-04-01,4,14,92,43,14.47811447811448
93,1988,7,6666,1988-04-02,4,14,93,50,16.835016835016837
94,1988,14,6667,1988-04-03,4,14,94,64,21.548821548821547
95,1988,19,6668,1988-04-04,4,14,95,83,27.946127946127948
96,1988,1,6669,1988-04-05,4,14,96,84,28.28282828282828
97,1988,6,6670,1988-04-06,4,14,97,90,30.303030303030305
98,1988,4,6671,1988-04-07,4,14,98,94,31.64983164983165
99,1988,0,6672,1988-04-08,4,15,99,94,31.64983164983165
100,1988,27,6673,1988-04-09,4,15,100,121,40.74074074074074
101,1988,17,6674,1988-04-10,4,15,101,138,46.464646464646464
102,1988,23,6675,1988-04-11,4,15,102,161,54.20875420875421
103,1988,9,6676,1988-04-12,4,15,103,170,57.23905723905723
104,1988,16,6677,1988-04-13,4,15,104,186,62.62626262626263
105,1988,15,6678,1988-04-14,4,15,105,201,67.67676767676768
106,1988,13,6679,1988-04-15,4,16,106,214,72.05387205387206
107,1988,11,6680,1988-04-16,4,16,107,225,75.75757575757575
108,1988,18,6681,1988-04-17,4,16,108,243,81.81818181818183
109,1988,15,6682,1988-04-18,4,16,109,258,86.86868686868688
110,1988,3,6683,1988-04-19,4,16,110,261,87.87878787878788
111,1988,11,6684,1988-04-20,4,16,111,272,91.58249158249158
112,1988,7,6685,1988-04-21,4,16,112,279,93.93939393939394
113,1988,5,6686,1988-04-22,4,17,113,284,95.62289562289563
114,1988,3,6687,1988-04-23,4,17,114,287,96.63299663299664
115,1988,3,6688,1988-04-24,4,17,115,290,97.64309764309765
116,1988,3,6689,1988-04-25,4,17,116,293,98.65319865319864
117,1988,0,6690,1988-04-26,4,17,117,293,98.65319865319864
118,1988,0,6691,1988-04-27,4,17,118,293,98.65319865319864
119,1988,1,6692,1988-04-28,4,17,119,294,98.98989898989899
120,1988,0,6693,1988-04-29,4,18,120,294,98.98989898989899
121,1988,0,6694,1988-04-30,4,18,121,294,98.98989898989899
122,1988,0,6695,1988-05-01,5,18,122,294,98.98989898989899
123,1988,2,6696,1988-05-02,5,18,123,296,99.66329966329967
124,1988,0,6697,1988-05-03,5,18,124,296,99.66329966329967
125,1988,1,6698,1988-05-04,5,18,125,297,100
126,1988,0,6699,1988-05-05,5,18,126,297,100
127,1988,0,6700,1988-05-06,5,19,127,297,100
128,1988,0,6701,1988-05-07,5,19,128,297,100
129,1988,0,6702,1988-05-08,5,19,129,297,100
130,1988,0,6703,1988-05-09,5,19,130,297,100
131,1988,0,6704,1988-05-10,5,19,131,297,100
132,1988,0,6705,1988-05-11,5,19,132,297,100
133,1988,0,6706,1988-05-12,5,19,133,297,100
134,1988,0,6707,1988-05-13,5,20,134,297,100
135,1988,0,6708,1988-05-14,5,20,135,297,100
136,1988,0,6709,1988-05-15,5,20,136,297,100
137,1988,0,6710,1988-05-16,5,20,137,297,100
138,1988,0,6711,1988-05-17,5,20,138,297,100
139,1988,0,6712,1988-05-18,5,20,139,297,100
140,1988,0,6713,1988-05-19,5,20,140,297,100
141,1988,0,6714,1988-05-20,5,21,141,297,100
142,1988,0,6715,1988-05-21,5,21,142,297,100
143,1988,0,6716,1988-05-22,5,21,143,297,100
144,1988,0,6717,1988-05-23,5,21,144,297,100
145,1988,0,6718,1988-05-24,5,21,145,297,100
146,1988,0,6719,1988-05-25,5,21,146,297,100
147,1988,0,6720,1988-05-26,5,21,147,297,100
148,1988,0,6721,1988-05-27,5,22,148,297,100
149,1988,0,6722,1988-05-28,5,22,149,297,100
150,1988,0,6723,1988-05-29,5,22,150,297,100
151,1988,0,6724,1988-05-30,5,22,151,297,100
152,1988,0,6725,1988-05-31,5,22,152,297,100
153,1988,0,6726,1988-06-01,6,22,153,297,100
154,1988,0,6727,1988-06-02,6,22,154,297,100
155,1988,0,6728,1988-06-03,6,23,155,297,100
156,1988,0,6729,1988-06-04,6,23,156,297,100
157,1988,0,6730,1988-06-05,6,23,157,297,100
158,1988,0,6731,1988-06-06,6,23,158,297,100
159,1988,0,6732,1988-06-07,6,23,159,297,100
160,1988,0,6733,1988-06-08,6,23,160,297,100
161,1988,0,6734,1988-06-09,6,23,161,297,100
162,1988,0,6735,1988-06-10,6,24,162,297,100
163,1988,0,6736,1988-06-11,6,24,163,297,100
164,1988,0,6737,1988-06-12,6,24,164,297,100
165,1988,0,6738,1988-06-13,6,24,165,297,100
166,1988,0,6739,1988-06-14,6,24,166,297,100
167,1988,0,6740,1988-06-15,6,24,167,297,100
168,1988,0,6741,1988-06-16,6,24,168,297,100
169,1988,0,6742,1988-06-17,6,25,169,297,100
170,1988,0,6743,1988-06-18,6,25,170,297,100
171,1988,0,6744,1988-06-19,6,25,171,297,100
172,1988,0,6745,1988-06-20,6,25,172,297,100
173,1988,0,6746,1988-06-21,6,25,173,297,100
174,1988,0,6747,1988-06-22,6,25,174,297,100
175,1988,0,6748,1988-06-23,6,25,175,297,100
176,1988,0,6749,1988-06-24,6,26,176,297,100
177,1988,0,6750,1988-06-25,6,26,177,297,100
178,1988,0,6751,1988-06-26,6,26,178,297,100
179,1988,0,6752,1988-06-27,6,26,179,297,100
180,1988,0,6753,1988-06-28,6,26,180,297,100
1,1989,0,6940,1989-01-01,1,1,1,0,0
2,1989,0,6941,1989-01-02,1,1,2,0,0
3,1989,0,6942,1989-01-03,1,1,3,0,0
4,1989,0,6943,1989-01-04,1,1,4,0,0
5,1989,0,6944,1989-01-05,1,1,5,0,0
6,1989,0,6945,1989-01-06,1,1,6,0,0
7,1989,0,6946,1989-01-07,1,1,7,0,0
8,1989,0,6947,1989-01-08,1,2,8,0,0
9,1989,0,6948,1989-01-09,1,2,9,0,0
10,1989,0,6949,1989-01-10,1,2,10,0,0
11,1989,0,6950,1989-01-11,1,2,11,0,0
12,1989,0,6951,1989-01-12,1,2,12,0,0
13,1989,0,6952,1989-01-13,1,2,13,0,0
14,1989,0,6953,1989-01-14,1,2,14,0,0
15,1989,0,6954,1989-01-15,1,3,15,0,0
16,1989,0,6955,1989-01-16,1,3,16,0,0
17,1989,0,6956,1989-01-17,1,3,17,0,0
18,1989,0,6957,1989-01-18,1,3,18,0,0
19,1989,0,6958,1989-01-19,1,3,19,0,0
20,1989,0,6959,1989-01-20,1,3,20,0,0
21,1989,0,6960,1989-01-21,1,3,21,0,0
22,1989,0,6961,1989-01-22,1,4,22,0,0
23,1989,0,6962,1989-01-23,1,4,23,0,0
24,1989,0,6963,1989-01-24,1,4,24,0,0
25,1989,0,6964,1989-01-25,1,4,25,0,0
26,1989,0,6965,1989-01-26,1,4,26,0,0
27,1989,0,6966,1989-01-27,1,4,27,0,0
28,1989,0,6967,1989-01-28,1,4,28,0,0
29,1989,0,6968,1989-01-29,1,5,29,0,0
30,1989,0,6969,1989-01-30,1,5,30,0,0
31,1989,0,6970,1989-01-31,1,5,31,0,0
32,1989,0,6971,1989-02-01,2,5,32,0,0
33,1989,0,6972,1989-02-02,2,5,33,0,0
34,1989,0,6973,1989-02-03,2,5,34,0,0
35,1989,0,6974,1989-02-04,2,5,35,0,0
36,1989,0,6975,1989-02-05,2,6,36,0,0
37,1989,0,6976,1989-02-06,2,6,37,0,0
38,1989,0,6977,1989-02-07,2,6,38,0,0
39,1989,0,6978,1989-02-08,2,6,39,0,0
40,1989,0,6979,1989-02-09,2,6,40,0,0
41,1989,2,6980,1989-02-10,2,6,41,2,0.36968576709796674
42,1989,0,6981,1989-02-11,2,6,42,2,0.36968576709796674
43,1989,0,6982,1989-02-12,2,7,43,2,0.36968576709796674
44,1989,0,6983,1989-02-13,2,7,44,2,0.36968576709796674
45,1989,0,6984,1989-02-14,2,7,45,2,0.36968576709796674
46,1989,0,6985,1989-02-15,2,7,46,2,0.36968576709796674
47,1989,0,6986,1989-02-16,2,7,47,2,0.36968576709796674
48,1989,1,6987,1989-02-17,2,7,48,3,0.5545286506469501
49,1989,0,6988,1989-02-18,2,7,49,3,0.5545286506469501
50,1989,0,6989,1989-02-19,2,8,50,3,0.5545286506469501
51,1989,3,6990,1989-02-20,2,8,51,6,1.1090573012939002
52,1989,1,6991,1989-02-21,2,8,52,7,1.2939001848428837
53,1989,0,6992,1989-02-22,2,8,53,7,1.2939001848428837
54,1989,0,6993,1989-02-23,2,8,54,7,1.2939001848428837
55,1989,0,6994,1989-02-24,2,8,55,7,1.2939001848428837
56,1989,0,6995,1989-02-25,2,8,56,7,1.2939001848428837
57,1989,0,6996,1989-02-26,2,9,57,7,1.2939001848428837
58,1989,0,6997,1989-02-27,2,9,58,7,1.2939001848428837
59,1989,0,6998,1989-02-28,2,9,59,7,1.2939001848428837
60,1989,0,6999,1989-03-01,3,9,60,7,1.2939001848428837
61,1989,0,7000,1989-03-02,3,9,61,7,1.2939001848428837
62,1989,0,7001,1989-03-03,3,9,62,7,1.2939001848428837
63,1989,1,7002,1989-03-04,3,9,63,8,1.478743068391867
64,1989,0,7003,1989-03-05,3,10,64,8,1.478743068391867
65,1989,0,7004,1989-03-06,3,10,65,8,1.478743068391867
66,1989,1,7005,1989-03-07,3,10,66,9,1.6635859519408502
67,1989,3,7006,1989-03-08,3,10,67,12,2.2181146025878005
68,1989,0,7007,1989-03-09,3,10,68,12,2.2181146025878005
69,1989,0,7008,1989-03-10,3,10,69,12,2.2181146025878005
70,1989,0,7009,1989-03-11,3,10,70,12,2.2181146025878005
71,1989,0,7010,1989-03-12,3,11,71,12,2.2181146025878005
72,1989,0,7011,1989-03-13,3,11,72,12,2.2181146025878005
73,1989,0,7012,1989-03-14,3,11,73,12,2.2181146025878005
74,1989,0,7013,1989-03-15,3,11,74,12,2.2181146025878005
75,1989,2,7014,1989-03-16,3,11,75,14,2.5878003696857674
76,1989,0,7015,1989-03-17,3,11,76,14,2.5878003696857674
77,1989,5,7016,1989-03-18,3,11,77,19,3.512014787430684
78,1989,2,7017,1989-03-19,3,12,78,21,3.8817005545286505
79,1989,0,7018,1989-03-20,3,12,79,21,3.8817005545286505
80,1989,8,7019,1989-03-21,3,12,80,29,5.360443622920517
81,1989,0,7020,1989-03-22,3,12,81,29,5.360443622920517
82,1989,5,7021,1989-03-23,3,12,82,34,6.284658040665435
83,1989,4,7022,1989-03-24,3,12,83,38,7.024029574861368
84,1989,11,7023,1989-03-25,3,12,84,49,9.057301293900185
85,1989,0,7024,1989-03-26,3,13,85,49,9.057301293900185
86,1989,5,7025,1989-03-27,3,13,86,54,9.981515711645102
87,1989,11,7026,1989-03-28,3,13,87,65,12.014787430683919
88,1989,10,7027,1989-03-29,3,13,88,75,13.863216266173753
89,1989,9,7028,1989-03-30,3,13,89,84,15.526802218114602
90,1989,14,7029,1989-03-31,3,13,90,98,18.11460258780037
91,1989,28,7030,1989-04-01,4,13,91,126,23.290203327171906
92,1989,9,7031,1989-04-02,4,14,92,135,24.953789279112755
93,1989,8,7032,1989-04-03,4,14,93,143,26.432532347504623
94,1989,1,7033,1989-04-04,4,14,94,144,26.617375231053604
95,1989,6,7034,1989-04-05,4,14,95,150,27.726432532347506
96,1989,21,7035,1989-04-06,4,14,96,171,31.608133086876155
97,1989,12,7036,1989-04-07,4,14,97,183,33.826247689463955
98,1989,16,7037,1989-04-08,4,14,98,199,36.78373382624769
99,1989,8,7038,1989-04-09,4,15,99,207,38.262476894639555
100,1989,40,7039,1989-04-10,4,15,100,247,45.65619223659889
101,1989,29,7040,1989-04-11,4,15,101,276,51.01663585951941
102,1989,22,7041,1989-04-12,4,15,102,298,55.08317929759704
103,1989,22,7042,1989-04-13,4,15,103,320,59.14972273567468
104,1989,13,7043,1989-04-14,4,15,104,333,61.552680221811464
105,1989,20,7044,1989-04-15,4,15,105,353,65.24953789279112
106,1989,14,7045,1989-04-16,4,16,106,367,67.8373382624769
107,1989,4,7046,1989-04-17,4,16,107,371,68.57670979667283
108,1989,10,7047,1989-04-18,4,16,108,381,70.42513863216267
109,1989,8,7048,1989-04-19,4,16,109,389,71.90388170055454
110,1989,5,7049,1989-04-20,4,16,110,394,72.82809611829944
111,1989,0,7050,1989-04-21,4,16,111,394,72.82809611829944
112,1989,30,7051,1989-04-22,4,16,112,424,78.37338262476895
113,1989,22,7052,1989-04-23,4,17,113,446,82.43992606284658
114,1989,15,7053,1989-04-24,4,17,114,461,85.21256931608133
115,1989,5,7054,1989-04-25,4,17,115,466,86.13678373382625
116,1989,12,7055,1989-04-26,4,17,116,478,88.35489833641404
117,1989,9,7056,1989-04-27,4,17,117,487,90.0184842883549
118,1989,5,7057,1989-04-28,4,17,118,492,90.9426987060998
119,1989,4,7058,1989-04-29,4,17,119,496,91.68207024029574
120,1989,9,7059,1989-04-30,4,18,120,505,93.3456561922366
121,1989,9,7060,1989-05-01,5,18,121,514,95.00924214417745
122,1989,7,7061,1989-05-02,5,18,122,521,96.30314232902033
123,1989,6,7062,1989-05-03,5,18,123,527,97.41219963031423
124,1989,4,7063,1989-05-04,5,18,124,531,98.15157116451016
125,1989,3,7064,1989-05-05,5,18,125,534,98.70609981515712
126,1989,3,7065,1989-05-06,5,18,126,537,99.26062846580407
127,1989,2,7066,1989-05-07,5,19,127,539,99.63031423290202
128,1989,0,7067,1989-05-08,5,19,128,539,99.63031423290202
129,1989,0,7068,1989-05-09,5,19,129,539,99.63031423290202
130,1989,0,7069,1989-05-10,5,19,130,539,99.63031423290202
131,1989,1,7070,1989-05-11,5,19,131,540,99.81515711645102
132,1989,0,7071,1989-05-12,5,19,132,540,99.81515711645102
133,1989,0,7072,1989-05-13,5,19,133,540,99.81515711645102
134,1989,0,7073,1989-05-14,5,20,134,540,99.81515711645102
135,1989,0,7074,1989-05-15,5,20,135,540,99.81515711645102
136,1989,0,7075,1989-05-16,5,20,136,540,99.81515711645102
137,1989,1,7076,1989-05-17,5,20,137,541,100
138,1989,0,7077,1989-05-18,5,20,138,541,100
139,1989,0,7078,1989-05-19,5,20,139,541,100
140,1989,0,7079,1989-05-20,5,20,140,541,100
141,1989,0,7080,1989-05-21,5,21,141,541,100
142,1989,0,7081,1989-05-22,5,21,142,541,100
143,1989,0,7082,1989-05-23,5,21,143,541,100
144,1989,0,7083,1989-05-24,5,21,144,541,100
145,1989,0,7084,1989-05-25,5,21,145,541,100
146,1989,0,7085,1989-05-26,5,21,146,541,100
147,1989,0,7086,1989-05-27,5,21,147,541,100
148,1989,0,7087,1989-05-28,5,22,148,541,100
149,1989,0,7088,1989-05-29,5,22,149,541,100
150,1989,0,7089,1989-05-30,5,22,150,541,100
151,1989,0,7090,1989-05-31,5,22,151,541,100
152,1989,0,7091,1989-06-01,6,22,152,541,100
153,1989,0,7092,1989-06-02,6,22,153,541,100
154,1989,0,7093,1989-06-03,6,22,154,541,100
155,1989,0,7094,1989-06-04,6,23,155,541,100
156,1989,0,7095,1989-06-05,6,23,156,541,100
157,1989,0,7096,1989-06-06,6,23,157,541,100
158,1989,0,7097,1989-06-07,6,23,158,541,100
159,1989,0,7098,1989-06-08,6,23,159,541,100
160,1989,0,7099,1989-06-09,6,23,160,541,100
161,1989,0,7100,1989-06-10,6,23,161,541,100
162,1989,0,7101,1989-06-11,6,24,162,541,100
163,1989,0,7102,1989-06-12,6,24,163,541,100
164,1989,0,7103,1989-06-13,6,24,164,541,100
165,1989,0,7104,1989-06-14,6,24,165,541,100
166,1989,0,7105,1989-06-15,6,24,166,541,100
167,1989,0,7106,1989-06-16,6,24,167,541,100
168,1989,0,7107,1989-06-17,6,24,168,541,100
169,1989,0,7108,1989-06-18,6,25,169,541,100
170,1989,0,7109,1989-06-19,6,25,170,541,100
171,1989,0,7110,1989-06-20,6,25,171,541,100
172,1989,0,7111,1989-06-21,6,25,172,541,100
173,1989,0,7112,1989-06-22,6,25,173,541,100
174,1989,0,7113,1989-06-23,6,25,174,541,100
175,1989,0,7114,1989-06-24,6,25,175,541,100
176,1989,0,7115,1989-06-25,6,26,176,541,100
177,1989,0,7116,1989-06-26,6,26,177,541,100
178,1989,0,7117,1989-06-27,6,26,178,541,100
179,1989,0,7118,1989-06-28,6,26,179,541,100
180,1989,0,7119,1989-06-29,6,26,180,541,100
1,1990,0,7305,1990-01-01,1,1,1,0,0
2,1990,0,7306,1990-01-02,1,1,2,0,0
3,1990,0,7307,1990-01-03,1,1,3,0,0
4,1990,0,7308,1990-01-04,1,1,4,0,0
5,1990,0,7309,1990-01-05,1,1,5,0,0
6,1990,0,7310,1990-01-06,1,1,6,0,0
7,1990,0,7311,1990-01-07,1,1,7,0,0
8,1990,0,7312,1990-01-08,1,2,8,0,0
9,1990,0,7313,1990-01-09,1,2,9,0,0
10,1990,0,7314,1990-01-10,1,2,10,0,0
11,1990,0,7315,1990-01-11,1,2,11,0,0
12,1990,0,7316,1990-01-12,1,2,12,0,0
13,1990,0,7317,1990-01-13,1,2,13,0,0
14,1990,0,7318,1990-01-14,1,2,14,0,0
15,1990,0,7319,1990-01-15,1,3,15,0,0
16,1990,0,7320,1990-01-16,1,3,16,0,0
17,1990,0,7321,1990-01-17,1,3,17,0,0
18,1990,0,7322,1990-01-18,1,3,18,0,0
19,1990,0,7323,1990-01-19,1,3,19,0,0
20,1990,0,7324,1990-01-20,1,3,20,0,0
21,1990,0,7325,1990-01-21,1,3,21,0,0
22,1990,0,7326,1990-01-22,1,4,22,0,0
23,1990,0,7327,1990-01-23,1,4,23,0,0
24,1990,0,7328,1990-01-24,1,4,24,0,0
25,1990,0,7329,1990-01-25,1,4,25,0,0
26,1990,2,7330,1990-01-26,1,4,26,2,0.2695417789757413
27,1990,0,7331,1990-01-27,1,4,27,2,0.2695417789757413
28,1990,0,7332,1990-01-28,1,4,28,2,0.2695417789757413
29,1990,0,7333,1990-01-29,1,5,29,2,0.2695417789757413
30,1990,0,7334,1990-01-30,1,5,30,2,0.2695417789757413
31,1990,0,7335,1990-01-31,1,5,31,2,0.2695417789757413
32,1990,0,7336,1990-02-01,2,5,32,2,0.2695417789757413
33,1990,0,7337,1990-02-02,2,5,33,2,0.2695417789757413
34,1990,0,7338,1990-02-03,2,5,34,2,0.2695417789757413
35,1990,0,7339,1990-02-04,2,5,35,2,0.2695417789757413
36,1990,0,7340,1990-02-05,2,6,36,2,0.2695417789757413
37,1990,0,7341,1990-02-06,2,6,37,2,0.2695417789757413
38,1990,0,7342,1990-02-07,2,6,38,2,0.2695417789757413
39,1990,0,7343,1990-02-08,2,6,39,2,0.2695417789757413
40,1990,0,7344,1990-02-09,2,6,40,2,0.2695417789757413
41,1990,0,7345,1990-02-10,2,6,41,2,0.2695417789757413
42,1990,0,7346,1990-02-11,2,6,42,2,0.2695417789757413
43,1990,0,7347,1990-02-12,2,7,43,2,0.2695417789757413
44,1990,0,7348,1990-02-13,2,7,44,2,0.2695417789757413
45,1990,0,7349,1990-02-14,2,7,45,2,0.2695417789757413
46,1990,0,7350,1990-02-15,2,7,46,2,0.2695417789757413
47,1990,0,7351,1990-02-16,2,7,47,2,0.2695417789757413
48,1990,0,7352,1990-02-17,2,7,48,2,0.2695417789757413
49,1990,0,7353,1990-02-18,2,7,49,2,0.2695417789757413
50,1990,0,7354,1990-02-19,2,8,50,2,0.2695417789757413
51,1990,0,7355,1990-02-20,2,8,51,2,0.2695417789757413
52,1990,0,7356,1990-02-21,2,8,52,2,0.2695417789757413
53,1990,0,7357,1990-02-22,2,8,53,2,0.2695417789757413
54,1990,0,7358,1990-02-23,2,8,54,2,0.2695417789757413
55,1990,1,7359,1990-02-24,2,8,55,3,0.40431266846361186
56,1990,0,7360,1990-02-25,2,8,56,3,0.40431266846361186
57,1990,0,7361,1990-02-26,2,9,57,3,0.40431266846361186
58,1990,0,7362,1990-02-27,2,9,58,3,0.40431266846361186
59,1990,0,7363,1990-02-28,2,9,59,3,0.40431266846361186
60,1990,0,7364,1990-03-01,3,9,60,3,0.40431266846361186
61,1990,0,7365,1990-03-02,3,9,61,3,0.40431266846361186
62,1990,0,7366,1990-03-03,3,9,62,3,0.40431266846361186
63,1990,1,7367,1990-03-04,3,9,63,4,0.5390835579514826
64,1990,4,7368,1990-03-05,3,10,64,8,1.078167115902965
65,1990,0,7369,1990-03-06,3,10,65,8,1.078167115902965
66,1990,0,7370,1990-03-07,3,10,66,8,1.078167115902965
67,1990,1,7371,1990-03-08,3,10,67,9,1.2129380053908356
68,1990,0,7372,1990-03-09,3,10,68,9,1.2129380053908356
69,1990,3,7373,1990-03-10,3,10,69,12,1.6172506738544474
70,1990,0,7374,1990-03-11,3,10,70,12,1.6172506738544474
71,1990,0,7375,1990-03-12,3,11,71,12,1.6172506738544474
72,1990,1,7376,1990-03-13,3,11,72,13,1.7520215633423182
73,1990,0,7377,1990-03-14,3,11,73,13,1.7520215633423182
74,1990,1,7378,1990-03-15,3,11,74,14,1.8867924528301887
75,1990,1,7379,1990-03-16,3,11,75,15,2.0215633423180592
76,1990,5,7380,1990-03-17,3,11,76,20,2.6954177897574128
77,1990,1,7381,1990-03-18,3,11,77,21,2.8301886792452833
78,1990,5,7382,1990-03-19,3,12,78,26,3.5040431266846364
79,1990,7,7383,1990-03-20,3,12,79,33,4.44743935309973
80,1990,6,7384,1990-03-21,3,12,80,39,5.256064690026954
81,1990,9,7385,1990-03-22,3,12,81,48,6.46900269541779
82,1990,4,7386,1990-03-23,3,12,82,52,7.008086253369273
83,1990,3,7387,1990-03-24,3,12,83,55,7.412398921832884
84,1990,2,7388,1990-03-25,3,12,84,57,7.681940700808626
85,1990,0,7389,1990-03-26,3,13,85,57,7.681940700808626
86,1990,0,7390,1990-03-27,3,13,86,57,7.681940700808626
87,1990,18,7391,1990-03-28,3,13,87,75,10.107816711590296
88,1990,14,7392,1990-03-29,3,13,88,89,11.994609164420485
89,1990,14,7393,1990-03-30,3,13,89,103,13.881401617250674
90,1990,20,7394,1990-03-31,3,13,90,123,16.576819407008088
91,1990,20,7395,1990-04-01,4,13,91,143,19.2722371967655
92,1990,18,7396,1990-04-02,4,14,92,161,21.69811320754717
93,1990,0,7397,1990-04-03,4,14,93,161,21.69811320754717
94,1990,0,7398,1990-04-04,4,14,94,161,21.69811320754717
95,1990,0,7399,1990-04-05,4,14,95,161,21.69811320754717
96,1990,19,7400,1990-04-06,4,14,96,180,24.258760107816713
97,1990,20,7401,1990-04-07,4,14,97,200,26.954177897574123
98,1990,0,7402,1990-04-08,4,14,98,200,26.954177897574123
99,1990,16,7403,1990-04-09,4,15,99,216,29.110512129380055
100,1990,49,7404,1990-04-10,4,15,100,265,35.714285714285715
101,1990,44,7405,1990-04-11,4,15,101,309,41.64420485175202
102,1990,52,7406,1990-04-12,4,15,102,361,48.65229110512129
103,1990,129,7407,1990-04-13,4,15,103,490,66.0377358490566
104,1990,60,7408,1990-04-14,4,15,104,550,74.12398921832884
105,1990,3,7409,1990-04-15,4,15,105,553,74.52830188679245
106,1990,3,7410,1990-04-16,4,16,106,556,74.93261455525607
107,1990,11,7411,1990-04-17,4,16,107,567,76.41509433962264
108,1990,20,7412,1990-04-18,4,16,108,587,79.11051212938006
109,1990,14,7413,1990-04-19,4,16,109,601,80.99730458221023
110,1990,7,7414,1990-04-20,4,16,110,608,81.94070080862534
111,1990,12,7415,1990-04-21,4,16,111,620,83.55795148247978
112,1990,8,7416,1990-04-22,4,16,112,628,84.63611859838275
113,1990,2,7417,1990-04-23,4,17,113,630,84.90566037735849
114,1990,31,7418,1990-04-24,4,17,114,661,89.08355795148249
115,1990,12,7419,1990-04-25,4,17,115,673,90.70080862533693
116,1990,14,7420,1990-04-26,4,17,116,687,92.58760107816711
117,1990,4,7421,1990-04-27,4,17,117,691,93.1266846361186
118,1990,3,7422,1990-04-28,4,17,118,694,93.53099730458221
119,1990,22,7423,1990-04-29,4,17,119,716,96.49595687331536
120,1990,4,7424,1990-04-30,4,18,120,720,97.03504043126685
121,1990,12,7425,1990-05-01,5,18,121,732,98.6522911051213
122,1990,6,7426,1990-05-02,5,18,122,738,99.46091644204851
123,1990,0,7427,1990-05-03,5,18,123,738,99.46091644204851
124,1990,2,7428,1990-05-04,5,18,124,740,99.73045822102425
125,1990,0,7429,1990-05-05,5,18,125,740,99.73045822102425
126,1990,0,7430,1990-05-06,5,18,126,740,99.73045822102425
127,1990,2,7431,1990-05-07,5,19,127,742,100
128,1990,0,7432,1990-05-08,5,19,128,742,100
129,1990,0,7433,1990-05-09,5,19,129,742,100
130,1990,0,7434,1990-05-10,5,19,130,742,100
131,1990,0,7435,1990-05-11,5,19,131,742,100
132,1990,0,7436,1990-05-12,5,19,132,742,100
133,1990,0,7437,1990-05-13,5,19,133,742,100
134,1990,0,7438,1990-05-14,5,20,134,742,100
135,1990,0,7439,1990-05-15,5,20,135,742,100
136,1990,0,7440,1990-05-16,5,20,136,742,100
137,1990,0,7441,1990-05-17,5,20,137,742,100
138,1990,0,7442,1990-05-18,5,20,138,742,100
139,1990,0,7443,1990-05-19,5,20,139,742,100
140,1990,0,7444,1990-05-20,5,20,140,742,100
141,1990,0,7445,1990-05-21,5,21,141,742,100
142,1990,0,7446,1990-05-22,5,21,142,742,100
143,1990,0,7447,1990-05-23,5,21,143,742,100
144,1990,0,7448,1990-05-24,5,21,144,742,100
145,1990,0,7449,1990-05-25,5,21,145,742,100
146,1990,0,7450,1990-05-26,5,21,146,742,100
147,1990,0,7451,1990-05-27,5,21,147,742,100
148,1990,0,7452,1990-05-28,5,22,148,742,100
149,1990,0,7453,1990-05-29,5,22,149,742,100
150,1990,0,7454,1990-05-30,5,22,150,742,100
151,1990,0,7455,1990-05-31,5,22,151,742,100
152,1990,0,7456,1990-06-01,6,22,152,742,100
153,1990,0,7457,1990-06-02,6,22,153,742,100
154,1990,0,7458,1990-06-03,6,22,154,742,100
155,1990,0,7459,1990-06-04,6,23,155,742,100
156,1990,0,7460,1990-06-05,6,23,156,742,100
157,1990,0,7461,1990-06-06,6,23,157,742,100
158,1990,0,7462,1990-06-07,6,23,158,742,100
159,1990,0,7463,1990-06-08,6,23,159,742,100
160,1990,0,7464,1990-06-09,6,23,160,742,100
161,1990,0,7465,1990-06-10,6,23,161,742,100
162,1990,0,7466,1990-06-11,6,24,162,742,100
163,1990,0,7467,1990-06-12,6,24,163,742,100
164,1990,0,7468,1990-06-13,6,24,164,742,100
165,1990,0,7469,1990-06-14,6,24,165,742,100
166,1990,0,7470,1990-06-15,6,24,166,742,100
167,1990,0,7471,1990-06-16,6,24,167,742,100
168,1990,0,7472,1990-06-17,6,24,168,742,100
169,1990,0,7473,1990-06-18,6,25,169,742,100
170,1990,0,7474,1990-06-19,6,25,170,742,100
171,1990,0,7475,1990-06-20,6,25,171,742,100
172,1990,0,7476,1990-06-21,6,25,172,742,100
173,1990,0,7477,1990-06-22,6,25,173,742,100
174,1990,0,7478,1990-06-23,6,25,174,742,100
175,1990,0,7479,1990-06-24,6,25,175,742,100
176,1990,0,7480,1990-06-25,6,26,176,742,100
177,1990,0,7481,1990-06-26,6,26,177,742,100
178,1990,0,7482,1990-06-27,6,26,178,742,100
179,1990,0,7483,1990-06-28,6,26,179,742,100
180,1990,0,7484,1990-06-29,6,26,180,742,100
1,1991,0,7670,1991-01-01,1,1,1,0,0
2,1991,0,7671,1991-01-02,1,1,2,0,0
3,1991,0,7672,1991-01-03,1,1,3,0,0
4,1991,0,7673,1991-01-04,1,1,4,0,0
5,1991,0,7674,1991-01-05,1,1,5,0,0
6,1991,0,7675,1991-01-06,1,1,6,0,0
7,1991,0,7676,1991-01-07,1,1,7,0,0
8,1991,0,7677,1991-01-08,1,2,8,0,0
9,1991,0,7678,1991-01-09,1,2,9,0,0
10,1991,0,7679,1991-01-10,1,2,10,0,0
11,1991,0,7680,1991-01-11,1,2,11,0,0
12,1991,0,7681,1991-01-12,1,2,12,0,0
13,1991,0,7682,1991-01-13,1,2,13,0,0
14,1991,0,7683,1991-01-14,1,2,14,0,0
15,1991,0,7684,1991-01-15,1,3,15,0,0
16,1991,0,7685,1991-01-16,1,3,16,0,0
17,1991,0,7686,1991-01-17,1,3,17,0,0
18,1991,0,7687,1991-01-18,1,3,18,0,0
19,1991,0,7688,1991-01-19,1,3,19,0,0
20,1991,0,7689,1991-01-20,1,3,20,0,0
21,1991,0,7690,1991-01-21,1,3,21,0,0
22,1991,0,7691,1991-01-22,1,4,22,0,0
23,1991,0,7692,1991-01-23,1,4,23,0,0
24,1991,0,7693,1991-01-24,1,4,24,0,0
25,1991,0,7694,1991-01-25,1,4,25,0,0
26,1991,0,7695,1991-01-26,1,4,26,0,0
27,1991,0,7696,1991-01-27,1,4,27,0,0
28,1991,0,7697,1991-01-28,1,4,28,0,0
29,1991,0,7698,1991-01-29,1,5,29,0,0
30,1991,0,7699,1991-01-30,1,5,30,0,0
31,1991,0,7700,1991-01-31,1,5,31,0,0
32,1991,0,7701,1991-02-01,2,5,32,0,0
33,1991,0,7702,1991-02-02,2,5,33,0,0
34,1991,0,7703,1991-02-03,2,5,34,0,0
35,1991,0,7704,1991-02-04,2,5,35,0,0
36,1991,0,7705,1991-02-05,2,6,36,0,0
37,1991,0,7706,1991-02-06,2,6,37,0,0
38,1991,0,7707,1991-02-07,2,6,38,0,0
39,1991,0,7708,1991-02-08,2,6,39,0,0
40,1991,0,7709,1991-02-09,2,6,40,0,0
41,1991,0,7710,1991-02-10,2,6,41,0,0
42,1991,0,7711,1991-02-11,2,6,42,0,0
43,1991,0,7712,1991-02-12,2,7,43,0,0
44,1991,0,7713,1991-02-13,2,7,44,0,0
45,1991,0,7714,1991-02-14,2,7,45,0,0
46,1991,0,7715,1991-02-15,2,7,46,0,0
47,1991,0,7716,1991-02-16,2,7,47,0,0
48,1991,0,7717,1991-02-17,2,7,48,0,0
49,1991,0,7718,1991-02-18,2,7,49,0,0
50,1991,0,7719,1991-02-19,2,8,50,0,0
51,1991,0,7720,1991-02-20,2,8,51,0,0
52,1991,0,7721,1991-02-21,2,8,52,0,0
53,1991,0,7722,1991-02-22,2,8,53,0,0
54,1991,0,7723,1991-02-23,2,8,54,0,0
55,1991,0,7724,1991-02-24,2,8,55,0,0
56,1991,0,7725,1991-02-25,2,8,56,0,0
57,1991,0,7726,1991-02-26,2,9,57,0,0
58,1991,0,7727,1991-02-27,2,9,58,0,0
59,1991,0,7728,1991-02-28,2,9,59,0,0
60,1991,0,7729,1991-03-01,3,9,60,0,0
61,1991,0,7730,1991-03-02,3,9,61,0,0
62,1991,0,7731,1991-03-03,3,9,62,0,0
63,1991,0,7732,1991-03-04,3,9,63,0,0
64,1991,0,7733,1991-03-05,3,10,64,0,0
65,1991,0,7734,1991-03-06,3,10,65,0,0
66,1991,0,7735,1991-03-07,3,10,66,0,0
67,1991,0,7736,1991-03-08,3,10,67,0,0
68,1991,0,7737,1991-03-09,3,10,68,0,0
69,1991,0,7738,1991-03-10,3,10,69,0,0
70,1991,0,7739,1991-03-11,3,10,70,0,0
71,1991,0,7740,1991-03-12,3,11,71,0,0
72,1991,0,7741,1991-03-13,3,11,72,0,0
73,1991,0,7742,1991-03-14,3,11,73,0,0
74,1991,0,7743,1991-03-15,3,11,74,0,0
75,1991,5,7744,1991-03-16,3,11,75,5,3.3333333333333335
76,1991,2,7745,1991-03-17,3,11,76,7,4.666666666666667
77,1991,5,7746,1991-03-18,3,11,77,12,8
78,1991,2,7747,1991-03-19,3,12,78,14,9.333333333333334
79,1991,1,7748,1991-03-20,3,12,79,15,10
80,1991,0,7749,1991-03-21,3,12,80,15,10
81,1991,0,7750,1991-03-22,3,12,81,15,10
82,1991,1,7751,1991-03-23,3,12,82,16,10.666666666666668
83,1991,0,7752,1991-03-24,3,12,83,16,10.666666666666668
84,1991,2,7753,1991-03-25,3,12,84,18,12
85,1991,0,7754,1991-03-26,3,13,85,18,12
86,1991,3,7755,1991-03-27,3,13,86,21,14.000000000000002
87,1991,0,7756,1991-03-28,3,13,87,21,14.000000000000002
88,1991,7,7757,1991-03-29,3,13,88,28,18.666666666666668
89,1991,5,7758,1991-03-30,3,13,89,33,22
90,1991,2,7759,1991-03-31,3,13,90,35,23.333333333333332
91,1991,5,7760,1991-04-01,4,13,91,40,26.666666666666668
92,1991,6,7761,1991-04-02,4,14,92,46,30.666666666666664
93,1991,4,7762,1991-04-03,4,14,93,50,33.33333333333333
94,1991,17,7763,1991-04-04,4,14,94,67,44.666666666666664
95,1991,2,7764,1991-04-05,4,14,95,69,46
96,1991,1,7765,1991-04-06,4,14,96,70,46.666666666666664
97,1991,2,7766,1991-04-07,4,14,97,72,48
98,1991,6,7767,1991-04-08,4,14,98,78,52
99,1991,8,7768,1991-04-09,4,15,99,86,57.333333333333336
100,1991,9,7769,1991-04-10,4,15,100,95,63.33333333333333
101,1991,14,7770,1991-04-11,4,15,101,109,72.66666666666667
102,1991,14,7771,1991-04-12,4,15,102,123,82
103,1991,0,7772,1991-04-13,4,15,103,123,82
104,1991,14,7773,1991-04-14,4,15,104,137,91.33333333333333
105,1991,5,7774,1991-04-15,4,15,105,142,94.66666666666667
106,1991,0,7775,1991-04-16,4,16,106,142,94.66666666666667
107,1991,0,7776,1991-04-17,4,16,107,142,94.66666666666667
108,1991,0,7777,1991-04-18,4,16,108,142,94.66666666666667
109,1991,5,7778,1991-04-19,4,16,109,147,98
110,1991,0,7779,1991-04-20,4,16,110,147,98
111,1991,0,7780,1991-04-21,4,16,111,147,98
112,1991,0,7781,1991-04-22,4,16,112,147,98
113,1991,0,7782,1991-04-23,4,17,113,147,98
114,1991,0,7783,1991-04-24,4,17,114,147,98
115,1991,0,7784,1991-04-25,4,17,115,147,98
116,1991,0,7785,1991-04-26,4,17,116,147,98
117,1991,0,7786,1991-04-27,4,17,117,147,98
118,1991,0,7787,1991-04-28,4,17,118,147,98
119,1991,0,7788,1991-04-29,4,17,119,147,98
120,1991,0,7789,1991-04-30,4,18,120,147,98
121,1991,0,7790,1991-05-01,5,18,121,147,98
122,1991,3,7791,1991-05-02,5,18,122,150,100
123,1991,0,7792,1991-05-03,5,18,123,150,100
124,1991,0,7793,1991-05-04,5,18,124,150,100
125,1991,0,7794,1991-05-05,5,18,125,150,100
126,1991,0,7795,1991-05-06,5,18,126,150,100
127,1991,0,7796,1991-05-07,5,19,127,150,100
128,1991,0,7797,1991-05-08,5,19,128,150,100
129,1991,0,7798,1991-05-09,5,19,129,150,100
130,1991,0,7799,1991-05-10,5,19,130,150,100
131,1991,0,7800,1991-05-11,5,19,131,150,100
132,1991,0,7801,1991-05-12,5,19,132,150,100
133,1991,0,7802,1991-05-13,5,19,133,150,100
134,1991,0,7803,1991-05-14,5,20,134,150,100
135,1991,0,7804,1991-05-15,5,20,135,150,100
136,1991,0,7805,1991-05-16,5,20,136,150,100
137,1991,0,7806,1991-05-17,5,20,137,150,100
138,1991,0,7807,1991-05-18,5,20,138,150,100
139,1991,0,7808,1991-05-19,5,20,139,150,100
140,1991,0,7809,1991-05-20,5,20,140,150,100
141,1991,0,7810,1991-05-21,5,21,141,150,100
142,1991,0,7811,1991-05-22,5,21,142,150,100
143,1991,0,7812,1991-05-23,5,21,143,150,100
144,1991,0,7813,1991-05-24,5,21,144,150,100
145,1991,0,7814,1991-05-25,5,21,145,150,100
146,1991,0,7815,1991-05-26,5,21,146,150,100
147,1991,0,7816,1991-05-27,5,21,147,150,100
148,1991,0,7817,1991-05-28,5,22,148,150,100
149,1991,0,7818,1991-05-29,5,22,149,150,100
150,1991,0,7819,1991-05-30,5,22,150,150,100
151,1991,0,7820,1991-05-31,5,22,151,150,100
152,1991,0,7821,1991-06-01,6,22,152,150,100
153,1991,0,7822,1991-06-02,6,22,153,150,100
154,1991,0,7823,1991-06-03,6,22,154,150,100
155,1991,0,7824,1991-06-04,6,23,155,150,100
156,1991,0,7825,1991-06-05,6,23,156,150,100
157,1991,0,7826,1991-06-06,6,23,157,150,100
158,1991,0,7827,1991-06-07,6,23,158,150,100
159,1991,0,7828,1991-06-08,6,23,159,150,100
160,1991,0,7829,1991-06-09,6,23,160,150,100
161,1991,0,7830,1991-06-10,6,23,161,150,100
162,1991,0,7831,1991-06-11,6,24,162,150,100
163,1991,0,7832,1991-06-12,6,24,163,150,100
164,1991,0,7833,1991-06-13,6,24,164,150,100
165,1991,0,7834,1991-06-14,6,24,165,150,100
166,1991,0,7835,1991-06-15,6,24,166,150,100
167,1991,0,7836,1991-06-16,6,24,167,150,100
168,1991,0,7837,1991-06-17,6,24,168,150,100
169,1991,0,7838,1991-06-18,6,25,169,150,100
170,1991,0,7839,1991-06-19,6,25,170,150,100
171,1991,0,7840,1991-06-20,6,25,171,150,100
172,1991,0,7841,1991-06-21,6,25,172,150,100
173,1991,0,7842,1991-06-22,6,25,173,150,100
174,1991,0,7843,1991-06-23,6,25,174,150,100
175,1991,0,7844,1991-06-24,6,25,175,150,100
176,1991,0,7845,1991-06-25,6,26,176,150,100
177,1991,0,7846,1991-06-26,6,26,177,150,100
178,1991,0,7847,1991-06-27,6,26,178,150,100
179,1991,0,7848,1991-06-28,6,26,179,150,100
180,1991,0,7849,1991-06-29,6,26,180,150,100
1,1992,0,8035,1992-01-01,1,1,1,0,0
2,1992,0,8036,1992-01-02,1,1,2,0,0
3,1992,0,8037,1992-01-03,1,1,3,0,0
4,1992,0,8038,1992-01-04,1,1,4,0,0
5,1992,0,8039,1992-01-05,1,1,5,0,0
6,1992,0,8040,1992-01-06,1,1,6,0,0
7,1992,0,8041,1992-01-07,1,1,7,0,0
8,1992,0,8042,1992-01-08,1,2,8,0,0
9,1992,0,8043,1992-01-09,1,2,9,0,0
10,1992,0,8044,1992-01-10,1,2,10,0,0
11,1992,0,8045,1992-01-11,1,2,11,0,0
12,1992,0,8046,1992-01-12,1,2,12,0,0
13,1992,0,8047,1992-01-13,1,2,13,0,0
14,1992,0,8048,1992-01-14,1,2,14,0,0
15,1992,0,8049,1992-01-15,1,3,15,0,0
16,1992,0,8050,1992-01-16,1,3,16,0,0
17,1992,0,8051,1992-01-17,1,3,17,0,0
18,1992,0,8052,1992-01-18,1,3,18,0,0
19,1992,0,8053,1992-01-19,1,3,19,0,0
20,1992,0,8054,1992-01-20,1,3,20,0,0
21,1992,0,8055,1992-01-21,1,3,21,0,0
22,1992,0,8056,1992-01-22,1,4,22,0,0
23,1992,0,8057,1992-01-23,1,4,23,0,0
24,1992,0,8058,1992-01-24,1,4,24,0,0
25,1992,0,8059,1992-01-25,1,4,25,0,0
26,1992,0,8060,1992-01-26,1,4,26,0,0
27,1992,0,8061,1992-01-27,1,4,27,0,0
28,1992,0,8062,1992-01-28,1,4,28,0,0
29,1992,0,8063,1992-01-29,1,5,29,0,0
30,1992,0,8064,1992-01-30,1,5,30,0,0
31,1992,0,8065,1992-01-31,1,5,31,0,0
32,1992,0,8066,1992-02-01,2,5,32,0,0
33,1992,0,8067,1992-02-02,2,5,33,0,0
34,1992,0,8068,1992-02-03,2,5,34,0,0
35,1992,0,8069,1992-02-04,2,5,35,0,0
36,1992,0,8070,1992-02-05,2,6,36,0,0
37,1992,0,8071,1992-02-06,2,6,37,0,0
38,1992,0,8072,1992-02-07,2,6,38,0,0
39,1992,0,8073,1992-02-08,2,6,39,0,0
40,1992,0,8074,1992-02-09,2,6,40,0,0
41,1992,0,8075,1992-02-10,2,6,41,0,0
42,1992,0,8076,1992-02-11,2,6,42,0,0
43,1992,0,8077,1992-02-12,2,7,43,0,0
44,1992,0,8078,1992-02-13,2,7,44,0,0
45,1992,0,8079,1992-02-14,2,7,45,0,0
46,1992,0,8080,1992-02-15,2,7,46,0,0
47,1992,0,8081,1992-02-16,2,7,47,0,0
48,1992,0,8082,1992-02-17,2,7,48,0,0
49,1992,0,8083,1992-02-18,2,7,49,0,0
50,1992,0,8084,1992-02-19,2,8,50,0,0
51,1992,0,8085,1992-02-20,2,8,51,0,0
52,1992,0,8086,1992-02-21,2,8,52,0,0
53,1992,0,8087,1992-02-22,2,8,53,0,0
54,1992,0,8088,1992-02-23,2,8,54,0,0
55,1992,0,8089,1992-02-24,2,8,55,0,0
56,1992,0,8090,1992-02-25,2,8,56,0,0
57,1992,0,8091,1992-02-26,2,9,57,0,0
58,1992,0,8092,1992-02-27,2,9,58,0,0
59,1992,0,8093,1992-02-28,2,9,59,0,0
60,1992,0,8094,1992-02-29,2,9,60,0,0
61,1992,0,8095,1992-03-01,3,9,61,0,0
62,1992,0,8096,1992-03-02,3,9,62,0,0
63,1992,0,8097,1992-03-03,3,9,63,0,0
64,1992,2,8098,1992-03-04,3,10,64,2,0.34843205574912894
65,1992,1,8099,1992-03-05,3,10,65,3,0.5226480836236934
66,1992,0,8100,1992-03-06,3,10,66,3,0.5226480836236934
67,1992,0,8101,1992-03-07,3,10,67,3,0.5226480836236934
68,1992,0,8102,1992-03-08,3,10,68,3,0.5226480836236934
69,1992,0,8103,1992-03-09,3,10,69,3,0.5226480836236934
70,1992,5,8104,1992-03-10,3,10,70,8,1.3937282229965158
71,1992,0,8105,1992-03-11,3,11,71,8,1.3937282229965158
72,1992,1,8106,1992-03-12,3,11,72,9,1.5679442508710801
73,1992,2,8107,1992-03-13,3,11,73,11,1.9163763066202089
74,1992,0,8108,1992-03-14,3,11,74,11,1.9163763066202089
75,1992,1,8109,1992-03-15,3,11,75,12,2.0905923344947737
76,1992,0,8110,1992-03-16,3,11,76,12,2.0905923344947737
77,1992,6,8111,1992-03-17,3,11,77,18,3.1358885017421603
78,1992,0,8112,1992-03-18,3,12,78,18,3.1358885017421603
79,1992,0,8113,1992-03-19,3,12,79,18,3.1358885017421603
80,1992,0,8114,1992-03-20,3,12,80,18,3.1358885017421603
81,1992,3,8115,1992-03-21,3,12,81,21,3.6585365853658534
82,1992,0,8116,1992-03-22,3,12,82,21,3.6585365853658534
83,1992,0,8117,1992-03-23,3,12,83,21,3.6585365853658534
84,1992,22,8118,1992-03-24,3,12,84,43,7.491289198606271
85,1992,25,8119,1992-03-25,3,13,85,68,11.846689895470384
86,1992,24,8120,1992-03-26,3,13,86,92,16.02787456445993
87,1992,6,8121,1992-03-27,3,13,87,98,17.073170731707318
88,1992,5,8122,1992-03-28,3,13,88,103,17.94425087108014
89,1992,7,8123,1992-03-29,3,13,89,110,19.16376306620209
90,1992,10,8124,1992-03-30,3,13,90,120,20.905923344947734
91,1992,3,8125,1992-03-31,3,13,91,123,21.428571428571427
92,1992,7,8126,1992-04-01,4,14,92,130,22.64808362369338
93,1992,3,8127,1992-04-02,4,14,93,133,23.170731707317074
94,1992,0,8128,1992-04-03,4,14,94,133,23.170731707317074
95,1992,0,8129,1992-04-04,4,14,95,133,23.170731707317074
96,1992,0,8130,1992-04-05,4,14,96,133,23.170731707317074
97,1992,6,8131,1992-04-06,4,14,97,139,24.21602787456446
98,1992,34,8132,1992-04-07,4,14,98,173,30.139372822299652
99,1992,10,8133,1992-04-08,4,15,99,183,31.881533101045296
100,1992,15,8134,1992-04-09,4,15,100,198,34.494773519163765
101,1992,7,8135,1992-04-10,4,15,101,205,35.714285714285715
102,1992,5,8136,1992-04-11,4,15,102,210,36.58536585365854
103,1992,9,8137,1992-04-12,4,15,103,219,38.153310104529616
104,1992,12,8138,1992-04-13,4,15,104,231,40.243902439024396
105,1992,5,8139,1992-04-14,4,15,105,236,41.11498257839721
106,1992,24,8140,1992-04-15,4,16,106,260,45.29616724738676
107,1992,64,8141,1992-04-16,4,16,107,324,56.44599303135889
108,1992,11,8142,1992-04-17,4,16,108,335,58.36236933797909
109,1992,27,8143,1992-04-18,4,16,109,362,63.06620209059234
110,1992,17,8144,1992-04-19,4,16,110,379,66.02787456445994
111,1992,33,8145,1992-04-20,4,16,111,412,71.77700348432056
112,1992,45,8146,1992-04-21,4,16,112,457,79.61672473867596
113,1992,13,8147,1992-04-22,4,17,113,470,81.8815331010453
114,1992,16,8148,1992-04-23,4,17,114,486,84.66898954703834
115,1992,12,8149,1992-04-24,4,17,115,498,86.7595818815331
116,1992,13,8150,1992-04-25,4,17,116,511,89.02439024390245
117,1992,47,8151,1992-04-26,4,17,117,558,97.21254355400697
118,1992,4,8152,1992-04-27,4,17,118,562,97.90940766550523
119,1992,7,8153,1992-04-28,4,17,119,569,99.12891986062718
120,1992,0,8154,1992-04-29,4,18,120,569,99.12891986062718
121,1992,3,8155,1992-04-30,4,18,121,572,99.65156794425087
122,1992,2,8156,1992-05-01,5,18,122,574,100
123,1992,0,8157,1992-05-02,5,18,123,574,100
124,1992,0,8158,1992-05-03,5,18,124,574,100
125,1992,0,8159,1992-05-04,5,18,125,574,100
126,1992,0,8160,1992-05-05,5,18,126,574,100
127,1992,0,8161,1992-05-06,5,19,127,574,100
128,1992,0,8162,1992-05-07,5,19,128,574,100
129,1992,0,8163,1992-05-08,5,19,129,574,100
130,1992,0,8164,1992-05-09,5,19,130,574,100
131,1992,0,8165,1992-05-10,5,19,131,574,100
132,1992,0,8166,1992-05-11,5,19,132,574,100
133,1992,0,8167,1992-05-12,5,19,133,574,100
134,1992,0,8168,1992-05-13,5,20,134,574,100
135,1992,0,8169,1992-05-14,5,20,135,574,100
136,1992,0,8170,1992-05-15,5,20,136,574,100
137,1992,0,8171,1992-05-16,5,20,137,574,100
138,1992,0,8172,1992-05-17,5,20,138,574,100
139,1992,0,8173,1992-05-18,5,20,139,574,100
140,1992,0,8174,1992-05-19,5,20,140,574,100
141,1992,0,8175,1992-05-20,5,21,141,574,100
142,1992,0,8176,1992-05-21,5,21,142,574,100
143,1992,0,8177,1992-05-22,5,21,143,574,100
144,1992,0,8178,1992-05-23,5,21,144,574,100
145,1992,0,8179,1992-05-24,5,21,145,574,100
146,1992,0,8180,1992-05-25,5,21,146,574,100
147,1992,0,8181,1992-05-26,5,21,147,574,100
148,1992,0,8182,1992-05-27,5,22,148,574,100
149,1992,0,8183,1992-05-28,5,22,149,574,100
150,1992,0,8184,1992-05-29,5,22,150,574,100
151,1992,0,8185,1992-05-30,5,22,151,574,100
152,1992,0,8186,1992-05-31,5,22,152,574,100
153,1992,0,8187,1992-06-01,6,22,153,574,100
154,1992,0,8188,1992-06-02,6,22,154,574,100
155,1992,0,8189,1992-06-03,6,23,155,574,100
156,1992,0,8190,1992-06-04,6,23,156,574,100
157,1992,0,8191,1992-06-05,6,23,157,574,100
158,1992,0,8192,1992-06-06,6,23,158,574,100
159,1992,0,8193,1992-06-07,6,23,159,574,100
160,1992,0,8194,1992-06-08,6,23,160,574,100
161,1992,0,8195,1992-06-09,6,23,161,574,100
162,1992,0,8196,1992-06-10,6,24,162,574,100
163,1992,0,8197,1992-06-11,6,24,163,574,100
164,1992,0,8198,1992-06-12,6,24,164,574,100
165,1992,0,8199,1992-06-13,6,24,165,574,100
166,1992,0,8200,1992-06-14,6,24,166,574,100
167,1992,0,8201,1992-06-15,6,24,167,574,100
168,1992,0,8202,1992-06-16,6,24,168,574,100
169,1992,0,8203,1992-06-17,6,25,169,574,100
170,1992,0,8204,1992-06-18,6,25,170,574,100
171,1992,0,8205,1992-06-19,6,25,171,574,100
172,1992,0,8206,1992-06-20,6,25,172,574,100
173,1992,0,8207,1992-06-21,6,25,173,574,100
174,1992,0,8208,1992-06-22,6,25,174,574,100
175,1992,0,8209,1992-06-23,6,25,175,574,100
176,1992,0,8210,1992-06-24,6,26,176,574,100
177,1992,0,8211,1992-06-25,6,26,177,574,100
178,1992,0,8212,1992-06-26,6,26,178,574,100
179,1992,0,8213,1992-06-27,6,26,179,574,100
180,1992,0,8214,1992-06-28,6,26,180,574,100
1,1993,0,8401,1993-01-01,1,1,1,0,0
2,1993,0,8402,1993-01-02,1,1,2,0,0
3,1993,0,8403,1993-01-03,1,1,3,0,0
4,1993,0,8404,1993-01-04,1,1,4,0,0
5,1993,0,8405,1993-01-05,1,1,5,0,0
6,1993,0,8406,1993-01-06,1,1,6,0,0
7,1993,0,8407,1993-01-07,1,1,7,0,0
8,1993,0,8408,1993-01-08,1,2,8,0,0
9,1993,0,8409,1993-01-09,1,2,9,0,0
10,1993,0,8410,1993-01-10,1,2,10,0,0
11,1993,0,8411,1993-01-11,1,2,11,0,0
12,1993,0,8412,1993-01-12,1,2,12,0,0
13,1993,0,8413,1993-01-13,1,2,13,0,0
14,1993,0,8414,1993-01-14,1,2,14,0,0
15,1993,0,8415,1993-01-15,1,3,15,0,0
16,1993,0,8416,1993-01-16,1,3,16,0,0
17,1993,0,8417,1993-01-17,1,3,17,0,0
18,1993,0,8418,1993-01-18,1,3,18,0,0
19,1993,0,8419,1993-01-19,1,3,19,0,0
20,1993,0,8420,1993-01-20,1,3,20,0,0
21,1993,0,8421,1993-01-21,1,3,21,0,0
22,1993,0,8422,1993-01-22,1,4,22,0,0
23,1993,0,8423,1993-01-23,1,4,23,0,0
24,1993,0,8424,1993-01-24,1,4,24,0,0
25,1993,0,8425,1993-01-25,1,4,25,0,0
26,1993,0,8426,1993-01-26,1,4,26,0,0
27,1993,0,8427,1993-01-27,1,4,27,0,0
28,1993,0,8428,1993-01-28,1,4,28,0,0
29,1993,0,8429,1993-01-29,1,5,29,0,0
30,1993,0,8430,1993-01-30,1,5,30,0,0
31,1993,0,8431,1993-01-31,1,5,31,0,0
32,1993,0,8432,1993-02-01,2,5,32,0,0
33,1993,0,8433,1993-02-02,2,5,33,0,0
34,1993,0,8434,1993-02-03,2,5,34,0,0
35,1993,0,8435,1993-02-04,2,5,35,0,0
36,1993,0,8436,1993-02-05,2,6,36,0,0
37,1993,0,8437,1993-02-06,2,6,37,0,0
38,1993,0,8438,1993-02-07,2,6,38,0,0
39,1993,0,8439,1993-02-08,2,6,39,0,0
40,1993,0,8440,1993-02-09,2,6,40,0,0
41,1993,0,8441,1993-02-10,2,6,41,0,0
42,1993,0,8442,1993-02-11,2,6,42,0,0
43,1993,0,8443,1993-02-12,2,7,43,0,0
44,1993,0,8444,1993-02-13,2,7,44,0,0
45,1993,0,8445,1993-02-14,2,7,45,0,0
46,1993,0,8446,1993-02-15,2,7,46,0,0
47,1993,0,8447,1993-02-16,2,7,47,0,0
48,1993,0,8448,1993-02-17,2,7,48,0,0
49,1993,0,8449,1993-02-18,2,7,49,0,0
50,1993,0,8450,1993-02-19,2,8,50,0,0
51,1993,0,8451,1993-02-20,2,8,51,0,0
52,1993,0,8452,1993-02-21,2,8,52,0,0
53,1993,0,8453,1993-02-22,2,8,53,0,0
54,1993,0,8454,1993-02-23,2,8,54,0,0
55,1993,0,8455,1993-02-24,2,8,55,0,0
56,1993,0,8456,1993-02-25,2,8,56,0,0
57,1993,0,8457,1993-02-26,2,9,57,0,0
58,1993,0,8458,1993-02-27,2,9,58,0,0
59,1993,0,8459,1993-02-28,2,9,59,0,0
60,1993,0,8460,1993-03-01,3,9,60,0,0
61,1993,0,8461,1993-03-02,3,9,61,0,0
62,1993,0,8462,1993-03-03,3,9,62,0,0
63,1993,0,8463,1993-03-04,3,9,63,0,0
64,1993,0,8464,1993-03-05,3,10,64,0,0
65,1993,0,8465,1993-03-06,3,10,65,0,0
66,1993,0,8466,1993-03-07,3,10,66,0,0
67,1993,0,8467,1993-03-08,3,10,67,0,0
68,1993,0,8468,1993-03-09,3,10,68,0,0
69,1993,1,8469,1993-03-10,3,10,69,1,0.4807692307692308
70,1993,1,8470,1993-03-11,3,10,70,2,0.9615384615384616
71,1993,1,8471,1993-03-12,3,11,71,3,1.4423076923076923
72,1993,0,8472,1993-03-13,3,11,72,3,1.4423076923076923
73,1993,1,8473,1993-03-14,3,11,73,4,1.9230769230769231
74,1993,0,8474,1993-03-15,3,11,74,4,1.9230769230769231
75,1993,2,8475,1993-03-16,3,11,75,6,2.8846153846153846
76,1993,0,8476,1993-03-17,3,11,76,6,2.8846153846153846
77,1993,0,8477,1993-03-18,3,11,77,6,2.8846153846153846
78,1993,0,8478,1993-03-19,3,12,78,6,2.8846153846153846
79,1993,0,8479,1993-03-20,3,12,79,6,2.8846153846153846
80,1993,3,8480,1993-03-21,3,12,80,9,4.326923076923077
81,1993,2,8481,1993-03-22,3,12,81,11,5.288461538461538
82,1993,0,8482,1993-03-23,3,12,82,11,5.288461538461538
83,1993,0,8483,1993-03-24,3,12,83,11,5.288461538461538
84,1993,0,8484,1993-03-25,3,12,84,11,5.288461538461538
85,1993,0,8485,1993-03-26,3,13,85,11,5.288461538461538
86,1993,1,8486,1993-03-27,3,13,86,12,5.769230769230769
87,1993,4,8487,1993-03-28,3,13,87,16,7.6923076923076925
88,1993,1,8488,1993-03-29,3,13,88,17,8.173076923076923
89,1993,0,8489,1993-03-30,3,13,89,17,8.173076923076923
90,1993,12,8490,1993-03-31,3,13,90,29,13.942307692307693
91,1993,1,8491,1993-04-01,4,13,91,30,14.423076923076922
92,1993,4,8492,1993-04-02,4,14,92,34,16.346153846153847
93,1993,19,8493,1993-04-03,4,14,93,53,25.48076923076923
94,1993,7,8494,1993-04-04,4,14,94,60,28.846153846153843
95,1993,21,8495,1993-04-05,4,14,95,81,38.94230769230769
96,1993,6,8496,1993-04-06,4,14,96,87,41.82692307692308
97,1993,12,8497,1993-04-07,4,14,97,99,47.59615384615385
98,1993,0,8498,1993-04-08,4,14,98,99,47.59615384615385
99,1993,3,8499,1993-04-09,4,15,99,102,49.03846153846153
100,1993,0,8500,1993-04-10,4,15,100,102,49.03846153846153
101,1993,2,8501,1993-04-11,4,15,101,104,50
102,1993,3,8502,1993-04-12,4,15,102,107,51.442307692307686
103,1993,1,8503,1993-04-13,4,15,103,108,51.92307692307693
104,1993,2,8504,1993-04-14,4,15,104,110,52.88461538461539
105,1993,5,8505,1993-04-15,4,15,105,115,55.28846153846154
106,1993,0,8506,1993-04-16,4,16,106,115,55.28846153846154
107,1993,6,8507,1993-04-17,4,16,107,121,58.17307692307693
108,1993,20,8508,1993-04-18,4,16,108,141,67.78846153846155
109,1993,8,8509,1993-04-19,4,16,109,149,71.63461538461539
110,1993,5,8510,1993-04-20,4,16,110,154,74.03846153846155
111,1993,12,8511,1993-04-21,4,16,111,166,79.8076923076923
112,1993,11,8512,1993-04-22,4,16,112,177,85.09615384615384
113,1993,9,8513,1993-04-23,4,17,113,186,89.42307692307693
114,1993,7,8514,1993-04-24,4,17,114,193,92.78846153846155
115,1993,10,8515,1993-04-25,4,17,115,203,97.59615384615384
116,1993,1,8516,1993-04-26,4,17,116,204,98.07692307692307
117,1993,2,8517,1993-04-27,4,17,117,206,99.03846153846155
118,1993,1,8518,1993-04-28,4,17,118,207,99.51923076923077
119,1993,1,8519,1993-04-29,4,17,119,208,100
120,1993,0,8520,1993-04-30,4,18,120,208,100
121,1993,0,8521,1993-05-01,5,18,121,208,100
122,1993,0,8522,1993-05-02,5,18,122,208,100
123,1993,0,8523,1993-05-03,5,18,123,208,100
124,1993,0,8524,1993-05-04,5,18,124,208,100
125,1993,0,8525,1993-05-05,5,18,125,208,100
126,1993,0,8526,1993-05-06,5,18,126,208,100
127,1993,0,8527,1993-05-07,5,19,127,208,100
128,1993,0,8528,1993-05-08,5,19,128,208,100
129,1993,0,8529,1993-05-09,5,19,129,208,100
130,1993,0,8530,1993-05-10,5,19,130,208,100
131,1993,0,8531,1993-05-11,5,19,131,208,100
132,1993,0,8532,1993-05-12,5,19,132,208,100
133,1993,0,8533,1993-05-13,5,19,133,208,100
134,1993,0,8534,1993-05-14,5,20,134,208,100
135,1993,0,8535,1993-05-15,5,20,135,208,100
136,1993,0,8536,1993-05-16,5,20,136,208,100
137,1993,0,8537,1993-05-17,5,20,137,208,100
138,1993,0,8538,1993-05-18,5,20,138,208,100
139,1993,0,8539,1993-05-19,5,20,139,208,100
140,1993,0,8540,1993-05-20,5,20,140,208,100
141,1993,0,8541,1993-05-21,5,21,141,208,100
142,1993,0,8542,1993-05-22,5,21,142,208,100
143,1993,0,8543,1993-05-23,5,21,143,208,100
144,1993,0,8544,1993-05-24,5,21,144,208,100
145,1993,0,8545,1993-05-25,5,21,145,208,100
146,1993,0,8546,1993-05-26,5,21,146,208,100
147,1993,0,8547,1993-05-27,5,21,147,208,100
148,1993,0,8548,1993-05-28,5,22,148,208,100
149,1993,0,8549,1993-05-29,5,22,149,208,100
150,1993,0,8550,1993-05-30,5,22,150,208,100
151,1993,0,8551,1993-05-31,5,22,151,208,100
152,1993,0,8552,1993-06-01,6,22,152,208,100
153,1993,0,8553,1993-06-02,6,22,153,208,100
154,1993,0,8554,1993-06-03,6,22,154,208,100
155,1993,0,8555,1993-06-04,6,23,155,208,100
156,1993,0,8556,1993-06-05,6,23,156,208,100
157,1993,0,8557,1993-06-06,6,23,157,208,100
158,1993,0,8558,1993-06-07,6,23,158,208,100
159,1993,0,8559,1993-06-08,6,23,159,208,100
160,1993,0,8560,1993-06-09,6,23,160,208,100
161,1993,0,8561,1993-06-10,6,23,161,208,100
162,1993,0,8562,1993-06-11,6,24,162,208,100
163,1993,0,8563,1993-06-12,6,24,163,208,100
164,1993,0,8564,1993-06-13,6,24,164,208,100
165,1993,0,8565,1993-06-14,6,24,165,208,100
166,1993,0,8566,1993-06-15,6,24,166,208,100
167,1993,0,8567,1993-06-16,6,24,167,208,100
168,1993,0,8568,1993-06-17,6,24,168,208,100
169,1993,0,8569,1993-06-18,6,25,169,208,100
170,1993,0,8570,1993-06-19,6,25,170,208,100
171,1993,0,8571,1993-06-20,6,25,171,208,100
172,1993,0,8572,1993-06-21,6,25,172,208,100
173,1993,0,8573,1993-06-22,6,25,173,208,100
174,1993,0,8574,1993-06-23,6,25,174,208,100
175,1993,0,8575,1993-06-24,6,25,175,208,100
176,1993,0,8576,1993-06-25,6,26,176,208,100
177,1993,0,8577,1993-06-26,6,26,177,208,100
178,1993,0,8578,1993-06-27,6,26,178,208,100
179,1993,0,8579,1993-06-28,6,26,179,208,100
180,1993,0,8580,1993-06-29,6,26,180,208,100
1,1994,0,8766,1994-01-01,1,1,1,0,0
2,1994,0,8767,1994-01-02,1,1,2,0,0
3,1994,0,8768,1994-01-03,1,1,3,0,0
4,1994,0,8769,1994-01-04,1,1,4,0,0
5,1994,0,8770,1994-01-05,1,1,5,0,0
6,1994,0,8771,1994-01-06,1,1,6,0,0
7,1994,0,8772,1994-01-07,1,1,7,0,0
8,1994,0,8773,1994-01-08,1,2,8,0,0
9,1994,0,8774,1994-01-09,1,2,9,0,0
10,1994,0,8775,1994-01-10,1,2,10,0,0
11,1994,0,8776,1994-01-11,1,2,11,0,0
12,1994,0,8777,1994-01-12,1,2,12,0,0
13,1994,0,8778,1994-01-13,1,2,13,0,0
14,1994,0,8779,1994-01-14,1,2,14,0,0
15,1994,0,8780,1994-01-15,1,3,15,0,0
16,1994,0,8781,1994-01-16,1,3,16,0,0
17,1994,0,8782,1994-01-17,1,3,17,0,0
18,1994,0,8783,1994-01-18,1,3,18,0,0
19,1994,0,8784,1994-01-19,1,3,19,0,0
20,1994,0,8785,1994-01-20,1,3,20,0,0
21,1994,0,8786,1994-01-21,1,3,21,0,0
22,1994,0,8787,1994-01-22,1,4,22,0,0
23,1994,0,8788,1994-01-23,1,4,23,0,0
24,1994,0,8789,1994-01-24,1,4,24,0,0
25,1994,0,8790,1994-01-25,1,4,25,0,0
26,1994,0,8791,1994-01-26,1,4,26,0,0
27,1994,0,8792,1994-01-27,1,4,27,0,0
28,1994,0,8793,1994-01-28,1,4,28,0,0
29,1994,0,8794,1994-01-29,1,5,29,0,0
30,1994,0,8795,1994-01-30,1,5,30,0,0
31,1994,0,8796,1994-01-31,1,5,31,0,0
32,1994,0,8797,1994-02-01,2,5,32,0,0
33,1994,0,8798,1994-02-02,2,5,33,0,0
34,1994,0,8799,1994-02-03,2,5,34,0,0
35,1994,0,8800,1994-02-04,2,5,35,0,0
36,1994,0,8801,1994-02-05,2,6,36,0,0
37,1994,0,8802,1994-02-06,2,6,37,0,0
38,1994,0,8803,1994-02-07,2,6,38,0,0
39,1994,0,8804,1994-02-08,2,6,39,0,0
40,1994,0,8805,1994-02-09,2,6,40,0,0
41,1994,0,8806,1994-02-10,2,6,41,0,0
42,1994,0,8807,1994-02-11,2,6,42,0,0
43,1994,0,8808,1994-02-12,2,7,43,0,0
44,1994,0,8809,1994-02-13,2,7,44,0,0
45,1994,0,8810,1994-02-14,2,7,45,0,0
46,1994,0,8811,1994-02-15,2,7,46,0,0
47,1994,0,8812,1994-02-16,2,7,47,0,0
48,1994,0,8813,1994-02-17,2,7,48,0,0
49,1994,0,8814,1994-02-18,2,7,49,0,0
50,1994,0,8815,1994-02-19,2,8,50,0,0
51,1994,0,8816,1994-02-20,2,8,51,0,0
52,1994,0,8817,1994-02-21,2,8,52,0,0
53,1994,0,8818,1994-02-22,2,8,53,0,0
54,1994,0,8819,1994-02-23,2,8,54,0,0
55,1994,0,8820,1994-02-24,2,8,55,0,0
56,1994,0,8821,1994-02-25,2,8,56,0,0
57,1994,0,8822,1994-02-26,2,9,57,0,0
58,1994,0,8823,1994-02-27,2,9,58,0,0
59,1994,0,8824,1994-02-28,2,9,59,0,0
60,1994,0,8825,1994-03-01,3,9,60,0,0
61,1994,0,8826,1994-03-02,3,9,61,0,0
62,1994,1,8827,1994-03-03,3,9,62,1,0.3058103975535168
63,1994,0,8828,1994-03-04,3,9,63,1,0.3058103975535168
64,1994,0,8829,1994-03-05,3,10,64,1,0.3058103975535168
65,1994,1,8830,1994-03-06,3,10,65,2,0.6116207951070336
66,1994,0,8831,1994-03-07,3,10,66,2,0.6116207951070336
67,1994,1,8832,1994-03-08,3,10,67,3,0.9174311926605505
68,1994,1,8833,1994-03-09,3,10,68,4,1.2232415902140672
69,1994,0,8834,1994-03-10,3,10,69,4,1.2232415902140672
70,1994,1,8835,1994-03-11,3,10,70,5,1.529051987767584
71,1994,3,8836,1994-03-12,3,11,71,8,2.4464831804281344
72,1994,3,8837,1994-03-13,3,11,72,11,3.3639143730886847
73,1994,0,8838,1994-03-14,3,11,73,11,3.3639143730886847
74,1994,0,8839,1994-03-15,3,11,74,11,3.3639143730886847
75,1994,0,8840,1994-03-16,3,11,75,11,3.3639143730886847
76,1994,1,8841,1994-03-17,3,11,76,12,3.669724770642202
77,1994,2,8842,1994-03-18,3,11,77,14,4.281345565749235
78,1994,0,8843,1994-03-19,3,12,78,14,4.281345565749235
79,1994,7,8844,1994-03-20,3,12,79,21,6.422018348623854
80,1994,4,8845,1994-03-21,3,12,80,25,7.64525993883792
81,1994,5,8846,1994-03-22,3,12,81,30,9.174311926605505
82,1994,1,8847,1994-03-23,3,12,82,31,9.480122324159021
83,1994,1,8848,1994-03-24,3,12,83,32,9.785932721712538
84,1994,0,8849,1994-03-25,3,12,84,32,9.785932721712538
85,1994,3,8850,1994-03-26,3,13,85,35,10.703363914373089
86,1994,7,8851,1994-03-27,3,13,86,42,12.844036697247708
87,1994,6,8852,1994-03-28,3,13,87,48,14.678899082568808
88,1994,14,8853,1994-03-29,3,13,88,62,18.960244648318042
89,1994,15,8854,1994-03-30,3,13,89,77,23.547400611620795
90,1994,4,8855,1994-03-31,3,13,90,81,24.770642201834864
91,1994,0,8856,1994-04-01,4,13,91,81,24.770642201834864
92,1994,0,8857,1994-04-02,4,14,92,81,24.770642201834864
93,1994,6,8858,1994-04-03,4,14,93,87,26.605504587155966
94,1994,19,8859,1994-04-04,4,14,94,106,32.415902140672785
95,1994,5,8860,1994-04-05,4,14,95,111,33.94495412844037
96,1994,0,8861,1994-04-06,4,14,96,111,33.94495412844037
97,1994,3,8862,1994-04-07,4,14,97,114,34.862385321100916
98,1994,22,8863,1994-04-08,4,14,98,136,41.59021406727829
99,1994,0,8864,1994-04-09,4,15,99,136,41.59021406727829
100,1994,7,8865,1994-04-10,4,15,100,143,43.730886850152906
101,1994,4,8866,1994-04-11,4,15,101,147,44.95412844036697
102,1994,11,8867,1994-04-12,4,15,102,158,48.318042813455655
103,1994,20,8868,1994-04-13,4,15,103,178,54.43425076452599
104,1994,0,8869,1994-04-14,4,15,104,178,54.43425076452599
105,1994,1,8870,1994-04-15,4,15,105,179,54.74006116207951
106,1994,18,8871,1994-04-16,4,16,106,197,60.24464831804281
107,1994,6,8872,1994-04-17,4,16,107,203,62.079510703363916
108,1994,1,8873,1994-04-18,4,16,108,204,62.38532110091744
109,1994,10,8874,1994-04-19,4,16,109,214,65.4434250764526
110,1994,18,8875,1994-04-20,4,16,110,232,70.9480122324159
111,1994,15,8876,1994-04-21,4,16,111,247,75.53516819571865
112,1994,16,8877,1994-04-22,4,16,112,263,80.42813455657493
113,1994,19,8878,1994-04-23,4,17,113,282,86.23853211009175
114,1994,4,8879,1994-04-24,4,17,114,286,87.46177370030581
115,1994,2,8880,1994-04-25,4,17,115,288,88.07339449541286
116,1994,20,8881,1994-04-26,4,17,116,308,94.18960244648318
117,1994,8,8882,1994-04-27,4,17,117,316,96.63608562691131
118,1994,0,8883,1994-04-28,4,17,118,316,96.63608562691131
119,1994,9,8884,1994-04-29,4,17,119,325,99.38837920489296
120,1994,1,8885,1994-04-30,4,18,120,326,99.69418960244649
121,1994,1,8886,1994-05-01,5,18,121,327,100
122,1994,0,8887,1994-05-02,5,18,122,327,100
123,1994,0,8888,1994-05-03,5,18,123,327,100
124,1994,0,8889,1994-05-04,5,18,124,327,100
125,1994,0,8890,1994-05-05,5,18,125,327,100
126,1994,0,8891,1994-05-06,5,18,126,327,100
127,1994,0,8892,1994-05-07,5,19,127,327,100
128,1994,0,8893,1994-05-08,5,19,128,327,100
129,1994,0,8894,1994-05-09,5,19,129,327,100
130,1994,0,8895,1994-05-10,5,19,130,327,100
131,1994,0,8896,1994-05-11,5,19,131,327,100
132,1994,0,8897,1994-05-12,5,19,132,327,100
133,1994,0,8898,1994-05-13,5,19,133,327,100
134,1994,0,8899,1994-05-14,5,20,134,327,100
135,1994,0,8900,1994-05-15,5,20,135,327,100
136,1994,0,8901,1994-05-16,5,20,136,327,100
137,1994,0,8902,1994-05-17,5,20,137,327,100
138,1994,0,8903,1994-05-18,5,20,138,327,100
139,1994,0,8904,1994-05-19,5,20,139,327,100
140,1994,0,8905,1994-05-20,5,20,140,327,100
141,1994,0,8906,1994-05-21,5,21,141,327,100
142,1994,0,8907,1994-05-22,5,21,142,327,100
143,1994,0,8908,1994-05-23,5,21,143,327,100
144,1994,0,8909,1994-05-24,5,21,144,327,100
145,1994,0,8910,1994-05-25,5,21,145,327,100
146,1994,0,8911,1994-05-26,5,21,146,327,100
147,1994,0,8912,1994-05-27,5,21,147,327,100
148,1994,0,8913,1994-05-28,5,22,148,327,100
149,1994,0,8914,1994-05-29,5,22,149,327,100
150,1994,0,8915,1994-05-30,5,22,150,327,100
151,1994,0,8916,1994-05-31,5,22,151,327,100
152,1994,0,8917,1994-06-01,6,22,152,327,100
153,1994,0,8918,1994-06-02,6,22,153,327,100
154,1994,0,8919,1994-06-03,6,22,154,327,100
155,1994,0,8920,1994-06-04,6,23,155,327,100
156,1994,0,8921,1994-06-05,6,23,156,327,100
157,1994,0,8922,1994-06-06,6,23,157,327,100
158,1994,0,8923,1994-06-07,6,23,158,327,100
159,1994,0,8924,1994-06-08,6,23,159,327,100
160,1994,0,8925,1994-06-09,6,23,160,327,100
161,1994,0,8926,1994-06-10,6,23,161,327,100
162,1994,0,8927,1994-06-11,6,24,162,327,100
163,1994,0,8928,1994-06-12,6,24,163,327,100
164,1994,0,8929,1994-06-13,6,24,164,327,100
165,1994,0,8930,1994-06-14,6,24,165,327,100
166,1994,0,8931,1994-06-15,6,24,166,327,100
167,1994,0,8932,1994-06-16,6,24,167,327,100
168,1994,0,8933,1994-06-17,6,24,168,327,100
169,1994,0,8934,1994-06-18,6,25,169,327,100
170,1994,0,8935,1994-06-19,6,25,170,327,100
171,1994,0,8936,1994-06-20,6,25,171,327,100
172,1994,0,8937,1994-06-21,6,25,172,327,100
173,1994,0,8938,1994-06-22,6,25,173,327,100
174,1994,0,8939,1994-06-23,6,25,174,327,100
175,1994,0,8940,1994-06-24,6,25,175,327,100
176,1994,0,8941,1994-06-25,6,26,176,327,100
177,1994,0,8942,1994-06-26,6,26,177,327,100
178,1994,0,8943,1994-06-27,6,26,178,327,100
179,1994,0,8944,1994-06-28,6,26,179,327,100
180,1994,0,8945,1994-06-29,6,26,180,327,100
1,1995,0,9131,1995-01-01,1,1,1,0,0
2,1995,0,9132,1995-01-02,1,1,2,0,0
3,1995,0,9133,1995-01-03,1,1,3,0,0
4,1995,0,9134,1995-01-04,1,1,4,0,0
5,1995,0,9135,1995-01-05,1,1,5,0,0
6,1995,0,9136,1995-01-06,1,1,6,0,0
7,1995,0,9137,1995-01-07,1,1,7,0,0
8,1995,0,9138,1995-01-08,1,2,8,0,0
9,1995,0,9139,1995-01-09,1,2,9,0,0
10,1995,0,9140,1995-01-10,1,2,10,0,0
11,1995,0,9141,1995-01-11,1,2,11,0,0
12,1995,0,9142,1995-01-12,1,2,12,0,0
13,1995,0,9143,1995-01-13,1,2,13,0,0
14,1995,0,9144,1995-01-14,1,2,14,0,0
15,1995,0,9145,1995-01-15,1,3,15,0,0
16,1995,0,9146,1995-01-16,1,3,16,0,0
17,1995,0,9147,1995-01-17,1,3,17,0,0
18,1995,0,9148,1995-01-18,1,3,18,0,0
19,1995,0,9149,1995-01-19,1,3,19,0,0
20,1995,0,9150,1995-01-20,1,3,20,0,0
21,1995,0,9151,1995-01-21,1,3,21,0,0
22,1995,0,9152,1995-01-22,1,4,22,0,0
23,1995,0,9153,1995-01-23,1,4,23,0,0
24,1995,0,9154,1995-01-24,1,4,24,0,0
25,1995,0,9155,1995-01-25,1,4,25,0,0
26,1995,0,9156,1995-01-26,1,4,26,0,0
27,1995,0,9157,1995-01-27,1,4,27,0,0
28,1995,0,9158,1995-01-28,1,4,28,0,0
29,1995,0,9159,1995-01-29,1,5,29,0,0
30,1995,0,9160,1995-01-30,1,5,30,0,0
31,1995,0,9161,1995-01-31,1,5,31,0,0
32,1995,0,9162,1995-02-01,2,5,32,0,0
33,1995,0,9163,1995-02-02,2,5,33,0,0
34,1995,0,9164,1995-02-03,2,5,34,0,0
35,1995,0,9165,1995-02-04,2,5,35,0,0
36,1995,0,9166,1995-02-05,2,6,36,0,0
37,1995,0,9167,1995-02-06,2,6,37,0,0
38,1995,0,9168,1995-02-07,2,6,38,0,0
39,1995,0,9169,1995-02-08,2,6,39,0,0
40,1995,0,9170,1995-02-09,2,6,40,0,0
41,1995,0,9171,1995-02-10,2,6,41,0,0
42,1995,0,9172,1995-02-11,2,6,42,0,0
43,1995,0,9173,1995-02-12,2,7,43,0,0
44,1995,0,9174,1995-02-13,2,7,44,0,0
45,1995,0,9175,1995-02-14,2,7,45,0,0
46,1995,0,9176,1995-02-15,2,7,46,0,0
47,1995,0,9177,1995-02-16,2,7,47,0,0
48,1995,0,9178,1995-02-17,2,7,48,0,0
49,1995,0,9179,1995-02-18,2,7,49,0,0
50,1995,0,9180,1995-02-19,2,8,50,0,0
51,1995,0,9181,1995-02-20,2,8,51,0,0
52,1995,0,9182,1995-02-21,2,8,52,0,0
53,1995,0,9183,1995-02-22,2,8,53,0,0
54,1995,0,9184,1995-02-23,2,8,54,0,0
55,1995,0,9185,1995-02-24,2,8,55,0,0
56,1995,0,9186,1995-02-25,2,8,56,0,0
57,1995,0,9187,1995-02-26,2,9,57,0,0
58,1995,0,9188,1995-02-27,2,9,58,0,0
59,1995,0,9189,1995-02-28,2,9,59,0,0
60,1995,0,9190,1995-03-01,3,9,60,0,0
61,1995,0,9191,1995-03-02,3,9,61,0,0
62,1995,0,9192,1995-03-03,3,9,62,0,0
63,1995,0,9193,1995-03-04,3,9,63,0,0
64,1995,0,9194,1995-03-05,3,10,64,0,0
65,1995,0,9195,1995-03-06,3,10,65,0,0
66,1995,0,9196,1995-03-07,3,10,66,0,0
67,1995,0,9197,1995-03-08,3,10,67,0,0
68,1995,0,9198,1995-03-09,3,10,68,0,0
69,1995,0,9199,1995-03-10,3,10,69,0,0
70,1995,0,9200,1995-03-11,3,10,70,0,0
71,1995,0,9201,1995-03-12,3,11,71,0,0
72,1995,0,9202,1995-03-13,3,11,72,0,0
73,1995,0,9203,1995-03-14,3,11,73,0,0
74,1995,0,9204,1995-03-15,3,11,74,0,0
75,1995,0,9205,1995-03-16,3,11,75,0,0
76,1995,0,9206,1995-03-17,3,11,76,0,0
77,1995,0,9207,1995-03-18,3,11,77,0,0
78,1995,0,9208,1995-03-19,3,12,78,0,0
79,1995,0,9209,1995-03-20,3,12,79,0,0
80,1995,0,9210,1995-03-21,3,12,80,0,0
81,1995,0,9211,1995-03-22,3,12,81,0,0
82,1995,0,9212,1995-03-23,3,12,82,0,0
83,1995,0,9213,1995-03-24,3,12,83,0,0
84,1995,0,9214,1995-03-25,3,12,84,0,0
85,1995,0,9215,1995-03-26,3,13,85,0,0
86,1995,0,9216,1995-03-27,3,13,86,0,0
87,1995,0,9217,1995-03-28,3,13,87,0,0
88,1995,0,9218,1995-03-29,3,13,88,0,0
89,1995,9,9219,1995-03-30,3,13,89,9,1.4563106796116505
90,1995,3,9220,1995-03-31,3,13,90,12,1.9417475728155338
91,1995,12,9221,1995-04-01,4,13,91,24,3.8834951456310676
92,1995,20,9222,1995-04-02,4,14,92,44,7.119741100323624
93,1995,10,9223,1995-04-03,4,14,93,54,8.737864077669903
94,1995,4,9224,1995-04-04,4,14,94,58,9.385113268608414
95,1995,14,9225,1995-04-05,4,14,95,72,11.650485436893204
96,1995,11,9226,1995-04-06,4,14,96,83,13.430420711974108
97,1995,3,9227,1995-04-07,4,14,97,86,13.915857605177994
98,1995,32,9228,1995-04-08,4,14,98,118,19.093851132686083
99,1995,15,9229,1995-04-09,4,15,99,133,21.521035598705502
100,1995,13,9230,1995-04-10,4,15,100,146,23.624595469255663
101,1995,32,9231,1995-04-11,4,15,101,178,28.802588996763756
102,1995,25,9232,1995-04-12,4,15,102,203,32.847896440129446
103,1995,32,9233,1995-04-13,4,15,103,235,38.02588996763754
104,1995,15,9234,1995-04-14,4,15,104,250,40.45307443365696
105,1995,12,9235,1995-04-15,4,15,105,262,42.394822006472495
106,1995,17,9236,1995-04-16,4,16,106,279,45.14563106796117
107,1995,35,9237,1995-04-17,4,16,107,314,50.80906148867314
108,1995,69,9238,1995-04-18,4,16,108,383,61.97411003236246
109,1995,25,9239,1995-04-19,4,16,109,408,66.01941747572816
110,1995,8,9240,1995-04-20,4,16,110,416,67.31391585760518
111,1995,3,9241,1995-04-21,4,16,111,419,67.79935275080906
112,1995,27,9242,1995-04-22,4,16,112,446,72.168284789644
113,1995,8,9243,1995-04-23,4,17,113,454,73.46278317152104
114,1995,12,9244,1995-04-24,4,17,114,466,75.40453074433657
115,1995,16,9245,1995-04-25,4,17,115,482,77.99352750809061
116,1995,0,9246,1995-04-26,4,17,116,482,77.99352750809061
117,1995,2,9247,1995-04-27,4,17,117,484,78.31715210355988
118,1995,3,9248,1995-04-28,4,17,118,487,78.80258899676376
119,1995,97,9249,1995-04-29,4,17,119,584,94.49838187702265
120,1995,15,9250,1995-04-30,4,18,120,599,96.92556634304206
121,1995,4,9251,1995-05-01,5,18,121,603,97.57281553398059
122,1995,8,9252,1995-05-02,5,18,122,611,98.86731391585761
123,1995,6,9253,1995-05-03,5,18,123,617,99.83818770226537
124,1995,1,9254,1995-05-04,5,18,124,618,100
125,1995,0,9255,1995-05-05,5,18,125,618,100
126,1995,0,9256,1995-05-06,5,18,126,618,100
127,1995,0,9257,1995-05-07,5,19,127,618,100
128,1995,0,9258,1995-05-08,5,19,128,618,100
129,1995,0,9259,1995-05-09,5,19,129,618,100
130,1995,0,9260,1995-05-10,5,19,130,618,100
131,1995,0,9261,1995-05-11,5,19,131,618,100
132,1995,0,9262,1995-05-12,5,19,132,618,100
133,1995,0,9263,1995-05-13,5,19,133,618,100
134,1995,0,9264,1995-05-14,5,20,134,618,100
135,1995,0,9265,1995-05-15,5,20,135,618,100
136,1995,0,9266,1995-05-16,5,20,136,618,100
137,1995,0,9267,1995-05-17,5,20,137,618,100
138,1995,0,9268,1995-05-18,5,20,138,618,100
139,1995,0,9269,1995-05-19,5,20,139,618,100
140,1995,0,9270,1995-05-20,5,20,140,618,100
141,1995,0,9271,1995-05-21,5,21,141,618,100
142,1995,0,9272,1995-05-22,5,21,142,618,100
143,1995,0,9273,1995-05-23,5,21,143,618,100
144,1995,0,9274,1995-05-24,5,21,144,618,100
145,1995,0,9275,1995-05-25,5,21,145,618,100
146,1995,0,9276,1995-05-26,5,21,146,618,100
147,1995,0,9277,1995-05-27,5,21,147,618,100
148,1995,0,9278,1995-05-28,5,22,148,618,100
149,1995,0,9279,1995-05-29,5,22,149,618,100
150,1995,0,9280,1995-05-30,5,22,150,618,100
151,1995,0,9281,1995-05-31,5,22,151,618,100
152,1995,0,9282,1995-06-01,6,22,152,618,100
153,1995,0,9283,1995-06-02,6,22,153,618,100
154,1995,0,9284,1995-06-03,6,22,154,618,100
155,1995,0,9285,1995-06-04,6,23,155,618,100
156,1995,0,9286,1995-06-05,6,23,156,618,100
157,1995,0,9287,1995-06-06,6,23,157,618,100
158,1995,0,9288,1995-06-07,6,23,158,618,100
159,1995,0,9289,1995-06-08,6,23,159,618,100
160,1995,0,9290,1995-06-09,6,23,160,618,100
161,1995,0,9291,1995-06-10,6,23,161,618,100
162,1995,0,9292,1995-06-11,6,24,162,618,100
163,1995,0,9293,1995-06-12,6,24,163,618,100
164,1995,0,9294,1995-06-13,6,24,164,618,100
165,1995,0,9295,1995-06-14,6,24,165,618,100
166,1995,0,9296,1995-06-15,6,24,166,618,100
167,1995,0,9297,1995-06-16,6,24,167,618,100
168,1995,0,9298,1995-06-17,6,24,168,618,100
169,1995,0,9299,1995-06-18,6,25,169,618,100
170,1995,0,9300,1995-06-19,6,25,170,618,100
171,1995,0,9301,1995-06-20,6,25,171,618,100
172,1995,0,9302,1995-06-21,6,25,172,618,100
173,1995,0,9303,1995-06-22,6,25,173,618,100
174,1995,0,9304,1995-06-23,6,25,174,618,100
175,1995,0,9305,1995-06-24,6,25,175,618,100
176,1995,0,9306,1995-06-25,6,26,176,618,100
177,1995,0,9307,1995-06-26,6,26,177,618,100
178,1995,0,9308,1995-06-27,6,26,178,618,100
179,1995,0,9309,1995-06-28,6,26,179,618,100
180,1995,0,9310,1995-06-29,6,26,180,618,100
1,1996,0,9496,1996-01-01,1,1,1,0,0
2,1996,0,9497,1996-01-02,1,1,2,0,0
3,1996,0,9498,1996-01-03,1,1,3,0,0
4,1996,0,9499,1996-01-04,1,1,4,0,0
5,1996,0,9500,1996-01-05,1,1,5,0,0
6,1996,0,9501,1996-01-06,1,1,6,0,0
7,1996,0,9502,1996-01-07,1,1,7,0,0
8,1996,0,9503,1996-01-08,1,2,8,0,0
9,1996,1,9504,1996-01-09,1,2,9,1,0.13089005235602094
10,1996,0,9505,1996-01-10,1,2,10,1,0.13089005235602094
11,1996,0,9506,1996-01-11,1,2,11,1,0.13089005235602094
12,1996,0,9507,1996-01-12,1,2,12,1,0.13089005235602094
13,1996,0,9508,1996-01-13,1,2,13,1,0.13089005235602094
14,1996,1,9509,1996-01-14,1,2,14,2,0.2617801047120419
15,1996,0,9510,1996-01-15,1,3,15,2,0.2617801047120419
16,1996,0,9511,1996-01-16,1,3,16,2,0.2617801047120419
17,1996,0,9512,1996-01-17,1,3,17,2,0.2617801047120419
18,1996,1,9513,1996-01-18,1,3,18,3,0.3926701570680628
19,1996,0,9514,1996-01-19,1,3,19,3,0.3926701570680628
20,1996,0,9515,1996-01-20,1,3,20,3,0.3926701570680628
21,1996,0,9516,1996-01-21,1,3,21,3,0.3926701570680628
22,1996,0,9517,1996-01-22,1,4,22,3,0.3926701570680628
23,1996,0,9518,1996-01-23,1,4,23,3,0.3926701570680628
24,1996,0,9519,1996-01-24,1,4,24,3,0.3926701570680628
25,1996,0,9520,1996-01-25,1,4,25,3,0.3926701570680628
26,1996,0,9521,1996-01-26,1,4,26,3,0.3926701570680628
27,1996,0,9522,1996-01-27,1,4,27,3,0.3926701570680628
28,1996,0,9523,1996-01-28,1,4,28,3,0.3926701570680628
29,1996,0,9524,1996-01-29,1,5,29,3,0.3926701570680628
30,1996,0,9525,1996-01-30,1,5,30,3,0.3926701570680628
31,1996,0,9526,1996-01-31,1,5,31,3,0.3926701570680628
32,1996,0,9527,1996-02-01,2,5,32,3,0.3926701570680628
33,1996,0,9528,1996-02-02,2,5,33,3,0.3926701570680628
34,1996,0,9529,1996-02-03,2,5,34,3,0.3926701570680628
35,1996,0,9530,1996-02-04,2,5,35,3,0.3926701570680628
36,1996,0,9531,1996-02-05,2,6,36,3,0.3926701570680628
37,1996,0,9532,1996-02-06,2,6,37,3,0.3926701570680628
38,1996,0,9533,1996-02-07,2,6,38,3,0.3926701570680628
39,1996,0,9534,1996-02-08,2,6,39,3,0.3926701570680628
40,1996,0,9535,1996-02-09,2,6,40,3,0.3926701570680628
41,1996,0,9536,1996-02-10,2,6,41,3,0.3926701570680628
42,1996,0,9537,1996-02-11,2,6,42,3,0.3926701570680628
43,1996,0,9538,1996-02-12,2,7,43,3,0.3926701570680628
44,1996,0,9539,1996-02-13,2,7,44,3,0.3926701570680628
45,1996,0,9540,1996-02-14,2,7,45,3,0.3926701570680628
46,1996,0,9541,1996-02-15,2,7,46,3,0.3926701570680628
47,1996,0,9542,1996-02-16,2,7,47,3,0.3926701570680628
48,1996,0,9543,1996-02-17,2,7,48,3,0.3926701570680628
49,1996,0,9544,1996-02-18,2,7,49,3,0.3926701570680628
50,1996,0,9545,1996-02-19,2,8,50,3,0.3926701570680628
51,1996,0,9546,1996-02-20,2,8,51,3,0.3926701570680628
52,1996,0,9547,1996-02-21,2,8,52,3,0.3926701570680628
53,1996,0,9548,1996-02-22,2,8,53,3,0.3926701570680628
54,1996,0,9549,1996-02-23,2,8,54,3,0.3926701570680628
55,1996,0,9550,1996-02-24,2,8,55,3,0.3926701570680628
56,1996,0,9551,1996-02-25,2,8,56,3,0.3926701570680628
57,1996,0,9552,1996-02-26,2,9,57,3,0.3926701570680628
58,1996,2,9553,1996-02-27,2,9,58,5,0.6544502617801047
59,1996,1,9554,1996-02-28,2,9,59,6,0.7853403141361256
60,1996,3,9555,1996-02-29,2,9,60,9,1.1780104712041886
61,1996,0,9556,1996-03-01,3,9,61,9,1.1780104712041886
62,1996,0,9557,1996-03-02,3,9,62,9,1.1780104712041886
63,1996,0,9558,1996-03-03,3,9,63,9,1.1780104712041886
64,1996,0,9559,1996-03-04,3,10,64,9,1.1780104712041886
65,1996,0,9560,1996-03-05,3,10,65,9,1.1780104712041886
66,1996,0,9561,1996-03-06,3,10,66,9,1.1780104712041886
67,1996,0,9562,1996-03-07,3,10,67,9,1.1780104712041886
68,1996,0,9563,1996-03-08,3,10,68,9,1.1780104712041886
69,1996,0,9564,1996-03-09,3,10,69,9,1.1780104712041886
70,1996,0,9565,1996-03-10,3,10,70,9,1.1780104712041886
71,1996,0,9566,1996-03-11,3,11,71,9,1.1780104712041886
72,1996,0,9567,1996-03-12,3,11,72,9,1.1780104712041886
73,1996,0,9568,1996-03-13,3,11,73,9,1.1780104712041886
74,1996,0,9569,1996-03-14,3,11,74,9,1.1780104712041886
75,1996,0,9570,1996-03-15,3,11,75,9,1.1780104712041886
76,1996,0,9571,1996-03-16,3,11,76,9,1.1780104712041886
77,1996,0,9572,1996-03-17,3,11,77,9,1.1780104712041886
78,1996,1,9573,1996-03-18,3,12,78,10,1.3089005235602094
79,1996,0,9574,1996-03-19,3,12,79,10,1.3089005235602094
80,1996,0,9575,1996-03-20,3,12,80,10,1.3089005235602094
81,1996,0,9576,1996-03-21,3,12,81,10,1.3089005235602094
82,1996,0,9577,1996-03-22,3,12,82,10,1.3089005235602094
83,1996,0,9578,1996-03-23,3,12,83,10,1.3089005235602094
84,1996,0,9579,1996-03-24,3,12,84,10,1.3089005235602094
85,1996,6,9580,1996-03-25,3,13,85,16,2.094240837696335
86,1996,0,9581,1996-03-26,3,13,86,16,2.094240837696335
87,1996,0,9582,1996-03-27,3,13,87,16,2.094240837696335
88,1996,0,9583,1996-03-28,3,13,88,16,2.094240837696335
89,1996,2,9584,1996-03-29,3,13,89,18,2.356020942408377
90,1996,0,9585,1996-03-30,3,13,90,18,2.356020942408377
91,1996,6,9586,1996-03-31,3,13,91,24,3.1413612565445024
92,1996,0,9587,1996-04-01,4,14,92,24,3.1413612565445024
93,1996,0,9588,1996-04-02,4,14,93,24,3.1413612565445024
94,1996,0,9589,1996-04-03,4,14,94,24,3.1413612565445024
95,1996,1,9590,1996-04-04,4,14,95,25,3.2722513089005236
96,1996,0,9591,1996-04-05,4,14,96,25,3.2722513089005236
97,1996,0,9592,1996-04-06,4,14,97,25,3.2722513089005236
98,1996,0,9593,1996-04-07,4,14,98,25,3.2722513089005236
99,1996,11,9594,1996-04-08,4,15,99,36,4.712041884816754
100,1996,0,9595,1996-04-09,4,15,100,36,4.712041884816754
101,1996,0,9596,1996-04-10,4,15,101,36,4.712041884816754
102,1996,3,9597,1996-04-11,4,15,102,39,5.104712041884817
103,1996,23,9598,1996-04-12,4,15,103,62,8.115183246073299
104,1996,63,9599,1996-04-13,4,15,104,125,16.361256544502616
105,1996,18,9600,1996-04-14,4,15,105,143,18.717277486910994
106,1996,44,9601,1996-04-15,4,16,106,187,24.476439790575917
107,1996,110,9602,1996-04-16,4,16,107,297,38.87434554973822
108,1996,59,9603,1996-04-17,4,16,108,356,46.596858638743456
109,1996,28,9604,1996-04-18,4,16,109,384,50.26178010471204
110,1996,47,9605,1996-04-19,4,16,110,431,56.41361256544503
111,1996,72,9606,1996-04-20,4,16,111,503,65.83769633507853
112,1996,50,9607,1996-04-21,4,16,112,553,72.38219895287958
113,1996,144,9608,1996-04-22,4,17,113,697,91.2303664921466
114,1996,23,9609,1996-04-23,4,17,114,720,94.24083769633508
115,1996,13,9610,1996-04-24,4,17,115,733,95.94240837696336
116,1996,0,9611,1996-04-25,4,17,116,733,95.94240837696336
117,1996,0,9612,1996-04-26,4,17,117,733,95.94240837696336
118,1996,0,9613,1996-04-27,4,17,118,733,95.94240837696336
119,1996,0,9614,1996-04-28,4,17,119,733,95.94240837696336
120,1996,0,9615,1996-04-29,4,18,120,733,95.94240837696336
121,1996,0,9616,1996-04-30,4,18,121,733,95.94240837696336
122,1996,0,9617,1996-05-01,5,18,122,733,95.94240837696336
123,1996,27,9618,1996-05-02,5,18,123,760,99.47643979057592
124,1996,0,9619,1996-05-03,5,18,124,760,99.47643979057592
125,1996,0,9620,1996-05-04,5,18,125,760,99.47643979057592
126,1996,2,9621,1996-05-05,5,18,126,762,99.73821989528795
127,1996,0,9622,1996-05-06,5,19,127,762,99.73821989528795
128,1996,0,9623,1996-05-07,5,19,128,762,99.73821989528795
129,1996,0,9624,1996-05-08,5,19,129,762,99.73821989528795
130,1996,0,9625,1996-05-09,5,19,130,762,99.73821989528795
131,1996,0,9626,1996-05-10,5,19,131,762,99.73821989528795
132,1996,0,9627,1996-05-11,5,19,132,762,99.73821989528795
133,1996,1,9628,1996-05-12,5,19,133,763,99.86910994764398
134,1996,1,9629,1996-05-13,5,20,134,764,100
135,1996,0,9630,1996-05-14,5,20,135,764,100
136,1996,0,9631,1996-05-15,5,20,136,764,100
137,1996,0,9632,1996-05-16,5,20,137,764,100
138,1996,0,9633,1996-05-17,5,20,138,764,100
139,1996,0,9634,1996-05-18,5,20,139,764,100
140,1996,0,9635,1996-05-19,5,20,140,764,100
141,1996,0,9636,1996-05-20,5,21,141,764,100
142,1996,0,9637,1996-05-21,5,21,142,764,100
143,1996,0,9638,1996-05-22,5,21,143,764,100
144,1996,0,9639,1996-05-23,5,21,144,764,100
145,1996,0,9640,1996-05-24,5,21,145,764,100
146,1996,0,9641,1996-05-25,5,21,146,764,100
147,1996,0,9642,1996-05-26,5,21,147,764,100
148,1996,0,9643,1996-05-27,5,22,148,764,100
149,1996,0,9644,1996-05-28,5,22,149,764,100
150,1996,0,9645,1996-05-29,5,22,150,764,100
151,1996,0,9646,1996-05-30,5,22,151,764,100
152,1996,0,9647,1996-05-31,5,22,152,764,100
153,1996,0,9648,1996-06-01,6,22,153,764,100
154,1996,0,9649,1996-06-02,6,22,154,764,100
155,1996,0,9650,1996-06-03,6,23,155,764,100
156,1996,0,9651,1996-06-04,6,23,156,764,100
157,1996,0,9652,1996-06-05,6,23,157,764,100
158,1996,0,9653,1996-06-06,6,23,158,764,100
159,1996,0,9654,1996-06-07,6,23,159,764,100
160,1996,0,9655,1996-06-08,6,23,160,764,100
161,1996,0,9656,1996-06-09,6,23,161,764,100
162,1996,0,9657,1996-06-10,6,24,162,764,100
163,1996,0,9658,1996-06-11,6,24,163,764,100
164,1996,0,9659,1996-06-12,6,24,164,764,100
165,1996,0,9660,1996-06-13,6,24,165,764,100
166,1996,0,9661,1996-06-14,6,24,166,764,100
167,1996,0,9662,1996-06-15,6,24,167,764,100
168,1996,0,9663,1996-06-16,6,24,168,764,100
169,1996,0,9664,1996-06-17,6,25,169,764,100
170,1996,0,9665,1996-06-18,6,25,170,764,100
171,1996,0,9666,1996-06-19,6,25,171,764,100
172,1996,0,9667,1996-06-20,6,25,172,764,100
173,1996,0,9668,1996-06-21,6,25,173,764,100
174,1996,0,9669,1996-06-22,6,25,174,764,100
175,1996,0,9670,1996-06-23,6,25,175,764,100
176,1996,0,9671,1996-06-24,6,26,176,764,100
177,1996,0,9672,1996-06-25,6,26,177,764,100
178,1996,0,9673,1996-06-26,6,26,178,764,100
179,1996,0,9674,1996-06-27,6,26,179,764,100
180,1996,0,9675,1996-06-28,6,26,180,764,100
1,1997,0,9862,1997-01-01,1,1,1,0,0
2,1997,0,9863,1997-01-02,1,1,2,0,0
3,1997,0,9864,1997-01-03,1,1,3,0,0
4,1997,0,9865,1997-01-04,1,1,4,0,0
5,1997,0,9866,1997-01-05,1,1,5,0,0
6,1997,0,9867,1997-01-06,1,1,6,0,0
7,1997,0,9868,1997-01-07,1,1,7,0,0
8,1997,0,9869,1997-01-08,1,2,8,0,0
9,1997,0,9870,1997-01-09,1,2,9,0,0
10,1997,0,9871,1997-01-10,1,2,10,0,0
11,1997,0,9872,1997-01-11,1,2,11,0,0
12,1997,0,9873,1997-01-12,1,2,12,0,0
13,1997,0,9874,1997-01-13,1,2,13,0,0
14,1997,0,9875,1997-01-14,1,2,14,0,0
15,1997,0,9876,1997-01-15,1,3,15,0,0
16,1997,0,9877,1997-01-16,1,3,16,0,0
17,1997,0,9878,1997-01-17,1,3,17,0,0
18,1997,0,9879,1997-01-18,1,3,18,0,0
19,1997,0,9880,1997-01-19,1,3,19,0,0
20,1997,0,9881,1997-01-20,1,3,20,0,0
21,1997,0,9882,1997-01-21,1,3,21,0,0
22,1997,0,9883,1997-01-22,1,4,22,0,0
23,1997,0,9884,1997-01-23,1,4,23,0,0
24,1997,0,9885,1997-01-24,1,4,24,0,0
25,1997,0,9886,1997-01-25,1,4,25,0,0
26,1997,0,9887,1997-01-26,1,4,26,0,0
27,1997,0,9888,1997-01-27,1,4,27,0,0
28,1997,0,9889,1997-01-28,1,4,28,0,0
29,1997,0,9890,1997-01-29,1,5,29,0,0
30,1997,0,9891,1997-01-30,1,5,30,0,0
31,1997,0,9892,1997-01-31,1,5,31,0,0
32,1997,0,9893,1997-02-01,2,5,32,0,0
33,1997,0,9894,1997-02-02,2,5,33,0,0
34,1997,0,9895,1997-02-03,2,5,34,0,0
35,1997,0,9896,1997-02-04,2,5,35,0,0
36,1997,0,9897,1997-02-05,2,6,36,0,0
37,1997,0,9898,1997-02-06,2,6,37,0,0
38,1997,0,9899,1997-02-07,2,6,38,0,0
39,1997,0,9900,1997-02-08,2,6,39,0,0
40,1997,0,9901,1997-02-09,2,6,40,0,0
41,1997,1,9902,1997-02-10,2,6,41,1,0.4975124378109453
42,1997,0,9903,1997-02-11,2,6,42,1,0.4975124378109453
43,1997,0,9904,1997-02-12,2,7,43,1,0.4975124378109453
44,1997,0,9905,1997-02-13,2,7,44,1,0.4975124378109453
45,1997,0,9906,1997-02-14,2,7,45,1,0.4975124378109453
46,1997,0,9907,1997-02-15,2,7,46,1,0.4975124378109453
47,1997,0,9908,1997-02-16,2,7,47,1,0.4975124378109453
48,1997,0,9909,1997-02-17,2,7,48,1,0.4975124378109453
49,1997,0,9910,1997-02-18,2,7,49,1,0.4975124378109453
50,1997,0,9911,1997-02-19,2,8,50,1,0.4975124378109453
51,1997,0,9912,1997-02-20,2,8,51,1,0.4975124378109453
52,1997,0,9913,1997-02-21,2,8,52,1,0.4975124378109453
53,1997,0,9914,1997-02-22,2,8,53,1,0.4975124378109453
54,1997,2,9915,1997-02-23,2,8,54,3,1.4925373134328357
55,1997,0,9916,1997-02-24,2,8,55,3,1.4925373134328357
56,1997,0,9917,1997-02-25,2,8,56,3,1.4925373134328357
57,1997,0,9918,1997-02-26,2,9,57,3,1.4925373134328357
58,1997,0,9919,1997-02-27,2,9,58,3,1.4925373134328357
59,1997,0,9920,1997-02-28,2,9,59,3,1.4925373134328357
60,1997,0,9921,1997-03-01,3,9,60,3,1.4925373134328357
61,1997,0,9922,1997-03-02,3,9,61,3,1.4925373134328357
62,1997,0,9923,1997-03-03,3,9,62,3,1.4925373134328357
63,1997,0,9924,1997-03-04,3,9,63,3,1.4925373134328357
64,1997,1,9925,1997-03-05,3,10,64,4,1.9900497512437811
65,1997,0,9926,1997-03-06,3,10,65,4,1.9900497512437811
66,1997,0,9927,1997-03-07,3,10,66,4,1.9900497512437811
67,1997,0,9928,1997-03-08,3,10,67,4,1.9900497512437811
68,1997,0,9929,1997-03-09,3,10,68,4,1.9900497512437811
69,1997,0,9930,1997-03-10,3,10,69,4,1.9900497512437811
70,1997,0,9931,1997-03-11,3,10,70,4,1.9900497512437811
71,1997,0,9932,1997-03-12,3,11,71,4,1.9900497512437811
72,1997,0,9933,1997-03-13,3,11,72,4,1.9900497512437811
73,1997,0,9934,1997-03-14,3,11,73,4,1.9900497512437811
74,1997,0,9935,1997-03-15,3,11,74,4,1.9900497512437811
75,1997,0,9936,1997-03-16,3,11,75,4,1.9900497512437811
76,1997,0,9937,1997-03-17,3,11,76,4,1.9900497512437811
77,1997,5,9938,1997-03-18,3,11,77,9,4.477611940298507
78,1997,0,9939,1997-03-19,3,12,78,9,4.477611940298507
79,1997,0,9940,1997-03-20,3,12,79,9,4.477611940298507
80,1997,0,9941,1997-03-21,3,12,80,9,4.477611940298507
81,1997,1,9942,1997-03-22,3,12,81,10,4.975124378109453
82,1997,0,9943,1997-03-23,3,12,82,10,4.975124378109453
83,1997,2,9944,1997-03-24,3,12,83,12,5.970149253731343
84,1997,1,9945,1997-03-25,3,12,84,13,6.467661691542288
85,1997,0,9946,1997-03-26,3,13,85,13,6.467661691542288
86,1997,1,9947,1997-03-27,3,13,86,14,6.965174129353234
87,1997,2,9948,1997-03-28,3,13,87,16,7.960199004975125
88,1997,0,9949,1997-03-29,3,13,88,16,7.960199004975125
89,1997,0,9950,1997-03-30,3,13,89,16,7.960199004975125
90,1997,0,9951,1997-03-31,3,13,90,16,7.960199004975125
91,1997,5,9952,1997-04-01,4,13,91,21,10.44776119402985
92,1997,2,9953,1997-04-02,4,14,92,23,11.442786069651742
93,1997,1,9954,1997-04-03,4,14,93,24,11.940298507462686
94,1997,0,9955,1997-04-04,4,14,94,24,11.940298507462686
95,1997,0,9956,1997-04-05,4,14,95,24,11.940298507462686
96,1997,4,9957,1997-04-06,4,14,96,28,13.930348258706468
97,1997,0,9958,1997-04-07,4,14,97,28,13.930348258706468
98,1997,0,9959,1997-04-08,4,14,98,28,13.930348258706468
99,1997,0,9960,1997-04-09,4,15,99,28,13.930348258706468
100,1997,3,9961,1997-04-10,4,15,100,31,15.422885572139302
101,1997,3,9962,1997-04-11,4,15,101,34,16.91542288557214
102,1997,3,9963,1997-04-12,4,15,102,37,18.407960199004975
103,1997,0,9964,1997-04-13,4,15,103,37,18.407960199004975
104,1997,0,9965,1997-04-14,4,15,104,37,18.407960199004975
105,1997,8,9966,1997-04-15,4,15,105,45,22.388059701492537
106,1997,0,9967,1997-04-16,4,16,106,45,22.388059701492537
107,1997,0,9968,1997-04-17,4,16,107,45,22.388059701492537
108,1997,0,9969,1997-04-18,4,16,108,45,22.388059701492537
109,1997,1,9970,1997-04-19,4,16,109,46,22.885572139303484
110,1997,0,9971,1997-04-20,4,16,110,46,22.885572139303484
111,1997,2,9972,1997-04-21,4,16,111,48,23.88059701492537
112,1997,0,9973,1997-04-22,4,16,112,48,23.88059701492537
113,1997,3,9974,1997-04-23,4,17,113,51,25.37313432835821
114,1997,3,9975,1997-04-24,4,17,114,54,26.865671641791046
115,1997,31,9976,1997-04-25,4,17,115,85,42.28855721393035
116,1997,105,9977,1997-04-26,4,17,116,190,94.5273631840796
117,1997,2,9978,1997-04-27,4,17,117,192,95.52238805970148
118,1997,6,9979,1997-04-28,4,17,118,198,98.50746268656717
119,1997,0,9980,1997-04-29,4,17,119,198,98.50746268656717
120,1997,0,9981,1997-04-30,4,18,120,198,98.50746268656717
121,1997,0,9982,1997-05-01,5,18,121,198,98.50746268656717
122,1997,0,9983,1997-05-02,5,18,122,198,98.50746268656717
123,1997,0,9984,1997-05-03,5,18,123,198,98.50746268656717
124,1997,0,9985,1997-05-04,5,18,124,198,98.50746268656717
125,1997,2,9986,1997-05-05,5,18,125,200,99.50248756218906
126,1997,0,9987,1997-05-06,5,18,126,200,99.50248756218906
127,1997,0,9988,1997-05-07,5,19,127,200,99.50248756218906
128,1997,0,9989,1997-05-08,5,19,128,200,99.50248756218906
129,1997,1,9990,1997-05-09,5,19,129,201,100
130,1997,0,9991,1997-05-10,5,19,130,201,100
131,1997,0,9992,1997-05-11,5,19,131,201,100
132,1997,0,9993,1997-05-12,5,19,132,201,100
133,1997,0,9994,1997-05-13,5,19,133,201,100
134,1997,0,9995,1997-05-14,5,20,134,201,100
135,1997,0,9996,1997-05-15,5,20,135,201,100
136,1997,0,9997,1997-05-16,5,20,136,201,100
137,1997,0,9998,1997-05-17,5,20,137,201,100
138,1997,0,9999,1997-05-18,5,20,138,201,100
139,1997,0,10000,1997-05-19,5,20,139,201,100
140,1997,0,10001,1997-05-20,5,20,140,201,100
141,1997,0,10002,1997-05-21,5,21,141,201,100
142,1997,0,10003,1997-05-22,5,21,142,201,100
143,1997,0,10004,1997-05-23,5,21,143,201,100
144,1997,0,10005,1997-05-24,5,21,144,201,100
145,1997,0,10006,1997-05-25,5,21,145,201,100
146,1997,0,10007,1997-05-26,5,21,146,201,100
147,1997,0,10008,1997-05-27,5,21,147,201,100
148,1997,0,10009,1997-05-28,5,22,148,201,100
149,1997,0,10010,1997-05-29,5,22,149,201,100
150,1997,0,10011,1997-05-30,5,22,150,201,100
151,1997,0,10012,1997-05-31,5,22,151,201,100
152,1997,0,10013,1997-06-01,6,22,152,201,100
153,1997,0,10014,1997-06-02,6,22,153,201,100
154,1997,0,10015,1997-06-03,6,22,154,201,100
155,1997,0,10016,1997-06-04,6,23,155,201,100
156,1997,0,10017,1997-06-05,6,23,156,201,100
157,1997,0,10018,1997-06-06,6,23,157,201,100
158,1997,0,10019,1997-06-07,6,23,158,201,100
159,1997,0,10020,1997-06-08,6,23,159,201,100
160,1997,0,10021,1997-06-09,6,23,160,201,100
161,1997,0,10022,1997-06-10,6,23,161,201,100
162,1997,0,10023,1997-06-11,6,24,162,201,100
163,1997,0,10024,1997-06-12,6,24,163,201,100
164,1997,0,10025,1997-06-13,6,24,164,201,100
165,1997,0,10026,1997-06-14,6,24,165,201,100
166,1997,0,10027,1997-06-15,6,24,166,201,100
167,1997,0,10028,1997-06-16,6,24,167,201,100
168,1997,0,10029,1997-06-17,6,24,168,201,100
169,1997,0,10030,1997-06-18,6,25,169,201,100
170,1997,0,10031,1997-06-19,6,25,170,201,100
171,1997,0,10032,1997-06-20,6,25,171,201,100
172,1997,0,10033,1997-06-21,6,25,172,201,100
173,1997,0,10034,1997-06-22,6,25,173,201,100
174,1997,0,10035,1997-06-23,6,25,174,201,100
175,1997,0,10036,1997-06-24,6,25,175,201,100
176,1997,0,10037,1997-06-25,6,26,176,201,100
177,1997,0,10038,1997-06-26,6,26,177,201,100
178,1997,0,10039,1997-06-27,6,26,178,201,100
179,1997,0,10040,1997-06-28,6,26,179,201,100
180,1997,0,10041,1997-06-29,6,26,180,201,100
1,1998,0,10227,1998-01-01,1,1,1,0,0
2,1998,0,10228,1998-01-02,1,1,2,0,0
3,1998,0,10229,1998-01-03,1,1,3,0,0
4,1998,0,10230,1998-01-04,1,1,4,0,0
5,1998,0,10231,1998-01-05,1,1,5,0,0
6,1998,0,10232,1998-01-06,1,1,6,0,0
7,1998,0,10233,1998-01-07,1,1,7,0,0
8,1998,0,10234,1998-01-08,1,2,8,0,0
9,1998,0,10235,1998-01-09,1,2,9,0,0
10,1998,0,10236,1998-01-10,1,2,10,0,0
11,1998,0,10237,1998-01-11,1,2,11,0,0
12,1998,0,10238,1998-01-12,1,2,12,0,0
13,1998,0,10239,1998-01-13,1,2,13,0,0
14,1998,0,10240,1998-01-14,1,2,14,0,0
15,1998,0,10241,1998-01-15,1,3,15,0,0
16,1998,0,10242,1998-01-16,1,3,16,0,0
17,1998,0,10243,1998-01-17,1,3,17,0,0
18,1998,0,10244,1998-01-18,1,3,18,0,0
19,1998,0,10245,1998-01-19,1,3,19,0,0
20,1998,0,10246,1998-01-20,1,3,20,0,0
21,1998,0,10247,1998-01-21,1,3,21,0,0
22,1998,0,10248,1998-01-22,1,4,22,0,0
23,1998,0,10249,1998-01-23,1,4,23,0,0
24,1998,0,10250,1998-01-24,1,4,24,0,0
25,1998,0,10251,1998-01-25,1,4,25,0,0
26,1998,0,10252,1998-01-26,1,4,26,0,0
27,1998,0,10253,1998-01-27,1,4,27,0,0
28,1998,0,10254,1998-01-28,1,4,28,0,0
29,1998,0,10255,1998-01-29,1,5,29,0,0
30,1998,0,10256,1998-01-30,1,5,30,0,0
31,1998,0,10257,1998-01-31,1,5,31,0,0
32,1998,0,10258,1998-02-01,2,5,32,0,0
33,1998,0,10259,1998-02-02,2,5,33,0,0
34,1998,0,10260,1998-02-03,2,5,34,0,0
35,1998,0,10261,1998-02-04,2,5,35,0,0
36,1998,0,10262,1998-02-05,2,6,36,0,0
37,1998,0,10263,1998-02-06,2,6,37,0,0
38,1998,0,10264,1998-02-07,2,6,38,0,0
39,1998,0,10265,1998-02-08,2,6,39,0,0
40,1998,0,10266,1998-02-09,2,6,40,0,0
41,1998,0,10267,1998-02-10,2,6,41,0,0
42,1998,0,10268,1998-02-11,2,6,42,0,0
43,1998,0,10269,1998-02-12,2,7,43,0,0
44,1998,0,10270,1998-02-13,2,7,44,0,0
45,1998,0,10271,1998-02-14,2,7,45,0,0
46,1998,0,10272,1998-02-15,2,7,46,0,0
47,1998,0,10273,1998-02-16,2,7,47,0,0
48,1998,0,10274,1998-02-17,2,7,48,0,0
49,1998,0,10275,1998-02-18,2,7,49,0,0
50,1998,0,10276,1998-02-19,2,8,50,0,0
51,1998,0,10277,1998-02-20,2,8,51,0,0
52,1998,0,10278,1998-02-21,2,8,52,0,0
53,1998,0,10279,1998-02-22,2,8,53,0,0
54,1998,0,10280,1998-02-23,2,8,54,0,0
55,1998,0,10281,1998-02-24,2,8,55,0,0
56,1998,0,10282,1998-02-25,2,8,56,0,0
57,1998,0,10283,1998-02-26,2,9,57,0,0
58,1998,0,10284,1998-02-27,2,9,58,0,0
59,1998,0,10285,1998-02-28,2,9,59,0,0
60,1998,0,10286,1998-03-01,3,9,60,0,0
61,1998,0,10287,1998-03-02,3,9,61,0,0
62,1998,1,10288,1998-03-03,3,9,62,1,0.19723865877712032
63,1998,6,10289,1998-03-04,3,9,63,7,1.3806706114398422
64,1998,1,10290,1998-03-05,3,10,64,8,1.5779092702169626
65,1998,0,10291,1998-03-06,3,10,65,8,1.5779092702169626
66,1998,1,10292,1998-03-07,3,10,66,9,1.7751479289940828
67,1998,3,10293,1998-03-08,3,10,67,12,2.366863905325444
68,1998,0,10294,1998-03-09,3,10,68,12,2.366863905325444
69,1998,0,10295,1998-03-10,3,10,69,12,2.366863905325444
70,1998,0,10296,1998-03-11,3,10,70,12,2.366863905325444
71,1998,0,10297,1998-03-12,3,11,71,12,2.366863905325444
72,1998,0,10298,1998-03-13,3,11,72,12,2.366863905325444
73,1998,0,10299,1998-03-14,3,11,73,12,2.366863905325444
74,1998,3,10300,1998-03-15,3,11,74,15,2.9585798816568047
75,1998,0,10301,1998-03-16,3,11,75,15,2.9585798816568047
76,1998,0,10302,1998-03-17,3,11,76,15,2.9585798816568047
77,1998,4,10303,1998-03-18,3,11,77,19,3.7475345167652856
78,1998,3,10304,1998-03-19,3,12,78,22,4.339250493096647
79,1998,0,10305,1998-03-20,3,12,79,22,4.339250493096647
80,1998,3,10306,1998-03-21,3,12,80,25,4.930966469428008
81,1998,1,10307,1998-03-22,3,12,81,26,5.128205128205128
82,1998,5,10308,1998-03-23,3,12,82,31,6.11439842209073
83,1998,0,10309,1998-03-24,3,12,83,31,6.11439842209073
84,1998,0,10310,1998-03-25,3,12,84,31,6.11439842209073
85,1998,0,10311,1998-03-26,3,13,85,31,6.11439842209073
86,1998,6,10312,1998-03-27,3,13,86,37,7.297830374753452
87,1998,5,10313,1998-03-28,3,13,87,42,8.284023668639055
88,1998,16,10314,1998-03-29,3,13,88,58,11.439842209072978
89,1998,14,10315,1998-03-30,3,13,89,72,14.201183431952662
90,1998,25,10316,1998-03-31,3,13,90,97,19.13214990138067
91,1998,26,10317,1998-04-01,4,13,91,123,24.2603550295858
92,1998,104,10318,1998-04-02,4,14,92,227,44.773175542406314
93,1998,32,10319,1998-04-03,4,14,93,259,51.08481262327417
94,1998,29,10320,1998-04-04,4,14,94,288,56.80473372781065
95,1998,34,10321,1998-04-05,4,14,95,322,63.510848126232744
96,1998,10,10322,1998-04-06,4,14,96,332,65.48323471400394
97,1998,11,10323,1998-04-07,4,14,97,343,67.65285996055226
98,1998,10,10324,1998-04-08,4,14,98,353,69.62524654832347
99,1998,6,10325,1998-04-09,4,15,99,359,70.80867850098619
100,1998,9,10326,1998-04-10,4,15,100,368,72.58382642998028
101,1998,10,10327,1998-04-11,4,15,101,378,74.55621301775149
102,1998,2,10328,1998-04-12,4,15,102,380,74.95069033530572
103,1998,10,10329,1998-04-13,4,15,103,390,76.92307692307693
104,1998,9,10330,1998-04-14,4,15,104,399,78.69822485207101
105,1998,16,10331,1998-04-15,4,15,105,415,81.85404339250493
106,1998,0,10332,1998-04-16,4,16,106,415,81.85404339250493
107,1998,36,10333,1998-04-17,4,16,107,451,88.95463510848126
108,1998,5,10334,1998-04-18,4,16,108,456,89.94082840236686
109,1998,5,10335,1998-04-19,4,16,109,461,90.92702169625247
110,1998,12,10336,1998-04-20,4,16,110,473,93.29388560157791
111,1998,11,10337,1998-04-21,4,16,111,484,95.46351084812623
112,1998,10,10338,1998-04-22,4,16,112,494,97.43589743589743
113,1998,10,10339,1998-04-23,4,17,113,504,99.40828402366864
114,1998,3,10340,1998-04-24,4,17,114,507,100
115,1998,0,10341,1998-04-25,4,17,115,507,100
116,1998,0,10342,1998-04-26,4,17,116,507,100
117,1998,0,10343,1998-04-27,4,17,117,507,100
118,1998,0,10344,1998-04-28,4,17,118,507,100
119,1998,0,10345,1998-04-29,4,17,119,507,100
120,1998,0,10346,1998-04-30,4,18,120,507,100
121,1998,0,10347,1998-05-01,5,18,121,507,100
122,1998,0,10348,1998-05-02,5,18,122,507,100
123,1998,0,10349,1998-05-03,5,18,123,507,100
124,1998,0,10350,1998-05-04,5,18,124,507,100
125,1998,0,10351,1998-05-05,5,18,125,507,100
126,1998,0,10352,1998-05-06,5,18,126,507,100
127,1998,0,10353,1998-05-07,5,19,127,507,100
128,1998,0,10354,1998-05-08,5,19,128,507,100
129,1998,0,10355,1998-05-09,5,19,129,507,100
130,1998,0,10356,1998-05-10,5,19,130,507,100
131,1998,0,10357,1998-05-11,5,19,131,507,100
132,1998,0,10358,1998-05-12,5,19,132,507,100
133,1998,0,10359,1998-05-13,5,19,133,507,100
134,1998,0,10360,1998-05-14,5,20,134,507,100
135,1998,0,10361,1998-05-15,5,20,135,507,100
136,1998,0,10362,1998-05-16,5,20,136,507,100
137,1998,0,10363,1998-05-17,5,20,137,507,100
138,1998,0,10364,1998-05-18,5,20,138,507,100
139,1998,0,10365,1998-05-19,5,20,139,507,100
140,1998,0,10366,1998-05-20,5,20,140,507,100
141,1998,0,10367,1998-05-21,5,21,141,507,100
142,1998,0,10368,1998-05-22,5,21,142,507,100
143,1998,0,10369,1998-05-23,5,21,143,507,100
144,1998,0,10370,1998-05-24,5,21,144,507,100
145,1998,0,10371,1998-05-25,5,21,145,507,100
146,1998,0,10372,1998-05-26,5,21,146,507,100
147,1998,0,10373,1998-05-27,5,21,147,507,100
148,1998,0,10374,1998-05-28,5,22,148,507,100
149,1998,0,10375,1998-05-29,5,22,149,507,100
150,1998,0,10376,1998-05-30,5,22,150,507,100
151,1998,0,10377,1998-05-31,5,22,151,507,100
152,1998,0,10378,1998-06-01,6,22,152,507,100
153,1998,0,10379,1998-06-02,6,22,153,507,100
154,1998,0,10380,1998-06-03,6,22,154,507,100
155,1998,0,10381,1998-06-04,6,23,155,507,100
156,1998,0,10382,1998-06-05,6,23,156,507,100
157,1998,0,10383,1998-06-06,6,23,157,507,100
158,1998,0,10384,1998-06-07,6,23,158,507,100
159,1998,0,10385,1998-06-08,6,23,159,507,100
160,1998,0,10386,1998-06-09,6,23,160,507,100
161,1998,0,10387,1998-06-10,6,23,161,507,100
162,1998,0,10388,1998-06-11,6,24,162,507,100
163,1998,0,10389,1998-06-12,6,24,163,507,100
164,1998,0,10390,1998-06-13,6,24,164,507,100
165,1998,0,10391,1998-06-14,6,24,165,507,100
166,1998,0,10392,1998-06-15,6,24,166,507,100
167,1998,0,10393,1998-06-16,6,24,167,507,100
168,1998,0,10394,1998-06-17,6,24,168,507,100
169,1998,0,10395,1998-06-18,6,25,169,507,100
170,1998,0,10396,1998-06-19,6,25,170,507,100
171,1998,0,10397,1998-06-20,6,25,171,507,100
172,1998,0,10398,1998-06-21,6,25,172,507,100
173,1998,0,10399,1998-06-22,6,25,173,507,100
174,1998,0,10400,1998-06-23,6,25,174,507,100
175,1998,0,10401,1998-06-24,6,25,175,507,100
176,1998,0,10402,1998-06-25,6,26,176,507,100
177,1998,0,10403,1998-06-26,6,26,177,507,100
178,1998,0,10404,1998-06-27,6,26,178,507,100
179,1998,0,10405,1998-06-28,6,26,179,507,100
180,1998,0,10406,1998-06-29,6,26,180,507,100
1,1999,0,10592,1999-01-01,1,1,1,0,0
2,1999,0,10593,1999-01-02,1,1,2,0,0
3,1999,0,10594,1999-01-03,1,1,3,0,0
4,1999,0,10595,1999-01-04,1,1,4,0,0
5,1999,0,10596,1999-01-05,1,1,5,0,0
6,1999,0,10597,1999-01-06,1,1,6,0,0
7,1999,0,10598,1999-01-07,1,1,7,0,0
8,1999,0,10599,1999-01-08,1,2,8,0,0
9,1999,0,10600,1999-01-09,1,2,9,0,0
10,1999,0,10601,1999-01-10,1,2,10,0,0
11,1999,0,10602,1999-01-11,1,2,11,0,0
12,1999,0,10603,1999-01-12,1,2,12,0,0
13,1999,0,10604,1999-01-13,1,2,13,0,0
14,1999,0,10605,1999-01-14,1,2,14,0,0
15,1999,0,10606,1999-01-15,1,3,15,0,0
16,1999,0,10607,1999-01-16,1,3,16,0,0
17,1999,0,10608,1999-01-17,1,3,17,0,0
18,1999,0,10609,1999-01-18,1,3,18,0,0
19,1999,0,10610,1999-01-19,1,3,19,0,0
20,1999,0,10611,1999-01-20,1,3,20,0,0
21,1999,0,10612,1999-01-21,1,3,21,0,0
22,1999,0,10613,1999-01-22,1,4,22,0,0
23,1999,0,10614,1999-01-23,1,4,23,0,0
24,1999,0,10615,1999-01-24,1,4,24,0,0
25,1999,0,10616,1999-01-25,1,4,25,0,0
26,1999,0,10617,1999-01-26,1,4,26,0,0
27,1999,0,10618,1999-01-27,1,4,27,0,0
28,1999,0,10619,1999-01-28,1,4,28,0,0
29,1999,0,10620,1999-01-29,1,5,29,0,0
30,1999,0,10621,1999-01-30,1,5,30,0,0
31,1999,0,10622,1999-01-31,1,5,31,0,0
32,1999,0,10623,1999-02-01,2,5,32,0,0
33,1999,0,10624,1999-02-02,2,5,33,0,0
34,1999,0,10625,1999-02-03,2,5,34,0,0
35,1999,0,10626,1999-02-04,2,5,35,0,0
36,1999,0,10627,1999-02-05,2,6,36,0,0
37,1999,0,10628,1999-02-06,2,6,37,0,0
38,1999,0,10629,1999-02-07,2,6,38,0,0
39,1999,0,10630,1999-02-08,2,6,39,0,0
40,1999,0,10631,1999-02-09,2,6,40,0,0
41,1999,0,10632,1999-02-10,2,6,41,0,0
42,1999,0,10633,1999-02-11,2,6,42,0,0
43,1999,0,10634,1999-02-12,2,7,43,0,0
44,1999,0,10635,1999-02-13,2,7,44,0,0
45,1999,0,10636,1999-02-14,2,7,45,0,0
46,1999,0,10637,1999-02-15,2,7,46,0,0
47,1999,0,10638,1999-02-16,2,7,47,0,0
48,1999,0,10639,1999-02-17,2,7,48,0,0
49,1999,0,10640,1999-02-18,2,7,49,0,0
50,1999,0,10641,1999-02-19,2,8,50,0,0
51,1999,0,10642,1999-02-20,2,8,51,0,0
52,1999,0,10643,1999-02-21,2,8,52,0,0
53,1999,0,10644,1999-02-22,2,8,53,0,0
54,1999,0,10645,1999-02-23,2,8,54,0,0
55,1999,0,10646,1999-02-24,2,8,55,0,0
56,1999,0,10647,1999-02-25,2,8,56,0,0
57,1999,0,10648,1999-02-26,2,9,57,0,0
58,1999,0,10649,1999-02-27,2,9,58,0,0
59,1999,0,10650,1999-02-28,2,9,59,0,0
60,1999,0,10651,1999-03-01,3,9,60,0,0
61,1999,0,10652,1999-03-02,3,9,61,0,0
62,1999,0,10653,1999-03-03,3,9,62,0,0
63,1999,0,10654,1999-03-04,3,9,63,0,0
64,1999,0,10655,1999-03-05,3,10,64,0,0
65,1999,0,10656,1999-03-06,3,10,65,0,0
66,1999,0,10657,1999-03-07,3,10,66,0,0
67,1999,0,10658,1999-03-08,3,10,67,0,0
68,1999,0,10659,1999-03-09,3,10,68,0,0
69,1999,0,10660,1999-03-10,3,10,69,0,0
70,1999,0,10661,1999-03-11,3,10,70,0,0
71,1999,0,10662,1999-03-12,3,11,71,0,0
72,1999,0,10663,1999-03-13,3,11,72,0,0
73,1999,0,10664,1999-03-14,3,11,73,0,0
74,1999,1,10665,1999-03-15,3,11,74,1,0.5128205128205128
75,1999,0,10666,1999-03-16,3,11,75,1,0.5128205128205128
76,1999,2,10667,1999-03-17,3,11,76,3,1.5384615384615385
77,1999,0,10668,1999-03-18,3,11,77,3,1.5384615384615385
78,1999,0,10669,1999-03-19,3,12,78,3,1.5384615384615385
79,1999,0,10670,1999-03-20,3,12,79,3,1.5384615384615385
80,1999,7,10671,1999-03-21,3,12,80,10,5.128205128205128
81,1999,0,10672,1999-03-22,3,12,81,10,5.128205128205128
82,1999,0,10673,1999-03-23,3,12,82,10,5.128205128205128
83,1999,22,10674,1999-03-24,3,12,83,32,16.41025641025641
84,1999,0,10675,1999-03-25,3,12,84,32,16.41025641025641
85,1999,15,10676,1999-03-26,3,13,85,47,24.102564102564102
86,1999,0,10677,1999-03-27,3,13,86,47,24.102564102564102
87,1999,9,10678,1999-03-28,3,13,87,56,28.717948717948715
88,1999,11,10679,1999-03-29,3,13,88,67,34.35897435897436
89,1999,8,10680,1999-03-30,3,13,89,75,38.46153846153847
90,1999,10,10681,1999-03-31,3,13,90,85,43.58974358974359
91,1999,8,10682,1999-04-01,4,13,91,93,47.69230769230769
92,1999,18,10683,1999-04-02,4,14,92,111,56.92307692307692
93,1999,15,10684,1999-04-03,4,14,93,126,64.61538461538461
94,1999,3,10685,1999-04-04,4,14,94,129,66.15384615384615
95,1999,3,10686,1999-04-05,4,14,95,132,67.6923076923077
96,1999,6,10687,1999-04-06,4,14,96,138,70.76923076923077
97,1999,3,10688,1999-04-07,4,14,97,141,72.3076923076923
98,1999,5,10689,1999-04-08,4,14,98,146,74.87179487179488
99,1999,0,10690,1999-04-09,4,15,99,146,74.87179487179488
100,1999,11,10691,1999-04-10,4,15,100,157,80.51282051282051
101,1999,7,10692,1999-04-11,4,15,101,164,84.1025641025641
102,1999,6,10693,1999-04-12,4,15,102,170,87.17948717948718
103,1999,2,10694,1999-04-13,4,15,103,172,88.2051282051282
104,1999,3,10695,1999-04-14,4,15,104,175,89.74358974358975
105,1999,0,10696,1999-04-15,4,15,105,175,89.74358974358975
106,1999,2,10697,1999-04-16,4,16,106,177,90.76923076923077
107,1999,2,10698,1999-04-17,4,16,107,179,91.7948717948718
108,1999,0,10699,1999-04-18,4,16,108,179,91.7948717948718
109,1999,4,10700,1999-04-19,4,16,109,183,93.84615384615384
110,1999,8,10701,1999-04-20,4,16,110,191,97.94871794871794
111,1999,3,10702,1999-04-21,4,16,111,194,99.48717948717949
112,1999,0,10703,1999-04-22,4,16,112,194,99.48717948717949
113,1999,0,10704,1999-04-23,4,17,113,194,99.48717948717949
114,1999,1,10705,1999-04-24,4,17,114,195,100
115,1999,0,10706,1999-04-25,4,17,115,195,100
116,1999,0,10707,1999-04-26,4,17,116,195,100
117,1999,0,10708,1999-04-27,4,17,117,195,100
118,1999,0,10709,1999-04-28,4,17,118,195,100
119,1999,0,10710,1999-04-29,4,17,119,195,100
120,1999,0,10711,1999-04-30,4,18,120,195,100
121,1999,0,10712,1999-05-01,5,18,121,195,100
122,1999,0,10713,1999-05-02,5,18,122,195,100
123,1999,0,10714,1999-05-03,5,18,123,195,100
124,1999,0,10715,1999-05-04,5,18,124,195,100
125,1999,0,10716,1999-05-05,5,18,125,195,100
126,1999,0,10717,1999-05-06,5,18,126,195,100
127,1999,0,10718,1999-05-07,5,19,127,195,100
128,1999,0,10719,1999-05-08,5,19,128,195,100
129,1999,0,10720,1999-05-09,5,19,129,195,100
130,1999,0,10721,1999-05-10,5,19,130,195,100
131,1999,0,10722,1999-05-11,5,19,131,195,100
132,1999,0,10723,1999-05-12,5,19,132,195,100
133,1999,0,10724,1999-05-13,5,19,133,195,100
134,1999,0,10725,1999-05-14,5,20,134,195,100
135,1999,0,10726,1999-05-15,5,20,135,195,100
136,1999,0,10727,1999-05-16,5,20,136,195,100
137,1999,0,10728,1999-05-17,5,20,137,195,100
138,1999,0,10729,1999-05-18,5,20,138,195,100
139,1999,0,10730,1999-05-19,5,20,139,195,100
140,1999,0,10731,1999-05-20,5,20,140,195,100
141,1999,0,10732,1999-05-21,5,21,141,195,100
142,1999,0,10733,1999-05-22,5,21,142,195,100
143,1999,0,10734,1999-05-23,5,21,143,195,100
144,1999,0,10735,1999-05-24,5,21,144,195,100
145,1999,0,10736,1999-05-25,5,21,145,195,100
146,1999,0,10737,1999-05-26,5,21,146,195,100
147,1999,0,10738,1999-05-27,5,21,147,195,100
148,1999,0,10739,1999-05-28,5,22,148,195,100
149,1999,0,10740,1999-05-29,5,22,149,195,100
150,1999,0,10741,1999-05-30,5,22,150,195,100
151,1999,0,10742,1999-05-31,5,22,151,195,100
152,1999,0,10743,1999-06-01,6,22,152,195,100
153,1999,0,10744,1999-06-02,6,22,153,195,100
154,1999,0,10745,1999-06-03,6,22,154,195,100
155,1999,0,10746,1999-06-04,6,23,155,195,100
156,1999,0,10747,1999-06-05,6,23,156,195,100
157,1999,0,10748,1999-06-06,6,23,157,195,100
158,1999,0,10749,1999-06-07,6,23,158,195,100
159,1999,0,10750,1999-06-08,6,23,159,195,100
160,1999,0,10751,1999-06-09,6,23,160,195,100
161,1999,0,10752,1999-06-10,6,23,161,195,100
162,1999,0,10753,1999-06-11,6,24,162,195,100
163,1999,0,10754,1999-06-12,6,24,163,195,100
164,1999,0,10755,1999-06-13,6,24,164,195,100
165,1999,0,10756,1999-06-14,6,24,165,195,100
166,1999,0,10757,1999-06-15,6,24,166,195,100
167,1999,0,10758,1999-06-16,6,24,167,195,100
168,1999,0,10759,1999-06-17,6,24,168,195,100
169,1999,0,10760,1999-06-18,6,25,169,195,100
170,1999,0,10761,1999-06-19,6,25,170,195,100
171,1999,0,10762,1999-06-20,6,25,171,195,100
172,1999,0,10763,1999-06-21,6,25,172,195,100
173,1999,0,10764,1999-06-22,6,25,173,195,100
174,1999,0,10765,1999-06-23,6,25,174,195,100
175,1999,0,10766,1999-06-24,6,25,175,195,100
176,1999,0,10767,1999-06-25,6,26,176,195,100
177,1999,0,10768,1999-06-26,6,26,177,195,100
178,1999,0,10769,1999-06-27,6,26,178,195,100
179,1999,0,10770,1999-06-28,6,26,179,195,100
180,1999,0,10771,1999-06-29,6,26,180,195,100
1,2000,0,10957,2000-01-01,1,1,1,0,0
2,2000,0,10958,2000-01-02,1,1,2,0,0
3,2000,0,10959,2000-01-03,1,1,3,0,0
4,2000,0,10960,2000-01-04,1,1,4,0,0
5,2000,0,10961,2000-01-05,1,1,5,0,0
6,2000,0,10962,2000-01-06,1,1,6,0,0
7,2000,0,10963,2000-01-07,1,1,7,0,0
8,2000,0,10964,2000-01-08,1,2,8,0,0
9,2000,0,10965,2000-01-09,1,2,9,0,0
10,2000,0,10966,2000-01-10,1,2,10,0,0
11,2000,0,10967,2000-01-11,1,2,11,0,0
12,2000,0,10968,2000-01-12,1,2,12,0,0
13,2000,0,10969,2000-01-13,1,2,13,0,0
14,2000,0,10970,2000-01-14,1,2,14,0,0
15,2000,0,10971,2000-01-15,1,3,15,0,0
16,2000,0,10972,2000-01-16,1,3,16,0,0
17,2000,0,10973,2000-01-17,1,3,17,0,0
18,2000,0,10974,2000-01-18,1,3,18,0,0
19,2000,0,10975,2000-01-19,1,3,19,0,0
20,2000,0,10976,2000-01-20,1,3,20,0,0
21,2000,0,10977,2000-01-21,1,3,21,0,0
22,2000,0,10978,2000-01-22,1,4,22,0,0
23,2000,0,10979,2000-01-23,1,4,23,0,0
24,2000,0,10980,2000-01-24,1,4,24,0,0
25,2000,0,10981,2000-01-25,1,4,25,0,0
26,2000,0,10982,2000-01-26,1,4,26,0,0
27,2000,0,10983,2000-01-27,1,4,27,0,0
28,2000,0,10984,2000-01-28,1,4,28,0,0
29,2000,0,10985,2000-01-29,1,5,29,0,0
30,2000,0,10986,2000-01-30,1,5,30,0,0
31,2000,0,10987,2000-01-31,1,5,31,0,0
32,2000,0,10988,2000-02-01,2,5,32,0,0
33,2000,0,10989,2000-02-02,2,5,33,0,0
34,2000,0,10990,2000-02-03,2,5,34,0,0
35,2000,0,10991,2000-02-04,2,5,35,0,0
36,2000,0,10992,2000-02-05,2,6,36,0,0
37,2000,0,10993,2000-02-06,2,6,37,0,0
38,2000,0,10994,2000-02-07,2,6,38,0,0
39,2000,1,10995,2000-02-08,2,6,39,1,0.05470459518599562
40,2000,0,10996,2000-02-09,2,6,40,1,0.05470459518599562
41,2000,0,10997,2000-02-10,2,6,41,1,0.05470459518599562
42,2000,0,10998,2000-02-11,2,6,42,1,0.05470459518599562
43,2000,0,10999,2000-02-12,2,7,43,1,0.05470459518599562
44,2000,0,11000,2000-02-13,2,7,44,1,0.05470459518599562
45,2000,0,11001,2000-02-14,2,7,45,1,0.05470459518599562
46,2000,0,11002,2000-02-15,2,7,46,1,0.05470459518599562
47,2000,0,11003,2000-02-16,2,7,47,1,0.05470459518599562
48,2000,0,11004,2000-02-17,2,7,48,1,0.05470459518599562
49,2000,0,11005,2000-02-18,2,7,49,1,0.05470459518599562
50,2000,0,11006,2000-02-19,2,8,50,1,0.05470459518599562
51,2000,0,11007,2000-02-20,2,8,51,1,0.05470459518599562
52,2000,0,11008,2000-02-21,2,8,52,1,0.05470459518599562
53,2000,0,11009,2000-02-22,2,8,53,1,0.05470459518599562
54,2000,0,11010,2000-02-23,2,8,54,1,0.05470459518599562
55,2000,0,11011,2000-02-24,2,8,55,1,0.05470459518599562
56,2000,0,11012,2000-02-25,2,8,56,1,0.05470459518599562
57,2000,0,11013,2000-02-26,2,9,57,1,0.05470459518599562
58,2000,0,11014,2000-02-27,2,9,58,1,0.05470459518599562
59,2000,0,11015,2000-02-28,2,9,59,1,0.05470459518599562
60,2000,0,11016,2000-02-29,2,9,60,1,0.05470459518599562
61,2000,0,11017,2000-03-01,3,9,61,1,0.05470459518599562
62,2000,0,11018,2000-03-02,3,9,62,1,0.05470459518599562
63,2000,0,11019,2000-03-03,3,9,63,1,0.05470459518599562
64,2000,0,11020,2000-03-04,3,10,64,1,0.05470459518599562
65,2000,0,11021,2000-03-05,3,10,65,1,0.05470459518599562
66,2000,0,11022,2000-03-06,3,10,66,1,0.05470459518599562
67,2000,0,11023,2000-03-07,3,10,67,1,0.05470459518599562
68,2000,1,11024,2000-03-08,3,10,68,2,0.10940919037199125
69,2000,0,11025,2000-03-09,3,10,69,2,0.10940919037199125
70,2000,0,11026,2000-03-10,3,10,70,2,0.10940919037199125
71,2000,0,11027,2000-03-11,3,11,71,2,0.10940919037199125
72,2000,0,11028,2000-03-12,3,11,72,2,0.10940919037199125
73,2000,0,11029,2000-03-13,3,11,73,2,0.10940919037199125
74,2000,0,11030,2000-03-14,3,11,74,2,0.10940919037199125
75,2000,1,11031,2000-03-15,3,11,75,3,0.16411378555798686
76,2000,2,11032,2000-03-16,3,11,76,5,0.2735229759299781
77,2000,2,11033,2000-03-17,3,11,77,7,0.38293216630196936
78,2000,3,11034,2000-03-18,3,12,78,10,0.5470459518599562
79,2000,1,11035,2000-03-19,3,12,79,11,0.6017505470459519
80,2000,4,11036,2000-03-20,3,12,80,15,0.8205689277899343
81,2000,9,11037,2000-03-21,3,12,81,24,1.312910284463895
82,2000,13,11038,2000-03-22,3,12,82,37,2.024070021881838
83,2000,12,11039,2000-03-23,3,12,83,49,2.6805251641137855
84,2000,16,11040,2000-03-24,3,12,84,65,3.555798687089715
85,2000,21,11041,2000-03-25,3,13,85,86,4.704595185995624
86,2000,27,11042,2000-03-26,3,13,86,113,6.181619256017505
87,2000,56,11043,2000-03-27,3,13,87,169,9.24507658643326
88,2000,12,11044,2000-03-28,3,13,88,181,9.901531728665208
89,2000,17,11045,2000-03-29,3,13,89,198,10.831509846827133
90,2000,28,11046,2000-03-30,3,13,90,226,12.36323851203501
91,2000,25,11047,2000-03-31,3,13,91,251,13.730853391684903
92,2000,57,11048,2000-04-01,4,14,92,308,16.849015317286653
93,2000,28,11049,2000-04-02,4,14,93,336,18.38074398249453
94,2000,64,11050,2000-04-03,4,14,94,400,21.88183807439825
95,2000,29,11051,2000-04-04,4,14,95,429,23.468271334792124
96,2000,15,11052,2000-04-05,4,14,96,444,24.288840262582056
97,2000,23,11053,2000-04-06,4,14,97,467,25.547045951859953
98,2000,14,11054,2000-04-07,4,14,98,481,26.312910284463896
99,2000,143,11055,2000-04-08,4,15,99,624,34.13566739606127
100,2000,42,11056,2000-04-09,4,15,100,666,36.433260393873084
101,2000,46,11057,2000-04-10,4,15,101,712,38.949671772428886
102,2000,118,11058,2000-04-11,4,15,102,830,45.40481400437637
103,2000,93,11059,2000-04-12,4,15,103,923,50.49234135667396
104,2000,49,11060,2000-04-13,4,15,104,972,53.17286652078774
105,2000,95,11061,2000-04-14,4,15,105,1067,58.369803063457326
106,2000,170,11062,2000-04-15,4,16,106,1237,67.66958424507659
107,2000,19,11063,2000-04-16,4,16,107,1256,68.7089715536105
108,2000,107,11064,2000-04-17,4,16,108,1363,74.56236323851203
109,2000,56,11065,2000-04-18,4,16,109,1419,77.6258205689278
110,2000,25,11066,2000-04-19,4,16,110,1444,78.99343544857767
111,2000,62,11067,2000-04-20,4,16,111,1506,82.3851203501094
112,2000,14,11068,2000-04-21,4,16,112,1520,83.15098468271334
113,2000,52,11069,2000-04-22,4,17,113,1572,85.99562363238512
114,2000,16,11070,2000-04-23,4,17,114,1588,86.87089715536105
115,2000,20,11071,2000-04-24,4,17,115,1608,87.96498905908096
116,2000,21,11072,2000-04-25,4,17,116,1629,89.11378555798687
117,2000,41,11073,2000-04-26,4,17,117,1670,91.35667396061268
118,2000,28,11074,2000-04-27,4,17,118,1698,92.88840262582056
119,2000,12,11075,2000-04-28,4,17,119,1710,93.54485776805251
120,2000,11,11076,2000-04-29,4,18,120,1721,94.14660831509846
121,2000,30,11077,2000-04-30,4,18,121,1751,95.78774617067833
122,2000,35,11078,2000-05-01,5,18,122,1786,97.70240700218818
123,2000,3,11079,2000-05-02,5,18,123,1789,97.86652078774617
124,2000,11,11080,2000-05-03,5,18,124,1800,98.46827133479212
125,2000,5,11081,2000-05-04,5,18,125,1805,98.7417943107221
126,2000,6,11082,2000-05-05,5,18,126,1811,99.07002188183807
127,2000,11,11083,2000-05-06,5,19,127,1822,99.67177242888403
128,2000,0,11084,2000-05-07,5,19,128,1822,99.67177242888403
129,2000,0,11085,2000-05-08,5,19,129,1822,99.67177242888403
130,2000,6,11086,2000-05-09,5,19,130,1828,100
131,2000,0,11087,2000-05-10,5,19,131,1828,100
132,2000,0,11088,2000-05-11,5,19,132,1828,100
133,2000,0,11089,2000-05-12,5,19,133,1828,100
134,2000,0,11090,2000-05-13,5,20,134,1828,100
135,2000,0,11091,2000-05-14,5,20,135,1828,100
136,2000,0,11092,2000-05-15,5,20,136,1828,100
137,2000,0,11093,2000-05-16,5,20,137,1828,100
138,2000,0,11094,2000-05-17,5,20,138,1828,100
139,2000,0,11095,2000-05-18,5,20,139,1828,100
140,2000,0,11096,2000-05-19,5,20,140,1828,100
141,2000,0,11097,2000-05-20,5,21,141,1828,100
142,2000,0,11098,2000-05-21,5,21,142,1828,100
143,2000,0,11099,2000-05-22,5,21,143,1828,100
144,2000,0,11100,2000-05-23,5,21,144,1828,100
145,2000,0,11101,2000-05-24,5,21,145,1828,100
146,2000,0,11102,2000-05-25,5,21,146,1828,100
147,2000,0,11103,2000-05-26,5,21,147,1828,100
148,2000,0,11104,2000-05-27,5,22,148,1828,100
149,2000,0,11105,2000-05-28,5,22,149,1828,100
150,2000,0,11106,2000-05-29,5,22,150,1828,100
151,2000,0,11107,2000-05-30,5,22,151,1828,100
152,2000,0,11108,2000-05-31,5,22,152,1828,100
153,2000,0,11109,2000-06-01,6,22,153,1828,100
154,2000,0,11110,2000-06-02,6,22,154,1828,100
155,2000,0,11111,2000-06-03,6,23,155,1828,100
156,2000,0,11112,2000-06-04,6,23,156,1828,100
157,2000,0,11113,2000-06-05,6,23,157,1828,100
158,2000,0,11114,2000-06-06,6,23,158,1828,100
159,2000,0,11115,2000-06-07,6,23,159,1828,100
160,2000,0,11116,2000-06-08,6,23,160,1828,100
161,2000,0,11117,2000-06-09,6,23,161,1828,100
162,2000,0,11118,2000-06-10,6,24,162,1828,100
163,2000,0,11119,2000-06-11,6,24,163,1828,100
164,2000,0,11120,2000-06-12,6,24,164,1828,100
165,2000,0,11121,2000-06-13,6,24,165,1828,100
166,2000,0,11122,2000-06-14,6,24,166,1828,100
167,2000,0,11123,2000-06-15,6,24,167,1828,100
168,2000,0,11124,2000-06-16,6,24,168,1828,100
169,2000,0,11125,2000-06-17,6,25,169,1828,100
170,2000,0,11126,2000-06-18,6,25,170,1828,100
171,2000,0,11127,2000-06-19,6,25,171,1828,100
172,2000,0,11128,2000-06-20,6,25,172,1828,100
173,2000,0,11129,2000-06-21,6,25,173,1828,100
174,2000,0,11130,2000-06-22,6,25,174,1828,100
175,2000,0,11131,2000-06-23,6,25,175,1828,100
176,2000,0,11132,2000-06-24,6,26,176,1828,100
177,2000,0,11133,2000-06-25,6,26,177,1828,100
178,2000,0,11134,2000-06-26,6,26,178,1828,100
179,2000,0,11135,2000-06-27,6,26,179,1828,100
180,2000,0,11136,2000-06-28,6,26,180,1828,100
1,2001,0,11323,2001-01-01,1,1,1,0,0
2,2001,0,11324,2001-01-02,1,1,2,0,0
3,2001,0,11325,2001-01-03,1,1,3,0,0
4,2001,0,11326,2001-01-04,1,1,4,0,0
5,2001,0,11327,2001-01-05,1,1,5,0,0
6,2001,0,11328,2001-01-06,1,1,6,0,0
7,2001,0,11329,2001-01-07,1,1,7,0,0
8,2001,0,11330,2001-01-08,1,2,8,0,0
9,2001,0,11331,2001-01-09,1,2,9,0,0
10,2001,0,11332,2001-01-10,1,2,10,0,0
11,2001,0,11333,2001-01-11,1,2,11,0,0
12,2001,0,11334,2001-01-12,1,2,12,0,0
13,2001,0,11335,2001-01-13,1,2,13,0,0
14,2001,0,11336,2001-01-14,1,2,14,0,0
15,2001,0,11337,2001-01-15,1,3,15,0,0
16,2001,0,11338,2001-01-16,1,3,16,0,0
17,2001,0,11339,2001-01-17,1,3,17,0,0
18,2001,0,11340,2001-01-18,1,3,18,0,0
19,2001,0,11341,2001-01-19,1,3,19,0,0
20,2001,0,11342,2001-01-20,1,3,20,0,0
21,2001,0,11343,2001-01-21,1,3,21,0,0
22,2001,0,11344,2001-01-22,1,4,22,0,0
23,2001,0,11345,2001-01-23,1,4,23,0,0
24,2001,0,11346,2001-01-24,1,4,24,0,0
25,2001,0,11347,2001-01-25,1,4,25,0,0
26,2001,0,11348,2001-01-26,1,4,26,0,0
27,2001,0,11349,2001-01-27,1,4,27,0,0
28,2001,0,11350,2001-01-28,1,4,28,0,0
29,2001,0,11351,2001-01-29,1,5,29,0,0
30,2001,0,11352,2001-01-30,1,5,30,0,0
31,2001,0,11353,2001-01-31,1,5,31,0,0
32,2001,0,11354,2001-02-01,2,5,32,0,0
33,2001,0,11355,2001-02-02,2,5,33,0,0
34,2001,0,11356,2001-02-03,2,5,34,0,0
35,2001,0,11357,2001-02-04,2,5,35,0,0
36,2001,0,11358,2001-02-05,2,6,36,0,0
37,2001,0,11359,2001-02-06,2,6,37,0,0
38,2001,0,11360,2001-02-07,2,6,38,0,0
39,2001,0,11361,2001-02-08,2,6,39,0,0
40,2001,0,11362,2001-02-09,2,6,40,0,0
41,2001,0,11363,2001-02-10,2,6,41,0,0
42,2001,0,11364,2001-02-11,2,6,42,0,0
43,2001,0,11365,2001-02-12,2,7,43,0,0
44,2001,0,11366,2001-02-13,2,7,44,0,0
45,2001,0,11367,2001-02-14,2,7,45,0,0
46,2001,0,11368,2001-02-15,2,7,46,0,0
47,2001,0,11369,2001-02-16,2,7,47,0,0
48,2001,0,11370,2001-02-17,2,7,48,0,0
49,2001,0,11371,2001-02-18,2,7,49,0,0
50,2001,0,11372,2001-02-19,2,8,50,0,0
51,2001,0,11373,2001-02-20,2,8,51,0,0
52,2001,0,11374,2001-02-21,2,8,52,0,0
53,2001,0,11375,2001-02-22,2,8,53,0,0
54,2001,0,11376,2001-02-23,2,8,54,0,0
55,2001,0,11377,2001-02-24,2,8,55,0,0
56,2001,0,11378,2001-02-25,2,8,56,0,0
57,2001,0,11379,2001-02-26,2,9,57,0,0
58,2001,5,11380,2001-02-27,2,9,58,5,0.7396449704142012
59,2001,0,11381,2001-02-28,2,9,59,5,0.7396449704142012
60,2001,0,11382,2001-03-01,3,9,60,5,0.7396449704142012
61,2001,0,11383,2001-03-02,3,9,61,5,0.7396449704142012
62,2001,0,11384,2001-03-03,3,9,62,5,0.7396449704142012
63,2001,0,11385,2001-03-04,3,9,63,5,0.7396449704142012
64,2001,0,11386,2001-03-05,3,10,64,5,0.7396449704142012
65,2001,0,11387,2001-03-06,3,10,65,5,0.7396449704142012
66,2001,0,11388,2001-03-07,3,10,66,5,0.7396449704142012
67,2001,0,11389,2001-03-08,3,10,67,5,0.7396449704142012
68,2001,2,11390,2001-03-09,3,10,68,7,1.0355029585798818
69,2001,1,11391,2001-03-10,3,10,69,8,1.183431952662722
70,2001,26,11392,2001-03-11,3,10,70,34,5.029585798816568
71,2001,16,11393,2001-03-12,3,11,71,50,7.396449704142012
72,2001,7,11394,2001-03-13,3,11,72,57,8.431952662721894
73,2001,11,11395,2001-03-14,3,11,73,68,10.059171597633137
74,2001,5,11396,2001-03-15,3,11,74,73,10.798816568047338
75,2001,0,11397,2001-03-16,3,11,75,73,10.798816568047338
76,2001,0,11398,2001-03-17,3,11,76,73,10.798816568047338
77,2001,8,11399,2001-03-18,3,11,77,81,11.982248520710058
78,2001,0,11400,2001-03-19,3,12,78,81,11.982248520710058
79,2001,0,11401,2001-03-20,3,12,79,81,11.982248520710058
80,2001,0,11402,2001-03-21,3,12,80,81,11.982248520710058
81,2001,0,11403,2001-03-22,3,12,81,81,11.982248520710058
82,2001,0,11404,2001-03-23,3,12,82,81,11.982248520710058
83,2001,0,11405,2001-03-24,3,12,83,81,11.982248520710058
84,2001,0,11406,2001-03-25,3,12,84,81,11.982248520710058
85,2001,0,11407,2001-03-26,3,13,85,81,11.982248520710058
86,2001,0,11408,2001-03-27,3,13,86,81,11.982248520710058
87,2001,0,11409,2001-03-28,3,13,87,81,11.982248520710058
88,2001,0,11410,2001-03-29,3,13,88,81,11.982248520710058
89,2001,0,11411,2001-03-30,3,13,89,81,11.982248520710058
90,2001,0,11412,2001-03-31,3,13,90,81,11.982248520710058
91,2001,0,11413,2001-04-01,4,13,91,81,11.982248520710058
92,2001,2,11414,2001-04-02,4,14,92,83,12.278106508875739
93,2001,2,11415,2001-04-03,4,14,93,85,12.57396449704142
94,2001,1,11416,2001-04-04,4,14,94,86,12.721893491124261
95,2001,5,11417,2001-04-05,4,14,95,91,13.461538461538462
96,2001,1,11418,2001-04-06,4,14,96,92,13.609467455621301
97,2001,3,11419,2001-04-07,4,14,97,95,14.053254437869821
98,2001,12,11420,2001-04-08,4,14,98,107,15.828402366863905
99,2001,10,11421,2001-04-09,4,15,99,117,17.307692307692307
100,2001,21,11422,2001-04-10,4,15,100,138,20.414201183431953
101,2001,18,11423,2001-04-11,4,15,101,156,23.076923076923077
102,2001,19,11424,2001-04-12,4,15,102,175,25.88757396449704
103,2001,31,11425,2001-04-13,4,15,103,206,30.473372781065088
104,2001,28,11426,2001-04-14,4,15,104,234,34.61538461538461
105,2001,47,11427,2001-04-15,4,15,105,281,41.56804733727811
106,2001,42,11428,2001-04-16,4,16,106,323,47.781065088757394
107,2001,44,11429,2001-04-17,4,16,107,367,54.28994082840237
108,2001,67,11430,2001-04-18,4,16,108,434,64.20118343195266
109,2001,11,11431,2001-04-19,4,16,109,445,65.8284023668639
110,2001,26,11432,2001-04-20,4,16,110,471,69.67455621301775
111,2001,27,11433,2001-04-21,4,16,111,498,73.66863905325444
112,2001,34,11434,2001-04-22,4,16,112,532,78.69822485207101
113,2001,13,11435,2001-04-23,4,17,113,545,80.62130177514793
114,2001,48,11436,2001-04-24,4,17,114,593,87.72189349112426
115,2001,45,11437,2001-04-25,4,17,115,638,94.37869822485207
116,2001,10,11438,2001-04-26,4,17,116,648,95.85798816568047
117,2001,4,11439,2001-04-27,4,17,117,652,96.44970414201184
118,2001,3,11440,2001-04-28,4,17,118,655,96.89349112426035
119,2001,4,11441,2001-04-29,4,17,119,659,97.48520710059172
120,2001,2,11442,2001-04-30,4,18,120,661,97.7810650887574
121,2001,11,11443,2001-05-01,5,18,121,672,99.40828402366864
122,2001,2,11444,2001-05-02,5,18,122,674,99.70414201183432
123,2001,2,11445,2001-05-03,5,18,123,676,100
124,2001,0,11446,2001-05-04,5,18,124,676,100
125,2001,0,11447,2001-05-05,5,18,125,676,100
126,2001,0,11448,2001-05-06,5,18,126,676,100
127,2001,0,11449,2001-05-07,5,19,127,676,100
128,2001,0,11450,2001-05-08,5,19,128,676,100
129,2001,0,11451,2001-05-09,5,19,129,676,100
130,2001,0,11452,2001-05-10,5,19,130,676,100
131,2001,0,11453,2001-05-11,5,19,131,676,100
132,2001,0,11454,2001-05-12,5,19,132,676,100
133,2001,0,11455,2001-05-13,5,19,133,676,100
134,2001,0,11456,2001-05-14,5,20,134,676,100
135,2001,0,11457,2001-05-15,5,20,135,676,100
136,2001,0,11458,2001-05-16,5,20,136,676,100
137,2001,0,11459,2001-05-17,5,20,137,676,100
138,2001,0,11460,2001-05-18,5,20,138,676,100
139,2001,0,11461,2001-05-19,5,20,139,676,100
140,2001,0,11462,2001-05-20,5,20,140,676,100
141,2001,0,11463,2001-05-21,5,21,141,676,100
142,2001,0,11464,2001-05-22,5,21,142,676,100
143,2001,0,11465,2001-05-23,5,21,143,676,100
144,2001,0,11466,2001-05-24,5,21,144,676,100
145,2001,0,11467,2001-05-25,5,21,145,676,100
146,2001,0,11468,2001-05-26,5,21,146,676,100
147,2001,0,11469,2001-05-27,5,21,147,676,100
148,2001,0,11470,2001-05-28,5,22,148,676,100
149,2001,0,11471,2001-05-29,5,22,149,676,100
150,2001,0,11472,2001-05-30,5,22,150,676,100
151,2001,0,11473,2001-05-31,5,22,151,676,100
152,2001,0,11474,2001-06-01,6,22,152,676,100
153,2001,0,11475,2001-06-02,6,22,153,676,100
154,2001,0,11476,2001-06-03,6,22,154,676,100
155,2001,0,11477,2001-06-04,6,23,155,676,100
156,2001,0,11478,2001-06-05,6,23,156,676,100
157,2001,0,11479,2001-06-06,6,23,157,676,100
158,2001,0,11480,2001-06-07,6,23,158,676,100
159,2001,0,11481,2001-06-08,6,23,159,676,100
160,2001,0,11482,2001-06-09,6,23,160,676,100
161,2001,0,11483,2001-06-10,6,23,161,676,100
162,2001,0,11484,2001-06-11,6,24,162,676,100
163,2001,0,11485,2001-06-12,6,24,163,676,100
164,2001,0,11486,2001-06-13,6,24,164,676,100
165,2001,0,11487,2001-06-14,6,24,165,676,100
166,2001,0,11488,2001-06-15,6,24,166,676,100
167,2001,0,11489,2001-06-16,6,24,167,676,100
168,2001,0,11490,2001-06-17,6,24,168,676,100
169,2001,0,11491,2001-06-18,6,25,169,676,100
170,2001,0,11492,2001-06-19,6,25,170,676,100
171,2001,0,11493,2001-06-20,6,25,171,676,100
172,2001,0,11494,2001-06-21,6,25,172,676,100
173,2001,0,11495,2001-06-22,6,25,173,676,100
174,2001,0,11496,2001-06-23,6,25,174,676,100
175,2001,0,11497,2001-06-24,6,25,175,676,100
176,2001,0,11498,2001-06-25,6,26,176,676,100
177,2001,0,11499,2001-06-26,6,26,177,676,100
178,2001,0,11500,2001-06-27,6,26,178,676,100
179,2001,0,11501,2001-06-28,6,26,179,676,100
180,2001,0,11502,2001-06-29,6,26,180,676,100
1,2002,0,11688,2002-01-01,1,1,1,0,0
2,2002,0,11689,2002-01-02,1,1,2,0,0
3,2002,0,11690,2002-01-03,1,1,3,0,0
4,2002,0,11691,2002-01-04,1,1,4,0,0
5,2002,0,11692,2002-01-05,1,1,5,0,0
6,2002,0,11693,2002-01-06,1,1,6,0,0
7,2002,0,11694,2002-01-07,1,1,7,0,0
8,2002,0,11695,2002-01-08,1,2,8,0,0
9,2002,0,11696,2002-01-09,1,2,9,0,0
10,2002,0,11697,2002-01-10,1,2,10,0,0
11,2002,0,11698,2002-01-11,1,2,11,0,0
12,2002,0,11699,2002-01-12,1,2,12,0,0
13,2002,0,11700,2002-01-13,1,2,13,0,0
14,2002,0,11701,2002-01-14,1,2,14,0,0
15,2002,0,11702,2002-01-15,1,3,15,0,0
16,2002,0,11703,2002-01-16,1,3,16,0,0
17,2002,0,11704,2002-01-17,1,3,17,0,0
18,2002,0,11705,2002-01-18,1,3,18,0,0
19,2002,0,11706,2002-01-19,1,3,19,0,0
20,2002,0,11707,2002-01-20,1,3,20,0,0
21,2002,0,11708,2002-01-21,1,3,21,0,0
22,2002,0,11709,2002-01-22,1,4,22,0,0
23,2002,0,11710,2002-01-23,1,4,23,0,0
24,2002,0,11711,2002-01-24,1,4,24,0,0
25,2002,0,11712,2002-01-25,1,4,25,0,0
26,2002,0,11713,2002-01-26,1,4,26,0,0
27,2002,0,11714,2002-01-27,1,4,27,0,0
28,2002,0,11715,2002-01-28,1,4,28,0,0
29,2002,0,11716,2002-01-29,1,5,29,0,0
30,2002,2,11717,2002-01-30,1,5,30,2,0.10758472296933834
31,2002,0,11718,2002-01-31,1,5,31,2,0.10758472296933834
32,2002,0,11719,2002-02-01,2,5,32,2,0.10758472296933834
33,2002,0,11720,2002-02-02,2,5,33,2,0.10758472296933834
34,2002,0,11721,2002-02-03,2,5,34,2,0.10758472296933834
35,2002,0,11722,2002-02-04,2,5,35,2,0.10758472296933834
36,2002,0,11723,2002-02-05,2,6,36,2,0.10758472296933834
37,2002,0,11724,2002-02-06,2,6,37,2,0.10758472296933834
38,2002,0,11725,2002-02-07,2,6,38,2,0.10758472296933834
39,2002,0,11726,2002-02-08,2,6,39,2,0.10758472296933834
40,2002,0,11727,2002-02-09,2,6,40,2,0.10758472296933834
41,2002,0,11728,2002-02-10,2,6,41,2,0.10758472296933834
42,2002,0,11729,2002-02-11,2,6,42,2,0.10758472296933834
43,2002,0,11730,2002-02-12,2,7,43,2,0.10758472296933834
44,2002,0,11731,2002-02-13,2,7,44,2,0.10758472296933834
45,2002,0,11732,2002-02-14,2,7,45,2,0.10758472296933834
46,2002,0,11733,2002-02-15,2,7,46,2,0.10758472296933834
47,2002,1,11734,2002-02-16,2,7,47,3,0.16137708445400753
48,2002,1,11735,2002-02-17,2,7,48,4,0.21516944593867668
49,2002,2,11736,2002-02-18,2,7,49,6,0.32275416890801506
50,2002,0,11737,2002-02-19,2,8,50,6,0.32275416890801506
51,2002,0,11738,2002-02-20,2,8,51,6,0.32275416890801506
52,2002,3,11739,2002-02-21,2,8,52,9,0.48413125336202256
53,2002,2,11740,2002-02-22,2,8,53,11,0.591715976331361
54,2002,0,11741,2002-02-23,2,8,54,11,0.591715976331361
55,2002,3,11742,2002-02-24,2,8,55,14,0.7530930607853685
56,2002,1,11743,2002-02-25,2,8,56,15,0.8068854222700376
57,2002,3,11744,2002-02-26,2,9,57,18,0.9682625067240451
58,2002,3,11745,2002-02-27,2,9,58,21,1.1296395911780528
59,2002,3,11746,2002-02-28,2,9,59,24,1.2910166756320602
60,2002,2,11747,2002-03-01,3,9,60,26,1.3986013986013985
61,2002,2,11748,2002-03-02,3,9,61,28,1.506186121570737
62,2002,2,11749,2002-03-03,3,9,62,30,1.6137708445400751
63,2002,0,11750,2002-03-04,3,9,63,30,1.6137708445400751
64,2002,0,11751,2002-03-05,3,10,64,30,1.6137708445400751
65,2002,0,11752,2002-03-06,3,10,65,30,1.6137708445400751
66,2002,0,11753,2002-03-07,3,10,66,30,1.6137708445400751
67,2002,0,11754,2002-03-08,3,10,67,30,1.6137708445400751
68,2002,5,11755,2002-03-09,3,10,68,35,1.8827326519634213
69,2002,15,11756,2002-03-10,3,10,69,50,2.6896180742334588
70,2002,2,11757,2002-03-11,3,10,70,52,2.797202797202797
71,2002,8,11758,2002-03-12,3,11,71,60,3.2275416890801503
72,2002,2,11759,2002-03-13,3,11,72,62,3.335126412049489
73,2002,2,11760,2002-03-14,3,11,73,64,3.442711135018827
74,2002,7,11761,2002-03-15,3,11,74,71,3.8192576654115116
75,2002,17,11762,2002-03-16,3,11,75,88,4.733727810650888
76,2002,10,11763,2002-03-17,3,11,76,98,5.27165142549758
77,2002,8,11764,2002-03-18,3,11,77,106,5.701990317374932
78,2002,0,11765,2002-03-19,3,12,78,106,5.701990317374932
79,2002,8,11766,2002-03-20,3,12,79,114,6.132329209252286
80,2002,10,11767,2002-03-21,3,12,80,124,6.670252824098978
81,2002,11,11768,2002-03-22,3,12,81,135,7.261968800430339
82,2002,13,11769,2002-03-23,3,12,82,148,7.9612694997310385
83,2002,8,11770,2002-03-24,3,12,83,156,8.391608391608392
84,2002,3,11771,2002-03-25,3,12,84,159,8.5529854760624
85,2002,9,11772,2002-03-26,3,13,85,168,9.037116729424422
86,2002,8,11773,2002-03-27,3,13,86,176,9.467455621301776
87,2002,9,11774,2002-03-28,3,13,87,185,9.951586874663798
88,2002,14,11775,2002-03-29,3,13,88,199,10.704679935449166
89,2002,4,11776,2002-03-30,3,13,89,203,10.919849381387843
90,2002,50,11777,2002-03-31,3,13,90,253,13.609467455621301
91,2002,49,11778,2002-04-01,4,13,91,302,16.245293168370093
92,2002,41,11779,2002-04-02,4,14,92,343,18.45077998924153
93,2002,49,11780,2002-04-03,4,14,93,392,21.08660570199032
94,2002,63,11781,2002-04-04,4,14,94,455,24.475524475524477
95,2002,47,11782,2002-04-05,4,14,95,502,27.003765465303925
96,2002,61,11783,2002-04-06,4,14,96,563,30.285099515868747
97,2002,45,11784,2002-04-07,4,14,97,608,32.70575578267886
98,2002,73,11785,2002-04-08,4,14,98,681,36.63259817105971
99,2002,66,11786,2002-04-09,4,15,99,747,40.18289402904788
100,2002,30,11787,2002-04-10,4,15,100,777,41.79666487358795
101,2002,32,11788,2002-04-11,4,15,101,809,43.51802044109736
102,2002,49,11789,2002-04-12,4,15,102,858,46.15384615384615
103,2002,28,11790,2002-04-13,4,15,103,886,47.66003227541689
104,2002,35,11791,2002-04-14,4,15,104,921,49.54276492738031
105,2002,173,11792,2002-04-15,4,15,105,1094,58.84884346422808
106,2002,58,11793,2002-04-16,4,16,106,1152,61.96880043033889
107,2002,57,11794,2002-04-17,4,16,107,1209,65.03496503496503
108,2002,41,11795,2002-04-18,4,16,108,1250,67.24045185583647
109,2002,45,11796,2002-04-19,4,16,109,1295,69.66110812264658
110,2002,51,11797,2002-04-20,4,16,110,1346,72.40451855836471
111,2002,47,11798,2002-04-21,4,16,111,1393,74.93275954814416
112,2002,124,11799,2002-04-22,4,16,112,1517,81.60301237224314
113,2002,82,11800,2002-04-23,4,17,113,1599,86.01398601398601
114,2002,37,11801,2002-04-24,4,17,114,1636,88.00430338891877
115,2002,15,11802,2002-04-25,4,17,115,1651,88.81118881118881
116,2002,13,11803,2002-04-26,4,17,116,1664,89.5104895104895
117,2002,13,11804,2002-04-27,4,17,117,1677,90.20979020979021
118,2002,87,11805,2002-04-28,4,17,118,1764,94.88972565895642
119,2002,12,11806,2002-04-29,4,17,119,1776,95.53523399677246
120,2002,12,11807,2002-04-30,4,18,120,1788,96.18074233458849
121,2002,18,11808,2002-05-01,5,18,121,1806,97.14900484131253
122,2002,12,11809,2002-05-02,5,18,122,1818,97.79451317912856
123,2002,10,11810,2002-05-03,5,18,123,1828,98.33243679397525
124,2002,1,11811,2002-05-04,5,18,124,1829,98.38622915545993
125,2002,2,11812,2002-05-05,5,18,125,1831,98.49381387842926
126,2002,1,11813,2002-05-06,5,18,126,1832,98.54760623991393
127,2002,4,11814,2002-05-07,5,19,127,1836,98.76277568585262
128,2002,4,11815,2002-05-08,5,19,128,1840,98.97794513179129
129,2002,16,11816,2002-05-09,5,19,129,1856,99.838622915546
130,2002,2,11817,2002-05-10,5,19,130,1858,99.94620763851533
131,2002,1,11818,2002-05-11,5,19,131,1859,100
132,2002,0,11819,2002-05-12,5,19,132,1859,100
133,2002,0,11820,2002-05-13,5,19,133,1859,100
134,2002,0,11821,2002-05-14,5,20,134,1859,100
135,2002,0,11822,2002-05-15,5,20,135,1859,100
136,2002,0,11823,2002-05-16,5,20,136,1859,100
137,2002,0,11824,2002-05-17,5,20,137,1859,100
138,2002,0,11825,2002-05-18,5,20,138,1859,100
139,2002,0,11826,2002-05-19,5,20,139,1859,100
140,2002,0,11827,2002-05-20,5,20,140,1859,100
141,2002,0,11828,2002-05-21,5,21,141,1859,100
142,2002,0,11829,2002-05-22,5,21,142,1859,100
143,2002,0,11830,2002-05-23,5,21,143,1859,100
144,2002,0,11831,2002-05-24,5,21,144,1859,100
145,2002,0,11832,2002-05-25,5,21,145,1859,100
146,2002,0,11833,2002-05-26,5,21,146,1859,100
147,2002,0,11834,2002-05-27,5,21,147,1859,100
148,2002,0,11835,2002-05-28,5,22,148,1859,100
149,2002,0,11836,2002-05-29,5,22,149,1859,100
150,2002,0,11837,2002-05-30,5,22,150,1859,100
151,2002,0,11838,2002-05-31,5,22,151,1859,100
152,2002,0,11839,2002-06-01,6,22,152,1859,100
153,2002,0,11840,2002-06-02,6,22,153,1859,100
154,2002,0,11841,2002-06-03,6,22,154,1859,100
155,2002,0,11842,2002-06-04,6,23,155,1859,100
156,2002,0,11843,2002-06-05,6,23,156,1859,100
157,2002,0,11844,2002-06-06,6,23,157,1859,100
158,2002,0,11845,2002-06-07,6,23,158,1859,100
159,2002,0,11846,2002-06-08,6,23,159,1859,100
160,2002,0,11847,2002-06-09,6,23,160,1859,100
161,2002,0,11848,2002-06-10,6,23,161,1859,100
162,2002,0,11849,2002-06-11,6,24,162,1859,100
163,2002,0,11850,2002-06-12,6,24,163,1859,100
164,2002,0,11851,2002-06-13,6,24,164,1859,100
165,2002,0,11852,2002-06-14,6,24,165,1859,100
166,2002,0,11853,2002-06-15,6,24,166,1859,100
167,2002,0,11854,2002-06-16,6,24,167,1859,100
168,2002,0,11855,2002-06-17,6,24,168,1859,100
169,2002,0,11856,2002-06-18,6,25,169,1859,100
170,2002,0,11857,2002-06-19,6,25,170,1859,100
171,2002,0,11858,2002-06-20,6,25,171,1859,100
172,2002,0,11859,2002-06-21,6,25,172,1859,100
173,2002,0,11860,2002-06-22,6,25,173,1859,100
174,2002,0,11861,2002-06-23,6,25,174,1859,100
175,2002,0,11862,2002-06-24,6,25,175,1859,100
176,2002,0,11863,2002-06-25,6,26,176,1859,100
177,2002,0,11864,2002-06-26,6,26,177,1859,100
178,2002,0,11865,2002-06-27,6,26,178,1859,100
179,2002,0,11866,2002-06-28,6,26,179,1859,100
180,2002,0,11867,2002-06-29,6,26,180,1859,100
1,2003,0,12053,2003-01-01,1,1,1,0,0
2,2003,0,12054,2003-01-02,1,1,2,0,0
3,2003,0,12055,2003-01-03,1,1,3,0,0
4,2003,0,12056,2003-01-04,1,1,4,0,0
5,2003,0,12057,2003-01-05,1,1,5,0,0
6,2003,0,12058,2003-01-06,1,1,6,0,0
7,2003,0,12059,2003-01-07,1,1,7,0,0
8,2003,0,12060,2003-01-08,1,2,8,0,0
9,2003,0,12061,2003-01-09,1,2,9,0,0
10,2003,0,12062,2003-01-10,1,2,10,0,0
11,2003,0,12063,2003-01-11,1,2,11,0,0
12,2003,0,12064,2003-01-12,1,2,12,0,0
13,2003,0,12065,2003-01-13,1,2,13,0,0
14,2003,0,12066,2003-01-14,1,2,14,0,0
15,2003,0,12067,2003-01-15,1,3,15,0,0
16,2003,0,12068,2003-01-16,1,3,16,0,0
17,2003,0,12069,2003-01-17,1,3,17,0,0
18,2003,0,12070,2003-01-18,1,3,18,0,0
19,2003,0,12071,2003-01-19,1,3,19,0,0
20,2003,0,12072,2003-01-20,1,3,20,0,0
21,2003,0,12073,2003-01-21,1,3,21,0,0
22,2003,0,12074,2003-01-22,1,4,22,0,0
23,2003,0,12075,2003-01-23,1,4,23,0,0
24,2003,0,12076,2003-01-24,1,4,24,0,0
25,2003,0,12077,2003-01-25,1,4,25,0,0
26,2003,0,12078,2003-01-26,1,4,26,0,0
27,2003,0,12079,2003-01-27,1,4,27,0,0
28,2003,0,12080,2003-01-28,1,4,28,0,0
29,2003,0,12081,2003-01-29,1,5,29,0,0
30,2003,0,12082,2003-01-30,1,5,30,0,0
31,2003,0,12083,2003-01-31,1,5,31,0,0
32,2003,0,12084,2003-02-01,2,5,32,0,0
33,2003,0,12085,2003-02-02,2,5,33,0,0
34,2003,0,12086,2003-02-03,2,5,34,0,0
35,2003,0,12087,2003-02-04,2,5,35,0,0
36,2003,0,12088,2003-02-05,2,6,36,0,0
37,2003,0,12089,2003-02-06,2,6,37,0,0
38,2003,0,12090,2003-02-07,2,6,38,0,0
39,2003,0,12091,2003-02-08,2,6,39,0,0
40,2003,0,12092,2003-02-09,2,6,40,0,0
41,2003,0,12093,2003-02-10,2,6,41,0,0
42,2003,0,12094,2003-02-11,2,6,42,0,0
43,2003,0,12095,2003-02-12,2,7,43,0,0
44,2003,0,12096,2003-02-13,2,7,44,0,0
45,2003,0,12097,2003-02-14,2,7,45,0,0
46,2003,0,12098,2003-02-15,2,7,46,0,0
47,2003,0,12099,2003-02-16,2,7,47,0,0
48,2003,0,12100,2003-02-17,2,7,48,0,0
49,2003,0,12101,2003-02-18,2,7,49,0,0
50,2003,0,12102,2003-02-19,2,8,50,0,0
51,2003,0,12103,2003-02-20,2,8,51,0,0
52,2003,0,12104,2003-02-21,2,8,52,0,0
53,2003,0,12105,2003-02-22,2,8,53,0,0
54,2003,0,12106,2003-02-23,2,8,54,0,0
55,2003,0,12107,2003-02-24,2,8,55,0,0
56,2003,0,12108,2003-02-25,2,8,56,0,0
57,2003,0,12109,2003-02-26,2,9,57,0,0
58,2003,0,12110,2003-02-27,2,9,58,0,0
59,2003,0,12111,2003-02-28,2,9,59,0,0
60,2003,0,12112,2003-03-01,3,9,60,0,0
61,2003,2,12113,2003-03-02,3,9,61,2,0.23923444976076555
62,2003,0,12114,2003-03-03,3,9,62,2,0.23923444976076555
63,2003,3,12115,2003-03-04,3,9,63,5,0.5980861244019139
64,2003,1,12116,2003-03-05,3,10,64,6,0.7177033492822966
65,2003,0,12117,2003-03-06,3,10,65,6,0.7177033492822966
66,2003,0,12118,2003-03-07,3,10,66,6,0.7177033492822966
67,2003,0,12119,2003-03-08,3,10,67,6,0.7177033492822966
68,2003,0,12120,2003-03-09,3,10,68,6,0.7177033492822966
69,2003,1,12121,2003-03-10,3,10,69,7,0.8373205741626795
70,2003,1,12122,2003-03-11,3,10,70,8,0.9569377990430622
71,2003,0,12123,2003-03-12,3,11,71,8,0.9569377990430622
72,2003,0,12124,2003-03-13,3,11,72,8,0.9569377990430622
73,2003,0,12125,2003-03-14,3,11,73,8,0.9569377990430622
74,2003,0,12126,2003-03-15,3,11,74,8,0.9569377990430622
75,2003,0,12127,2003-03-16,3,11,75,8,0.9569377990430622
76,2003,0,12128,2003-03-17,3,11,76,8,0.9569377990430622
77,2003,0,12129,2003-03-18,3,11,77,8,0.9569377990430622
78,2003,0,12130,2003-03-19,3,12,78,8,0.9569377990430622
79,2003,0,12131,2003-03-20,3,12,79,8,0.9569377990430622
80,2003,0,12132,2003-03-21,3,12,80,8,0.9569377990430622
81,2003,0,12133,2003-03-22,3,12,81,8,0.9569377990430622
82,2003,7,12134,2003-03-23,3,12,82,15,1.7942583732057416
83,2003,5,12135,2003-03-24,3,12,83,20,2.3923444976076556
84,2003,5,12136,2003-03-25,3,12,84,25,2.9904306220095696
85,2003,3,12137,2003-03-26,3,13,85,28,3.349282296650718
86,2003,3,12138,2003-03-27,3,13,86,31,3.7081339712918657
87,2003,8,12139,2003-03-28,3,13,87,39,4.6650717703349285
88,2003,7,12140,2003-03-29,3,13,88,46,5.502392344497608
89,2003,5,12141,2003-03-30,3,13,89,51,6.100478468899522
90,2003,2,12142,2003-03-31,3,13,90,53,6.339712918660287
91,2003,7,12143,2003-04-01,4,13,91,60,7.177033492822966
92,2003,5,12144,2003-04-02,4,14,92,65,7.775119617224881
93,2003,3,12145,2003-04-03,4,14,93,68,8.133971291866029
94,2003,2,12146,2003-04-04,4,14,94,70,8.373205741626794
95,2003,1,12147,2003-04-05,4,14,95,71,8.492822966507177
96,2003,3,12148,2003-04-06,4,14,96,74,8.851674641148326
97,2003,2,12149,2003-04-07,4,14,97,76,9.090909090909092
98,2003,1,12150,2003-04-08,4,14,98,77,9.210526315789473
99,2003,2,12151,2003-04-09,4,15,99,79,9.449760765550238
100,2003,1,12152,2003-04-10,4,15,100,80,9.569377990430622
101,2003,5,12153,2003-04-11,4,15,101,85,10.167464114832537
102,2003,8,12154,2003-04-12,4,15,102,93,11.124401913875598
103,2003,15,12155,2003-04-13,4,15,103,108,12.918660287081341
104,2003,297,12156,2003-04-14,4,15,104,405,48.44497607655502
105,2003,64,12157,2003-04-15,4,15,105,469,56.10047846889952
106,2003,36,12158,2003-04-16,4,16,106,505,60.4066985645933
107,2003,59,12159,2003-04-17,4,16,107,564,67.46411483253588
108,2003,40,12160,2003-04-18,4,16,108,604,72.24880382775119
109,2003,18,12161,2003-04-19,4,16,109,622,74.4019138755981
110,2003,10,12162,2003-04-20,4,16,110,632,75.5980861244019
111,2003,12,12163,2003-04-21,4,16,111,644,77.03349282296651
112,2003,20,12164,2003-04-22,4,16,112,664,79.42583732057416
113,2003,21,12165,2003-04-23,4,17,113,685,81.9377990430622
114,2003,25,12166,2003-04-24,4,17,114,710,84.92822966507177
115,2003,24,12167,2003-04-25,4,17,115,734,87.79904306220095
116,2003,18,12168,2003-04-26,4,17,116,752,89.95215311004785
117,2003,18,12169,2003-04-27,4,17,117,770,92.10526315789474
118,2003,13,12170,2003-04-28,4,17,118,783,93.6602870813397
119,2003,14,12171,2003-04-29,4,17,119,797,95.33492822966507
120,2003,21,12172,2003-04-30,4,18,120,818,97.84688995215312
121,2003,6,12173,2003-05-01,5,18,121,824,98.56459330143541
122,2003,1,12174,2003-05-02,5,18,122,825,98.68421052631578
123,2003,3,12175,2003-05-03,5,18,123,828,99.04306220095694
124,2003,2,12176,2003-05-04,5,18,124,830,99.28229665071771
125,2003,0,12177,2003-05-05,5,18,125,830,99.28229665071771
126,2003,0,12178,2003-05-06,5,18,126,830,99.28229665071771
127,2003,0,12179,2003-05-07,5,19,127,830,99.28229665071771
128,2003,0,12180,2003-05-08,5,19,128,830,99.28229665071771
129,2003,0,12181,2003-05-09,5,19,129,830,99.28229665071771
130,2003,0,12182,2003-05-10,5,19,130,830,99.28229665071771
131,2003,5,12183,2003-05-11,5,19,131,835,99.88038277511961
132,2003,0,12184,2003-05-12,5,19,132,835,99.88038277511961
133,2003,0,12185,2003-05-13,5,19,133,835,99.88038277511961
134,2003,0,12186,2003-05-14,5,20,134,835,99.88038277511961
135,2003,0,12187,2003-05-15,5,20,135,835,99.88038277511961
136,2003,0,12188,2003-05-16,5,20,136,835,99.88038277511961
137,2003,0,12189,2003-05-17,5,20,137,835,99.88038277511961
138,2003,0,12190,2003-05-18,5,20,138,835,99.88038277511961
139,2003,0,12191,2003-05-19,5,20,139,835,99.88038277511961
140,2003,0,12192,2003-05-20,5,20,140,835,99.88038277511961
141,2003,0,12193,2003-05-21,5,21,141,835,99.88038277511961
142,2003,1,12194,2003-05-22,5,21,142,836,100
143,2003,0,12195,2003-05-23,5,21,143,836,100
144,2003,0,12196,2003-05-24,5,21,144,836,100
145,2003,0,12197,2003-05-25,5,21,145,836,100
146,2003,0,12198,2003-05-26,5,21,146,836,100
147,2003,0,12199,2003-05-27,5,21,147,836,100
148,2003,0,12200,2003-05-28,5,22,148,836,100
149,2003,0,12201,2003-05-29,5,22,149,836,100
150,2003,0,12202,2003-05-30,5,22,150,836,100
151,2003,0,12203,2003-05-31,5,22,151,836,100
152,2003,0,12204,2003-06-01,6,22,152,836,100
153,2003,0,12205,2003-06-02,6,22,153,836,100
154,2003,0,12206,2003-06-03,6,22,154,836,100
155,2003,0,12207,2003-06-04,6,23,155,836,100
156,2003,0,12208,2003-06-05,6,23,156,836,100
157,2003,0,12209,2003-06-06,6,23,157,836,100
158,2003,0,12210,2003-06-07,6,23,158,836,100
159,2003,0,12211,2003-06-08,6,23,159,836,100
160,2003,0,12212,2003-06-09,6,23,160,836,100
161,2003,0,12213,2003-06-10,6,23,161,836,100
162,2003,0,12214,2003-06-11,6,24,162,836,100
163,2003,0,12215,2003-06-12,6,24,163,836,100
164,2003,0,12216,2003-06-13,6,24,164,836,100
165,2003,0,12217,2003-06-14,6,24,165,836,100
166,2003,0,12218,2003-06-15,6,24,166,836,100
167,2003,0,12219,2003-06-16,6,24,167,836,100
168,2003,0,12220,2003-06-17,6,24,168,836,100
169,2003,0,12221,2003-06-18,6,25,169,836,100
170,2003,0,12222,2003-06-19,6,25,170,836,100
171,2003,0,12223,2003-06-20,6,25,171,836,100
172,2003,0,12224,2003-06-21,6,25,172,836,100
173,2003,0,12225,2003-06-22,6,25,173,836,100
174,2003,0,12226,2003-06-23,6,25,174,836,100
175,2003,0,12227,2003-06-24,6,25,175,836,100
176,2003,0,12228,2003-06-25,6,26,176,836,100
177,2003,0,12229,2003-06-26,6,26,177,836,100
178,2003,0,12230,2003-06-27,6,26,178,836,100
179,2003,0,12231,2003-06-28,6,26,179,836,100
180,2003,0,12232,2003-06-29,6,26,180,836,100
1,2004,0,12418,2004-01-01,1,1,1,0,0
2,2004,0,12419,2004-01-02,1,1,2,0,0
3,2004,0,12420,2004-01-03,1,1,3,0,0
4,2004,0,12421,2004-01-04,1,1,4,0,0
5,2004,0,12422,2004-01-05,1,1,5,0,0
6,2004,0,12423,2004-01-06,1,1,6,0,0
7,2004,0,12424,2004-01-07,1,1,7,0,0
8,2004,0,12425,2004-01-08,1,2,8,0,0
9,2004,0,12426,2004-01-09,1,2,9,0,0
10,2004,0,12427,2004-01-10,1,2,10,0,0
11,2004,0,12428,2004-01-11,1,2,11,0,0
12,2004,0,12429,2004-01-12,1,2,12,0,0
13,2004,0,12430,2004-01-13,1,2,13,0,0
14,2004,0,12431,2004-01-14,1,2,14,0,0
15,2004,0,12432,2004-01-15,1,3,15,0,0
16,2004,0,12433,2004-01-16,1,3,16,0,0
17,2004,0,12434,2004-01-17,1,3,17,0,0
18,2004,0,12435,2004-01-18,1,3,18,0,0
19,2004,0,12436,2004-01-19,1,3,19,0,0
20,2004,0,12437,2004-01-20,1,3,20,0,0
21,2004,0,12438,2004-01-21,1,3,21,0,0
22,2004,0,12439,2004-01-22,1,4,22,0,0
23,2004,0,12440,2004-01-23,1,4,23,0,0
24,2004,0,12441,2004-01-24,1,4,24,0,0
25,2004,0,12442,2004-01-25,1,4,25,0,0
26,2004,1,12443,2004-01-26,1,4,26,1,0.1179245283018868
27,2004,0,12444,2004-01-27,1,4,27,1,0.1179245283018868
28,2004,0,12445,2004-01-28,1,4,28,1,0.1179245283018868
29,2004,0,12446,2004-01-29,1,5,29,1,0.1179245283018868
30,2004,0,12447,2004-01-30,1,5,30,1,0.1179245283018868
31,2004,0,12448,2004-01-31,1,5,31,1,0.1179245283018868
32,2004,0,12449,2004-02-01,2,5,32,1,0.1179245283018868
33,2004,0,12450,2004-02-02,2,5,33,1,0.1179245283018868
34,2004,0,12451,2004-02-03,2,5,34,1,0.1179245283018868
35,2004,0,12452,2004-02-04,2,5,35,1,0.1179245283018868
36,2004,0,12453,2004-02-05,2,6,36,1,0.1179245283018868
37,2004,0,12454,2004-02-06,2,6,37,1,0.1179245283018868
38,2004,0,12455,2004-02-07,2,6,38,1,0.1179245283018868
39,2004,0,12456,2004-02-08,2,6,39,1,0.1179245283018868
40,2004,0,12457,2004-02-09,2,6,40,1,0.1179245283018868
41,2004,0,12458,2004-02-10,2,6,41,1,0.1179245283018868
42,2004,0,12459,2004-02-11,2,6,42,1,0.1179245283018868
43,2004,1,12460,2004-02-12,2,7,43,2,0.2358490566037736
44,2004,0,12461,2004-02-13,2,7,44,2,0.2358490566037736
45,2004,0,12462,2004-02-14,2,7,45,2,0.2358490566037736
46,2004,0,12463,2004-02-15,2,7,46,2,0.2358490566037736
47,2004,0,12464,2004-02-16,2,7,47,2,0.2358490566037736
48,2004,0,12465,2004-02-17,2,7,48,2,0.2358490566037736
49,2004,0,12466,2004-02-18,2,7,49,2,0.2358490566037736
50,2004,0,12467,2004-02-19,2,8,50,2,0.2358490566037736
51,2004,0,12468,2004-02-20,2,8,51,2,0.2358490566037736
52,2004,0,12469,2004-02-21,2,8,52,2,0.2358490566037736
53,2004,0,12470,2004-02-22,2,8,53,2,0.2358490566037736
54,2004,0,12471,2004-02-23,2,8,54,2,0.2358490566037736
55,2004,1,12472,2004-02-24,2,8,55,3,0.3537735849056604
56,2004,0,12473,2004-02-25,2,8,56,3,0.3537735849056604
57,2004,0,12474,2004-02-26,2,9,57,3,0.3537735849056604
58,2004,0,12475,2004-02-27,2,9,58,3,0.3537735849056604
59,2004,0,12476,2004-02-28,2,9,59,3,0.3537735849056604
60,2004,0,12477,2004-02-29,2,9,60,3,0.3537735849056604
61,2004,0,12478,2004-03-01,3,9,61,3,0.3537735849056604
62,2004,0,12479,2004-03-02,3,9,62,3,0.3537735849056604
63,2004,0,12480,2004-03-03,3,9,63,3,0.3537735849056604
64,2004,2,12481,2004-03-04,3,10,64,5,0.589622641509434
65,2004,6,12482,2004-03-05,3,10,65,11,1.2971698113207548
66,2004,5,12483,2004-03-06,3,10,66,16,1.8867924528301887
67,2004,0,12484,2004-03-07,3,10,67,16,1.8867924528301887
68,2004,0,12485,2004-03-08,3,10,68,16,1.8867924528301887
69,2004,0,12486,2004-03-09,3,10,69,16,1.8867924528301887
70,2004,0,12487,2004-03-10,3,10,70,16,1.8867924528301887
71,2004,0,12488,2004-03-11,3,11,71,16,1.8867924528301887
72,2004,0,12489,2004-03-12,3,11,72,16,1.8867924528301887
73,2004,1,12490,2004-03-13,3,11,73,17,2.0047169811320753
74,2004,1,12491,2004-03-14,3,11,74,18,2.1226415094339623
75,2004,13,12492,2004-03-15,3,11,75,31,3.6556603773584904
76,2004,4,12493,2004-03-16,3,11,76,35,4.127358490566038
77,2004,0,12494,2004-03-17,3,11,77,35,4.127358490566038
78,2004,1,12495,2004-03-18,3,12,78,36,4.245283018867925
79,2004,1,12496,2004-03-19,3,12,79,37,4.363207547169811
80,2004,4,12497,2004-03-20,3,12,80,41,4.834905660377359
81,2004,11,12498,2004-03-21,3,12,81,52,6.132075471698113
82,2004,5,12499,2004-03-22,3,12,82,57,6.721698113207547
83,2004,9,12500,2004-03-23,3,12,83,66,7.783018867924528
84,2004,6,12501,2004-03-24,3,12,84,72,8.49056603773585
85,2004,3,12502,2004-03-25,3,13,85,75,8.84433962264151
86,2004,9,12503,2004-03-26,3,13,86,84,9.90566037735849
87,2004,3,12504,2004-03-27,3,13,87,87,10.25943396226415
88,2004,3,12505,2004-03-28,3,13,88,90,10.61320754716981
89,2004,3,12506,2004-03-29,3,13,89,93,10.966981132075473
90,2004,13,12507,2004-03-30,3,13,90,106,12.5
91,2004,6,12508,2004-03-31,3,13,91,112,13.20754716981132
92,2004,8,12509,2004-04-01,4,14,92,120,14.150943396226415
93,2004,11,12510,2004-04-02,4,14,93,131,15.44811320754717
94,2004,6,12511,2004-04-03,4,14,94,137,16.15566037735849
95,2004,30,12512,2004-04-04,4,14,95,167,19.693396226415093
96,2004,6,12513,2004-04-05,4,14,96,173,20.400943396226413
97,2004,12,12514,2004-04-06,4,14,97,185,21.816037735849054
98,2004,25,12515,2004-04-07,4,14,98,210,24.764150943396228
99,2004,8,12516,2004-04-08,4,15,99,218,25.707547169811324
100,2004,9,12517,2004-04-09,4,15,100,227,26.7688679245283
101,2004,12,12518,2004-04-10,4,15,101,239,28.183962264150942
102,2004,48,12519,2004-04-11,4,15,102,287,33.84433962264151
103,2004,32,12520,2004-04-12,4,15,103,319,37.61792452830189
104,2004,11,12521,2004-04-13,4,15,104,330,38.91509433962264
105,2004,30,12522,2004-04-14,4,15,105,360,42.45283018867924
106,2004,58,12523,2004-04-15,4,16,106,418,49.29245283018868
107,2004,19,12524,2004-04-16,4,16,107,437,51.53301886792453
108,2004,23,12525,2004-04-17,4,16,108,460,54.24528301886793
109,2004,177,12526,2004-04-18,4,16,109,637,75.11792452830188
110,2004,15,12527,2004-04-19,4,16,110,652,76.88679245283019
111,2004,12,12528,2004-04-20,4,16,111,664,78.30188679245283
112,2004,3,12529,2004-04-21,4,16,112,667,78.65566037735849
113,2004,8,12530,2004-04-22,4,17,113,675,79.59905660377359
114,2004,23,12531,2004-04-23,4,17,114,698,82.31132075471697
115,2004,12,12532,2004-04-24,4,17,115,710,83.72641509433963
116,2004,15,12533,2004-04-25,4,17,116,725,85.49528301886792
117,2004,21,12534,2004-04-26,4,17,117,746,87.97169811320755
118,2004,24,12535,2004-04-27,4,17,118,770,90.80188679245283
119,2004,0,12536,2004-04-28,4,17,119,770,90.80188679245283
120,2004,0,12537,2004-04-29,4,18,120,770,90.80188679245283
121,2004,20,12538,2004-04-30,4,18,121,790,93.16037735849056
122,2004,22,12539,2004-05-01,5,18,122,812,95.75471698113208
123,2004,31,12540,2004-05-02,5,18,123,843,99.41037735849056
124,2004,1,12541,2004-05-03,5,18,124,844,99.52830188679245
125,2004,4,12542,2004-05-04,5,18,125,848,100
126,2004,0,12543,2004-05-05,5,18,126,848,100
127,2004,0,12544,2004-05-06,5,19,127,848,100
128,2004,0,12545,2004-05-07,5,19,128,848,100
129,2004,0,12546,2004-05-08,5,19,129,848,100
130,2004,0,12547,2004-05-09,5,19,130,848,100
131,2004,0,12548,2004-05-10,5,19,131,848,100
132,2004,0,12549,2004-05-11,5,19,132,848,100
133,2004,0,12550,2004-05-12,5,19,133,848,100
134,2004,0,12551,2004-05-13,5,20,134,848,100
135,2004,0,12552,2004-05-14,5,20,135,848,100
136,2004,0,12553,2004-05-15,5,20,136,848,100
137,2004,0,12554,2004-05-16,5,20,137,848,100
138,2004,0,12555,2004-05-17,5,20,138,848,100
139,2004,0,12556,2004-05-18,5,20,139,848,100
140,2004,0,12557,2004-05-19,5,20,140,848,100
141,2004,0,12558,2004-05-20,5,21,141,848,100
142,2004,0,12559,2004-05-21,5,21,142,848,100
143,2004,0,12560,2004-05-22,5,21,143,848,100
144,2004,0,12561,2004-05-23,5,21,144,848,100
145,2004,0,12562,2004-05-24,5,21,145,848,100
146,2004,0,12563,2004-05-25,5,21,146,848,100
147,2004,0,12564,2004-05-26,5,21,147,848,100
148,2004,0,12565,2004-05-27,5,22,148,848,100
149,2004,0,12566,2004-05-28,5,22,149,848,100
150,2004,0,12567,2004-05-29,5,22,150,848,100
151,2004,0,12568,2004-05-30,5,22,151,848,100
152,2004,0,12569,2004-05-31,5,22,152,848,100
153,2004,0,12570,2004-06-01,6,22,153,848,100
154,2004,0,12571,2004-06-02,6,22,154,848,100
155,2004,0,12572,2004-06-03,6,23,155,848,100
156,2004,0,12573,2004-06-04,6,23,156,848,100
157,2004,0,12574,2004-06-05,6,23,157,848,100
158,2004,0,12575,2004-06-06,6,23,158,848,100
159,2004,0,12576,2004-06-07,6,23,159,848,100
160,2004,0,12577,2004-06-08,6,23,160,848,100
161,2004,0,12578,2004-06-09,6,23,161,848,100
162,2004,0,12579,2004-06-10,6,24,162,848,100
163,2004,0,12580,2004-06-11,6,24,163,848,100
164,2004,0,12581,2004-06-12,6,24,164,848,100
165,2004,0,12582,2004-06-13,6,24,165,848,100
166,2004,0,12583,2004-06-14,6,24,166,848,100
167,2004,0,12584,2004-06-15,6,24,167,848,100
168,2004,0,12585,2004-06-16,6,24,168,848,100
169,2004,0,12586,2004-06-17,6,25,169,848,100
170,2004,0,12587,2004-06-18,6,25,170,848,100
171,2004,0,12588,2004-06-19,6,25,171,848,100
172,2004,0,12589,2004-06-20,6,25,172,848,100
173,2004,0,12590,2004-06-21,6,25,173,848,100
174,2004,0,12591,2004-06-22,6,25,174,848,100
175,2004,0,12592,2004-06-23,6,25,175,848,100
176,2004,0,12593,2004-06-24,6,26,176,848,100
177,2004,0,12594,2004-06-25,6,26,177,848,100
178,2004,0,12595,2004-06-26,6,26,178,848,100
179,2004,0,12596,2004-06-27,6,26,179,848,100
180,2004,0,12597,2004-06-28,6,26,180,848,100
1,2005,0,12784,2005-01-01,1,1,1,0,0
2,2005,0,12785,2005-01-02,1,1,2,0,0
3,2005,0,12786,2005-01-03,1,1,3,0,0
4,2005,0,12787,2005-01-04,1,1,4,0,0
5,2005,0,12788,2005-01-05,1,1,5,0,0
6,2005,0,12789,2005-01-06,1,1,6,0,0
7,2005,0,12790,2005-01-07,1,1,7,0,0
8,2005,0,12791,2005-01-08,1,2,8,0,0
9,2005,0,12792,2005-01-09,1,2,9,0,0
10,2005,0,12793,2005-01-10,1,2,10,0,0
11,2005,0,12794,2005-01-11,1,2,11,0,0
12,2005,0,12795,2005-01-12,1,2,12,0,0
13,2005,0,12796,2005-01-13,1,2,13,0,0
14,2005,0,12797,2005-01-14,1,2,14,0,0
15,2005,0,12798,2005-01-15,1,3,15,0,0
16,2005,0,12799,2005-01-16,1,3,16,0,0
17,2005,0,12800,2005-01-17,1,3,17,0,0
18,2005,0,12801,2005-01-18,1,3,18,0,0
19,2005,0,12802,2005-01-19,1,3,19,0,0
20,2005,0,12803,2005-01-20,1,3,20,0,0
21,2005,0,12804,2005-01-21,1,3,21,0,0
22,2005,0,12805,2005-01-22,1,4,22,0,0
23,2005,0,12806,2005-01-23,1,4,23,0,0
24,2005,0,12807,2005-01-24,1,4,24,0,0
25,2005,0,12808,2005-01-25,1,4,25,0,0
26,2005,0,12809,2005-01-26,1,4,26,0,0
27,2005,0,12810,2005-01-27,1,4,27,0,0
28,2005,0,12811,2005-01-28,1,4,28,0,0
29,2005,0,12812,2005-01-29,1,5,29,0,0
30,2005,0,12813,2005-01-30,1,5,30,0,0
31,2005,0,12814,2005-01-31,1,5,31,0,0
32,2005,0,12815,2005-02-01,2,5,32,0,0
33,2005,0,12816,2005-02-02,2,5,33,0,0
34,2005,0,12817,2005-02-03,2,5,34,0,0
35,2005,0,12818,2005-02-04,2,5,35,0,0
36,2005,0,12819,2005-02-05,2,6,36,0,0
37,2005,0,12820,2005-02-06,2,6,37,0,0
38,2005,0,12821,2005-02-07,2,6,38,0,0
39,2005,0,12822,2005-02-08,2,6,39,0,0
40,2005,0,12823,2005-02-09,2,6,40,0,0
41,2005,0,12824,2005-02-10,2,6,41,0,0
42,2005,0,12825,2005-02-11,2,6,42,0,0
43,2005,0,12826,2005-02-12,2,7,43,0,0
44,2005,0,12827,2005-02-13,2,7,44,0,0
45,2005,0,12828,2005-02-14,2,7,45,0,0
46,2005,0,12829,2005-02-15,2,7,46,0,0
47,2005,0,12830,2005-02-16,2,7,47,0,0
48,2005,0,12831,2005-02-17,2,7,48,0,0
49,2005,1,12832,2005-02-18,2,7,49,1,0.1524390243902439
50,2005,0,12833,2005-02-19,2,8,50,1,0.1524390243902439
51,2005,0,12834,2005-02-20,2,8,51,1,0.1524390243902439
52,2005,0,12835,2005-02-21,2,8,52,1,0.1524390243902439
53,2005,0,12836,2005-02-22,2,8,53,1,0.1524390243902439
54,2005,0,12837,2005-02-23,2,8,54,1,0.1524390243902439
55,2005,0,12838,2005-02-24,2,8,55,1,0.1524390243902439
56,2005,0,12839,2005-02-25,2,8,56,1,0.1524390243902439
57,2005,0,12840,2005-02-26,2,9,57,1,0.1524390243902439
58,2005,0,12841,2005-02-27,2,9,58,1,0.1524390243902439
59,2005,0,12842,2005-02-28,2,9,59,1,0.1524390243902439
60,2005,0,12843,2005-03-01,3,9,60,1,0.1524390243902439
61,2005,0,12844,2005-03-02,3,9,61,1,0.1524390243902439
62,2005,1,12845,2005-03-03,3,9,62,2,0.3048780487804878
63,2005,0,12846,2005-03-04,3,9,63,2,0.3048780487804878
64,2005,0,12847,2005-03-05,3,10,64,2,0.3048780487804878
65,2005,0,12848,2005-03-06,3,10,65,2,0.3048780487804878
66,2005,1,12849,2005-03-07,3,10,66,3,0.45731707317073167
67,2005,0,12850,2005-03-08,3,10,67,3,0.45731707317073167
68,2005,1,12851,2005-03-09,3,10,68,4,0.6097560975609756
69,2005,0,12852,2005-03-10,3,10,69,4,0.6097560975609756
70,2005,0,12853,2005-03-11,3,10,70,4,0.6097560975609756
71,2005,2,12854,2005-03-12,3,11,71,6,0.9146341463414633
72,2005,2,12855,2005-03-13,3,11,72,8,1.2195121951219512
73,2005,0,12856,2005-03-14,3,11,73,8,1.2195121951219512
74,2005,7,12857,2005-03-15,3,11,74,15,2.2865853658536586
75,2005,4,12858,2005-03-16,3,11,75,19,2.8963414634146343
76,2005,4,12859,2005-03-17,3,11,76,23,3.50609756097561
77,2005,5,12860,2005-03-18,3,11,77,28,4.2682926829268295
78,2005,4,12861,2005-03-19,3,12,78,32,4.878048780487805
79,2005,5,12862,2005-03-20,3,12,79,37,5.640243902439025
80,2005,3,12863,2005-03-21,3,12,80,40,6.097560975609756
81,2005,9,12864,2005-03-22,3,12,81,49,7.4695121951219505
82,2005,4,12865,2005-03-23,3,12,82,53,8.079268292682928
83,2005,13,12866,2005-03-24,3,12,83,66,10.060975609756099
84,2005,4,12867,2005-03-25,3,12,84,70,10.670731707317072
85,2005,7,12868,2005-03-26,3,13,85,77,11.73780487804878
86,2005,11,12869,2005-03-27,3,13,86,88,13.414634146341465
87,2005,26,12870,2005-03-28,3,13,87,114,17.378048780487802
88,2005,4,12871,2005-03-29,3,13,88,118,17.98780487804878
89,2005,4,12872,2005-03-30,3,13,89,122,18.597560975609756
90,2005,8,12873,2005-03-31,3,13,90,130,19.817073170731707
91,2005,19,12874,2005-04-01,4,13,91,149,22.713414634146343
92,2005,19,12875,2005-04-02,4,14,92,168,25.609756097560975
93,2005,31,12876,2005-04-03,4,14,93,199,30.335365853658537
94,2005,47,12877,2005-04-04,4,14,94,246,37.5
95,2005,35,12878,2005-04-05,4,14,95,281,42.83536585365854
96,2005,40,12879,2005-04-06,4,14,96,321,48.93292682926829
97,2005,16,12880,2005-04-07,4,14,97,337,51.37195121951219
98,2005,14,12881,2005-04-08,4,14,98,351,53.506097560975604
99,2005,17,12882,2005-04-09,4,15,99,368,56.09756097560976
100,2005,40,12883,2005-04-10,4,15,100,408,62.19512195121951
101,2005,22,12884,2005-04-11,4,15,101,430,65.54878048780488
102,2005,14,12885,2005-04-12,4,15,102,444,67.6829268292683
103,2005,0,12886,2005-04-13,4,15,103,444,67.6829268292683
104,2005,105,12887,2005-04-14,4,15,104,549,83.6890243902439
105,2005,1,12888,2005-04-15,4,15,105,550,83.84146341463415
106,2005,5,12889,2005-04-16,4,16,106,555,84.60365853658537
107,2005,2,12890,2005-04-17,4,16,107,557,84.90853658536585
108,2005,12,12891,2005-04-18,4,16,108,569,86.73780487804879
109,2005,6,12892,2005-04-19,4,16,109,575,87.65243902439023
110,2005,4,12893,2005-04-20,4,16,110,579,88.26219512195121
111,2005,7,12894,2005-04-21,4,16,111,586,89.32926829268293
112,2005,18,12895,2005-04-22,4,16,112,604,92.07317073170732
113,2005,21,12896,2005-04-23,4,17,113,625,95.27439024390245
114,2005,16,12897,2005-04-24,4,17,114,641,97.71341463414635
115,2005,1,12898,2005-04-25,4,17,115,642,97.86585365853658
116,2005,1,12899,2005-04-26,4,17,116,643,98.01829268292683
117,2005,2,12900,2005-04-27,4,17,117,645,98.32317073170732
118,2005,0,12901,2005-04-28,4,17,118,645,98.32317073170732
119,2005,4,12902,2005-04-29,4,17,119,649,98.9329268292683
120,2005,0,12903,2005-04-30,4,18,120,649,98.9329268292683
121,2005,3,12904,2005-05-01,5,18,121,652,99.39024390243902
122,2005,1,12905,2005-05-02,5,18,122,653,99.54268292682927
123,2005,2,12906,2005-05-03,5,18,123,655,99.84756097560977
124,2005,0,12907,2005-05-04,5,18,124,655,99.84756097560977
125,2005,0,12908,2005-05-05,5,18,125,655,99.84756097560977
126,2005,0,12909,2005-05-06,5,18,126,655,99.84756097560977
127,2005,1,12910,2005-05-07,5,19,127,656,100
128,2005,0,12911,2005-05-08,5,19,128,656,100
129,2005,0,12912,2005-05-09,5,19,129,656,100
130,2005,0,12913,2005-05-10,5,19,130,656,100
131,2005,0,12914,2005-05-11,5,19,131,656,100
132,2005,0,12915,2005-05-12,5,19,132,656,100
133,2005,0,12916,2005-05-13,5,19,133,656,100
134,2005,0,12917,2005-05-14,5,20,134,656,100
135,2005,0,12918,2005-05-15,5,20,135,656,100
136,2005,0,12919,2005-05-16,5,20,136,656,100
137,2005,0,12920,2005-05-17,5,20,137,656,100
138,2005,0,12921,2005-05-18,5,20,138,656,100
139,2005,0,12922,2005-05-19,5,20,139,656,100
140,2005,0,12923,2005-05-20,5,20,140,656,100
141,2005,0,12924,2005-05-21,5,21,141,656,100
142,2005,0,12925,2005-05-22,5,21,142,656,100
143,2005,0,12926,2005-05-23,5,21,143,656,100
144,2005,0,12927,2005-05-24,5,21,144,656,100
145,2005,0,12928,2005-05-25,5,21,145,656,100
146,2005,0,12929,2005-05-26,5,21,146,656,100
147,2005,0,12930,2005-05-27,5,21,147,656,100
148,2005,0,12931,2005-05-28,5,22,148,656,100
149,2005,0,12932,2005-05-29,5,22,149,656,100
150,2005,0,12933,2005-05-30,5,22,150,656,100
151,2005,0,12934,2005-05-31,5,22,151,656,100
152,2005,0,12935,2005-06-01,6,22,152,656,100
153,2005,0,12936,2005-06-02,6,22,153,656,100
154,2005,0,12937,2005-06-03,6,22,154,656,100
155,2005,0,12938,2005-06-04,6,23,155,656,100
156,2005,0,12939,2005-06-05,6,23,156,656,100
157,2005,0,12940,2005-06-06,6,23,157,656,100
158,2005,0,12941,2005-06-07,6,23,158,656,100
159,2005,0,12942,2005-06-08,6,23,159,656,100
160,2005,0,12943,2005-06-09,6,23,160,656,100
161,2005,0,12944,2005-06-10,6,23,161,656,100
162,2005,0,12945,2005-06-11,6,24,162,656,100
163,2005,0,12946,2005-06-12,6,24,163,656,100
164,2005,0,12947,2005-06-13,6,24,164,656,100
165,2005,0,12948,2005-06-14,6,24,165,656,100
166,2005,0,12949,2005-06-15,6,24,166,656,100
167,2005,0,12950,2005-06-16,6,24,167,656,100
168,2005,0,12951,2005-06-17,6,24,168,656,100
169,2005,0,12952,2005-06-18,6,25,169,656,100
170,2005,0,12953,2005-06-19,6,25,170,656,100
171,2005,0,12954,2005-06-20,6,25,171,656,100
172,2005,0,12955,2005-06-21,6,25,172,656,100
173,2005,0,12956,2005-06-22,6,25,173,656,100
174,2005,0,12957,2005-06-23,6,25,174,656,100
175,2005,0,12958,2005-06-24,6,25,175,656,100
176,2005,0,12959,2005-06-25,6,26,176,656,100
177,2005,0,12960,2005-06-26,6,26,177,656,100
178,2005,0,12961,2005-06-27,6,26,178,656,100
179,2005,0,12962,2005-06-28,6,26,179,656,100
180,2005,0,12963,2005-06-29,6,26,180,656,100
1,2006,0,13149,2006-01-01,1,1,1,0,0
2,2006,0,13150,2006-01-02,1,1,2,0,0
3,2006,0,13151,2006-01-03,1,1,3,0,0
4,2006,0,13152,2006-01-04,1,1,4,0,0
5,2006,0,13153,2006-01-05,1,1,5,0,0
6,2006,0,13154,2006-01-06,1,1,6,0,0
7,2006,0,13155,2006-01-07,1,1,7,0,0
8,2006,0,13156,2006-01-08,1,2,8,0,0
9,2006,0,13157,2006-01-09,1,2,9,0,0
10,2006,0,13158,2006-01-10,1,2,10,0,0
11,2006,0,13159,2006-01-11,1,2,11,0,0
12,2006,0,13160,2006-01-12,1,2,12,0,0
13,2006,0,13161,2006-01-13,1,2,13,0,0
14,2006,0,13162,2006-01-14,1,2,14,0,0
15,2006,0,13163,2006-01-15,1,3,15,0,0
16,2006,0,13164,2006-01-16,1,3,16,0,0
17,2006,0,13165,2006-01-17,1,3,17,0,0
18,2006,0,13166,2006-01-18,1,3,18,0,0
19,2006,0,13167,2006-01-19,1,3,19,0,0
20,2006,0,13168,2006-01-20,1,3,20,0,0
21,2006,0,13169,2006-01-21,1,3,21,0,0
22,2006,0,13170,2006-01-22,1,4,22,0,0
23,2006,0,13171,2006-01-23,1,4,23,0,0
24,2006,0,13172,2006-01-24,1,4,24,0,0
25,2006,0,13173,2006-01-25,1,4,25,0,0
26,2006,0,13174,2006-01-26,1,4,26,0,0
27,2006,0,13175,2006-01-27,1,4,27,0,0
28,2006,0,13176,2006-01-28,1,4,28,0,0
29,2006,0,13177,2006-01-29,1,5,29,0,0
30,2006,0,13178,2006-01-30,1,5,30,0,0
31,2006,0,13179,2006-01-31,1,5,31,0,0
32,2006,0,13180,2006-02-01,2,5,32,0,0
33,2006,0,13181,2006-02-02,2,5,33,0,0
34,2006,0,13182,2006-02-03,2,5,34,0,0
35,2006,0,13183,2006-02-04,2,5,35,0,0
36,2006,0,13184,2006-02-05,2,6,36,0,0
37,2006,0,13185,2006-02-06,2,6,37,0,0
38,2006,0,13186,2006-02-07,2,6,38,0,0
39,2006,0,13187,2006-02-08,2,6,39,0,0
40,2006,0,13188,2006-02-09,2,6,40,0,0
41,2006,0,13189,2006-02-10,2,6,41,0,0
42,2006,0,13190,2006-02-11,2,6,42,0,0
43,2006,0,13191,2006-02-12,2,7,43,0,0
44,2006,0,13192,2006-02-13,2,7,44,0,0
45,2006,0,13193,2006-02-14,2,7,45,0,0
46,2006,0,13194,2006-02-15,2,7,46,0,0
47,2006,0,13195,2006-02-16,2,7,47,0,0
48,2006,0,13196,2006-02-17,2,7,48,0,0
49,2006,0,13197,2006-02-18,2,7,49,0,0
50,2006,0,13198,2006-02-19,2,8,50,0,0
51,2006,0,13199,2006-02-20,2,8,51,0,0
52,2006,0,13200,2006-02-21,2,8,52,0,0
53,2006,0,13201,2006-02-22,2,8,53,0,0
54,2006,0,13202,2006-02-23,2,8,54,0,0
55,2006,0,13203,2006-02-24,2,8,55,0,0
56,2006,0,13204,2006-02-25,2,8,56,0,0
57,2006,0,13205,2006-02-26,2,9,57,0,0
58,2006,0,13206,2006-02-27,2,9,58,0,0
59,2006,0,13207,2006-02-28,2,9,59,0,0
60,2006,0,13208,2006-03-01,3,9,60,0,0
61,2006,0,13209,2006-03-02,3,9,61,0,0
62,2006,0,13210,2006-03-03,3,9,62,0,0
63,2006,0,13211,2006-03-04,3,9,63,0,0
64,2006,0,13212,2006-03-05,3,10,64,0,0
65,2006,0,13213,2006-03-06,3,10,65,0,0
66,2006,5,13214,2006-03-07,3,10,66,5,0.5694760820045558
67,2006,1,13215,2006-03-08,3,10,67,6,0.683371298405467
68,2006,5,13216,2006-03-09,3,10,68,11,1.2528473804100226
69,2006,1,13217,2006-03-10,3,10,69,12,1.366742596810934
70,2006,0,13218,2006-03-11,3,10,70,12,1.366742596810934
71,2006,0,13219,2006-03-12,3,11,71,12,1.366742596810934
72,2006,0,13220,2006-03-13,3,11,72,12,1.366742596810934
73,2006,0,13221,2006-03-14,3,11,73,12,1.366742596810934
74,2006,0,13222,2006-03-15,3,11,74,12,1.366742596810934
75,2006,0,13223,2006-03-16,3,11,75,12,1.366742596810934
76,2006,0,13224,2006-03-17,3,11,76,12,1.366742596810934
77,2006,0,13225,2006-03-18,3,11,77,12,1.366742596810934
78,2006,0,13226,2006-03-19,3,12,78,12,1.366742596810934
79,2006,0,13227,2006-03-20,3,12,79,12,1.366742596810934
80,2006,0,13228,2006-03-21,3,12,80,12,1.366742596810934
81,2006,0,13229,2006-03-22,3,12,81,12,1.366742596810934
82,2006,1,13230,2006-03-23,3,12,82,13,1.4806378132118452
83,2006,4,13231,2006-03-24,3,12,83,17,1.9362186788154898
84,2006,10,13232,2006-03-25,3,12,84,27,3.0751708428246016
85,2006,3,13233,2006-03-26,3,13,85,30,3.416856492027335
86,2006,11,13234,2006-03-27,3,13,86,41,4.669703872437358
87,2006,16,13235,2006-03-28,3,13,87,57,6.492027334851937
88,2006,2,13236,2006-03-29,3,13,88,59,6.719817767653759
89,2006,1,13237,2006-03-30,3,13,89,60,6.83371298405467
90,2006,5,13238,2006-03-31,3,13,90,65,7.403189066059225
91,2006,5,13239,2006-04-01,4,13,91,70,7.972665148063782
92,2006,1,13240,2006-04-02,4,14,92,71,8.086560364464694
93,2006,1,13241,2006-04-03,4,14,93,72,8.200455580865604
94,2006,23,13242,2006-04-04,4,14,94,95,10.82004555808656
95,2006,3,13243,2006-04-05,4,14,95,98,11.161731207289293
96,2006,8,13244,2006-04-06,4,14,96,106,12.072892938496583
97,2006,12,13245,2006-04-07,4,14,97,118,13.439635535307518
98,2006,4,13246,2006-04-08,4,14,98,122,13.895216400911162
99,2006,3,13247,2006-04-09,4,15,99,125,14.236902050113894
100,2006,26,13248,2006-04-10,4,15,100,151,17.198177676537586
101,2006,0,13249,2006-04-11,4,15,101,151,17.198177676537586
102,2006,11,13250,2006-04-12,4,15,102,162,18.45102505694761
103,2006,22,13251,2006-04-13,4,15,103,184,20.956719817767656
104,2006,35,13252,2006-04-14,4,15,104,219,24.943052391799544
105,2006,38,13253,2006-04-15,4,15,105,257,29.271070615034166
106,2006,30,13254,2006-04-16,4,16,106,287,32.687927107061505
107,2006,27,13255,2006-04-17,4,16,107,314,35.7630979498861
108,2006,15,13256,2006-04-18,4,16,108,329,37.47152619589977
109,2006,52,13257,2006-04-19,4,16,109,381,43.394077448747154
110,2006,0,13258,2006-04-20,4,16,110,381,43.394077448747154
111,2006,106,13259,2006-04-21,4,16,111,487,55.466970387243734
112,2006,60,13260,2006-04-22,4,16,112,547,62.300683371298405
113,2006,54,13261,2006-04-23,4,17,113,601,68.45102505694761
114,2006,50,13262,2006-04-24,4,17,114,651,74.14578587699316
115,2006,27,13263,2006-04-25,4,17,115,678,77.22095671981776
116,2006,33,13264,2006-04-26,4,17,116,711,80.97949886104784
117,2006,35,13265,2006-04-27,4,17,117,746,84.96583143507974
118,2006,32,13266,2006-04-28,4,17,118,778,88.61047835990888
119,2006,19,13267,2006-04-29,4,17,119,797,90.7744874715262
120,2006,8,13268,2006-04-30,4,18,120,805,91.68564920273349
121,2006,54,13269,2006-05-01,5,18,121,859,97.83599088838268
122,2006,10,13270,2006-05-02,5,18,122,869,98.9749430523918
123,2006,0,13271,2006-05-03,5,18,123,869,98.9749430523918
124,2006,3,13272,2006-05-04,5,18,124,872,99.31662870159454
125,2006,0,13273,2006-05-05,5,18,125,872,99.31662870159454
126,2006,0,13274,2006-05-06,5,18,126,872,99.31662870159454
127,2006,1,13275,2006-05-07,5,19,127,873,99.43052391799544
128,2006,0,13276,2006-05-08,5,19,128,873,99.43052391799544
129,2006,0,13277,2006-05-09,5,19,129,873,99.43052391799544
130,2006,0,13278,2006-05-10,5,19,130,873,99.43052391799544
131,2006,2,13279,2006-05-11,5,19,131,875,99.65831435079726
132,2006,2,13280,2006-05-12,5,19,132,877,99.88610478359908
133,2006,0,13281,2006-05-13,5,19,133,877,99.88610478359908
134,2006,0,13282,2006-05-14,5,20,134,877,99.88610478359908
135,2006,0,13283,2006-05-15,5,20,135,877,99.88610478359908
136,2006,0,13284,2006-05-16,5,20,136,877,99.88610478359908
137,2006,1,13285,2006-05-17,5,20,137,878,100
138,2006,0,13286,2006-05-18,5,20,138,878,100
139,2006,0,13287,2006-05-19,5,20,139,878,100
140,2006,0,13288,2006-05-20,5,20,140,878,100
141,2006,0,13289,2006-05-21,5,21,141,878,100
142,2006,0,13290,2006-05-22,5,21,142,878,100
143,2006,0,13291,2006-05-23,5,21,143,878,100
144,2006,0,13292,2006-05-24,5,21,144,878,100
145,2006,0,13293,2006-05-25,5,21,145,878,100
146,2006,0,13294,2006-05-26,5,21,146,878,100
147,2006,0,13295,2006-05-27,5,21,147,878,100
148,2006,0,13296,2006-05-28,5,22,148,878,100
149,2006,0,13297,2006-05-29,5,22,149,878,100
150,2006,0,13298,2006-05-30,5,22,150,878,100
151,2006,0,13299,2006-05-31,5,22,151,878,100
152,2006,0,13300,2006-06-01,6,22,152,878,100
153,2006,0,13301,2006-06-02,6,22,153,878,100
154,2006,0,13302,2006-06-03,6,22,154,878,100
155,2006,0,13303,2006-06-04,6,23,155,878,100
156,2006,0,13304,2006-06-05,6,23,156,878,100
157,2006,0,13305,2006-06-06,6,23,157,878,100
158,2006,0,13306,2006-06-07,6,23,158,878,100
159,2006,0,13307,2006-06-08,6,23,159,878,100
160,2006,0,13308,2006-06-09,6,23,160,878,100
161,2006,0,13309,2006-06-10,6,23,161,878,100
162,2006,0,13310,2006-06-11,6,24,162,878,100
163,2006,0,13311,2006-06-12,6,24,163,878,100
164,2006,0,13312,2006-06-13,6,24,164,878,100
165,2006,0,13313,2006-06-14,6,24,165,878,100
166,2006,0,13314,2006-06-15,6,24,166,878,100
167,2006,0,13315,2006-06-16,6,24,167,878,100
168,2006,0,13316,2006-06-17,6,24,168,878,100
169,2006,0,13317,2006-06-18,6,25,169,878,100
170,2006,0,13318,2006-06-19,6,25,170,878,100
171,2006,0,13319,2006-06-20,6,25,171,878,100
172,2006,0,13320,2006-06-21,6,25,172,878,100
173,2006,0,13321,2006-06-22,6,25,173,878,100
174,2006,0,13322,2006-06-23,6,25,174,878,100
175,2006,0,13323,2006-06-24,6,25,175,878,100
176,2006,0,13324,2006-06-25,6,26,176,878,100
177,2006,0,13325,2006-06-26,6,26,177,878,100
178,2006,0,13326,2006-06-27,6,26,178,878,100
179,2006,0,13327,2006-06-28,6,26,179,878,100
180,2006,0,13328,2006-06-29,6,26,180,878,100
1,2007,0,13514,2007-01-01,1,1,1,0,0
2,2007,0,13515,2007-01-02,1,1,2,0,0
3,2007,0,13516,2007-01-03,1,1,3,0,0
4,2007,0,13517,2007-01-04,1,1,4,0,0
5,2007,0,13518,2007-01-05,1,1,5,0,0
6,2007,0,13519,2007-01-06,1,1,6,0,0
7,2007,0,13520,2007-01-07,1,1,7,0,0
8,2007,0,13521,2007-01-08,1,2,8,0,0
9,2007,0,13522,2007-01-09,1,2,9,0,0
10,2007,0,13523,2007-01-10,1,2,10,0,0
11,2007,0,13524,2007-01-11,1,2,11,0,0
12,2007,0,13525,2007-01-12,1,2,12,0,0
13,2007,0,13526,2007-01-13,1,2,13,0,0
14,2007,0,13527,2007-01-14,1,2,14,0,0
15,2007,0,13528,2007-01-15,1,3,15,0,0
16,2007,0,13529,2007-01-16,1,3,16,0,0
17,2007,0,13530,2007-01-17,1,3,17,0,0
18,2007,0,13531,2007-01-18,1,3,18,0,0
19,2007,0,13532,2007-01-19,1,3,19,0,0
20,2007,0,13533,2007-01-20,1,3,20,0,0
21,2007,0,13534,2007-01-21,1,3,21,0,0
22,2007,0,13535,2007-01-22,1,4,22,0,0
23,2007,0,13536,2007-01-23,1,4,23,0,0
24,2007,0,13537,2007-01-24,1,4,24,0,0
25,2007,0,13538,2007-01-25,1,4,25,0,0
26,2007,0,13539,2007-01-26,1,4,26,0,0
27,2007,0,13540,2007-01-27,1,4,27,0,0
28,2007,0,13541,2007-01-28,1,4,28,0,0
29,2007,0,13542,2007-01-29,1,5,29,0,0
30,2007,0,13543,2007-01-30,1,5,30,0,0
31,2007,0,13544,2007-01-31,1,5,31,0,0
32,2007,0,13545,2007-02-01,2,5,32,0,0
33,2007,0,13546,2007-02-02,2,5,33,0,0
34,2007,0,13547,2007-02-03,2,5,34,0,0
35,2007,0,13548,2007-02-04,2,5,35,0,0
36,2007,0,13549,2007-02-05,2,6,36,0,0
37,2007,0,13550,2007-02-06,2,6,37,0,0
38,2007,0,13551,2007-02-07,2,6,38,0,0
39,2007,0,13552,2007-02-08,2,6,39,0,0
40,2007,0,13553,2007-02-09,2,6,40,0,0
41,2007,0,13554,2007-02-10,2,6,41,0,0
42,2007,0,13555,2007-02-11,2,6,42,0,0
43,2007,0,13556,2007-02-12,2,7,43,0,0
44,2007,0,13557,2007-02-13,2,7,44,0,0
45,2007,0,13558,2007-02-14,2,7,45,0,0
46,2007,0,13559,2007-02-15,2,7,46,0,0
47,2007,0,13560,2007-02-16,2,7,47,0,0
48,2007,0,13561,2007-02-17,2,7,48,0,0
49,2007,0,13562,2007-02-18,2,7,49,0,0
50,2007,0,13563,2007-02-19,2,8,50,0,0
51,2007,0,13564,2007-02-20,2,8,51,0,0
52,2007,1,13565,2007-02-21,2,8,52,1,0.13812154696132595
53,2007,0,13566,2007-02-22,2,8,53,1,0.13812154696132595
54,2007,0,13567,2007-02-23,2,8,54,1,0.13812154696132595
55,2007,0,13568,2007-02-24,2,8,55,1,0.13812154696132595
56,2007,1,13569,2007-02-25,2,8,56,2,0.2762430939226519
57,2007,1,13570,2007-02-26,2,9,57,3,0.4143646408839779
58,2007,0,13571,2007-02-27,2,9,58,3,0.4143646408839779
59,2007,0,13572,2007-02-28,2,9,59,3,0.4143646408839779
60,2007,0,13573,2007-03-01,3,9,60,3,0.4143646408839779
61,2007,0,13574,2007-03-02,3,9,61,3,0.4143646408839779
62,2007,0,13575,2007-03-03,3,9,62,3,0.4143646408839779
63,2007,0,13576,2007-03-04,3,9,63,3,0.4143646408839779
64,2007,0,13577,2007-03-05,3,10,64,3,0.4143646408839779
65,2007,1,13578,2007-03-06,3,10,65,4,0.5524861878453038
66,2007,2,13579,2007-03-07,3,10,66,6,0.8287292817679558
67,2007,1,13580,2007-03-08,3,10,67,7,0.9668508287292817
68,2007,1,13581,2007-03-09,3,10,68,8,1.1049723756906076
69,2007,1,13582,2007-03-10,3,10,69,9,1.2430939226519337
70,2007,1,13583,2007-03-11,3,10,70,10,1.3812154696132597
71,2007,1,13584,2007-03-12,3,11,71,11,1.5193370165745856
72,2007,2,13585,2007-03-13,3,11,72,13,1.7955801104972375
73,2007,2,13586,2007-03-14,3,11,73,15,2.071823204419889
74,2007,1,13587,2007-03-15,3,11,74,16,2.209944751381215
75,2007,1,13588,2007-03-16,3,11,75,17,2.3480662983425415
76,2007,0,13589,2007-03-17,3,11,76,17,2.3480662983425415
77,2007,3,13590,2007-03-18,3,11,77,20,2.7624309392265194
78,2007,4,13591,2007-03-19,3,12,78,24,3.314917127071823
79,2007,3,13592,2007-03-20,3,12,79,27,3.7292817679558015
80,2007,2,13593,2007-03-21,3,12,80,29,4.005524861878453
81,2007,4,13594,2007-03-22,3,12,81,33,4.558011049723757
82,2007,1,13595,2007-03-23,3,12,82,34,4.696132596685083
83,2007,0,13596,2007-03-24,3,12,83,34,4.696132596685083
84,2007,6,13597,2007-03-25,3,12,84,40,5.524861878453039
85,2007,2,13598,2007-03-26,3,13,85,42,5.801104972375691
86,2007,7,13599,2007-03-27,3,13,86,49,6.767955801104971
87,2007,6,13600,2007-03-28,3,13,87,55,7.596685082872928
88,2007,7,13601,2007-03-29,3,13,88,62,8.56353591160221
89,2007,25,13602,2007-03-30,3,13,89,87,12.01657458563536
90,2007,3,13603,2007-03-31,3,13,90,90,12.430939226519337
91,2007,3,13604,2007-04-01,4,13,91,93,12.845303867403315
92,2007,4,13605,2007-04-02,4,14,92,97,13.397790055248619
93,2007,38,13606,2007-04-03,4,14,93,135,18.646408839779006
94,2007,4,13607,2007-04-04,4,14,94,139,19.19889502762431
95,2007,11,13608,2007-04-05,4,14,95,150,20.718232044198896
96,2007,38,13609,2007-04-06,4,14,96,188,25.96685082872928
97,2007,31,13610,2007-04-07,4,14,97,219,30.248618784530386
98,2007,26,13611,2007-04-08,4,14,98,245,33.83977900552486
99,2007,23,13612,2007-04-09,4,15,99,268,37.01657458563536
100,2007,39,13613,2007-04-10,4,15,100,307,42.40331491712707
101,2007,30,13614,2007-04-11,4,15,101,337,46.54696132596685
102,2007,33,13615,2007-04-12,4,15,102,370,51.10497237569061
103,2007,36,13616,2007-04-13,4,15,103,406,56.07734806629834
104,2007,44,13617,2007-04-14,4,15,104,450,62.15469613259669
105,2007,24,13618,2007-04-15,4,15,105,474,65.4696132596685
106,2007,72,13619,2007-04-16,4,16,106,546,75.41436464088397
107,2007,24,13620,2007-04-17,4,16,107,570,78.72928176795581
108,2007,11,13621,2007-04-18,4,16,108,581,80.2486187845304
109,2007,10,13622,2007-04-19,4,16,109,591,81.62983425414365
110,2007,8,13623,2007-04-20,4,16,110,599,82.73480662983425
111,2007,11,13624,2007-04-21,4,16,111,610,84.25414364640883
112,2007,23,13625,2007-04-22,4,16,112,633,87.43093922651933
113,2007,7,13626,2007-04-23,4,17,113,640,88.39779005524862
114,2007,3,13627,2007-04-24,4,17,114,643,88.8121546961326
115,2007,11,13628,2007-04-25,4,17,115,654,90.33149171270718
116,2007,8,13629,2007-04-26,4,17,116,662,91.4364640883978
117,2007,20,13630,2007-04-27,4,17,117,682,94.1988950276243
118,2007,10,13631,2007-04-28,4,17,118,692,95.58011049723757
119,2007,7,13632,2007-04-29,4,17,119,699,96.54696132596685
120,2007,12,13633,2007-04-30,4,18,120,711,98.20441988950276
121,2007,11,13634,2007-05-01,5,18,121,722,99.72375690607734
122,2007,0,13635,2007-05-02,5,18,122,722,99.72375690607734
123,2007,0,13636,2007-05-03,5,18,123,722,99.72375690607734
124,2007,0,13637,2007-05-04,5,18,124,722,99.72375690607734
125,2007,0,13638,2007-05-05,5,18,125,722,99.72375690607734
126,2007,0,13639,2007-05-06,5,18,126,722,99.72375690607734
127,2007,0,13640,2007-05-07,5,19,127,722,99.72375690607734
128,2007,0,13641,2007-05-08,5,19,128,722,99.72375690607734
129,2007,1,13642,2007-05-09,5,19,129,723,99.86187845303867
130,2007,0,13643,2007-05-10,5,19,130,723,99.86187845303867
131,2007,0,13644,2007-05-11,5,19,131,723,99.86187845303867
132,2007,1,13645,2007-05-12,5,19,132,724,100
133,2007,0,13646,2007-05-13,5,19,133,724,100
134,2007,0,13647,2007-05-14,5,20,134,724,100
135,2007,0,13648,2007-05-15,5,20,135,724,100
136,2007,0,13649,2007-05-16,5,20,136,724,100
137,2007,0,13650,2007-05-17,5,20,137,724,100
138,2007,0,13651,2007-05-18,5,20,138,724,100
139,2007,0,13652,2007-05-19,5,20,139,724,100
140,2007,0,13653,2007-05-20,5,20,140,724,100
141,2007,0,13654,2007-05-21,5,21,141,724,100
142,2007,0,13655,2007-05-22,5,21,142,724,100
143,2007,0,13656,2007-05-23,5,21,143,724,100
144,2007,0,13657,2007-05-24,5,21,144,724,100
145,2007,0,13658,2007-05-25,5,21,145,724,100
146,2007,0,13659,2007-05-26,5,21,146,724,100
147,2007,0,13660,2007-05-27,5,21,147,724,100
148,2007,0,13661,2007-05-28,5,22,148,724,100
149,2007,0,13662,2007-05-29,5,22,149,724,100
150,2007,0,13663,2007-05-30,5,22,150,724,100
151,2007,0,13664,2007-05-31,5,22,151,724,100
152,2007,0,13665,2007-06-01,6,22,152,724,100
153,2007,0,13666,2007-06-02,6,22,153,724,100
154,2007,0,13667,2007-06-03,6,22,154,724,100
155,2007,0,13668,2007-06-04,6,23,155,724,100
156,2007,0,13669,2007-06-05,6,23,156,724,100
157,2007,0,13670,2007-06-06,6,23,157,724,100
158,2007,0,13671,2007-06-07,6,23,158,724,100
159,2007,0,13672,2007-06-08,6,23,159,724,100
160,2007,0,13673,2007-06-09,6,23,160,724,100
161,2007,0,13674,2007-06-10,6,23,161,724,100
162,2007,0,13675,2007-06-11,6,24,162,724,100
163,2007,0,13676,2007-06-12,6,24,163,724,100
164,2007,0,13677,2007-06-13,6,24,164,724,100
165,2007,0,13678,2007-06-14,6,24,165,724,100
166,2007,0,13679,2007-06-15,6,24,166,724,100
167,2007,0,13680,2007-06-16,6,24,167,724,100
168,2007,0,13681,2007-06-17,6,24,168,724,100
169,2007,0,13682,2007-06-18,6,25,169,724,100
170,2007,0,13683,2007-06-19,6,25,170,724,100
171,2007,0,13684,2007-06-20,6,25,171,724,100
172,2007,0,13685,2007-06-21,6,25,172,724,100
173,2007,0,13686,2007-06-22,6,25,173,724,100
174,2007,0,13687,2007-06-23,6,25,174,724,100
175,2007,0,13688,2007-06-24,6,25,175,724,100
176,2007,0,13689,2007-06-25,6,26,176,724,100
177,2007,0,13690,2007-06-26,6,26,177,724,100
178,2007,0,13691,2007-06-27,6,26,178,724,100
179,2007,0,13692,2007-06-28,6,26,179,724,100
180,2007,0,13693,2007-06-29,6,26,180,724,100
1,2008,0,13879,2008-01-01,1,1,1,0,0
2,2008,0,13880,2008-01-02,1,1,2,0,0
3,2008,0,13881,2008-01-03,1,1,3,0,0
4,2008,0,13882,2008-01-04,1,1,4,0,0
5,2008,0,13883,2008-01-05,1,1,5,0,0
6,2008,0,13884,2008-01-06,1,1,6,0,0
7,2008,0,13885,2008-01-07,1,1,7,0,0
8,2008,0,13886,2008-01-08,1,2,8,0,0
9,2008,0,13887,2008-01-09,1,2,9,0,0
10,2008,0,13888,2008-01-10,1,2,10,0,0
11,2008,0,13889,2008-01-11,1,2,11,0,0
12,2008,0,13890,2008-01-12,1,2,12,0,0
13,2008,0,13891,2008-01-13,1,2,13,0,0
14,2008,0,13892,2008-01-14,1,2,14,0,0
15,2008,0,13893,2008-01-15,1,3,15,0,0
16,2008,0,13894,2008-01-16,1,3,16,0,0
17,2008,0,13895,2008-01-17,1,3,17,0,0
18,2008,0,13896,2008-01-18,1,3,18,0,0
19,2008,0,13897,2008-01-19,1,3,19,0,0
20,2008,0,13898,2008-01-20,1,3,20,0,0
21,2008,0,13899,2008-01-21,1,3,21,0,0
22,2008,0,13900,2008-01-22,1,4,22,0,0
23,2008,0,13901,2008-01-23,1,4,23,0,0
24,2008,0,13902,2008-01-24,1,4,24,0,0
25,2008,0,13903,2008-01-25,1,4,25,0,0
26,2008,0,13904,2008-01-26,1,4,26,0,0
27,2008,0,13905,2008-01-27,1,4,27,0,0
28,2008,0,13906,2008-01-28,1,4,28,0,0
29,2008,0,13907,2008-01-29,1,5,29,0,0
30,2008,0,13908,2008-01-30,1,5,30,0,0
31,2008,0,13909,2008-01-31,1,5,31,0,0
32,2008,0,13910,2008-02-01,2,5,32,0,0
33,2008,0,13911,2008-02-02,2,5,33,0,0
34,2008,0,13912,2008-02-03,2,5,34,0,0
35,2008,0,13913,2008-02-04,2,5,35,0,0
36,2008,0,13914,2008-02-05,2,6,36,0,0
37,2008,0,13915,2008-02-06,2,6,37,0,0
38,2008,0,13916,2008-02-07,2,6,38,0,0
39,2008,0,13917,2008-02-08,2,6,39,0,0
40,2008,0,13918,2008-02-09,2,6,40,0,0
41,2008,0,13919,2008-02-10,2,6,41,0,0
42,2008,0,13920,2008-02-11,2,6,42,0,0
43,2008,0,13921,2008-02-12,2,7,43,0,0
44,2008,0,13922,2008-02-13,2,7,44,0,0
45,2008,0,13923,2008-02-14,2,7,45,0,0
46,2008,0,13924,2008-02-15,2,7,46,0,0
47,2008,0,13925,2008-02-16,2,7,47,0,0
48,2008,0,13926,2008-02-17,2,7,48,0,0
49,2008,0,13927,2008-02-18,2,7,49,0,0
50,2008,0,13928,2008-02-19,2,8,50,0,0
51,2008,0,13929,2008-02-20,2,8,51,0,0
52,2008,0,13930,2008-02-21,2,8,52,0,0
53,2008,0,13931,2008-02-22,2,8,53,0,0
54,2008,0,13932,2008-02-23,2,8,54,0,0
55,2008,0,13933,2008-02-24,2,8,55,0,0
56,2008,8,13934,2008-02-25,2,8,56,8,0.6446414182111201
57,2008,5,13935,2008-02-26,2,9,57,13,1.04754230459307
58,2008,2,13936,2008-02-27,2,9,58,15,1.20870265914585
59,2008,0,13937,2008-02-28,2,9,59,15,1.20870265914585
60,2008,1,13938,2008-02-29,2,9,60,16,1.2892828364222402
61,2008,1,13939,2008-03-01,3,9,61,17,1.36986301369863
62,2008,2,13940,2008-03-02,3,9,62,19,1.5310233682514103
63,2008,1,13941,2008-03-03,3,9,63,20,1.6116035455278
64,2008,0,13942,2008-03-04,3,10,64,20,1.6116035455278
65,2008,0,13943,2008-03-05,3,10,65,20,1.6116035455278
66,2008,1,13944,2008-03-06,3,10,66,21,1.6921837228041903
67,2008,0,13945,2008-03-07,3,10,67,21,1.6921837228041903
68,2008,0,13946,2008-03-08,3,10,68,21,1.6921837228041903
69,2008,0,13947,2008-03-09,3,10,69,21,1.6921837228041903
70,2008,0,13948,2008-03-10,3,10,70,21,1.6921837228041903
71,2008,4,13949,2008-03-11,3,11,71,25,2.0145044319097503
72,2008,0,13950,2008-03-12,3,11,72,25,2.0145044319097503
73,2008,2,13951,2008-03-13,3,11,73,27,2.17566478646253
74,2008,2,13952,2008-03-14,3,11,74,29,2.3368251410153102
75,2008,5,13953,2008-03-15,3,11,75,34,2.73972602739726
76,2008,4,13954,2008-03-16,3,11,76,38,3.0620467365028206
77,2008,2,13955,2008-03-17,3,11,77,40,3.2232070910556
78,2008,0,13956,2008-03-18,3,12,78,40,3.2232070910556
79,2008,0,13957,2008-03-19,3,12,79,40,3.2232070910556
80,2008,5,13958,2008-03-20,3,12,80,45,3.62610797743755
81,2008,2,13959,2008-03-21,3,12,81,47,3.7872683319903304
82,2008,2,13960,2008-03-22,3,12,82,49,3.94842868654311
83,2008,13,13961,2008-03-23,3,12,83,62,4.99597099113618
84,2008,6,13962,2008-03-24,3,12,84,68,5.47945205479452
85,2008,5,13963,2008-03-25,3,13,85,73,5.88235294117647
86,2008,9,13964,2008-03-26,3,13,86,82,6.60757453666398
87,2008,0,13965,2008-03-27,3,13,87,82,6.60757453666398
88,2008,16,13966,2008-03-28,3,13,88,98,7.89685737308622
89,2008,21,13967,2008-03-29,3,13,89,119,9.58904109589041
90,2008,18,13968,2008-03-30,3,13,90,137,11.03948428686543
91,2008,40,13969,2008-03-31,3,13,91,177,14.26269137792103
92,2008,10,13970,2008-04-01,4,14,92,187,15.068493150684931
93,2008,9,13971,2008-04-02,4,14,93,196,15.79371474617244
94,2008,18,13972,2008-04-03,4,14,94,214,17.24415793714746
95,2008,29,13973,2008-04-04,4,14,95,243,19.580983078162774
96,2008,4,13974,2008-04-05,4,14,96,247,19.90330378726833
97,2008,38,13975,2008-04-06,4,14,97,285,22.965350523771153
98,2008,22,13976,2008-04-07,4,14,98,307,24.73811442385173
99,2008,41,13977,2008-04-08,4,15,99,348,28.041901692183725
100,2008,29,13978,2008-04-09,4,15,100,377,30.378726833199032
101,2008,42,13979,2008-04-10,4,15,101,419,33.763094278807415
102,2008,34,13980,2008-04-11,4,15,102,453,36.502820306204676
103,2008,66,13981,2008-04-12,4,15,103,519,41.82111200644641
104,2008,48,13982,2008-04-13,4,15,104,567,45.688960515713134
105,2008,80,13983,2008-04-14,4,15,105,647,52.13537469782433
106,2008,42,13984,2008-04-15,4,16,106,689,55.519742143432715
107,2008,54,13985,2008-04-16,4,16,107,743,59.87107171635777
108,2008,16,13986,2008-04-17,4,16,108,759,61.160354552780014
109,2008,51,13987,2008-04-18,4,16,109,810,65.26994359387591
110,2008,95,13988,2008-04-19,4,16,110,905,72.92506043513296
111,2008,56,13989,2008-04-20,4,16,111,961,77.43755036261079
112,2008,121,13990,2008-04-21,4,16,112,1082,87.18775181305399
113,2008,37,13991,2008-04-22,4,17,113,1119,90.16921837228043
114,2008,24,13992,2008-04-23,4,17,114,1143,92.10314262691378
115,2008,25,13993,2008-04-24,4,17,115,1168,94.11764705882352
116,2008,4,13994,2008-04-25,4,17,116,1172,94.43996776792909
117,2008,2,13995,2008-04-26,4,17,117,1174,94.60112812248187
118,2008,12,13996,2008-04-27,4,17,118,1186,95.56809024979856
119,2008,9,13997,2008-04-28,4,17,119,1195,96.29331184528606
120,2008,12,13998,2008-04-29,4,18,120,1207,97.26027397260275
121,2008,12,13999,2008-04-30,4,18,121,1219,98.22723609991942
122,2008,22,14000,2008-05-01,5,18,122,1241,100
123,2008,0,14001,2008-05-02,5,18,123,1241,100
124,2008,0,14002,2008-05-03,5,18,124,1241,100
125,2008,0,14003,2008-05-04,5,18,125,1241,100
126,2008,0,14004,2008-05-05,5,18,126,1241,100
127,2008,0,14005,2008-05-06,5,19,127,1241,100
128,2008,0,14006,2008-05-07,5,19,128,1241,100
129,2008,0,14007,2008-05-08,5,19,129,1241,100
130,2008,0,14008,2008-05-09,5,19,130,1241,100
131,2008,0,14009,2008-05-10,5,19,131,1241,100
132,2008,0,14010,2008-05-11,5,19,132,1241,100
133,2008,0,14011,2008-05-12,5,19,133,1241,100
134,2008,0,14012,2008-05-13,5,20,134,1241,100
135,2008,0,14013,2008-05-14,5,20,135,1241,100
136,2008,0,14014,2008-05-15,5,20,136,1241,100
137,2008,0,14015,2008-05-16,5,20,137,1241,100
138,2008,0,14016,2008-05-17,5,20,138,1241,100
139,2008,0,14017,2008-05-18,5,20,139,1241,100
140,2008,0,14018,2008-05-19,5,20,140,1241,100
141,2008,0,14019,2008-05-20,5,21,141,1241,100
142,2008,0,14020,2008-05-21,5,21,142,1241,100
143,2008,0,14021,2008-05-22,5,21,143,1241,100
144,2008,0,14022,2008-05-23,5,21,144,1241,100
145,2008,0,14023,2008-05-24,5,21,145,1241,100
146,2008,0,14024,2008-05-25,5,21,146,1241,100
147,2008,0,14025,2008-05-26,5,21,147,1241,100
148,2008,0,14026,2008-05-27,5,22,148,1241,100
149,2008,0,14027,2008-05-28,5,22,149,1241,100
150,2008,0,14028,2008-05-29,5,22,150,1241,100
151,2008,0,14029,2008-05-30,5,22,151,1241,100
152,2008,0,14030,2008-05-31,5,22,152,1241,100
153,2008,0,14031,2008-06-01,6,22,153,1241,100
154,2008,0,14032,2008-06-02,6,22,154,1241,100
155,2008,0,14033,2008-06-03,6,23,155,1241,100
156,2008,0,14034,2008-06-04,6,23,156,1241,100
157,2008,0,14035,2008-06-05,6,23,157,1241,100
158,2008,0,14036,2008-06-06,6,23,158,1241,100
159,2008,0,14037,2008-06-07,6,23,159,1241,100
160,2008,0,14038,2008-06-08,6,23,160,1241,100
161,2008,0,14039,2008-06-09,6,23,161,1241,100
162,2008,0,14040,2008-06-10,6,24,162,1241,100
163,2008,0,14041,2008-06-11,6,24,163,1241,100
164,2008,0,14042,2008-06-12,6,24,164,1241,100
165,2008,0,14043,2008-06-13,6,24,165,1241,100
166,2008,0,14044,2008-06-14,6,24,166,1241,100
167,2008,0,14045,2008-06-15,6,24,167,1241,100
168,2008,0,14046,2008-06-16,6,24,168,1241,100
169,2008,0,14047,2008-06-17,6,25,169,1241,100
170,2008,0,14048,2008-06-18,6,25,170,1241,100
171,2008,0,14049,2008-06-19,6,25,171,1241,100
172,2008,0,14050,2008-06-20,6,25,172,1241,100
173,2008,0,14051,2008-06-21,6,25,173,1241,100
174,2008,0,14052,2008-06-22,6,25,174,1241,100
175,2008,0,14053,2008-06-23,6,25,175,1241,100
176,2008,0,14054,2008-06-24,6,26,176,1241,100
177,2008,0,14055,2008-06-25,6,26,177,1241,100
178,2008,0,14056,2008-06-26,6,26,178,1241,100
179,2008,0,14057,2008-06-27,6,26,179,1241,100
180,2008,0,14058,2008-06-28,6,26,180,1241,100
1,2009,0,14245,2009-01-01,1,1,1,0,0
2,2009,0,14246,2009-01-02,1,1,2,0,0
3,2009,0,14247,2009-01-03,1,1,3,0,0
4,2009,0,14248,2009-01-04,1,1,4,0,0
5,2009,0,14249,2009-01-05,1,1,5,0,0
6,2009,0,14250,2009-01-06,1,1,6,0,0
7,2009,0,14251,2009-01-07,1,1,7,0,0
8,2009,0,14252,2009-01-08,1,2,8,0,0
9,2009,0,14253,2009-01-09,1,2,9,0,0
10,2009,0,14254,2009-01-10,1,2,10,0,0
11,2009,0,14255,2009-01-11,1,2,11,0,0
12,2009,0,14256,2009-01-12,1,2,12,0,0
13,2009,0,14257,2009-01-13,1,2,13,0,0
14,2009,0,14258,2009-01-14,1,2,14,0,0
15,2009,0,14259,2009-01-15,1,3,15,0,0
16,2009,0,14260,2009-01-16,1,3,16,0,0
17,2009,0,14261,2009-01-17,1,3,17,0,0
18,2009,0,14262,2009-01-18,1,3,18,0,0
19,2009,0,14263,2009-01-19,1,3,19,0,0
20,2009,0,14264,2009-01-20,1,3,20,0,0
21,2009,0,14265,2009-01-21,1,3,21,0,0
22,2009,0,14266,2009-01-22,1,4,22,0,0
23,2009,0,14267,2009-01-23,1,4,23,0,0
24,2009,0,14268,2009-01-24,1,4,24,0,0
25,2009,0,14269,2009-01-25,1,4,25,0,0
26,2009,0,14270,2009-01-26,1,4,26,0,0
27,2009,0,14271,2009-01-27,1,4,27,0,0
28,2009,0,14272,2009-01-28,1,4,28,0,0
29,2009,0,14273,2009-01-29,1,5,29,0,0
30,2009,0,14274,2009-01-30,1,5,30,0,0
31,2009,0,14275,2009-01-31,1,5,31,0,0
32,2009,0,14276,2009-02-01,2,5,32,0,0
33,2009,0,14277,2009-02-02,2,5,33,0,0
34,2009,0,14278,2009-02-03,2,5,34,0,0
35,2009,0,14279,2009-02-04,2,5,35,0,0
36,2009,0,14280,2009-02-05,2,6,36,0,0
37,2009,0,14281,2009-02-06,2,6,37,0,0
38,2009,0,14282,2009-02-07,2,6,38,0,0
39,2009,0,14283,2009-02-08,2,6,39,0,0
40,2009,0,14284,2009-02-09,2,6,40,0,0
41,2009,0,14285,2009-02-10,2,6,41,0,0
42,2009,0,14286,2009-02-11,2,6,42,0,0
43,2009,0,14287,2009-02-12,2,7,43,0,0
44,2009,0,14288,2009-02-13,2,7,44,0,0
45,2009,0,14289,2009-02-14,2,7,45,0,0
46,2009,0,14290,2009-02-15,2,7,46,0,0
47,2009,0,14291,2009-02-16,2,7,47,0,0
48,2009,0,14292,2009-02-17,2,7,48,0,0
49,2009,0,14293,2009-02-18,2,7,49,0,0
50,2009,0,14294,2009-02-19,2,8,50,0,0
51,2009,0,14295,2009-02-20,2,8,51,0,0
52,2009,0,14296,2009-02-21,2,8,52,0,0
53,2009,0,14297,2009-02-22,2,8,53,0,0
54,2009,0,14298,2009-02-23,2,8,54,0,0
55,2009,0,14299,2009-02-24,2,8,55,0,0
56,2009,0,14300,2009-02-25,2,8,56,0,0
57,2009,0,14301,2009-02-26,2,9,57,0,0
58,2009,0,14302,2009-02-27,2,9,58,0,0
59,2009,2,14303,2009-02-28,2,9,59,2,0.10940919037199125
60,2009,1,14304,2009-03-01,3,9,60,3,0.16411378555798686
61,2009,1,14305,2009-03-02,3,9,61,4,0.2188183807439825
62,2009,3,14306,2009-03-03,3,9,62,7,0.38293216630196936
63,2009,7,14307,2009-03-04,3,9,63,14,0.7658643326039387
64,2009,0,14308,2009-03-05,3,10,64,14,0.7658643326039387
65,2009,1,14309,2009-03-06,3,10,65,15,0.8205689277899343
66,2009,1,14310,2009-03-07,3,10,66,16,0.87527352297593
67,2009,1,14311,2009-03-08,3,10,67,17,0.9299781181619257
68,2009,1,14312,2009-03-09,3,10,68,18,0.9846827133479212
69,2009,2,14313,2009-03-10,3,10,69,20,1.0940919037199124
70,2009,0,14314,2009-03-11,3,10,70,20,1.0940919037199124
71,2009,10,14315,2009-03-12,3,11,71,30,1.6411378555798686
72,2009,6,14316,2009-03-13,3,11,72,36,1.9693654266958425
73,2009,3,14317,2009-03-14,3,11,73,39,2.1334792122538295
74,2009,4,14318,2009-03-15,3,11,74,43,2.352297592997812
75,2009,5,14319,2009-03-16,3,11,75,48,2.62582056892779
76,2009,7,14320,2009-03-17,3,11,76,55,3.008752735229759
77,2009,4,14321,2009-03-18,3,11,77,59,3.2275711159737415
78,2009,3,14322,2009-03-19,3,12,78,62,3.391684901531729
79,2009,5,14323,2009-03-20,3,12,79,67,3.665207877461707
80,2009,3,14324,2009-03-21,3,12,80,70,3.8293216630196936
81,2009,4,14325,2009-03-22,3,12,81,74,4.048140043763676
82,2009,5,14326,2009-03-23,3,12,82,79,4.321663019693654
83,2009,12,14327,2009-03-24,3,12,83,91,4.978118161925601
84,2009,13,14328,2009-03-25,3,12,84,104,5.689277899343545
85,2009,17,14329,2009-03-26,3,13,85,121,6.619256017505471
86,2009,21,14330,2009-03-27,3,13,86,142,7.768052516411379
87,2009,35,14331,2009-03-28,3,13,87,177,9.682713347921226
88,2009,30,14332,2009-03-29,3,13,88,207,11.323851203501095
89,2009,87,14333,2009-03-30,3,13,89,294,16.08315098468271
90,2009,29,14334,2009-03-31,3,13,90,323,17.669584245076585
91,2009,25,14335,2009-04-01,4,13,91,348,19.037199124726477
92,2009,54,14336,2009-04-02,4,14,92,402,21.99124726477024
93,2009,19,14337,2009-04-03,4,14,93,421,23.030634573304155
94,2009,53,14338,2009-04-04,4,14,94,474,25.929978118161927
95,2009,23,14339,2009-04-05,4,14,95,497,27.188183807439824
96,2009,100,14340,2009-04-06,4,14,96,597,32.65864332603939
97,2009,76,14341,2009-04-07,4,14,97,673,36.816192560175054
98,2009,256,14342,2009-04-08,4,14,98,929,50.820568927789935
99,2009,56,14343,2009-04-09,4,15,99,985,53.88402625820569
100,2009,351,14344,2009-04-10,4,15,100,1336,73.08533916849015
101,2009,21,14345,2009-04-11,4,15,101,1357,74.23413566739606
102,2009,6,14346,2009-04-12,4,15,102,1363,74.56236323851203
103,2009,41,14347,2009-04-13,4,15,103,1404,76.80525164113786
104,2009,11,14348,2009-04-14,4,15,104,1415,77.40700218818381
105,2009,18,14349,2009-04-15,4,15,105,1433,78.39168490153173
106,2009,42,14350,2009-04-16,4,16,106,1475,80.68927789934355
107,2009,18,14351,2009-04-17,4,16,107,1493,81.67396061269146
108,2009,9,14352,2009-04-18,4,16,108,1502,82.16630196936543
109,2009,11,14353,2009-04-19,4,16,109,1513,82.76805251641139
110,2009,31,14354,2009-04-20,4,16,110,1544,84.46389496717724
111,2009,40,14355,2009-04-21,4,16,111,1584,86.65207877461707
112,2009,45,14356,2009-04-22,4,16,112,1629,89.11378555798687
113,2009,35,14357,2009-04-23,4,17,113,1664,91.02844638949672
114,2009,19,14358,2009-04-24,4,17,114,1683,92.06783369803063
115,2009,19,14359,2009-04-25,4,17,115,1702,93.10722100656456
116,2009,11,14360,2009-04-26,4,17,116,1713,93.7089715536105
117,2009,93,14361,2009-04-27,4,17,117,1806,98.7964989059081
118,2009,8,14362,2009-04-28,4,17,118,1814,99.23413566739606
119,2009,1,14363,2009-04-29,4,17,119,1815,99.28884026258206
120,2009,1,14364,2009-04-30,4,18,120,1816,99.34354485776805
121,2009,3,14365,2009-05-01,5,18,121,1819,99.50765864332604
122,2009,4,14366,2009-05-02,5,18,122,1823,99.72647702407002
123,2009,0,14367,2009-05-03,5,18,123,1823,99.72647702407002
124,2009,0,14368,2009-05-04,5,18,124,1823,99.72647702407002
125,2009,0,14369,2009-05-05,5,18,125,1823,99.72647702407002
126,2009,5,14370,2009-05-06,5,18,126,1828,100
127,2009,0,14371,2009-05-07,5,19,127,1828,100
128,2009,0,14372,2009-05-08,5,19,128,1828,100
129,2009,0,14373,2009-05-09,5,19,129,1828,100
130,2009,0,14374,2009-05-10,5,19,130,1828,100
131,2009,0,14375,2009-05-11,5,19,131,1828,100
132,2009,0,14376,2009-05-12,5,19,132,1828,100
133,2009,0,14377,2009-05-13,5,19,133,1828,100
134,2009,0,14378,2009-05-14,5,20,134,1828,100
135,2009,0,14379,2009-05-15,5,20,135,1828,100
136,2009,0,14380,2009-05-16,5,20,136,1828,100
137,2009,0,14381,2009-05-17,5,20,137,1828,100
138,2009,0,14382,2009-05-18,5,20,138,1828,100
139,2009,0,14383,2009-05-19,5,20,139,1828,100
140,2009,0,14384,2009-05-20,5,20,140,1828,100
141,2009,0,14385,2009-05-21,5,21,141,1828,100
142,2009,0,14386,2009-05-22,5,21,142,1828,100
143,2009,0,14387,2009-05-23,5,21,143,1828,100
144,2009,0,14388,2009-05-24,5,21,144,1828,100
145,2009,0,14389,2009-05-25,5,21,145,1828,100
146,2009,0,14390,2009-05-26,5,21,146,1828,100
147,2009,0,14391,2009-05-27,5,21,147,1828,100
148,2009,0,14392,2009-05-28,5,22,148,1828,100
149,2009,0,14393,2009-05-29,5,22,149,1828,100
150,2009,0,14394,2009-05-30,5,22,150,1828,100
151,2009,0,14395,2009-05-31,5,22,151,1828,100
152,2009,0,14396,2009-06-01,6,22,152,1828,100
153,2009,0,14397,2009-06-02,6,22,153,1828,100
154,2009,0,14398,2009-06-03,6,22,154,1828,100
155,2009,0,14399,2009-06-04,6,23,155,1828,100
156,2009,0,14400,2009-06-05,6,23,156,1828,100
157,2009,0,14401,2009-06-06,6,23,157,1828,100
158,2009,0,14402,2009-06-07,6,23,158,1828,100
159,2009,0,14403,2009-06-08,6,23,159,1828,100
160,2009,0,14404,2009-06-09,6,23,160,1828,100
161,2009,0,14405,2009-06-10,6,23,161,1828,100
162,2009,0,14406,2009-06-11,6,24,162,1828,100
163,2009,0,14407,2009-06-12,6,24,163,1828,100
164,2009,0,14408,2009-06-13,6,24,164,1828,100
165,2009,0,14409,2009-06-14,6,24,165,1828,100
166,2009,0,14410,2009-06-15,6,24,166,1828,100
167,2009,0,14411,2009-06-16,6,24,167,1828,100
168,2009,0,14412,2009-06-17,6,24,168,1828,100
169,2009,0,14413,2009-06-18,6,25,169,1828,100
170,2009,0,14414,2009-06-19,6,25,170,1828,100
171,2009,0,14415,2009-06-20,6,25,171,1828,100
172,2009,0,14416,2009-06-21,6,25,172,1828,100
173,2009,0,14417,2009-06-22,6,25,173,1828,100
174,2009,0,14418,2009-06-23,6,25,174,1828,100
175,2009,0,14419,2009-06-24,6,25,175,1828,100
176,2009,0,14420,2009-06-25,6,26,176,1828,100
177,2009,0,14421,2009-06-26,6,26,177,1828,100
178,2009,0,14422,2009-06-27,6,26,178,1828,100
179,2009,0,14423,2009-06-28,6,26,179,1828,100
180,2009,0,14424,2009-06-29,6,26,180,1828,100
1,2010,0,14610,2010-01-01,1,1,1,0,0
2,2010,0,14611,2010-01-02,1,1,2,0,0
3,2010,0,14612,2010-01-03,1,1,3,0,0
4,2010,0,14613,2010-01-04,1,1,4,0,0
5,2010,0,14614,2010-01-05,1,1,5,0,0
6,2010,0,14615,2010-01-06,1,1,6,0,0
7,2010,0,14616,2010-01-07,1,1,7,0,0
8,2010,0,14617,2010-01-08,1,2,8,0,0
9,2010,0,14618,2010-01-09,1,2,9,0,0
10,2010,0,14619,2010-01-10,1,2,10,0,0
11,2010,0,14620,2010-01-11,1,2,11,0,0
12,2010,0,14621,2010-01-12,1,2,12,0,0
13,2010,0,14622,2010-01-13,1,2,13,0,0
14,2010,0,14623,2010-01-14,1,2,14,0,0
15,2010,0,14624,2010-01-15,1,3,15,0,0
16,2010,0,14625,2010-01-16,1,3,16,0,0
17,2010,0,14626,2010-01-17,1,3,17,0,0
18,2010,0,14627,2010-01-18,1,3,18,0,0
19,2010,0,14628,2010-01-19,1,3,19,0,0
20,2010,0,14629,2010-01-20,1,3,20,0,0
21,2010,0,14630,2010-01-21,1,3,21,0,0
22,2010,0,14631,2010-01-22,1,4,22,0,0
23,2010,0,14632,2010-01-23,1,4,23,0,0
24,2010,0,14633,2010-01-24,1,4,24,0,0
25,2010,0,14634,2010-01-25,1,4,25,0,0
26,2010,0,14635,2010-01-26,1,4,26,0,0
27,2010,0,14636,2010-01-27,1,4,27,0,0
28,2010,0,14637,2010-01-28,1,4,28,0,0
29,2010,0,14638,2010-01-29,1,5,29,0,0
30,2010,0,14639,2010-01-30,1,5,30,0,0
31,2010,0,14640,2010-01-31,1,5,31,0,0
32,2010,0,14641,2010-02-01,2,5,32,0,0
33,2010,0,14642,2010-02-02,2,5,33,0,0
34,2010,0,14643,2010-02-03,2,5,34,0,0
35,2010,0,14644,2010-02-04,2,5,35,0,0
36,2010,0,14645,2010-02-05,2,6,36,0,0
37,2010,0,14646,2010-02-06,2,6,37,0,0
38,2010,0,14647,2010-02-07,2,6,38,0,0
39,2010,0,14648,2010-02-08,2,6,39,0,0
40,2010,0,14649,2010-02-09,2,6,40,0,0
41,2010,0,14650,2010-02-10,2,6,41,0,0
42,2010,0,14651,2010-02-11,2,6,42,0,0
43,2010,0,14652,2010-02-12,2,7,43,0,0
44,2010,0,14653,2010-02-13,2,7,44,0,0
45,2010,0,14654,2010-02-14,2,7,45,0,0
46,2010,0,14655,2010-02-15,2,7,46,0,0
47,2010,0,14656,2010-02-16,2,7,47,0,0
48,2010,0,14657,2010-02-17,2,7,48,0,0
49,2010,0,14658,2010-02-18,2,7,49,0,0
50,2010,0,14659,2010-02-19,2,8,50,0,0
51,2010,0,14660,2010-02-20,2,8,51,0,0
52,2010,0,14661,2010-02-21,2,8,52,0,0
53,2010,1,14662,2010-02-22,2,8,53,1,0.14771048744460857
54,2010,0,14663,2010-02-23,2,8,54,1,0.14771048744460857
55,2010,5,14664,2010-02-24,2,8,55,6,0.8862629246676514
56,2010,5,14665,2010-02-25,2,8,56,11,1.6248153618906942
57,2010,0,14666,2010-02-26,2,9,57,11,1.6248153618906942
58,2010,0,14667,2010-02-27,2,9,58,11,1.6248153618906942
59,2010,0,14668,2010-02-28,2,9,59,11,1.6248153618906942
60,2010,0,14669,2010-03-01,3,9,60,11,1.6248153618906942
61,2010,6,14670,2010-03-02,3,9,61,17,2.511078286558346
62,2010,0,14671,2010-03-03,3,9,62,17,2.511078286558346
63,2010,0,14672,2010-03-04,3,9,63,17,2.511078286558346
64,2010,0,14673,2010-03-05,3,10,64,17,2.511078286558346
65,2010,1,14674,2010-03-06,3,10,65,18,2.658788774002954
66,2010,0,14675,2010-03-07,3,10,66,18,2.658788774002954
67,2010,0,14676,2010-03-08,3,10,67,18,2.658788774002954
68,2010,0,14677,2010-03-09,3,10,68,18,2.658788774002954
69,2010,0,14678,2010-03-10,3,10,69,18,2.658788774002954
70,2010,0,14679,2010-03-11,3,10,70,18,2.658788774002954
71,2010,0,14680,2010-03-12,3,11,71,18,2.658788774002954
72,2010,1,14681,2010-03-13,3,11,72,19,2.806499261447563
73,2010,0,14682,2010-03-14,3,11,73,19,2.806499261447563
74,2010,1,14683,2010-03-15,3,11,74,20,2.954209748892171
75,2010,1,14684,2010-03-16,3,11,75,21,3.10192023633678
76,2010,2,14685,2010-03-17,3,11,76,23,3.3973412112259975
77,2010,0,14686,2010-03-18,3,11,77,23,3.3973412112259975
78,2010,0,14687,2010-03-19,3,12,78,23,3.3973412112259975
79,2010,0,14688,2010-03-20,3,12,79,23,3.3973412112259975
80,2010,3,14689,2010-03-21,3,12,80,26,3.8404726735598227
81,2010,0,14690,2010-03-22,3,12,81,26,3.8404726735598227
82,2010,1,14691,2010-03-23,3,12,82,27,3.9881831610044314
83,2010,9,14692,2010-03-24,3,12,83,36,5.317577548005908
84,2010,2,14693,2010-03-25,3,12,84,38,5.612998522895126
85,2010,3,14694,2010-03-26,3,13,85,41,6.056129985228951
86,2010,2,14695,2010-03-27,3,13,86,43,6.3515509601181686
87,2010,3,14696,2010-03-28,3,13,87,46,6.794682422451995
88,2010,3,14697,2010-03-29,3,13,88,49,7.23781388478582
89,2010,14,14698,2010-03-30,3,13,89,63,9.30576070901034
90,2010,0,14699,2010-03-31,3,13,90,63,9.30576070901034
91,2010,0,14700,2010-04-01,4,13,91,63,9.30576070901034
92,2010,2,14701,2010-04-02,4,14,92,65,9.601181683899556
93,2010,1,14702,2010-04-03,4,14,93,66,9.748892171344165
94,2010,1,14703,2010-04-04,4,14,94,67,9.896602658788774
95,2010,0,14704,2010-04-05,4,14,95,67,9.896602658788774
96,2010,1,14705,2010-04-06,4,14,96,68,10.044313146233383
97,2010,2,14706,2010-04-07,4,14,97,70,10.3397341211226
98,2010,0,14707,2010-04-08,4,14,98,70,10.3397341211226
99,2010,4,14708,2010-04-09,4,15,99,74,10.930576070901035
100,2010,4,14709,2010-04-10,4,15,100,78,11.521418020679468
101,2010,59,14710,2010-04-11,4,15,101,137,20.236336779911372
102,2010,25,14711,2010-04-12,4,15,102,162,23.929098966026586
103,2010,50,14712,2010-04-13,4,15,103,212,31.314623338257014
104,2010,25,14713,2010-04-14,4,15,104,237,35.00738552437223
105,2010,0,14714,2010-04-15,4,15,105,237,35.00738552437223
106,2010,9,14715,2010-04-16,4,16,106,246,36.336779911373704
107,2010,12,14716,2010-04-17,4,16,107,258,38.10930576070901
108,2010,149,14717,2010-04-18,4,16,108,407,60.118168389955684
109,2010,9,14718,2010-04-19,4,16,109,416,61.44756277695716
110,2010,80,14719,2010-04-20,4,16,110,496,73.26440177252584
111,2010,7,14720,2010-04-21,4,16,111,503,74.2983751846381
112,2010,10,14721,2010-04-22,4,16,112,513,75.7754800590842
113,2010,9,14722,2010-04-23,4,17,113,522,77.10487444608567
114,2010,14,14723,2010-04-24,4,17,114,536,79.1728212703102
115,2010,58,14724,2010-04-25,4,17,115,594,87.74002954209749
116,2010,19,14725,2010-04-26,4,17,116,613,90.54652880354506
117,2010,26,14726,2010-04-27,4,17,117,639,94.38700147710487
118,2010,12,14727,2010-04-28,4,17,118,651,96.15952732644017
119,2010,7,14728,2010-04-29,4,17,119,658,97.19350073855244
120,2010,5,14729,2010-04-30,4,18,120,663,97.93205317577548
121,2010,4,14730,2010-05-01,5,18,121,667,98.52289512555392
122,2010,4,14731,2010-05-02,5,18,122,671,99.11373707533235
123,2010,0,14732,2010-05-03,5,18,123,671,99.11373707533235
124,2010,1,14733,2010-05-04,5,18,124,672,99.26144756277697
125,2010,2,14734,2010-05-05,5,18,125,674,99.55686853766618
126,2010,0,14735,2010-05-06,5,18,126,674,99.55686853766618
127,2010,2,14736,2010-05-07,5,19,127,676,99.85228951255539
128,2010,0,14737,2010-05-08,5,19,128,676,99.85228951255539
129,2010,0,14738,2010-05-09,5,19,129,676,99.85228951255539
130,2010,0,14739,2010-05-10,5,19,130,676,99.85228951255539
131,2010,0,14740,2010-05-11,5,19,131,676,99.85228951255539
132,2010,0,14741,2010-05-12,5,19,132,676,99.85228951255539
133,2010,0,14742,2010-05-13,5,19,133,676,99.85228951255539
134,2010,1,14743,2010-05-14,5,20,134,677,100
135,2010,0,14744,2010-05-15,5,20,135,677,100
136,2010,0,14745,2010-05-16,5,20,136,677,100
137,2010,0,14746,2010-05-17,5,20,137,677,100
138,2010,0,14747,2010-05-18,5,20,138,677,100
139,2010,0,14748,2010-05-19,5,20,139,677,100
140,2010,0,14749,2010-05-20,5,20,140,677,100
141,2010,0,14750,2010-05-21,5,21,141,677,100
142,2010,0,14751,2010-05-22,5,21,142,677,100
143,2010,0,14752,2010-05-23,5,21,143,677,100
144,2010,0,14753,2010-05-24,5,21,144,677,100
145,2010,0,14754,2010-05-25,5,21,145,677,100
146,2010,0,14755,2010-05-26,5,21,146,677,100
147,2010,0,14756,2010-05-27,5,21,147,677,100
148,2010,0,14757,2010-05-28,5,22,148,677,100
149,2010,0,14758,2010-05-29,5,22,149,677,100
150,2010,0,14759,2010-05-30,5,22,150,677,100
151,2010,0,14760,2010-05-31,5,22,151,677,100
152,2010,0,14761,2010-06-01,6,22,152,677,100
153,2010,0,14762,2010-06-02,6,22,153,677,100
154,2010,0,14763,2010-06-03,6,22,154,677,100
155,2010,0,14764,2010-06-04,6,23,155,677,100
156,2010,0,14765,2010-06-05,6,23,156,677,100
157,2010,0,14766,2010-06-06,6,23,157,677,100
158,2010,0,14767,2010-06-07,6,23,158,677,100
159,2010,0,14768,2010-06-08,6,23,159,677,100
160,2010,0,14769,2010-06-09,6,23,160,677,100
161,2010,0,14770,2010-06-10,6,23,161,677,100
162,2010,0,14771,2010-06-11,6,24,162,677,100
163,2010,0,14772,2010-06-12,6,24,163,677,100
164,2010,0,14773,2010-06-13,6,24,164,677,100
165,2010,0,14774,2010-06-14,6,24,165,677,100
166,2010,0,14775,2010-06-15,6,24,166,677,100
167,2010,0,14776,2010-06-16,6,24,167,677,100
168,2010,0,14777,2010-06-17,6,24,168,677,100
169,2010,0,14778,2010-06-18,6,25,169,677,100
170,2010,0,14779,2010-06-19,6,25,170,677,100
171,2010,0,14780,2010-06-20,6,25,171,677,100
172,2010,0,14781,2010-06-21,6,25,172,677,100
173,2010,0,14782,2010-06-22,6,25,173,677,100
174,2010,0,14783,2010-06-23,6,25,174,677,100
175,2010,0,14784,2010-06-24,6,25,175,677,100
176,2010,0,14785,2010-06-25,6,26,176,677,100
177,2010,0,14786,2010-06-26,6,26,177,677,100
178,2010,0,14787,2010-06-27,6,26,178,677,100
179,2010,0,14788,2010-06-28,6,26,179,677,100
180,2010,0,14789,2010-06-29,6,26,180,677,100
1,2011,0,14975,2011-01-01,1,1,1,0,0
2,2011,0,14976,2011-01-02,1,1,2,0,0
3,2011,0,14977,2011-01-03,1,1,3,0,0
4,2011,0,14978,2011-01-04,1,1,4,0,0
5,2011,0,14979,2011-01-05,1,1,5,0,0
6,2011,0,14980,2011-01-06,1,1,6,0,0
7,2011,0,14981,2011-01-07,1,1,7,0,0
8,2011,0,14982,2011-01-08,1,2,8,0,0
9,2011,0,14983,2011-01-09,1,2,9,0,0
10,2011,0,14984,2011-01-10,1,2,10,0,0
11,2011,0,14985,2011-01-11,1,2,11,0,0
12,2011,0,14986,2011-01-12,1,2,12,0,0
13,2011,0,14987,2011-01-13,1,2,13,0,0
14,2011,0,14988,2011-01-14,1,2,14,0,0
15,2011,0,14989,2011-01-15,1,3,15,0,0
16,2011,0,14990,2011-01-16,1,3,16,0,0
17,2011,0,14991,2011-01-17,1,3,17,0,0
18,2011,0,14992,2011-01-18,1,3,18,0,0
19,2011,0,14993,2011-01-19,1,3,19,0,0
20,2011,0,14994,2011-01-20,1,3,20,0,0
21,2011,0,14995,2011-01-21,1,3,21,0,0
22,2011,0,14996,2011-01-22,1,4,22,0,0
23,2011,0,14997,2011-01-23,1,4,23,0,0
24,2011,0,14998,2011-01-24,1,4,24,0,0
25,2011,0,14999,2011-01-25,1,4,25,0,0
26,2011,0,15000,2011-01-26,1,4,26,0,0
27,2011,0,15001,2011-01-27,1,4,27,0,0
28,2011,0,15002,2011-01-28,1,4,28,0,0
29,2011,0,15003,2011-01-29,1,5,29,0,0
30,2011,0,15004,2011-01-30,1,5,30,0,0
31,2011,0,15005,2011-01-31,1,5,31,0,0
32,2011,0,15006,2011-02-01,2,5,32,0,0
33,2011,0,15007,2011-02-02,2,5,33,0,0
34,2011,0,15008,2011-02-03,2,5,34,0,0
35,2011,0,15009,2011-02-04,2,5,35,0,0
36,2011,0,15010,2011-02-05,2,6,36,0,0
37,2011,0,15011,2011-02-06,2,6,37,0,0
38,2011,0,15012,2011-02-07,2,6,38,0,0
39,2011,0,15013,2011-02-08,2,6,39,0,0
40,2011,0,15014,2011-02-09,2,6,40,0,0
41,2011,0,15015,2011-02-10,2,6,41,0,0
42,2011,0,15016,2011-02-11,2,6,42,0,0
43,2011,0,15017,2011-02-12,2,7,43,0,0
44,2011,0,15018,2011-02-13,2,7,44,0,0
45,2011,0,15019,2011-02-14,2,7,45,0,0
46,2011,0,15020,2011-02-15,2,7,46,0,0
47,2011,0,15021,2011-02-16,2,7,47,0,0
48,2011,0,15022,2011-02-17,2,7,48,0,0
49,2011,0,15023,2011-02-18,2,7,49,0,0
50,2011,0,15024,2011-02-19,2,8,50,0,0
51,2011,0,15025,2011-02-20,2,8,51,0,0
52,2011,0,15026,2011-02-21,2,8,52,0,0
53,2011,6,15027,2011-02-22,2,8,53,6,0.6230529595015576
54,2011,2,15028,2011-02-23,2,8,54,8,0.8307372793354102
55,2011,0,15029,2011-02-24,2,8,55,8,0.8307372793354102
56,2011,0,15030,2011-02-25,2,8,56,8,0.8307372793354102
57,2011,0,15031,2011-02-26,2,9,57,8,0.8307372793354102
58,2011,0,15032,2011-02-27,2,9,58,8,0.8307372793354102
59,2011,1,15033,2011-02-28,2,9,59,9,0.9345794392523363
60,2011,1,15034,2011-03-01,3,9,60,10,1.0384215991692627
61,2011,0,15035,2011-03-02,3,9,61,10,1.0384215991692627
62,2011,0,15036,2011-03-03,3,9,62,10,1.0384215991692627
63,2011,0,15037,2011-03-04,3,9,63,10,1.0384215991692627
64,2011,1,15038,2011-03-05,3,10,64,11,1.142263759086189
65,2011,0,15039,2011-03-06,3,10,65,11,1.142263759086189
66,2011,1,15040,2011-03-07,3,10,66,12,1.2461059190031152
67,2011,1,15041,2011-03-08,3,10,67,13,1.3499480789200415
68,2011,5,15042,2011-03-09,3,10,68,18,1.8691588785046727
69,2011,3,15043,2011-03-10,3,10,69,21,2.1806853582554515
70,2011,3,15044,2011-03-11,3,10,70,24,2.4922118380062304
71,2011,2,15045,2011-03-12,3,11,71,26,2.699896157840083
72,2011,0,15046,2011-03-13,3,11,72,26,2.699896157840083
73,2011,4,15047,2011-03-14,3,11,73,30,3.115264797507788
74,2011,2,15048,2011-03-15,3,11,74,32,3.322949117341641
75,2011,3,15049,2011-03-16,3,11,75,35,3.6344755970924196
76,2011,0,15050,2011-03-17,3,11,76,35,3.6344755970924196
77,2011,4,15051,2011-03-18,3,11,77,39,4.049844236760125
78,2011,3,15052,2011-03-19,3,12,78,42,4.361370716510903
79,2011,0,15053,2011-03-20,3,12,79,42,4.361370716510903
80,2011,0,15054,2011-03-21,3,12,80,42,4.361370716510903
81,2011,26,15055,2011-03-22,3,12,81,68,7.061266874350987
82,2011,0,15056,2011-03-23,3,12,82,68,7.061266874350987
83,2011,4,15057,2011-03-24,3,12,83,72,7.476635514018691
84,2011,5,15058,2011-03-25,3,12,84,77,7.995846313603323
85,2011,0,15059,2011-03-26,3,13,85,77,7.995846313603323
86,2011,6,15060,2011-03-27,3,13,86,83,8.618899273104882
87,2011,12,15061,2011-03-28,3,13,87,95,9.865005192107997
88,2011,17,15062,2011-03-29,3,13,88,112,11.630321910695743
89,2011,27,15063,2011-03-30,3,13,89,139,14.434060228452752
90,2011,16,15064,2011-03-31,3,13,90,155,16.095534787123572
91,2011,23,15065,2011-04-01,4,13,91,178,18.483904465212877
92,2011,1,15066,2011-04-02,4,14,92,179,18.587746625129803
93,2011,25,15067,2011-04-03,4,14,93,204,21.18380062305296
94,2011,25,15068,2011-04-04,4,14,94,229,23.779854620976117
95,2011,61,15069,2011-04-05,4,14,95,290,30.114226375908622
96,2011,68,15070,2011-04-06,4,14,96,358,37.175493250259606
97,2011,24,15071,2011-04-07,4,14,97,382,39.66770508826583
98,2011,46,15072,2011-04-08,4,14,98,428,44.44444444444444
99,2011,13,15073,2011-04-09,4,15,99,441,45.794392523364486
100,2011,41,15074,2011-04-10,4,15,100,482,50.05192107995846
101,2011,9,15075,2011-04-11,4,15,101,491,50.9865005192108
102,2011,22,15076,2011-04-12,4,15,102,513,53.271028037383175
103,2011,14,15077,2011-04-13,4,15,103,527,54.72481827622014
104,2011,19,15078,2011-04-14,4,15,104,546,56.69781931464174
105,2011,15,15079,2011-04-15,4,15,105,561,58.25545171339564
106,2011,21,15080,2011-04-16,4,16,106,582,60.43613707165109
107,2011,22,15081,2011-04-17,4,16,107,604,62.72066458982347
108,2011,12,15082,2011-04-18,4,16,108,616,63.966770508826585
109,2011,83,15083,2011-04-19,4,16,109,699,72.58566978193146
110,2011,57,15084,2011-04-20,4,16,110,756,78.50467289719626
111,2011,17,15085,2011-04-21,4,16,111,773,80.26998961578401
112,2011,11,15086,2011-04-22,4,16,112,784,81.4122533748702
113,2011,19,15087,2011-04-23,4,17,113,803,83.3852544132918
114,2011,11,15088,2011-04-24,4,17,114,814,84.52751817237798
115,2011,13,15089,2011-04-25,4,17,115,827,85.87746625129803
116,2011,27,15090,2011-04-26,4,17,116,854,88.68120456905504
117,2011,18,15091,2011-04-27,4,17,117,872,90.55036344755972
118,2011,8,15092,2011-04-28,4,17,118,880,91.38110072689511
119,2011,7,15093,2011-04-29,4,17,119,887,92.1079958463136
120,2011,9,15094,2011-04-30,4,18,120,896,93.04257528556595
121,2011,6,15095,2011-05-01,5,18,121,902,93.6656282450675
122,2011,2,15096,2011-05-02,5,18,122,904,93.87331256490134
123,2011,4,15097,2011-05-03,5,18,123,908,94.28868120456906
124,2011,6,15098,2011-05-04,5,18,124,914,94.91173416407062
125,2011,4,15099,2011-05-05,5,18,125,918,95.32710280373831
126,2011,10,15100,2011-05-06,5,18,126,928,96.36552440290758
127,2011,11,15101,2011-05-07,5,19,127,939,97.50778816199377
128,2011,6,15102,2011-05-08,5,19,128,945,98.13084112149532
129,2011,9,15103,2011-05-09,5,19,129,954,99.06542056074767
130,2011,2,15104,2011-05-10,5,19,130,956,99.27310488058151
131,2011,3,15105,2011-05-11,5,19,131,959,99.5846313603323
132,2011,2,15106,2011-05-12,5,19,132,961,99.79231568016614
133,2011,1,15107,2011-05-13,5,19,133,962,99.89615784008308
134,2011,0,15108,2011-05-14,5,20,134,962,99.89615784008308
135,2011,1,15109,2011-05-15,5,20,135,963,100
136,2011,0,15110,2011-05-16,5,20,136,963,100
137,2011,0,15111,2011-05-17,5,20,137,963,100
138,2011,0,15112,2011-05-18,5,20,138,963,100
139,2011,0,15113,2011-05-19,5,20,139,963,100
140,2011,0,15114,2011-05-20,5,20,140,963,100
141,2011,0,15115,2011-05-21,5,21,141,963,100
142,2011,0,15116,2011-05-22,5,21,142,963,100
143,2011,0,15117,2011-05-23,5,21,143,963,100
144,2011,0,15118,2011-05-24,5,21,144,963,100
145,2011,0,15119,2011-05-25,5,21,145,963,100
146,2011,0,15120,2011-05-26,5,21,146,963,100
147,2011,0,15121,2011-05-27,5,21,147,963,100
148,2011,0,15122,2011-05-28,5,22,148,963,100
149,2011,0,15123,2011-05-29,5,22,149,963,100
150,2011,0,15124,2011-05-30,5,22,150,963,100
151,2011,0,15125,2011-05-31,5,22,151,963,100
152,2011,0,15126,2011-06-01,6,22,152,963,100
153,2011,0,15127,2011-06-02,6,22,153,963,100
154,2011,0,15128,2011-06-03,6,22,154,963,100
155,2011,0,15129,2011-06-04,6,23,155,963,100
156,2011,0,15130,2011-06-05,6,23,156,963,100
157,2011,0,15131,2011-06-06,6,23,157,963,100
158,2011,0,15132,2011-06-07,6,23,158,963,100
159,2011,0,15133,2011-06-08,6,23,159,963,100
160,2011,0,15134,2011-06-09,6,23,160,963,100
161,2011,0,15135,2011-06-10,6,23,161,963,100
162,2011,0,15136,2011-06-11,6,24,162,963,100
163,2011,0,15137,2011-06-12,6,24,163,963,100
164,2011,0,15138,2011-06-13,6,24,164,963,100
165,2011,0,15139,2011-06-14,6,24,165,963,100
166,2011,0,15140,2011-06-15,6,24,166,963,100
167,2011,0,15141,2011-06-16,6,24,167,963,100
168,2011,0,15142,2011-06-17,6,24,168,963,100
169,2011,0,15143,2011-06-18,6,25,169,963,100
170,2011,0,15144,2011-06-19,6,25,170,963,100
171,2011,0,15145,2011-06-20,6,25,171,963,100
172,2011,0,15146,2011-06-21,6,25,172,963,100
173,2011,0,15147,2011-06-22,6,25,173,963,100
174,2011,0,15148,2011-06-23,6,25,174,963,100
175,2011,0,15149,2011-06-24,6,25,175,963,100
176,2011,0,15150,2011-06-25,6,26,176,963,100
177,2011,0,15151,2011-06-26,6,26,177,963,100
178,2011,0,15152,2011-06-27,6,26,178,963,100
179,2011,0,15153,2011-06-28,6,26,179,963,100
180,2011,0,15154,2011-06-29,6,26,180,963,100
1,2012,0,15340,2012-01-01,1,1,1,0,0
2,2012,0,15341,2012-01-02,1,1,2,0,0
3,2012,0,15342,2012-01-03,1,1,3,0,0
4,2012,0,15343,2012-01-04,1,1,4,0,0
5,2012,0,15344,2012-01-05,1,1,5,0,0
6,2012,0,15345,2012-01-06,1,1,6,0,0
7,2012,0,15346,2012-01-07,1,1,7,0,0
8,2012,0,15347,2012-01-08,1,2,8,0,0
9,2012,0,15348,2012-01-09,1,2,9,0,0
10,2012,0,15349,2012-01-10,1,2,10,0,0
11,2012,0,15350,2012-01-11,1,2,11,0,0
12,2012,0,15351,2012-01-12,1,2,12,0,0
13,2012,0,15352,2012-01-13,1,2,13,0,0
14,2012,0,15353,2012-01-14,1,2,14,0,0
15,2012,0,15354,2012-01-15,1,3,15,0,0
16,2012,0,15355,2012-01-16,1,3,16,0,0
17,2012,0,15356,2012-01-17,1,3,17,0,0
18,2012,0,15357,2012-01-18,1,3,18,0,0
19,2012,0,15358,2012-01-19,1,3,19,0,0
20,2012,0,15359,2012-01-20,1,3,20,0,0
21,2012,0,15360,2012-01-21,1,3,21,0,0
22,2012,0,15361,2012-01-22,1,4,22,0,0
23,2012,0,15362,2012-01-23,1,4,23,0,0
24,2012,0,15363,2012-01-24,1,4,24,0,0
25,2012,0,15364,2012-01-25,1,4,25,0,0
26,2012,0,15365,2012-01-26,1,4,26,0,0
27,2012,0,15366,2012-01-27,1,4,27,0,0
28,2012,0,15367,2012-01-28,1,4,28,0,0
29,2012,0,15368,2012-01-29,1,5,29,0,0
30,2012,0,15369,2012-01-30,1,5,30,0,0
31,2012,0,15370,2012-01-31,1,5,31,0,0
32,2012,0,15371,2012-02-01,2,5,32,0,0
33,2012,0,15372,2012-02-02,2,5,33,0,0
34,2012,0,15373,2012-02-03,2,5,34,0,0
35,2012,0,15374,2012-02-04,2,5,35,0,0
36,2012,0,15375,2012-02-05,2,6,36,0,0
37,2012,0,15376,2012-02-06,2,6,37,0,0
38,2012,0,15377,2012-02-07,2,6,38,0,0
39,2012,0,15378,2012-02-08,2,6,39,0,0
40,2012,0,15379,2012-02-09,2,6,40,0,0
41,2012,0,15380,2012-02-10,2,6,41,0,0
42,2012,0,15381,2012-02-11,2,6,42,0,0
43,2012,0,15382,2012-02-12,2,7,43,0,0
44,2012,0,15383,2012-02-13,2,7,44,0,0
45,2012,0,15384,2012-02-14,2,7,45,0,0
46,2012,0,15385,2012-02-15,2,7,46,0,0
47,2012,0,15386,2012-02-16,2,7,47,0,0
48,2012,0,15387,2012-02-17,2,7,48,0,0
49,2012,0,15388,2012-02-18,2,7,49,0,0
50,2012,0,15389,2012-02-19,2,8,50,0,0
51,2012,0,15390,2012-02-20,2,8,51,0,0
52,2012,0,15391,2012-02-21,2,8,52,0,0
53,2012,0,15392,2012-02-22,2,8,53,0,0
54,2012,0,15393,2012-02-23,2,8,54,0,0
55,2012,0,15394,2012-02-24,2,8,55,0,0
56,2012,2,15395,2012-02-25,2,8,56,2,0.2066115702479339
57,2012,0,15396,2012-02-26,2,9,57,2,0.2066115702479339
58,2012,0,15397,2012-02-27,2,9,58,2,0.2066115702479339
59,2012,0,15398,2012-02-28,2,9,59,2,0.2066115702479339
60,2012,0,15399,2012-02-29,2,9,60,2,0.2066115702479339
61,2012,1,15400,2012-03-01,3,9,61,3,0.30991735537190085
62,2012,0,15401,2012-03-02,3,9,62,3,0.30991735537190085
63,2012,0,15402,2012-03-03,3,9,63,3,0.30991735537190085
64,2012,2,15403,2012-03-04,3,10,64,5,0.5165289256198348
65,2012,1,15404,2012-03-05,3,10,65,6,0.6198347107438017
66,2012,1,15405,2012-03-06,3,10,66,7,0.7231404958677686
67,2012,1,15406,2012-03-07,3,10,67,8,0.8264462809917356
68,2012,1,15407,2012-03-08,3,10,68,9,0.9297520661157025
69,2012,2,15408,2012-03-09,3,10,69,11,1.1363636363636365
70,2012,0,15409,2012-03-10,3,10,70,11,1.1363636363636365
71,2012,4,15410,2012-03-11,3,11,71,15,1.5495867768595042
72,2012,8,15411,2012-03-12,3,11,72,23,2.37603305785124
73,2012,2,15412,2012-03-13,3,11,73,25,2.5826446280991737
74,2012,1,15413,2012-03-14,3,11,74,26,2.6859504132231407
75,2012,2,15414,2012-03-15,3,11,75,28,2.8925619834710745
76,2012,2,15415,2012-03-16,3,11,76,30,3.0991735537190084
77,2012,0,15416,2012-03-17,3,11,77,30,3.0991735537190084
78,2012,5,15417,2012-03-18,3,12,78,35,3.6157024793388426
79,2012,9,15418,2012-03-19,3,12,79,44,4.545454545454546
80,2012,0,15419,2012-03-20,3,12,80,44,4.545454545454546
81,2012,10,15420,2012-03-21,3,12,81,54,5.578512396694215
82,2012,4,15421,2012-03-22,3,12,82,58,5.991735537190083
83,2012,8,15422,2012-03-23,3,12,83,66,6.8181818181818175
84,2012,4,15423,2012-03-24,3,12,84,70,7.231404958677685
85,2012,12,15424,2012-03-25,3,13,85,82,8.47107438016529
86,2012,20,15425,2012-03-26,3,13,86,102,10.537190082644628
87,2012,6,15426,2012-03-27,3,13,87,108,11.15702479338843
88,2012,23,15427,2012-03-28,3,13,88,131,13.533057851239668
89,2012,10,15428,2012-03-29,3,13,89,141,14.566115702479337
90,2012,10,15429,2012-03-30,3,13,90,151,15.599173553719009
91,2012,23,15430,2012-03-31,3,13,91,174,17.97520661157025
92,2012,12,15431,2012-04-01,4,14,92,186,19.214876033057852
93,2012,0,15432,2012-04-02,4,14,93,186,19.214876033057852
94,2012,34,15433,2012-04-03,4,14,94,220,22.727272727272727
95,2012,23,15434,2012-04-04,4,14,95,243,25.10330578512397
96,2012,4,15435,2012-04-05,4,14,96,247,25.516528925619834
97,2012,6,15436,2012-04-06,4,14,97,253,26.136363636363637
98,2012,0,15437,2012-04-07,4,14,98,253,26.136363636363637
99,2012,0,15438,2012-04-08,4,15,99,253,26.136363636363637
100,2012,354,15439,2012-04-09,4,15,100,607,62.70661157024794
101,2012,55,15440,2012-04-10,4,15,101,662,68.38842975206612
102,2012,7,15441,2012-04-11,4,15,102,669,69.11157024793388
103,2012,5,15442,2012-04-12,4,15,103,674,69.62809917355372
104,2012,6,15443,2012-04-13,4,15,104,680,70.24793388429752
105,2012,3,15444,2012-04-14,4,15,105,683,70.55785123966942
106,2012,6,15445,2012-04-15,4,16,106,689,71.17768595041323
107,2012,0,15446,2012-04-16,4,16,107,689,71.17768595041323
108,2012,9,15447,2012-04-17,4,16,108,698,72.10743801652893
109,2012,160,15448,2012-04-18,4,16,109,858,88.63636363636364
110,2012,28,15449,2012-04-19,4,16,110,886,91.52892561983471
111,2012,1,15450,2012-04-20,4,16,111,887,91.63223140495867
112,2012,24,15451,2012-04-21,4,16,112,911,94.11157024793388
113,2012,3,15452,2012-04-22,4,17,113,914,94.42148760330579
114,2012,17,15453,2012-04-23,4,17,114,931,96.17768595041323
115,2012,7,15454,2012-04-24,4,17,115,938,96.900826446281
116,2012,8,15455,2012-04-25,4,17,116,946,97.72727272727273
117,2012,7,15456,2012-04-26,4,17,117,953,98.4504132231405
118,2012,4,15457,2012-04-27,4,17,118,957,98.86363636363636
119,2012,0,15458,2012-04-28,4,17,119,957,98.86363636363636
120,2012,3,15459,2012-04-29,4,18,120,960,99.17355371900827
121,2012,3,15460,2012-04-30,4,18,121,963,99.48347107438018
122,2012,0,15461,2012-05-01,5,18,122,963,99.48347107438018
123,2012,1,15462,2012-05-02,5,18,123,964,99.58677685950413
124,2012,1,15463,2012-05-03,5,18,124,965,99.69008264462809
125,2012,0,15464,2012-05-04,5,18,125,965,99.69008264462809
126,2012,0,15465,2012-05-05,5,18,126,965,99.69008264462809
127,2012,2,15466,2012-05-06,5,19,127,967,99.89669421487604
128,2012,1,15467,2012-05-07,5,19,128,968,100
129,2012,0,15468,2012-05-08,5,19,129,968,100
130,2012,0,15469,2012-05-09,5,19,130,968,100
131,2012,0,15470,2012-05-10,5,19,131,968,100
132,2012,0,15471,2012-05-11,5,19,132,968,100
133,2012,0,15472,2012-05-12,5,19,133,968,100
134,2012,0,15473,2012-05-13,5,20,134,968,100
135,2012,0,15474,2012-05-14,5,20,135,968,100
136,2012,0,15475,2012-05-15,5,20,136,968,100
137,2012,0,15476,2012-05-16,5,20,137,968,100
138,2012,0,15477,2012-05-17,5,20,138,968,100
139,2012,0,15478,2012-05-18,5,20,139,968,100
140,2012,0,15479,2012-05-19,5,20,140,968,100
141,2012,0,15480,2012-05-20,5,21,141,968,100
142,2012,0,15481,2012-05-21,5,21,142,968,100
143,2012,0,15482,2012-05-22,5,21,143,968,100
144,2012,0,15483,2012-05-23,5,21,144,968,100
145,2012,0,15484,2012-05-24,5,21,145,968,100
146,2012,0,15485,2012-05-25,5,21,146,968,100
147,2012,0,15486,2012-05-26,5,21,147,968,100
148,2012,0,15487,2012-05-27,5,22,148,968,100
149,2012,0,15488,2012-05-28,5,22,149,968,100
150,2012,0,15489,2012-05-29,5,22,150,968,100
151,2012,0,15490,2012-05-30,5,22,151,968,100
152,2012,0,15491,2012-05-31,5,22,152,968,100
153,2012,0,15492,2012-06-01,6,22,153,968,100
154,2012,0,15493,2012-06-02,6,22,154,968,100
155,2012,0,15494,2012-06-03,6,23,155,968,100
156,2012,0,15495,2012-06-04,6,23,156,968,100
157,2012,0,15496,2012-06-05,6,23,157,968,100
158,2012,0,15497,2012-06-06,6,23,158,968,100
159,2012,0,15498,2012-06-07,6,23,159,968,100
160,2012,0,15499,2012-06-08,6,23,160,968,100
161,2012,0,15500,2012-06-09,6,23,161,968,100
162,2012,0,15501,2012-06-10,6,24,162,968,100
163,2012,0,15502,2012-06-11,6,24,163,968,100
164,2012,0,15503,2012-06-12,6,24,164,968,100
165,2012,0,15504,2012-06-13,6,24,165,968,100
166,2012,0,15505,2012-06-14,6,24,166,968,100
167,2012,0,15506,2012-06-15,6,24,167,968,100
168,2012,0,15507,2012-06-16,6,24,168,968,100
169,2012,0,15508,2012-06-17,6,25,169,968,100
170,2012,0,15509,2012-06-18,6,25,170,968,100
171,2012,0,15510,2012-06-19,6,25,171,968,100
172,2012,0,15511,2012-06-20,6,25,172,968,100
173,2012,0,15512,2012-06-21,6,25,173,968,100
174,2012,0,15513,2012-06-22,6,25,174,968,100
175,2012,0,15514,2012-06-23,6,25,175,968,100
176,2012,0,15515,2012-06-24,6,26,176,968,100
177,2012,0,15516,2012-06-25,6,26,177,968,100
178,2012,0,15517,2012-06-26,6,26,178,968,100
179,2012,0,15518,2012-06-27,6,26,179,968,100
180,2012,0,15519,2012-06-28,6,26,180,968,100
1,2013,0,15706,2013-01-01,1,1,1,0,0
2,2013,0,15707,2013-01-02,1,1,2,0,0
3,2013,0,15708,2013-01-03,1,1,3,0,0
4,2013,0,15709,2013-01-04,1,1,4,0,0
5,2013,0,15710,2013-01-05,1,1,5,0,0
6,2013,0,15711,2013-01-06,1,1,6,0,0
7,2013,0,15712,2013-01-07,1,1,7,0,0
8,2013,0,15713,2013-01-08,1,2,8,0,0
9,2013,0,15714,2013-01-09,1,2,9,0,0
10,2013,0,15715,2013-01-10,1,2,10,0,0
11,2013,0,15716,2013-01-11,1,2,11,0,0
12,2013,0,15717,2013-01-12,1,2,12,0,0
13,2013,0,15718,2013-01-13,1,2,13,0,0
14,2013,0,15719,2013-01-14,1,2,14,0,0
15,2013,0,15720,2013-01-15,1,3,15,0,0
16,2013,0,15721,2013-01-16,1,3,16,0,0
17,2013,0,15722,2013-01-17,1,3,17,0,0
18,2013,0,15723,2013-01-18,1,3,18,0,0
19,2013,0,15724,2013-01-19,1,3,19,0,0
20,2013,0,15725,2013-01-20,1,3,20,0,0
21,2013,0,15726,2013-01-21,1,3,21,0,0
22,2013,0,15727,2013-01-22,1,4,22,0,0
23,2013,0,15728,2013-01-23,1,4,23,0,0
24,2013,0,15729,2013-01-24,1,4,24,0,0
25,2013,0,15730,2013-01-25,1,4,25,0,0
26,2013,0,15731,2013-01-26,1,4,26,0,0
27,2013,0,15732,2013-01-27,1,4,27,0,0
28,2013,0,15733,2013-01-28,1,4,28,0,0
29,2013,0,15734,2013-01-29,1,5,29,0,0
30,2013,0,15735,2013-01-30,1,5,30,0,0
31,2013,0,15736,2013-01-31,1,5,31,0,0
32,2013,0,15737,2013-02-01,2,5,32,0,0
33,2013,0,15738,2013-02-02,2,5,33,0,0
34,2013,0,15739,2013-02-03,2,5,34,0,0
35,2013,0,15740,2013-02-04,2,5,35,0,0
36,2013,0,15741,2013-02-05,2,6,36,0,0
37,2013,0,15742,2013-02-06,2,6,37,0,0
38,2013,0,15743,2013-02-07,2,6,38,0,0
39,2013,0,15744,2013-02-08,2,6,39,0,0
40,2013,0,15745,2013-02-09,2,6,40,0,0
41,2013,0,15746,2013-02-10,2,6,41,0,0
42,2013,0,15747,2013-02-11,2,6,42,0,0
43,2013,0,15748,2013-02-12,2,7,43,0,0
44,2013,0,15749,2013-02-13,2,7,44,0,0
45,2013,0,15750,2013-02-14,2,7,45,0,0
46,2013,0,15751,2013-02-15,2,7,46,0,0
47,2013,0,15752,2013-02-16,2,7,47,0,0
48,2013,0,15753,2013-02-17,2,7,48,0,0
49,2013,0,15754,2013-02-18,2,7,49,0,0
50,2013,0,15755,2013-02-19,2,8,50,0,0
51,2013,0,15756,2013-02-20,2,8,51,0,0
52,2013,0,15757,2013-02-21,2,8,52,0,0
53,2013,0,15758,2013-02-22,2,8,53,0,0
54,2013,0,15759,2013-02-23,2,8,54,0,0
55,2013,0,15760,2013-02-24,2,8,55,0,0
56,2013,0,15761,2013-02-25,2,8,56,0,0
57,2013,0,15762,2013-02-26,2,9,57,0,0
58,2013,0,15763,2013-02-27,2,9,58,0,0
59,2013,0,15764,2013-02-28,2,9,59,0,0
60,2013,0,15765,2013-03-01,3,9,60,0,0
61,2013,0,15766,2013-03-02,3,9,61,0,0
62,2013,0,15767,2013-03-03,3,9,62,0,0
63,2013,0,15768,2013-03-04,3,9,63,0,0
64,2013,1,15769,2013-03-05,3,10,64,1,0.17452006980802792
65,2013,0,15770,2013-03-06,3,10,65,1,0.17452006980802792
66,2013,1,15771,2013-03-07,3,10,66,2,0.34904013961605584
67,2013,4,15772,2013-03-08,3,10,67,6,1.0471204188481675
68,2013,8,15773,2013-03-09,3,10,68,14,2.4432809773123907
69,2013,5,15774,2013-03-10,3,10,69,19,3.315881326352531
70,2013,2,15775,2013-03-11,3,10,70,21,3.664921465968586
71,2013,0,15776,2013-03-12,3,11,71,21,3.664921465968586
72,2013,0,15777,2013-03-13,3,11,72,21,3.664921465968586
73,2013,0,15778,2013-03-14,3,11,73,21,3.664921465968586
74,2013,0,15779,2013-03-15,3,11,74,21,3.664921465968586
75,2013,1,15780,2013-03-16,3,11,75,22,3.8394415357766145
76,2013,0,15781,2013-03-17,3,11,76,22,3.8394415357766145
77,2013,0,15782,2013-03-18,3,11,77,22,3.8394415357766145
78,2013,0,15783,2013-03-19,3,12,78,22,3.8394415357766145
79,2013,1,15784,2013-03-20,3,12,79,23,4.013961605584642
80,2013,1,15785,2013-03-21,3,12,80,24,4.18848167539267
81,2013,1,15786,2013-03-22,3,12,81,25,4.363001745200698
82,2013,6,15787,2013-03-23,3,12,82,31,5.4101221640488655
83,2013,2,15788,2013-03-24,3,12,83,33,5.7591623036649215
84,2013,0,15789,2013-03-25,3,12,84,33,5.7591623036649215
85,2013,0,15790,2013-03-26,3,13,85,33,5.7591623036649215
86,2013,0,15791,2013-03-27,3,13,86,33,5.7591623036649215
87,2013,0,15792,2013-03-28,3,13,87,33,5.7591623036649215
88,2013,0,15793,2013-03-29,3,13,88,33,5.7591623036649215
89,2013,0,15794,2013-03-30,3,13,89,33,5.7591623036649215
90,2013,0,15795,2013-03-31,3,13,90,33,5.7591623036649215
91,2013,0,15796,2013-04-01,4,13,91,33,5.7591623036649215
92,2013,8,15797,2013-04-02,4,14,92,41,7.155322862129145
93,2013,1,15798,2013-04-03,4,14,93,42,7.329842931937172
94,2013,1,15799,2013-04-04,4,14,94,43,7.504363001745201
95,2013,0,15800,2013-04-05,4,14,95,43,7.504363001745201
96,2013,0,15801,2013-04-06,4,14,96,43,7.504363001745201
97,2013,0,15802,2013-04-07,4,14,97,43,7.504363001745201
98,2013,0,15803,2013-04-08,4,14,98,43,7.504363001745201
99,2013,46,15804,2013-04-09,4,15,99,89,15.532286212914483
100,2013,22,15805,2013-04-10,4,15,100,111,19.3717277486911
101,2013,16,15806,2013-04-11,4,15,101,127,22.164048865619545
102,2013,9,15807,2013-04-12,4,15,102,136,23.7347294938918
103,2013,5,15808,2013-04-13,4,15,103,141,24.60732984293194
104,2013,17,15809,2013-04-14,4,15,104,158,27.57417102966841
105,2013,26,15810,2013-04-15,4,15,105,184,32.11169284467714
106,2013,12,15811,2013-04-16,4,16,106,196,34.20593368237348
107,2013,3,15812,2013-04-17,4,16,107,199,34.72949389179756
108,2013,2,15813,2013-04-18,4,16,108,201,35.07853403141361
109,2013,0,15814,2013-04-19,4,16,109,201,35.07853403141361
110,2013,0,15815,2013-04-20,4,16,110,201,35.07853403141361
111,2013,40,15816,2013-04-21,4,16,111,241,42.059336823734725
112,2013,22,15817,2013-04-22,4,16,112,263,45.89877835951135
113,2013,32,15818,2013-04-23,4,17,113,295,51.48342059336824
114,2013,56,15819,2013-04-24,4,17,114,351,61.25654450261781
115,2013,66,15820,2013-04-25,4,17,115,417,72.77486910994764
116,2013,18,15821,2013-04-26,4,17,116,435,75.91623036649214
117,2013,17,15822,2013-04-27,4,17,117,452,78.88307155322862
118,2013,19,15823,2013-04-28,4,17,118,471,82.19895287958116
119,2013,7,15824,2013-04-29,4,17,119,478,83.42059336823735
120,2013,8,15825,2013-04-30,4,18,120,486,84.81675392670157
121,2013,18,15826,2013-05-01,5,18,121,504,87.95811518324608
122,2013,2,15827,2013-05-02,5,18,122,506,88.30715532286213
123,2013,18,15828,2013-05-03,5,18,123,524,91.44851657940663
124,2013,4,15829,2013-05-04,5,18,124,528,92.14659685863874
125,2013,9,15830,2013-05-05,5,18,125,537,93.717277486911
126,2013,4,15831,2013-05-06,5,18,126,541,94.4153577661431
127,2013,12,15832,2013-05-07,5,19,127,553,96.50959860383944
128,2013,4,15833,2013-05-08,5,19,128,557,97.20767888307155
129,2013,3,15834,2013-05-09,5,19,129,560,97.73123909249564
130,2013,1,15835,2013-05-10,5,19,130,561,97.90575916230367
131,2013,0,15836,2013-05-11,5,19,131,561,97.90575916230367
132,2013,4,15837,2013-05-12,5,19,132,565,98.60383944153578
133,2013,1,15838,2013-05-13,5,19,133,566,98.77835951134381
134,2013,0,15839,2013-05-14,5,20,134,566,98.77835951134381
135,2013,3,15840,2013-05-15,5,20,135,569,99.30191972076788
136,2013,0,15841,2013-05-16,5,20,136,569,99.30191972076788
137,2013,2,15842,2013-05-17,5,20,137,571,99.65095986038395
138,2013,0,15843,2013-05-18,5,20,138,571,99.65095986038395
139,2013,0,15844,2013-05-19,5,20,139,571,99.65095986038395
140,2013,0,15845,2013-05-20,5,20,140,571,99.65095986038395
141,2013,0,15846,2013-05-21,5,21,141,571,99.65095986038395
142,2013,0,15847,2013-05-22,5,21,142,571,99.65095986038395
143,2013,0,15848,2013-05-23,5,21,143,571,99.65095986038395
144,2013,0,15849,2013-05-24,5,21,144,571,99.65095986038395
145,2013,0,15850,2013-05-25,5,21,145,571,99.65095986038395
146,2013,0,15851,2013-05-26,5,21,146,571,99.65095986038395
147,2013,1,15852,2013-05-27,5,21,147,572,99.82547993019197
148,2013,1,15853,2013-05-28,5,22,148,573,100
149,2013,0,15854,2013-05-29,5,22,149,573,100
150,2013,0,15855,2013-05-30,5,22,150,573,100
151,2013,0,15856,2013-05-31,5,22,151,573,100
152,2013,0,15857,2013-06-01,6,22,152,573,100
153,2013,0,15858,2013-06-02,6,22,153,573,100
154,2013,0,15859,2013-06-03,6,22,154,573,100
155,2013,0,15860,2013-06-04,6,23,155,573,100
156,2013,0,15861,2013-06-05,6,23,156,573,100
157,2013,0,15862,2013-06-06,6,23,157,573,100
158,2013,0,15863,2013-06-07,6,23,158,573,100
159,2013,0,15864,2013-06-08,6,23,159,573,100
160,2013,0,15865,2013-06-09,6,23,160,573,100
161,2013,0,15866,2013-06-10,6,23,161,573,100
162,2013,0,15867,2013-06-11,6,24,162,573,100
163,2013,0,15868,2013-06-12,6,24,163,573,100
164,2013,0,15869,2013-06-13,6,24,164,573,100
165,2013,0,15870,2013-06-14,6,24,165,573,100
166,2013,0,15871,2013-06-15,6,24,166,573,100
167,2013,0,15872,2013-06-16,6,24,167,573,100
168,2013,0,15873,2013-06-17,6,24,168,573,100
169,2013,0,15874,2013-06-18,6,25,169,573,100
170,2013,0,15875,2013-06-19,6,25,170,573,100
171,2013,0,15876,2013-06-20,6,25,171,573,100
172,2013,0,15877,2013-06-21,6,25,172,573,100
173,2013,0,15878,2013-06-22,6,25,173,573,100
174,2013,0,15879,2013-06-23,6,25,174,573,100
175,2013,0,15880,2013-06-24,6,25,175,573,100
176,2013,0,15881,2013-06-25,6,26,176,573,100
177,2013,0,15882,2013-06-26,6,26,177,573,100
178,2013,0,15883,2013-06-27,6,26,178,573,100
179,2013,0,15884,2013-06-28,6,26,179,573,100
180,2013,0,15885,2013-06-29,6,26,180,573,100
1,2014,0,16071,2014-01-01,1,1,1,0,0
2,2014,0,16072,2014-01-02,1,1,2,0,0
3,2014,0,16073,2014-01-03,1,1,3,0,0
4,2014,0,16074,2014-01-04,1,1,4,0,0
5,2014,0,16075,2014-01-05,1,1,5,0,0
6,2014,0,16076,2014-01-06,1,1,6,0,0
7,2014,0,16077,2014-01-07,1,1,7,0,0
8,2014,0,16078,2014-01-08,1,2,8,0,0
9,2014,0,16079,2014-01-09,1,2,9,0,0
10,2014,0,16080,2014-01-10,1,2,10,0,0
11,2014,0,16081,2014-01-11,1,2,11,0,0
12,2014,0,16082,2014-01-12,1,2,12,0,0
13,2014,0,16083,2014-01-13,1,2,13,0,0
14,2014,0,16084,2014-01-14,1,2,14,0,0
15,2014,0,16085,2014-01-15,1,3,15,0,0
16,2014,0,16086,2014-01-16,1,3,16,0,0
17,2014,0,16087,2014-01-17,1,3,17,0,0
18,2014,0,16088,2014-01-18,1,3,18,0,0
19,2014,0,16089,2014-01-19,1,3,19,0,0
20,2014,0,16090,2014-01-20,1,3,20,0,0
21,2014,0,16091,2014-01-21,1,3,21,0,0
22,2014,0,16092,2014-01-22,1,4,22,0,0
23,2014,0,16093,2014-01-23,1,4,23,0,0
24,2014,0,16094,2014-01-24,1,4,24,0,0
25,2014,0,16095,2014-01-25,1,4,25,0,0
26,2014,0,16096,2014-01-26,1,4,26,0,0
27,2014,0,16097,2014-01-27,1,4,27,0,0
28,2014,0,16098,2014-01-28,1,4,28,0,0
29,2014,0,16099,2014-01-29,1,5,29,0,0
30,2014,0,16100,2014-01-30,1,5,30,0,0
31,2014,0,16101,2014-01-31,1,5,31,0,0
32,2014,0,16102,2014-02-01,2,5,32,0,0
33,2014,0,16103,2014-02-02,2,5,33,0,0
34,2014,0,16104,2014-02-03,2,5,34,0,0
35,2014,0,16105,2014-02-04,2,5,35,0,0
36,2014,1,16106,2014-02-05,2,6,36,1,0.13568521031207598
37,2014,0,16107,2014-02-06,2,6,37,1,0.13568521031207598
38,2014,0,16108,2014-02-07,2,6,38,1,0.13568521031207598
39,2014,0,16109,2014-02-08,2,6,39,1,0.13568521031207598
40,2014,0,16110,2014-02-09,2,6,40,1,0.13568521031207598
41,2014,0,16111,2014-02-10,2,6,41,1,0.13568521031207598
42,2014,0,16112,2014-02-11,2,6,42,1,0.13568521031207598
43,2014,0,16113,2014-02-12,2,7,43,1,0.13568521031207598
44,2014,0,16114,2014-02-13,2,7,44,1,0.13568521031207598
45,2014,0,16115,2014-02-14,2,7,45,1,0.13568521031207598
46,2014,0,16116,2014-02-15,2,7,46,1,0.13568521031207598
47,2014,0,16117,2014-02-16,2,7,47,1,0.13568521031207598
48,2014,0,16118,2014-02-17,2,7,48,1,0.13568521031207598
49,2014,0,16119,2014-02-18,2,7,49,1,0.13568521031207598
50,2014,0,16120,2014-02-19,2,8,50,1,0.13568521031207598
51,2014,0,16121,2014-02-20,2,8,51,1,0.13568521031207598
52,2014,0,16122,2014-02-21,2,8,52,1,0.13568521031207598
53,2014,3,16123,2014-02-22,2,8,53,4,0.5427408412483039
54,2014,0,16124,2014-02-23,2,8,54,4,0.5427408412483039
55,2014,0,16125,2014-02-24,2,8,55,4,0.5427408412483039
56,2014,0,16126,2014-02-25,2,8,56,4,0.5427408412483039
57,2014,0,16127,2014-02-26,2,9,57,4,0.5427408412483039
58,2014,0,16128,2014-02-27,2,9,58,4,0.5427408412483039
59,2014,0,16129,2014-02-28,2,9,59,4,0.5427408412483039
60,2014,1,16130,2014-03-01,3,9,60,5,0.6784260515603799
61,2014,0,16131,2014-03-02,3,9,61,5,0.6784260515603799
62,2014,0,16132,2014-03-03,3,9,62,5,0.6784260515603799
63,2014,2,16133,2014-03-04,3,9,63,7,0.9497964721845319
64,2014,0,16134,2014-03-05,3,10,64,7,0.9497964721845319
65,2014,0,16135,2014-03-06,3,10,65,7,0.9497964721845319
66,2014,1,16136,2014-03-07,3,10,66,8,1.0854816824966078
67,2014,0,16137,2014-03-08,3,10,67,8,1.0854816824966078
68,2014,1,16138,2014-03-09,3,10,68,9,1.2211668928086838
69,2014,0,16139,2014-03-10,3,10,69,9,1.2211668928086838
70,2014,2,16140,2014-03-11,3,10,70,11,1.4925373134328357
71,2014,1,16141,2014-03-12,3,11,71,12,1.6282225237449117
72,2014,2,16142,2014-03-13,3,11,72,14,1.8995929443690638
73,2014,0,16143,2014-03-14,3,11,73,14,1.8995929443690638
74,2014,0,16144,2014-03-15,3,11,74,14,1.8995929443690638
75,2014,0,16145,2014-03-16,3,11,75,14,1.8995929443690638
76,2014,5,16146,2014-03-17,3,11,76,19,2.578018995929444
77,2014,4,16147,2014-03-18,3,11,77,23,3.1207598371777476
78,2014,3,16148,2014-03-19,3,12,78,26,3.5278154681139755
79,2014,0,16149,2014-03-20,3,12,79,26,3.5278154681139755
80,2014,13,16150,2014-03-21,3,12,80,39,5.291723202170964
81,2014,3,16151,2014-03-22,3,12,81,42,5.698778833107191
82,2014,4,16152,2014-03-23,3,12,82,46,6.241519674355495
83,2014,2,16153,2014-03-24,3,12,83,48,6.512890094979647
84,2014,2,16154,2014-03-25,3,12,84,50,6.7842605156037985
85,2014,2,16155,2014-03-26,3,13,85,52,7.055630936227951
86,2014,1,16156,2014-03-27,3,13,86,53,7.191316146540028
87,2014,9,16157,2014-03-28,3,13,87,62,8.4124830393487109
88,2014,5,16158,2014-03-29,3,13,88,67,9.090909090909092
89,2014,3,16159,2014-03-30,3,13,89,70,9.49796472184532
90,2014,5,16160,2014-03-31,3,13,90,75,10.176390773405698
91,2014,8,16161,2014-04-01,4,13,91,83,11.261872455902306
92,2014,3,16162,2014-04-02,4,14,92,86,11.668928086838534
93,2014,50,16163,2014-04-03,4,14,93,136,18.45318860244233
94,2014,16,16164,2014-04-04,4,14,94,152,20.62415196743555
95,2014,21,16165,2014-04-05,4,14,95,173,23.473541383989144
96,2014,8,16166,2014-04-06,4,14,96,181,24.559023066485754
97,2014,28,16167,2014-04-07,4,14,97,209,28.35820895522388
98,2014,23,16168,2014-04-08,4,14,98,232,31.47896879240163
99,2014,13,16169,2014-04-09,4,15,99,245,33.242876526458616
100,2014,18,16170,2014-04-10,4,15,100,263,35.68521031207598
101,2014,19,16171,2014-04-11,4,15,101,282,38.26322930800543
102,2014,29,16172,2014-04-12,4,15,102,311,42.198100407055634
103,2014,23,16173,2014-04-13,4,15,103,334,45.31886024423338
104,2014,37,16174,2014-04-14,4,15,104,371,50.3392130257802
105,2014,27,16175,2014-04-15,4,15,105,398,54.00271370420624
106,2014,34,16176,2014-04-16,4,16,106,432,58.61601085481682
107,2014,48,16177,2014-04-17,4,16,107,480,65.12890094979647
108,2014,59,16178,2014-04-18,4,16,108,539,73.13432835820896
109,2014,22,16179,2014-04-19,4,16,109,561,76.11940298507463
110,2014,21,16180,2014-04-20,4,16,110,582,78.96879240162822
111,2014,37,16181,2014-04-21,4,16,111,619,83.98914518317503
112,2014,26,16182,2014-04-22,4,16,112,645,87.51696065128901
113,2014,48,16183,2014-04-23,4,17,113,693,94.02985074626866
114,2014,10,16184,2014-04-24,4,17,114,703,95.38670284938942
115,2014,6,16185,2014-04-25,4,17,115,709,96.20081411126186
116,2014,3,16186,2014-04-26,4,17,116,712,96.6078697421981
117,2014,3,16187,2014-04-27,4,17,117,715,97.01492537313433
118,2014,19,16188,2014-04-28,4,17,118,734,99.59294436906377
119,2014,0,16189,2014-04-29,4,17,119,734,99.59294436906377
120,2014,0,16190,2014-04-30,4,18,120,734,99.59294436906377
121,2014,2,16191,2014-05-01,5,18,121,736,99.86431478968792
122,2014,0,16192,2014-05-02,5,18,122,736,99.86431478968792
123,2014,0,16193,2014-05-03,5,18,123,736,99.86431478968792
124,2014,0,16194,2014-05-04,5,18,124,736,99.86431478968792
125,2014,0,16195,2014-05-05,5,18,125,736,99.86431478968792
126,2014,0,16196,2014-05-06,5,18,126,736,99.86431478968792
127,2014,0,16197,2014-05-07,5,19,127,736,99.86431478968792
128,2014,0,16198,2014-05-08,5,19,128,736,99.86431478968792
129,2014,0,16199,2014-05-09,5,19,129,736,99.86431478968792
130,2014,1,16200,2014-05-10,5,19,130,737,100
131,2014,0,16201,2014-05-11,5,19,131,737,100
132,2014,0,16202,2014-05-12,5,19,132,737,100
133,2014,0,16203,2014-05-13,5,19,133,737,100
134,2014,0,16204,2014-05-14,5,20,134,737,100
135,2014,0,16205,2014-05-15,5,20,135,737,100
136,2014,0,16206,2014-05-16,5,20,136,737,100
137,2014,0,16207,2014-05-17,5,20,137,737,100
138,2014,0,16208,2014-05-18,5,20,138,737,100
139,2014,0,16209,2014-05-19,5,20,139,737,100
140,2014,0,16210,2014-05-20,5,20,140,737,100
141,2014,0,16211,2014-05-21,5,21,141,737,100
142,2014,0,16212,2014-05-22,5,21,142,737,100
143,2014,0,16213,2014-05-23,5,21,143,737,100
144,2014,0,16214,2014-05-24,5,21,144,737,100
145,2014,0,16215,2014-05-25,5,21,145,737,100
146,2014,0,16216,2014-05-26,5,21,146,737,100
147,2014,0,16217,2014-05-27,5,21,147,737,100
148,2014,0,16218,2014-05-28,5,22,148,737,100
149,2014,0,16219,2014-05-29,5,22,149,737,100
150,2014,0,16220,2014-05-30,5,22,150,737,100
151,2014,0,16221,2014-05-31,5,22,151,737,100
152,2014,0,16222,2014-06-01,6,22,152,737,100
153,2014,0,16223,2014-06-02,6,22,153,737,100
154,2014,0,16224,2014-06-03,6,22,154,737,100
155,2014,0,16225,2014-06-04,6,23,155,737,100
156,2014,0,16226,2014-06-05,6,23,156,737,100
157,2014,0,16227,2014-06-06,6,23,157,737,100
158,2014,0,16228,2014-06-07,6,23,158,737,100
159,2014,0,16229,2014-06-08,6,23,159,737,100
160,2014,0,16230,2014-06-09,6,23,160,737,100
161,2014,0,16231,2014-06-10,6,23,161,737,100
162,2014,0,16232,2014-06-11,6,24,162,737,100
163,2014,0,16233,2014-06-12,6,24,163,737,100
164,2014,0,16234,2014-06-13,6,24,164,737,100
165,2014,0,16235,2014-06-14,6,24,165,737,100
166,2014,0,16236,2014-06-15,6,24,166,737,100
167,2014,0,16237,2014-06-16,6,24,167,737,100
168,2014,0,16238,2014-06-17,6,24,168,737,100
169,2014,0,16239,2014-06-18,6,25,169,737,100
170,2014,0,16240,2014-06-19,6,25,170,737,100
171,2014,0,16241,2014-06-20,6,25,171,737,100
172,2014,0,16242,2014-06-21,6,25,172,737,100
173,2014,0,16243,2014-06-22,6,25,173,737,100
174,2014,0,16244,2014-06-23,6,25,174,737,100
175,2014,0,16245,2014-06-24,6,25,175,737,100
176,2014,0,16246,2014-06-25,6,26,176,737,100
177,2014,0,16247,2014-06-26,6,26,177,737,100
178,2014,0,16248,2014-06-27,6,26,178,737,100
179,2014,0,16249,2014-06-28,6,26,179,737,100
180,2014,0,16250,2014-06-29,6,26,180,737,100
1,2015,0,16436,2015-01-01,1,1,1,0,0
2,2015,0,16437,2015-01-02,1,1,2,0,0
3,2015,0,16438,2015-01-03,1,1,3,0,0
4,2015,0,16439,2015-01-04,1,1,4,0,0
5,2015,0,16440,2015-01-05,1,1,5,0,0
6,2015,0,16441,2015-01-06,1,1,6,0,0
7,2015,0,16442,2015-01-07,1,1,7,0,0
8,2015,0,16443,2015-01-08,1,2,8,0,0
9,2015,0,16444,2015-01-09,1,2,9,0,0
10,2015,0,16445,2015-01-10,1,2,10,0,0
11,2015,0,16446,2015-01-11,1,2,11,0,0
12,2015,0,16447,2015-01-12,1,2,12,0,0
13,2015,0,16448,2015-01-13,1,2,13,0,0
14,2015,0,16449,2015-01-14,1,2,14,0,0
15,2015,0,16450,2015-01-15,1,3,15,0,0
16,2015,0,16451,2015-01-16,1,3,16,0,0
17,2015,0,16452,2015-01-17,1,3,17,0,0
18,2015,0,16453,2015-01-18,1,3,18,0,0
19,2015,0,16454,2015-01-19,1,3,19,0,0
20,2015,0,16455,2015-01-20,1,3,20,0,0
21,2015,0,16456,2015-01-21,1,3,21,0,0
22,2015,0,16457,2015-01-22,1,4,22,0,0
23,2015,0,16458,2015-01-23,1,4,23,0,0
24,2015,0,16459,2015-01-24,1,4,24,0,0
25,2015,0,16460,2015-01-25,1,4,25,0,0
26,2015,0,16461,2015-01-26,1,4,26,0,0
27,2015,0,16462,2015-01-27,1,4,27,0,0
28,2015,0,16463,2015-01-28,1,4,28,0,0
29,2015,0,16464,2015-01-29,1,5,29,0,0
30,2015,0,16465,2015-01-30,1,5,30,0,0
31,2015,0,16466,2015-01-31,1,5,31,0,0
32,2015,0,16467,2015-02-01,2,5,32,0,0
33,2015,0,16468,2015-02-02,2,5,33,0,0
34,2015,0,16469,2015-02-03,2,5,34,0,0
35,2015,0,16470,2015-02-04,2,5,35,0,0
36,2015,0,16471,2015-02-05,2,6,36,0,0
37,2015,0,16472,2015-02-06,2,6,37,0,0
38,2015,0,16473,2015-02-07,2,6,38,0,0
39,2015,0,16474,2015-02-08,2,6,39,0,0
40,2015,0,16475,2015-02-09,2,6,40,0,0
41,2015,0,16476,2015-02-10,2,6,41,0,0
42,2015,0,16477,2015-02-11,2,6,42,0,0
43,2015,0,16478,2015-02-12,2,7,43,0,0
44,2015,0,16479,2015-02-13,2,7,44,0,0
45,2015,0,16480,2015-02-14,2,7,45,0,0
46,2015,0,16481,2015-02-15,2,7,46,0,0
47,2015,0,16482,2015-02-16,2,7,47,0,0
48,2015,0,16483,2015-02-17,2,7,48,0,0
49,2015,0,16484,2015-02-18,2,7,49,0,0
50,2015,0,16485,2015-02-19,2,8,50,0,0
51,2015,0,16486,2015-02-20,2,8,51,0,0
52,2015,0,16487,2015-02-21,2,8,52,0,0
53,2015,0,16488,2015-02-22,2,8,53,0,0
54,2015,0,16489,2015-02-23,2,8,54,0,0
55,2015,0,16490,2015-02-24,2,8,55,0,0
56,2015,0,16491,2015-02-25,2,8,56,0,0
57,2015,0,16492,2015-02-26,2,9,57,0,0
58,2015,0,16493,2015-02-27,2,9,58,0,0
59,2015,0,16494,2015-02-28,2,9,59,0,0
60,2015,0,16495,2015-03-01,3,9,60,0,0
61,2015,0,16496,2015-03-02,3,9,61,0,0
62,2015,0,16497,2015-03-03,3,9,62,0,0
63,2015,0,16498,2015-03-04,3,9,63,0,0
64,2015,0,16499,2015-03-05,3,10,64,0,0
65,2015,1,16500,2015-03-06,3,10,65,1,0.08183306055646482
66,2015,0,16501,2015-03-07,3,10,66,1,0.08183306055646482
67,2015,0,16502,2015-03-08,3,10,67,1,0.08183306055646482
68,2015,3,16503,2015-03-09,3,10,68,4,0.32733224222585927
69,2015,4,16504,2015-03-10,3,10,69,8,0.6546644844517185
70,2015,0,16505,2015-03-11,3,10,70,8,0.6546644844517185
71,2015,1,16506,2015-03-12,3,11,71,9,0.7364975450081833
72,2015,1,16507,2015-03-13,3,11,72,10,0.8183306055646482
73,2015,0,16508,2015-03-14,3,11,73,10,0.8183306055646482
74,2015,2,16509,2015-03-15,3,11,74,12,0.9819967266775778
75,2015,1,16510,2015-03-16,3,11,75,13,1.0638297872340425
76,2015,4,16511,2015-03-17,3,11,76,17,1.3911620294599019
77,2015,2,16512,2015-03-18,3,11,77,19,1.5548281505728314
78,2015,0,16513,2015-03-19,3,12,78,19,1.5548281505728314
79,2015,4,16514,2015-03-20,3,12,79,23,1.8821603927986905
80,2015,0,16515,2015-03-21,3,12,80,23,1.8821603927986905
81,2015,5,16516,2015-03-22,3,12,81,28,2.2913256955810146
82,2015,10,16517,2015-03-23,3,12,82,38,3.109656301145663
83,2015,12,16518,2015-03-24,3,12,83,50,4.091653027823241
84,2015,4,16519,2015-03-25,3,12,84,54,4.4189852700491
85,2015,9,16520,2015-03-26,3,13,85,63,5.155482815057283
86,2015,9,16521,2015-03-27,3,13,86,72,5.8919803600654665
87,2015,18,16522,2015-03-28,3,13,87,90,7.3649754500818325
88,2015,33,16523,2015-03-29,3,13,88,123,10.065466448445171
89,2015,17,16524,2015-03-30,3,13,89,140,11.456628477905074
90,2015,7,16525,2015-03-31,3,13,90,147,12.029459901800326
91,2015,1,16526,2015-04-01,4,13,91,148,12.111292962356792
92,2015,4,16527,2015-04-02,4,14,92,152,12.438625204582651
93,2015,38,16528,2015-04-03,4,14,93,190,15.548281505728315
94,2015,11,16529,2015-04-04,4,14,94,201,16.44844517184943
95,2015,5,16530,2015-04-05,4,14,95,206,16.857610474631752
96,2015,21,16531,2015-04-06,4,14,96,227,18.57610474631751
97,2015,25,16532,2015-04-07,4,14,97,252,20.621931260229132
98,2015,29,16533,2015-04-08,4,14,98,281,22.99509001636661
99,2015,30,16534,2015-04-09,4,15,99,311,25.450081833060555
100,2015,32,16535,2015-04-10,4,15,100,343,28.068739770867428
101,2015,20,16536,2015-04-11,4,15,101,363,29.70540098199673
102,2015,51,16537,2015-04-12,4,15,102,414,33.878887070376436
103,2015,81,16538,2015-04-13,4,15,103,495,40.50736497545008
104,2015,68,16539,2015-04-14,4,15,104,563,46.07201309328969
105,2015,54,16540,2015-04-15,4,15,105,617,50.49099836333879
106,2015,22,16541,2015-04-16,4,16,106,639,52.291325695581016
107,2015,64,16542,2015-04-17,4,16,107,703,57.52864157119476
108,2015,56,16543,2015-04-18,4,16,108,759,62.11129296235679
109,2015,21,16544,2015-04-19,4,16,109,780,63.829787234042556
110,2015,40,16545,2015-04-20,4,16,110,820,67.10310965630114
111,2015,32,16546,2015-04-21,4,16,111,852,69.72176759410802
112,2015,44,16547,2015-04-22,4,16,112,896,73.32242225859247
113,2015,55,16548,2015-04-23,4,17,113,951,77.82324058919804
114,2015,52,16549,2015-04-24,4,17,114,1003,82.0785597381342
115,2015,67,16550,2015-04-25,4,17,115,1070,87.56137479541735
116,2015,41,16551,2015-04-26,4,17,116,1111,90.91653027823241
117,2015,24,16552,2015-04-27,4,17,117,1135,92.88052373158756
118,2015,10,16553,2015-04-28,4,17,118,1145,93.6988543371522
119,2015,70,16554,2015-04-29,4,17,119,1215,99.42716857610475
120,2015,3,16555,2015-04-30,4,18,120,1218,99.67266775777414
121,2015,0,16556,2015-05-01,5,18,121,1218,99.67266775777414
122,2015,3,16557,2015-05-02,5,18,122,1221,99.91816693944354
123,2015,0,16558,2015-05-03,5,18,123,1221,99.91816693944354
124,2015,0,16559,2015-05-04,5,18,124,1221,99.91816693944354
125,2015,0,16560,2015-05-05,5,18,125,1221,99.91816693944354
126,2015,0,16561,2015-05-06,5,18,126,1221,99.91816693944354
127,2015,0,16562,2015-05-07,5,19,127,1221,99.91816693944354
128,2015,0,16563,2015-05-08,5,19,128,1221,99.91816693944354
129,2015,0,16564,2015-05-09,5,19,129,1221,99.91816693944354
130,2015,0,16565,2015-05-10,5,19,130,1221,99.91816693944354
131,2015,0,16566,2015-05-11,5,19,131,1221,99.91816693944354
132,2015,0,16567,2015-05-12,5,19,132,1221,99.91816693944354
133,2015,0,16568,2015-05-13,5,19,133,1221,99.91816693944354
134,2015,0,16569,2015-05-14,5,20,134,1221,99.91816693944354
135,2015,0,16570,2015-05-15,5,20,135,1221,99.91816693944354
136,2015,0,16571,2015-05-16,5,20,136,1221,99.91816693944354
137,2015,0,16572,2015-05-17,5,20,137,1221,99.91816693944354
138,2015,0,16573,2015-05-18,5,20,138,1221,99.91816693944354
139,2015,0,16574,2015-05-19,5,20,139,1221,99.91816693944354
140,2015,0,16575,2015-05-20,5,20,140,1221,99.91816693944354
141,2015,0,16576,2015-05-21,5,21,141,1221,99.91816693944354
142,2015,0,16577,2015-05-22,5,21,142,1221,99.91816693944354
143,2015,0,16578,2015-05-23,5,21,143,1221,99.91816693944354
144,2015,0,16579,2015-05-24,5,21,144,1221,99.91816693944354
145,2015,0,16580,2015-05-25,5,21,145,1221,99.91816693944354
146,2015,0,16581,2015-05-26,5,21,146,1221,99.91816693944354
147,2015,0,16582,2015-05-27,5,21,147,1221,99.91816693944354
148,2015,0,16583,2015-05-28,5,22,148,1221,99.91816693944354
149,2015,1,16584,2015-05-29,5,22,149,1222,100
150,2015,0,16585,2015-05-30,5,22,150,1222,100
151,2015,0,16586,2015-05-31,5,22,151,1222,100
152,2015,0,16587,2015-06-01,6,22,152,1222,100
153,2015,0,16588,2015-06-02,6,22,153,1222,100
154,2015,0,16589,2015-06-03,6,22,154,1222,100
155,2015,0,16590,2015-06-04,6,23,155,1222,100
156,2015,0,16591,2015-06-05,6,23,156,1222,100
157,2015,0,16592,2015-06-06,6,23,157,1222,100
158,2015,0,16593,2015-06-07,6,23,158,1222,100
159,2015,0,16594,2015-06-08,6,23,159,1222,100
160,2015,0,16595,2015-06-09,6,23,160,1222,100
161,2015,0,16596,2015-06-10,6,23,161,1222,100
162,2015,0,16597,2015-06-11,6,24,162,1222,100
163,2015,0,16598,2015-06-12,6,24,163,1222,100
164,2015,0,16599,2015-06-13,6,24,164,1222,100
165,2015,0,16600,2015-06-14,6,24,165,1222,100
166,2015,0,16601,2015-06-15,6,24,166,1222,100
167,2015,0,16602,2015-06-16,6,24,167,1222,100
168,2015,0,16603,2015-06-17,6,24,168,1222,100
169,2015,0,16604,2015-06-18,6,25,169,1222,100
170,2015,0,16605,2015-06-19,6,25,170,1222,100
171,2015,0,16606,2015-06-20,6,25,171,1222,100
172,2015,0,16607,2015-06-21,6,25,172,1222,100
173,2015,0,16608,2015-06-22,6,25,173,1222,100
174,2015,0,16609,2015-06-23,6,25,174,1222,100
175,2015,0,16610,2015-06-24,6,25,175,1222,100
176,2015,0,16611,2015-06-25,6,26,176,1222,100
177,2015,0,16612,2015-06-26,6,26,177,1222,100
178,2015,0,16613,2015-06-27,6,26,178,1222,100
179,2015,0,16614,2015-06-28,6,26,179,1222,100
180,2015,0,16615,2015-06-29,6,26,180,1222,100
1,2016,0,16801,2016-01-01,1,1,1,0,0
2,2016,0,16802,2016-01-02,1,1,2,0,0
3,2016,0,16803,2016-01-03,1,1,3,0,0
4,2016,0,16804,2016-01-04,1,1,4,0,0
5,2016,0,16805,2016-01-05,1,1,5,0,0
6,2016,0,16806,2016-01-06,1,1,6,0,0
7,2016,0,16807,2016-01-07,1,1,7,0,0
8,2016,0,16808,2016-01-08,1,2,8,0,0
9,2016,0,16809,2016-01-09,1,2,9,0,0
10,2016,0,16810,2016-01-10,1,2,10,0,0
11,2016,0,16811,2016-01-11,1,2,11,0,0
12,2016,0,16812,2016-01-12,1,2,12,0,0
13,2016,0,16813,2016-01-13,1,2,13,0,0
14,2016,0,16814,2016-01-14,1,2,14,0,0
15,2016,0,16815,2016-01-15,1,3,15,0,0
16,2016,0,16816,2016-01-16,1,3,16,0,0
17,2016,0,16817,2016-01-17,1,3,17,0,0
18,2016,0,16818,2016-01-18,1,3,18,0,0
19,2016,0,16819,2016-01-19,1,3,19,0,0
20,2016,0,16820,2016-01-20,1,3,20,0,0
21,2016,0,16821,2016-01-21,1,3,21,0,0
22,2016,0,16822,2016-01-22,1,4,22,0,0
23,2016,0,16823,2016-01-23,1,4,23,0,0
24,2016,0,16824,2016-01-24,1,4,24,0,0
25,2016,0,16825,2016-01-25,1,4,25,0,0
26,2016,0,16826,2016-01-26,1,4,26,0,0
27,2016,0,16827,2016-01-27,1,4,27,0,0
28,2016,0,16828,2016-01-28,1,4,28,0,0
29,2016,0,16829,2016-01-29,1,5,29,0,0
30,2016,0,16830,2016-01-30,1,5,30,0,0
31,2016,0,16831,2016-01-31,1,5,31,0,0
32,2016,0,16832,2016-02-01,2,5,32,0,0
33,2016,0,16833,2016-02-02,2,5,33,0,0
34,2016,0,16834,2016-02-03,2,5,34,0,0
35,2016,0,16835,2016-02-04,2,5,35,0,0
36,2016,0,16836,2016-02-05,2,6,36,0,0
37,2016,0,16837,2016-02-06,2,6,37,0,0
38,2016,0,16838,2016-02-07,2,6,38,0,0
39,2016,0,16839,2016-02-08,2,6,39,0,0
40,2016,0,16840,2016-02-09,2,6,40,0,0
41,2016,0,16841,2016-02-10,2,6,41,0,0
42,2016,0,16842,2016-02-11,2,6,42,0,0
43,2016,0,16843,2016-02-12,2,7,43,0,0
44,2016,0,16844,2016-02-13,2,7,44,0,0
45,2016,0,16845,2016-02-14,2,7,45,0,0
46,2016,0,16846,2016-02-15,2,7,46,0,0
47,2016,0,16847,2016-02-16,2,7,47,0,0
48,2016,0,16848,2016-02-17,2,7,48,0,0
49,2016,0,16849,2016-02-18,2,7,49,0,0
50,2016,0,16850,2016-02-19,2,8,50,0,0
51,2016,0,16851,2016-02-20,2,8,51,0,0
52,2016,0,16852,2016-02-21,2,8,52,0,0
53,2016,0,16853,2016-02-22,2,8,53,0,0
54,2016,0,16854,2016-02-23,2,8,54,0,0
55,2016,0,16855,2016-02-24,2,8,55,0,0
56,2016,0,16856,2016-02-25,2,8,56,0,0
57,2016,0,16857,2016-02-26,2,9,57,0,0
58,2016,0,16858,2016-02-27,2,9,58,0,0
59,2016,0,16859,2016-02-28,2,9,59,0,0
60,2016,0,16860,2016-02-29,2,9,60,0,0
61,2016,1,16861,2016-03-01,3,9,61,1,0.1953125
62,2016,3,16862,2016-03-02,3,9,62,4,0.78125
63,2016,3,16863,2016-03-03,3,9,63,7,1.3671875
64,2016,1,16864,2016-03-04,3,10,64,8,1.5625
65,2016,1,16865,2016-03-05,3,10,65,9,1.7578125
66,2016,0,16866,2016-03-06,3,10,66,9,1.7578125
67,2016,0,16867,2016-03-07,3,10,67,9,1.7578125
68,2016,0,16868,2016-03-08,3,10,68,9,1.7578125
69,2016,0,16869,2016-03-09,3,10,69,9,1.7578125
70,2016,0,16870,2016-03-10,3,10,70,9,1.7578125
71,2016,0,16871,2016-03-11,3,11,71,9,1.7578125
72,2016,0,16872,2016-03-12,3,11,72,9,1.7578125
73,2016,0,16873,2016-03-13,3,11,73,9,1.7578125
74,2016,0,16874,2016-03-14,3,11,74,9,1.7578125
75,2016,0,16875,2016-03-15,3,11,75,9,1.7578125
76,2016,3,16876,2016-03-16,3,11,76,12,2.34375
77,2016,2,16877,2016-03-17,3,11,77,14,2.734375
78,2016,1,16878,2016-03-18,3,12,78,15,2.9296875
79,2016,0,16879,2016-03-19,3,12,79,15,2.9296875
80,2016,2,16880,2016-03-20,3,12,80,17,3.3203125
81,2016,0,16881,2016-03-21,3,12,81,17,3.3203125
82,2016,2,16882,2016-03-22,3,12,82,19,3.7109375
83,2016,3,16883,2016-03-23,3,12,83,22,4.296875
84,2016,3,16884,2016-03-24,3,12,84,25,4.8828125
85,2016,10,16885,2016-03-25,3,13,85,35,6.8359375
86,2016,6,16886,2016-03-26,3,13,86,41,8.0078125
87,2016,7,16887,2016-03-27,3,13,87,48,9.375
88,2016,8,16888,2016-03-28,3,13,88,56,10.9375
89,2016,2,16889,2016-03-29,3,13,89,58,11.328125
90,2016,1,16890,2016-03-30,3,13,90,59,11.5234375
91,2016,9,16891,2016-03-31,3,13,91,68,13.28125
92,2016,7,16892,2016-04-01,4,14,92,75,14.6484375
93,2016,5,16893,2016-04-02,4,14,93,80,15.625
94,2016,4,16894,2016-04-03,4,14,94,84,16.40625
95,2016,35,16895,2016-04-04,4,14,95,119,23.2421875
96,2016,7,16896,2016-04-05,4,14,96,126,24.609375
97,2016,3,16897,2016-04-06,4,14,97,129,25.1953125
98,2016,11,16898,2016-04-07,4,14,98,140,27.34375
99,2016,3,16899,2016-04-08,4,15,99,143,27.9296875
100,2016,9,16900,2016-04-09,4,15,100,152,29.6875
101,2016,36,16901,2016-04-10,4,15,101,188,36.71875
102,2016,24,16902,2016-04-11,4,15,102,212,41.40625
103,2016,36,16903,2016-04-12,4,15,103,248,48.4375
104,2016,16,16904,2016-04-13,4,15,104,264,51.5625
105,2016,7,16905,2016-04-14,4,15,105,271,52.9296875
106,2016,28,16906,2016-04-15,4,16,106,299,58.3984375
107,2016,16,16907,2016-04-16,4,16,107,315,61.5234375
108,2016,10,16908,2016-04-17,4,16,108,325,63.4765625
109,2016,13,16909,2016-04-18,4,16,109,338,66.015625
110,2016,16,16910,2016-04-19,4,16,110,354,69.140625
111,2016,17,16911,2016-04-20,4,16,111,371,72.4609375
112,2016,8,16912,2016-04-21,4,16,112,379,74.0234375
113,2016,25,16913,2016-04-22,4,17,113,404,78.90625
114,2016,8,16914,2016-04-23,4,17,114,412,80.46875
115,2016,13,16915,2016-04-24,4,17,115,425,83.0078125
116,2016,7,16916,2016-04-25,4,17,116,432,84.375
117,2016,11,16917,2016-04-26,4,17,117,443,86.5234375
118,2016,6,16918,2016-04-27,4,17,118,449,87.6953125
119,2016,14,16919,2016-04-28,4,17,119,463,90.4296875
120,2016,5,16920,2016-04-29,4,18,120,468,91.40625
121,2016,9,16921,2016-04-30,4,18,121,477,93.1640625
122,2016,8,16922,2016-05-01,5,18,122,485,94.7265625
123,2016,2,16923,2016-05-02,5,18,123,487,95.1171875
124,2016,3,16924,2016-05-03,5,18,124,490,95.703125
125,2016,7,16925,2016-05-04,5,18,125,497,97.0703125
126,2016,5,16926,2016-05-05,5,18,126,502,98.046875
127,2016,2,16927,2016-05-06,5,19,127,504,98.4375
128,2016,0,16928,2016-05-07,5,19,128,504,98.4375
129,2016,7,16929,2016-05-08,5,19,129,511,99.8046875
130,2016,0,16930,2016-05-09,5,19,130,511,99.8046875
131,2016,1,16931,2016-05-10,5,19,131,512,100
132,2016,0,16932,2016-05-11,5,19,132,512,100
133,2016,0,16933,2016-05-12,5,19,133,512,100
134,2016,0,16934,2016-05-13,5,20,134,512,100
135,2016,0,16935,2016-05-14,5,20,135,512,100
136,2016,0,16936,2016-05-15,5,20,136,512,100
137,2016,0,16937,2016-05-16,5,20,137,512,100
138,2016,0,16938,2016-05-17,5,20,138,512,100
139,2016,0,16939,2016-05-18,5,20,139,512,100
140,2016,0,16940,2016-05-19,5,20,140,512,100
141,2016,0,16941,2016-05-20,5,21,141,512,100
142,2016,0,16942,2016-05-21,5,21,142,512,100
143,2016,0,16943,2016-05-22,5,21,143,512,100
144,2016,0,16944,2016-05-23,5,21,144,512,100
145,2016,0,16945,2016-05-24,5,21,145,512,100
146,2016,0,16946,2016-05-25,5,21,146,512,100
147,2016,0,16947,2016-05-26,5,21,147,512,100
148,2016,0,16948,2016-05-27,5,22,148,512,100
149,2016,0,16949,2016-05-28,5,22,149,512,100
150,2016,0,16950,2016-05-29,5,22,150,512,100
151,2016,0,16951,2016-05-30,5,22,151,512,100
152,2016,0,16952,2016-05-31,5,22,152,512,100
153,2016,0,16953,2016-06-01,6,22,153,512,100
154,2016,0,16954,2016-06-02,6,22,154,512,100
155,2016,0,16955,2016-06-03,6,23,155,512,100
156,2016,0,16956,2016-06-04,6,23,156,512,100
157,2016,0,16957,2016-06-05,6,23,157,512,100
158,2016,0,16958,2016-06-06,6,23,158,512,100
159,2016,0,16959,2016-06-07,6,23,159,512,100
160,2016,0,16960,2016-06-08,6,23,160,512,100
161,2016,0,16961,2016-06-09,6,23,161,512,100
162,2016,0,16962,2016-06-10,6,24,162,512,100
163,2016,0,16963,2016-06-11,6,24,163,512,100
164,2016,0,16964,2016-06-12,6,24,164,512,100
165,2016,0,16965,2016-06-13,6,24,165,512,100
166,2016,0,16966,2016-06-14,6,24,166,512,100
167,2016,0,16967,2016-06-15,6,24,167,512,100
168,2016,0,16968,2016-06-16,6,24,168,512,100
169,2016,0,16969,2016-06-17,6,25,169,512,100
170,2016,0,16970,2016-06-18,6,25,170,512,100
171,2016,0,16971,2016-06-19,6,25,171,512,100
172,2016,0,16972,2016-06-20,6,25,172,512,100
173,2016,0,16973,2016-06-21,6,25,173,512,100
174,2016,0,16974,2016-06-22,6,25,174,512,100
175,2016,0,16975,2016-06-23,6,25,175,512,100
176,2016,0,16976,2016-06-24,6,26,176,512,100
177,2016,0,16977,2016-06-25,6,26,177,512,100
178,2016,0,16978,2016-06-26,6,26,178,512,100
179,2016,0,16979,2016-06-27,6,26,179,512,100
180,2016,0,16980,2016-06-28,6,26,180,512,100
1,2017,0,17167,2017-01-01,1,1,1,0,0
2,2017,0,17168,2017-01-02,1,1,2,0,0
3,2017,0,17169,2017-01-03,1,1,3,0,0
4,2017,0,17170,2017-01-04,1,1,4,0,0
5,2017,0,17171,2017-01-05,1,1,5,0,0
6,2017,0,17172,2017-01-06,1,1,6,0,0
7,2017,0,17173,2017-01-07,1,1,7,0,0
8,2017,0,17174,2017-01-08,1,2,8,0,0
9,2017,0,17175,2017-01-09,1,2,9,0,0
10,2017,0,17176,2017-01-10,1,2,10,0,0
11,2017,0,17177,2017-01-11,1,2,11,0,0
12,2017,0,17178,2017-01-12,1,2,12,0,0
13,2017,0,17179,2017-01-13,1,2,13,0,0
14,2017,0,17180,2017-01-14,1,2,14,0,0
15,2017,0,17181,2017-01-15,1,3,15,0,0
16,2017,0,17182,2017-01-16,1,3,16,0,0
17,2017,0,17183,2017-01-17,1,3,17,0,0
18,2017,0,17184,2017-01-18,1,3,18,0,0
19,2017,0,17185,2017-01-19,1,3,19,0,0
20,2017,0,17186,2017-01-20,1,3,20,0,0
21,2017,0,17187,2017-01-21,1,3,21,0,0
22,2017,0,17188,2017-01-22,1,4,22,0,0
23,2017,0,17189,2017-01-23,1,4,23,0,0
24,2017,0,17190,2017-01-24,1,4,24,0,0
25,2017,0,17191,2017-01-25,1,4,25,0,0
26,2017,0,17192,2017-01-26,1,4,26,0,0
27,2017,0,17193,2017-01-27,1,4,27,0,0
28,2017,0,17194,2017-01-28,1,4,28,0,0
29,2017,0,17195,2017-01-29,1,5,29,0,0
30,2017,0,17196,2017-01-30,1,5,30,0,0
31,2017,0,17197,2017-01-31,1,5,31,0,0
32,2017,0,17198,2017-02-01,2,5,32,0,0
33,2017,0,17199,2017-02-02,2,5,33,0,0
34,2017,0,17200,2017-02-03,2,5,34,0,0
35,2017,0,17201,2017-02-04,2,5,35,0,0
36,2017,0,17202,2017-02-05,2,6,36,0,0
37,2017,0,17203,2017-02-06,2,6,37,0,0
38,2017,0,17204,2017-02-07,2,6,38,0,0
39,2017,0,17205,2017-02-08,2,6,39,0,0
40,2017,0,17206,2017-02-09,2,6,40,0,0
41,2017,0,17207,2017-02-10,2,6,41,0,0
42,2017,0,17208,2017-02-11,2,6,42,0,0
43,2017,0,17209,2017-02-12,2,7,43,0,0
44,2017,0,17210,2017-02-13,2,7,44,0,0
45,2017,0,17211,2017-02-14,2,7,45,0,0
46,2017,0,17212,2017-02-15,2,7,46,0,0
47,2017,0,17213,2017-02-16,2,7,47,0,0
48,2017,0,17214,2017-02-17,2,7,48,0,0
49,2017,0,17215,2017-02-18,2,7,49,0,0
50,2017,0,17216,2017-02-19,2,8,50,0,0
51,2017,0,17217,2017-02-20,2,8,51,0,0
52,2017,0,17218,2017-02-21,2,8,52,0,0
53,2017,0,17219,2017-02-22,2,8,53,0,0
54,2017,1,17220,2017-02-23,2,8,54,1,0.14492753623188406
55,2017,0,17221,2017-02-24,2,8,55,1,0.14492753623188406
56,2017,0,17222,2017-02-25,2,8,56,1,0.14492753623188406
57,2017,0,17223,2017-02-26,2,9,57,1,0.14492753623188406
58,2017,5,17224,2017-02-27,2,9,58,6,0.8695652173913043
59,2017,1,17225,2017-02-28,2,9,59,7,1.0144927536231882
60,2017,2,17226,2017-03-01,3,9,60,9,1.3043478260869565
61,2017,1,17227,2017-03-02,3,9,61,10,1.4492753623188406
62,2017,0,17228,2017-03-03,3,9,62,10,1.4492753623188406
63,2017,0,17229,2017-03-04,3,9,63,10,1.4492753623188406
64,2017,3,17230,2017-03-05,3,10,64,13,1.884057971014493
65,2017,5,17231,2017-03-06,3,10,65,18,2.608695652173913
66,2017,0,17232,2017-03-07,3,10,66,18,2.608695652173913
67,2017,1,17233,2017-03-08,3,10,67,19,2.753623188405797
68,2017,4,17234,2017-03-09,3,10,68,23,3.3333333333333335
69,2017,0,17235,2017-03-10,3,10,69,23,3.3333333333333335
70,2017,3,17236,2017-03-11,3,10,70,26,3.768115942028986
71,2017,1,17237,2017-03-12,3,11,71,27,3.91304347826087
72,2017,2,17238,2017-03-13,3,11,72,29,4.202898550724638
73,2017,0,17239,2017-03-14,3,11,73,29,4.202898550724638
74,2017,3,17240,2017-03-15,3,11,74,32,4.63768115942029
75,2017,6,17241,2017-03-16,3,11,75,38,5.507246376811594
76,2017,2,17242,2017-03-17,3,11,76,40,5.797101449275362
77,2017,1,17243,2017-03-18,3,11,77,41,5.942028985507246
78,2017,1,17244,2017-03-19,3,12,78,42,6.086956521739131
79,2017,1,17245,2017-03-20,3,12,79,43,6.231884057971015
80,2017,6,17246,2017-03-21,3,12,80,49,7.101449275362319
81,2017,2,17247,2017-03-22,3,12,81,51,7.391304347826087
82,2017,7,17248,2017-03-23,3,12,82,58,8.405797101449275
83,2017,4,17249,2017-03-24,3,12,83,62,8.985507246376812
84,2017,8,17250,2017-03-25,3,12,84,70,10.144927536231885
85,2017,3,17251,2017-03-26,3,13,85,73,10.579710144927535
86,2017,8,17252,2017-03-27,3,13,86,81,11.73913043478261
87,2017,5,17253,2017-03-28,3,13,87,86,12.46376811594203
88,2017,10,17254,2017-03-29,3,13,88,96,13.91304347826087
89,2017,14,17255,2017-03-30,3,13,89,110,15.942028985507244
90,2017,13,17256,2017-03-31,3,13,90,123,17.82608695652174
91,2017,7,17257,2017-04-01,4,13,91,130,18.84057971014493
92,2017,19,17258,2017-04-02,4,14,92,149,21.594202898550723
93,2017,8,17259,2017-04-03,4,14,93,157,22.753623188405797
94,2017,10,17260,2017-04-04,4,14,94,167,24.20289855072464
95,2017,13,17261,2017-04-05,4,14,95,180,26.08695652173913
96,2017,7,17262,2017-04-06,4,14,96,187,27.10144927536232
97,2017,10,17263,2017-04-07,4,14,97,197,28.550724637681157
98,2017,11,17264,2017-04-08,4,14,98,208,30.144927536231886
99,2017,37,17265,2017-04-09,4,15,99,245,35.507246376811594
100,2017,14,17266,2017-04-10,4,15,100,259,37.53623188405797
101,2017,9,17267,2017-04-11,4,15,101,268,38.84057971014493
102,2017,24,17268,2017-04-12,4,15,102,292,42.31884057971014
103,2017,13,17269,2017-04-13,4,15,103,305,44.20289855072464
104,2017,15,17270,2017-04-14,4,15,104,320,46.3768115942029
105,2017,23,17271,2017-04-15,4,15,105,343,49.710144927536234
106,2017,19,17272,2017-04-16,4,16,106,362,52.46376811594203
107,2017,35,17273,2017-04-17,4,16,107,397,57.536231884057976
108,2017,13,17274,2017-04-18,4,16,108,410,59.42028985507246
109,2017,20,17275,2017-04-19,4,16,109,430,62.31884057971014
110,2017,18,17276,2017-04-20,4,16,110,448,64.92753623188405
111,2017,16,17277,2017-04-21,4,16,111,464,67.2463768115942
112,2017,25,17278,2017-04-22,4,16,112,489,70.86956521739131
113,2017,11,17279,2017-04-23,4,17,113,500,72.46376811594203
114,2017,14,17280,2017-04-24,4,17,114,514,74.4927536231884
115,2017,15,17281,2017-04-25,4,17,115,529,76.66666666666667
116,2017,8,17282,2017-04-26,4,17,116,537,77.82608695652173
117,2017,6,17283,2017-04-27,4,17,117,543,78.69565217391305
118,2017,67,17284,2017-04-28,4,17,118,610,88.40579710144928
119,2017,6,17285,2017-04-29,4,17,119,616,89.27536231884058
120,2017,65,17286,2017-04-30,4,18,120,681,98.69565217391305
121,2017,4,17287,2017-05-01,5,18,121,685,99.27536231884058
122,2017,1,17288,2017-05-02,5,18,122,686,99.42028985507247
123,2017,0,17289,2017-05-03,5,18,123,686,99.42028985507247
124,2017,0,17290,2017-05-04,5,18,124,686,99.42028985507247
125,2017,0,17291,2017-05-05,5,18,125,686,99.42028985507247
126,2017,3,17292,2017-05-06,5,18,126,689,99.85507246376811
127,2017,0,17293,2017-05-07,5,19,127,689,99.85507246376811
128,2017,0,17294,2017-05-08,5,19,128,689,99.85507246376811
129,2017,0,17295,2017-05-09,5,19,129,689,99.85507246376811
130,2017,0,17296,2017-05-10,5,19,130,689,99.85507246376811
131,2017,0,17297,2017-05-11,5,19,131,689,99.85507246376811
132,2017,0,17298,2017-05-12,5,19,132,689,99.85507246376811
133,2017,0,17299,2017-05-13,5,19,133,689,99.85507246376811
134,2017,0,17300,2017-05-14,5,20,134,689,99.85507246376811
135,2017,0,17301,2017-05-15,5,20,135,689,99.85507246376811
136,2017,0,17302,2017-05-16,5,20,136,689,99.85507246376811
137,2017,1,17303,2017-05-17,5,20,137,690,100
138,2017,0,17304,2017-05-18,5,20,138,690,100
139,2017,0,17305,2017-05-19,5,20,139,690,100
140,2017,0,17306,2017-05-20,5,20,140,690,100
141,2017,0,17307,2017-05-21,5,21,141,690,100
142,2017,0,17308,2017-05-22,5,21,142,690,100
143,2017,0,17309,2017-05-23,5,21,143,690,100
144,2017,0,17310,2017-05-24,5,21,144,690,100
145,2017,0,17311,2017-05-25,5,21,145,690,100
146,2017,0,17312,2017-05-26,5,21,146,690,100
147,2017,0,17313,2017-05-27,5,21,147,690,100
148,2017,0,17314,2017-05-28,5,22,148,690,100
149,2017,0,17315,2017-05-29,5,22,149,690,100
150,2017,0,17316,2017-05-30,5,22,150,690,100
151,2017,0,17317,2017-05-31,5,22,151,690,100
152,2017,0,17318,2017-06-01,6,22,152,690,100
153,2017,0,17319,2017-06-02,6,22,153,690,100
154,2017,0,17320,2017-06-03,6,22,154,690,100
155,2017,0,17321,2017-06-04,6,23,155,690,100
156,2017,0,17322,2017-06-05,6,23,156,690,100
157,2017,0,17323,2017-06-06,6,23,157,690,100
158,2017,0,17324,2017-06-07,6,23,158,690,100
159,2017,0,17325,2017-06-08,6,23,159,690,100
160,2017,0,17326,2017-06-09,6,23,160,690,100
161,2017,0,17327,2017-06-10,6,23,161,690,100
162,2017,0,17328,2017-06-11,6,24,162,690,100
163,2017,0,17329,2017-06-12,6,24,163,690,100
164,2017,0,17330,2017-06-13,6,24,164,690,100
165,2017,0,17331,2017-06-14,6,24,165,690,100
166,2017,0,17332,2017-06-15,6,24,166,690,100
167,2017,0,17333,2017-06-16,6,24,167,690,100
168,2017,0,17334,2017-06-17,6,24,168,690,100
169,2017,0,17335,2017-06-18,6,25,169,690,100
170,2017,0,17336,2017-06-19,6,25,170,690,100
171,2017,0,17337,2017-06-20,6,25,171,690,100
172,2017,0,17338,2017-06-21,6,25,172,690,100
173,2017,0,17339,2017-06-22,6,25,173,690,100
174,2017,0,17340,2017-06-23,6,25,174,690,100
175,2017,0,17341,2017-06-24,6,25,175,690,100
176,2017,0,17342,2017-06-25,6,26,176,690,100
177,2017,0,17343,2017-06-26,6,26,177,690,100
178,2017,0,17344,2017-06-27,6,26,178,690,100
179,2017,0,17345,2017-06-28,6,26,179,690,100
180,2017,0,17346,2017-06-29,6,26,180,690,100
1,2018,0,17532,2018-01-01,1,1,1,0,0
2,2018,0,17533,2018-01-02,1,1,2,0,0
3,2018,0,17534,2018-01-03,1,1,3,0,0
4,2018,0,17535,2018-01-04,1,1,4,0,0
5,2018,0,17536,2018-01-05,1,1,5,0,0
6,2018,0,17537,2018-01-06,1,1,6,0,0
7,2018,0,17538,2018-01-07,1,1,7,0,0
8,2018,0,17539,2018-01-08,1,2,8,0,0
9,2018,0,17540,2018-01-09,1,2,9,0,0
10,2018,0,17541,2018-01-10,1,2,10,0,0
11,2018,0,17542,2018-01-11,1,2,11,0,0
12,2018,0,17543,2018-01-12,1,2,12,0,0
13,2018,0,17544,2018-01-13,1,2,13,0,0
14,2018,0,17545,2018-01-14,1,2,14,0,0
15,2018,0,17546,2018-01-15,1,3,15,0,0
16,2018,0,17547,2018-01-16,1,3,16,0,0
17,2018,0,17548,2018-01-17,1,3,17,0,0
18,2018,0,17549,2018-01-18,1,3,18,0,0
19,2018,0,17550,2018-01-19,1,3,19,0,0
20,2018,0,17551,2018-01-20,1,3,20,0,0
21,2018,0,17552,2018-01-21,1,3,21,0,0
22,2018,0,17553,2018-01-22,1,4,22,0,0
23,2018,0,17554,2018-01-23,1,4,23,0,0
24,2018,0,17555,2018-01-24,1,4,24,0,0
25,2018,0,17556,2018-01-25,1,4,25,0,0
26,2018,0,17557,2018-01-26,1,4,26,0,0
27,2018,0,17558,2018-01-27,1,4,27,0,0
28,2018,0,17559,2018-01-28,1,4,28,0,0
29,2018,0,17560,2018-01-29,1,5,29,0,0
30,2018,0,17561,2018-01-30,1,5,30,0,0
31,2018,0,17562,2018-01-31,1,5,31,0,0
32,2018,0,17563,2018-02-01,2,5,32,0,0
33,2018,0,17564,2018-02-02,2,5,33,0,0
34,2018,0,17565,2018-02-03,2,5,34,0,0
35,2018,0,17566,2018-02-04,2,5,35,0,0
36,2018,0,17567,2018-02-05,2,6,36,0,0
37,2018,0,17568,2018-02-06,2,6,37,0,0
38,2018,0,17569,2018-02-07,2,6,38,0,0
39,2018,0,17570,2018-02-08,2,6,39,0,0
40,2018,0,17571,2018-02-09,2,6,40,0,0
41,2018,0,17572,2018-02-10,2,6,41,0,0
42,2018,0,17573,2018-02-11,2,6,42,0,0
43,2018,0,17574,2018-02-12,2,7,43,0,0
44,2018,4,17575,2018-02-13,2,7,44,4,0.8888888888888888
45,2018,0,17576,2018-02-14,2,7,45,4,0.8888888888888888
46,2018,0,17577,2018-02-15,2,7,46,4,0.8888888888888888
47,2018,1,17578,2018-02-16,2,7,47,5,1.1111111111111112
48,2018,0,17579,2018-02-17,2,7,48,5,1.1111111111111112
49,2018,0,17580,2018-02-18,2,7,49,5,1.1111111111111112
50,2018,0,17581,2018-02-19,2,8,50,5,1.1111111111111112
51,2018,0,17582,2018-02-20,2,8,51,5,1.1111111111111112
52,2018,0,17583,2018-02-21,2,8,52,5,1.1111111111111112
53,2018,0,17584,2018-02-22,2,8,53,5,1.1111111111111112
54,2018,0,17585,2018-02-23,2,8,54,5,1.1111111111111112
55,2018,0,17586,2018-02-24,2,8,55,5,1.1111111111111112
56,2018,0,17587,2018-02-25,2,8,56,5,1.1111111111111112
57,2018,0,17588,2018-02-26,2,9,57,5,1.1111111111111112
58,2018,0,17589,2018-02-27,2,9,58,5,1.1111111111111112
59,2018,0,17590,2018-02-28,2,9,59,5,1.1111111111111112
60,2018,0,17591,2018-03-01,3,9,60,5,1.1111111111111112
61,2018,0,17592,2018-03-02,3,9,61,5,1.1111111111111112
62,2018,1,17593,2018-03-03,3,9,62,6,1.3333333333333335
63,2018,0,17594,2018-03-04,3,9,63,6,1.3333333333333335
64,2018,0,17595,2018-03-05,3,10,64,6,1.3333333333333335
65,2018,2,17596,2018-03-06,3,10,65,8,1.7777777777777777
66,2018,2,17597,2018-03-07,3,10,66,10,2.2222222222222223
67,2018,0,17598,2018-03-08,3,10,67,10,2.2222222222222223
68,2018,0,17599,2018-03-09,3,10,68,10,2.2222222222222223
69,2018,0,17600,2018-03-10,3,10,69,10,2.2222222222222223
70,2018,3,17601,2018-03-11,3,10,70,13,2.888888888888889
71,2018,0,17602,2018-03-12,3,11,71,13,2.888888888888889
72,2018,0,17603,2018-03-13,3,11,72,13,2.888888888888889
73,2018,4,17604,2018-03-14,3,11,73,17,3.7777777777777777
74,2018,1,17605,2018-03-15,3,11,74,18,4
75,2018,1,17606,2018-03-16,3,11,75,19,4.222222222222222
76,2018,0,17607,2018-03-17,3,11,76,19,4.222222222222222
77,2018,0,17608,2018-03-18,3,11,77,19,4.222222222222222
78,2018,0,17609,2018-03-19,3,12,78,19,4.222222222222222
79,2018,2,17610,2018-03-20,3,12,79,21,4.666666666666667
80,2018,0,17611,2018-03-21,3,12,80,21,4.666666666666667
81,2018,1,17612,2018-03-22,3,12,81,22,4.888888888888889
82,2018,0,17613,2018-03-23,3,12,82,22,4.888888888888889
83,2018,1,17614,2018-03-24,3,12,83,23,5.111111111111112
84,2018,1,17615,2018-03-25,3,12,84,24,5.333333333333334
85,2018,7,17616,2018-03-26,3,13,85,31,6.888888888888889
86,2018,13,17617,2018-03-27,3,13,86,44,9.777777777777779
87,2018,5,17618,2018-03-28,3,13,87,49,10.888888888888888
88,2018,6,17619,2018-03-29,3,13,88,55,12.222222222222221
89,2018,17,17620,2018-03-30,3,13,89,72,16
90,2018,1,17621,2018-03-31,3,13,90,73,16.22222222222222
91,2018,7,17622,2018-04-01,4,13,91,80,17.77777777777778
92,2018,7,17623,2018-04-02,4,14,92,87,19.333333333333332
93,2018,10,17624,2018-04-03,4,14,93,97,21.555555555555557
94,2018,30,17625,2018-04-04,4,14,94,127,28.22222222222222
95,2018,17,17626,2018-04-05,4,14,95,144,32
96,2018,13,17627,2018-04-06,4,14,96,157,34.88888888888889
97,2018,6,17628,2018-04-07,4,14,97,163,36.22222222222222
98,2018,13,17629,2018-04-08,4,14,98,176,39.111111111111114
99,2018,25,17630,2018-04-09,4,15,99,201,44.666666666666664
100,2018,32,17631,2018-04-10,4,15,100,233,51.77777777777778
101,2018,11,17632,2018-04-11,4,15,101,244,54.22222222222223
102,2018,14,17633,2018-04-12,4,15,102,258,57.333333333333336
103,2018,13,17634,2018-04-13,4,15,103,271,60.22222222222222
104,2018,13,17635,2018-04-14,4,15,104,284,63.11111111111111
105,2018,10,17636,2018-04-15,4,15,105,294,65.33333333333333
106,2018,12,17637,2018-04-16,4,16,106,306,68
107,2018,23,17638,2018-04-17,4,16,107,329,73.11111111111111
108,2018,22,17639,2018-04-18,4,16,108,351,78
109,2018,0,17640,2018-04-19,4,16,109,351,78
110,2018,15,17641,2018-04-20,4,16,110,366,81.33333333333333
111,2018,12,17642,2018-04-21,4,16,111,378,84
112,2018,11,17643,2018-04-22,4,16,112,389,86.44444444444444
113,2018,5,17644,2018-04-23,4,17,113,394,87.55555555555556
114,2018,8,17645,2018-04-24,4,17,114,402,89.33333333333333
115,2018,11,17646,2018-04-25,4,17,115,413,91.77777777777779
116,2018,3,17647,2018-04-26,4,17,116,416,92.44444444444444
117,2018,1,17648,2018-04-27,4,17,117,417,92.66666666666666
118,2018,7,17649,2018-04-28,4,17,118,424,94.22222222222221
119,2018,20,17650,2018-04-29,4,17,119,444,98.66666666666667
120,2018,2,17651,2018-04-30,4,18,120,446,99.11111111111111
121,2018,0,17652,2018-05-01,5,18,121,446,99.11111111111111
122,2018,0,17653,2018-05-02,5,18,122,446,99.11111111111111
123,2018,0,17654,2018-05-03,5,18,123,446,99.11111111111111
124,2018,0,17655,2018-05-04,5,18,124,446,99.11111111111111
125,2018,0,17656,2018-05-05,5,18,125,446,99.11111111111111
126,2018,2,17657,2018-05-06,5,18,126,448,99.55555555555556
127,2018,0,17658,2018-05-07,5,19,127,448,99.55555555555556
128,2018,1,17659,2018-05-08,5,19,128,449,99.77777777777777
129,2018,0,17660,2018-05-09,5,19,129,449,99.77777777777777
130,2018,0,17661,2018-05-10,5,19,130,449,99.77777777777777
131,2018,0,17662,2018-05-11,5,19,131,449,99.77777777777777
132,2018,0,17663,2018-05-12,5,19,132,449,99.77777777777777
133,2018,0,17664,2018-05-13,5,19,133,449,99.77777777777777
134,2018,0,17665,2018-05-14,5,20,134,449,99.77777777777777
135,2018,0,17666,2018-05-15,5,20,135,449,99.77777777777777
136,2018,0,17667,2018-05-16,5,20,136,449,99.77777777777777
137,2018,0,17668,2018-05-17,5,20,137,449,99.77777777777777
138,2018,1,17669,2018-05-18,5,20,138,450,100
139,2018,0,17670,2018-05-19,5,20,139,450,100
140,2018,0,17671,2018-05-20,5,20,140,450,100
141,2018,0,17672,2018-05-21,5,21,141,450,100
142,2018,0,17673,2018-05-22,5,21,142,450,100
143,2018,0,17674,2018-05-23,5,21,143,450,100
144,2018,0,17675,2018-05-24,5,21,144,450,100
145,2018,0,17676,2018-05-25,5,21,145,450,100
146,2018,0,17677,2018-05-26,5,21,146,450,100
147,2018,0,17678,2018-05-27,5,21,147,450,100
148,2018,0,17679,2018-05-28,5,22,148,450,100
149,2018,0,17680,2018-05-29,5,22,149,450,100
150,2018,0,17681,2018-05-30,5,22,150,450,100
151,2018,0,17682,2018-05-31,5,22,151,450,100
152,2018,0,17683,2018-06-01,6,22,152,450,100
153,2018,0,17684,2018-06-02,6,22,153,450,100
154,2018,0,17685,2018-06-03,6,22,154,450,100
155,2018,0,17686,2018-06-04,6,23,155,450,100
156,2018,0,17687,2018-06-05,6,23,156,450,100
157,2018,0,17688,2018-06-06,6,23,157,450,100
158,2018,0,17689,2018-06-07,6,23,158,450,100
159,2018,0,17690,2018-06-08,6,23,159,450,100
160,2018,0,17691,2018-06-09,6,23,160,450,100
161,2018,0,17692,2018-06-10,6,23,161,450,100
162,2018,0,17693,2018-06-11,6,24,162,450,100
163,2018,0,17694,2018-06-12,6,24,163,450,100
164,2018,0,17695,2018-06-13,6,24,164,450,100
165,2018,0,17696,2018-06-14,6,24,165,450,100
166,2018,0,17697,2018-06-15,6,24,166,450,100
167,2018,0,17698,2018-06-16,6,24,167,450,100
168,2018,0,17699,2018-06-17,6,24,168,450,100
169,2018,0,17700,2018-06-18,6,25,169,450,100
170,2018,0,17701,2018-06-19,6,25,170,450,100
171,2018,0,17702,2018-06-20,6,25,171,450,100
172,2018,0,17703,2018-06-21,6,25,172,450,100
173,2018,0,17704,2018-06-22,6,25,173,450,100
174,2018,0,17705,2018-06-23,6,25,174,450,100
175,2018,0,17706,2018-06-24,6,25,175,450,100
176,2018,0,17707,2018-06-25,6,26,176,450,100
177,2018,0,17708,2018-06-26,6,26,177,450,100
178,2018,0,17709,2018-06-27,6,26,178,450,100
179,2018,0,17710,2018-06-28,6,26,179,450,100
180,2018,0,17711,2018-06-29,6,26,180,450,100
1,2019,0,17897,2019-01-01,1,1,1,0,0
2,2019,0,17898,2019-01-02,1,1,2,0,0
3,2019,0,17899,2019-01-03,1,1,3,0,0
4,2019,0,17900,2019-01-04,1,1,4,0,0
5,2019,0,17901,2019-01-05,1,1,5,0,0
6,2019,0,17902,2019-01-06,1,1,6,0,0
7,2019,0,17903,2019-01-07,1,1,7,0,0
8,2019,0,17904,2019-01-08,1,2,8,0,0
9,2019,0,17905,2019-01-09,1,2,9,0,0
10,2019,0,17906,2019-01-10,1,2,10,0,0
11,2019,0,17907,2019-01-11,1,2,11,0,0
12,2019,0,17908,2019-01-12,1,2,12,0,0
13,2019,0,17909,2019-01-13,1,2,13,0,0
14,2019,0,17910,2019-01-14,1,2,14,0,0
15,2019,0,17911,2019-01-15,1,3,15,0,0
16,2019,0,17912,2019-01-16,1,3,16,0,0
17,2019,0,17913,2019-01-17,1,3,17,0,0
18,2019,0,17914,2019-01-18,1,3,18,0,0
19,2019,0,17915,2019-01-19,1,3,19,0,0
20,2019,0,17916,2019-01-20,1,3,20,0,0
21,2019,0,17917,2019-01-21,1,3,21,0,0
22,2019,0,17918,2019-01-22,1,4,22,0,0
23,2019,0,17919,2019-01-23,1,4,23,0,0
24,2019,0,17920,2019-01-24,1,4,24,0,0
25,2019,0,17921,2019-01-25,1,4,25,0,0
26,2019,0,17922,2019-01-26,1,4,26,0,0
27,2019,0,17923,2019-01-27,1,4,27,0,0
28,2019,0,17924,2019-01-28,1,4,28,0,0
29,2019,0,17925,2019-01-29,1,5,29,0,0
30,2019,0,17926,2019-01-30,1,5,30,0,0
31,2019,0,17927,2019-01-31,1,5,31,0,0
32,2019,0,17928,2019-02-01,2,5,32,0,0
33,2019,0,17929,2019-02-02,2,5,33,0,0
34,2019,0,17930,2019-02-03,2,5,34,0,0
35,2019,0,17931,2019-02-04,2,5,35,0,0
36,2019,0,17932,2019-02-05,2,6,36,0,0
37,2019,0,17933,2019-02-06,2,6,37,0,0
38,2019,0,17934,2019-02-07,2,6,38,0,0
39,2019,0,17935,2019-02-08,2,6,39,0,0
40,2019,0,17936,2019-02-09,2,6,40,0,0
41,2019,0,17937,2019-02-10,2,6,41,0,0
42,2019,0,17938,2019-02-11,2,6,42,0,0
43,2019,0,17939,2019-02-12,2,7,43,0,0
44,2019,0,17940,2019-02-13,2,7,44,0,0
45,2019,0,17941,2019-02-14,2,7,45,0,0
46,2019,0,17942,2019-02-15,2,7,46,0,0
47,2019,0,17943,2019-02-16,2,7,47,0,0
48,2019,0,17944,2019-02-17,2,7,48,0,0
49,2019,0,17945,2019-02-18,2,7,49,0,0
50,2019,0,17946,2019-02-19,2,8,50,0,0
51,2019,0,17947,2019-02-20,2,8,51,0,0
52,2019,0,17948,2019-02-21,2,8,52,0,0
53,2019,0,17949,2019-02-22,2,8,53,0,0
54,2019,0,17950,2019-02-23,2,8,54,0,0
55,2019,0,17951,2019-02-24,2,8,55,0,0
56,2019,0,17952,2019-02-25,2,8,56,0,0
57,2019,1,17953,2019-02-26,2,9,57,1,0.14124293785310735
58,2019,1,17954,2019-02-27,2,9,58,2,0.2824858757062147
59,2019,1,17955,2019-02-28,2,9,59,3,0.423728813559322
60,2019,1,17956,2019-03-01,3,9,60,4,0.5649717514124294
61,2019,1,17957,2019-03-02,3,9,61,5,0.7062146892655368
62,2019,0,17958,2019-03-03,3,9,62,5,0.7062146892655368
63,2019,4,17959,2019-03-04,3,9,63,9,1.2711864406779663
64,2019,2,17960,2019-03-05,3,10,64,11,1.5536723163841808
65,2019,1,17961,2019-03-06,3,10,65,12,1.694915254237288
66,2019,5,17962,2019-03-07,3,10,66,17,2.401129943502825
67,2019,2,17963,2019-03-08,3,10,67,19,2.6836158192090394
68,2019,1,17964,2019-03-09,3,10,68,20,2.824858757062147
69,2019,2,17965,2019-03-10,3,10,69,22,3.1073446327683616
70,2019,0,17966,2019-03-11,3,10,70,22,3.1073446327683616
71,2019,0,17967,2019-03-12,3,11,71,22,3.1073446327683616
72,2019,2,17968,2019-03-13,3,11,72,24,3.389830508474576
73,2019,5,17969,2019-03-14,3,11,73,29,4.0960451977401124
74,2019,3,17970,2019-03-15,3,11,74,32,4.519774011299435
75,2019,0,17971,2019-03-16,3,11,75,32,4.519774011299435
76,2019,6,17972,2019-03-17,3,11,76,38,5.367231638418079
77,2019,1,17973,2019-03-18,3,11,77,39,5.508474576271186
78,2019,2,17974,2019-03-19,3,12,78,41,5.790960451977401
79,2019,1,17975,2019-03-20,3,12,79,42,5.932203389830509
80,2019,2,17976,2019-03-21,3,12,80,44,6.214689265536723
81,2019,5,17977,2019-03-22,3,12,81,49,6.9209039548022595
82,2019,3,17978,2019-03-23,3,12,82,52,7.344632768361582
83,2019,9,17979,2019-03-24,3,12,83,61,8.615819209039548
84,2019,1,17980,2019-03-25,3,12,84,62,8.757062146892656
85,2019,5,17981,2019-03-26,3,13,85,67,9.463276836158192
86,2019,2,17982,2019-03-27,3,13,86,69,9.745762711864407
87,2019,2,17983,2019-03-28,3,13,87,71,10.028248587570623
88,2019,14,17984,2019-03-29,3,13,88,85,12.005649717514125
89,2019,6,17985,2019-03-30,3,13,89,91,12.85310734463277
90,2019,17,17986,2019-03-31,3,13,90,108,15.254237288135593
91,2019,19,17987,2019-04-01,4,13,91,127,17.937853107344633
92,2019,20,17988,2019-04-02,4,14,92,147,20.76271186440678
93,2019,27,17989,2019-04-03,4,14,93,174,24.576271186440678
94,2019,4,17990,2019-04-04,4,14,94,178,25.141242937853107
95,2019,13,17991,2019-04-05,4,14,95,191,26.9774011299435
96,2019,17,17992,2019-04-06,4,14,96,208,29.37853107344633
97,2019,11,17993,2019-04-07,4,14,97,219,30.93220338983051
98,2019,31,17994,2019-04-08,4,14,98,250,35.31073446327684
99,2019,21,17995,2019-04-09,4,15,99,271,38.27683615819209
100,2019,4,17996,2019-04-10,4,15,100,275,38.84180790960452
101,2019,11,17997,2019-04-11,4,15,101,286,40.3954802259887
102,2019,46,17998,2019-04-12,4,15,102,332,46.89265536723164
103,2019,4,17999,2019-04-13,4,15,103,336,47.45762711864407
104,2019,17,18000,2019-04-14,4,15,104,353,49.85875706214689
105,2019,17,18001,2019-04-15,4,15,105,370,52.259887005649716
106,2019,46,18002,2019-04-16,4,16,106,416,58.75706214689266
107,2019,28,18003,2019-04-17,4,16,107,444,62.71186440677966
108,2019,57,18004,2019-04-18,4,16,108,501,70.76271186440678
109,2019,0,18005,2019-04-19,4,16,109,501,70.76271186440678
110,2019,28,18006,2019-04-20,4,16,110,529,74.71751412429379
111,2019,34,18007,2019-04-21,4,16,111,563,79.51977401129943
112,2019,29,18008,2019-04-22,4,16,112,592,83.61581920903954
113,2019,18,18009,2019-04-23,4,17,113,610,86.15819209039547
114,2019,58,18010,2019-04-24,4,17,114,668,94.35028248587571
115,2019,6,18011,2019-04-25,4,17,115,674,95.19774011299435
116,2019,2,18012,2019-04-26,4,17,116,676,95.48022598870057
117,2019,7,18013,2019-04-27,4,17,117,683,96.46892655367232
118,2019,1,18014,2019-04-28,4,17,118,684,96.61016949152543
119,2019,1,18015,2019-04-29,4,17,119,685,96.75141242937853
120,2019,0,18016,2019-04-30,4,18,120,685,96.75141242937853
121,2019,5,18017,2019-05-01,5,18,121,690,97.45762711864407
122,2019,4,18018,2019-05-02,5,18,122,694,98.0225988700565
123,2019,1,18019,2019-05-03,5,18,123,695,98.1638418079096
124,2019,0,18020,2019-05-04,5,18,124,695,98.1638418079096
125,2019,2,18021,2019-05-05,5,18,125,697,98.44632768361582
126,2019,1,18022,2019-05-06,5,18,126,698,98.58757062146893
127,2019,4,18023,2019-05-07,5,19,127,702,99.15254237288136
128,2019,0,18024,2019-05-08,5,19,128,702,99.15254237288136
129,2019,3,18025,2019-05-09,5,19,129,705,99.57627118644068
130,2019,3,18026,2019-05-10,5,19,130,708,100
131,2019,0,18027,2019-05-11,5,19,131,708,100
132,2019,0,18028,2019-05-12,5,19,132,708,100
133,2019,0,18029,2019-05-13,5,19,133,708,100
134,2019,0,18030,2019-05-14,5,20,134,708,100
135,2019,0,18031,2019-05-15,5,20,135,708,100
136,2019,0,18032,2019-05-16,5,20,136,708,100
137,2019,0,18033,2019-05-17,5,20,137,708,100
138,2019,0,18034,2019-05-18,5,20,138,708,100
139,2019,0,18035,2019-05-19,5,20,139,708,100
140,2019,0,18036,2019-05-20,5,20,140,708,100
141,2019,0,18037,2019-05-21,5,21,141,708,100
142,2019,0,18038,2019-05-22,5,21,142,708,100
143,2019,0,18039,2019-05-23,5,21,143,708,100
144,2019,0,18040,2019-05-24,5,21,144,708,100
145,2019,0,18041,2019-05-25,5,21,145,708,100
146,2019,0,18042,2019-05-26,5,21,146,708,100
147,2019,0,18043,2019-05-27,5,21,147,708,100
148,2019,0,18044,2019-05-28,5,22,148,708,100
149,2019,0,18045,2019-05-29,5,22,149,708,100
150,2019,0,18046,2019-05-30,5,22,150,708,100
151,2019,0,18047,2019-05-31,5,22,151,708,100
152,2019,0,18048,2019-06-01,6,22,152,708,100
153,2019,0,18049,2019-06-02,6,22,153,708,100
154,2019,0,18050,2019-06-03,6,22,154,708,100
155,2019,0,18051,2019-06-04,6,23,155,708,100
156,2019,0,18052,2019-06-05,6,23,156,708,100
157,2019,0,18053,2019-06-06,6,23,157,708,100
158,2019,0,18054,2019-06-07,6,23,158,708,100
159,2019,0,18055,2019-06-08,6,23,159,708,100
160,2019,0,18056,2019-06-09,6,23,160,708,100
161,2019,0,18057,2019-06-10,6,23,161,708,100
162,2019,0,18058,2019-06-11,6,24,162,708,100
163,2019,0,18059,2019-06-12,6,24,163,708,100
164,2019,0,18060,2019-06-13,6,24,164,708,100
165,2019,0,18061,2019-06-14,6,24,165,708,100
166,2019,0,18062,2019-06-15,6,24,166,708,100
167,2019,0,18063,2019-06-16,6,24,167,708,100
168,2019,0,18064,2019-06-17,6,24,168,708,100
169,2019,0,18065,2019-06-18,6,25,169,708,100
170,2019,0,18066,2019-06-19,6,25,170,708,100
171,2019,0,18067,2019-06-20,6,25,171,708,100
172,2019,0,18068,2019-06-21,6,25,172,708,100
173,2019,0,18069,2019-06-22,6,25,173,708,100
174,2019,0,18070,2019-06-23,6,25,174,708,100
175,2019,0,18071,2019-06-24,6,25,175,708,100
176,2019,0,18072,2019-06-25,6,26,176,708,100
177,2019,0,18073,2019-06-26,6,26,177,708,100
178,2019,0,18074,2019-06-27,6,26,178,708,100
179,2019,0,18075,2019-06-28,6,26,179,708,100
180,2019,0,18076,2019-06-29,6,26,180,708,100
1,2020,0,18262,2020-01-01,1,1,1,0,0
2,2020,0,18263,2020-01-02,1,1,2,0,0
3,2020,0,18264,2020-01-03,1,1,3,0,0
4,2020,0,18265,2020-01-04,1,1,4,0,0
5,2020,0,18266,2020-01-05,1,1,5,0,0
6,2020,0,18267,2020-01-06,1,1,6,0,0
7,2020,0,18268,2020-01-07,1,1,7,0,0
8,2020,0,18269,2020-01-08,1,2,8,0,0
9,2020,0,18270,2020-01-09,1,2,9,0,0
10,2020,0,18271,2020-01-10,1,2,10,0,0
11,2020,0,18272,2020-01-11,1,2,11,0,0
12,2020,0,18273,2020-01-12,1,2,12,0,0
13,2020,0,18274,2020-01-13,1,2,13,0,0
14,2020,0,18275,2020-01-14,1,2,14,0,0
15,2020,0,18276,2020-01-15,1,3,15,0,0
16,2020,0,18277,2020-01-16,1,3,16,0,0
17,2020,0,18278,2020-01-17,1,3,17,0,0
18,2020,0,18279,2020-01-18,1,3,18,0,0
19,2020,0,18280,2020-01-19,1,3,19,0,0
20,2020,0,18281,2020-01-20,1,3,20,0,0
21,2020,0,18282,2020-01-21,1,3,21,0,0
22,2020,0,18283,2020-01-22,1,4,22,0,0
23,2020,0,18284,2020-01-23,1,4,23,0,0
24,2020,0,18285,2020-01-24,1,4,24,0,0
25,2020,0,18286,2020-01-25,1,4,25,0,0
26,2020,0,18287,2020-01-26,1,4,26,0,0
27,2020,0,18288,2020-01-27,1,4,27,0,0
28,2020,0,18289,2020-01-28,1,4,28,0,0
29,2020,0,18290,2020-01-29,1,5,29,0,0
30,2020,0,18291,2020-01-30,1,5,30,0,0
31,2020,0,18292,2020-01-31,1,5,31,0,0
32,2020,0,18293,2020-02-01,2,5,32,0,0
33,2020,0,18294,2020-02-02,2,5,33,0,0
34,2020,0,18295,2020-02-03,2,5,34,0,0
35,2020,0,18296,2020-02-04,2,5,35,0,0
36,2020,0,18297,2020-02-05,2,6,36,0,0
37,2020,0,18298,2020-02-06,2,6,37,0,0
38,2020,0,18299,2020-02-07,2,6,38,0,0
39,2020,0,18300,2020-02-08,2,6,39,0,0
40,2020,0,18301,2020-02-09,2,6,40,0,0
41,2020,0,18302,2020-02-10,2,6,41,0,0
42,2020,0,18303,2020-02-11,2,6,42,0,0
43,2020,0,18304,2020-02-12,2,7,43,0,0
44,2020,0,18305,2020-02-13,2,7,44,0,0
45,2020,0,18306,2020-02-14,2,7,45,0,0
46,2020,0,18307,2020-02-15,2,7,46,0,0
47,2020,0,18308,2020-02-16,2,7,47,0,0
48,2020,0,18309,2020-02-17,2,7,48,0,0
49,2020,0,18310,2020-02-18,2,7,49,0,0
50,2020,0,18311,2020-02-19,2,8,50,0,0
51,2020,0,18312,2020-02-20,2,8,51,0,0
52,2020,0,18313,2020-02-21,2,8,52,0,0
53,2020,0,18314,2020-02-22,2,8,53,0,0
54,2020,2,18315,2020-02-23,2,8,54,2,0.22099447513812157
55,2020,0,18316,2020-02-24,2,8,55,2,0.22099447513812157
56,2020,0,18317,2020-02-25,2,8,56,2,0.22099447513812157
57,2020,0,18318,2020-02-26,2,9,57,2,0.22099447513812157
58,2020,0,18319,2020-02-27,2,9,58,2,0.22099447513812157
59,2020,0,18320,2020-02-28,2,9,59,2,0.22099447513812157
60,2020,0,18321,2020-02-29,2,9,60,2,0.22099447513812157
61,2020,1,18322,2020-03-01,3,9,61,3,0.3314917127071823
62,2020,0,18323,2020-03-02,3,9,62,3,0.3314917127071823
63,2020,0,18324,2020-03-03,3,9,63,3,0.3314917127071823
64,2020,0,18325,2020-03-04,3,10,64,3,0.3314917127071823
65,2020,0,18326,2020-03-05,3,10,65,3,0.3314917127071823
66,2020,0,18327,2020-03-06,3,10,66,3,0.3314917127071823
67,2020,0,18328,2020-03-07,3,10,67,3,0.3314917127071823
68,2020,0,18329,2020-03-08,3,10,68,3,0.3314917127071823
69,2020,0,18330,2020-03-09,3,10,69,3,0.3314917127071823
70,2020,0,18331,2020-03-10,3,10,70,3,0.3314917127071823
71,2020,2,18332,2020-03-11,3,11,71,5,0.5524861878453038
72,2020,0,18333,2020-03-12,3,11,72,5,0.5524861878453038
73,2020,0,18334,2020-03-13,3,11,73,5,0.5524861878453038
74,2020,0,18335,2020-03-14,3,11,74,5,0.5524861878453038
75,2020,0,18336,2020-03-15,3,11,75,5,0.5524861878453038
76,2020,0,18337,2020-03-16,3,11,76,5,0.5524861878453038
77,2020,1,18338,2020-03-17,3,11,77,6,0.6629834254143646
78,2020,0,18339,2020-03-18,3,12,78,6,0.6629834254143646
79,2020,3,18340,2020-03-19,3,12,79,9,0.9944751381215469
80,2020,0,18341,2020-03-20,3,12,80,9,0.9944751381215469
81,2020,0,18342,2020-03-21,3,12,81,9,0.9944751381215469
82,2020,3,18343,2020-03-22,3,12,82,12,1.3259668508287292
83,2020,7,18344,2020-03-23,3,12,83,19,2.0994475138121547
84,2020,10,18345,2020-03-24,3,12,84,29,3.2044198895027622
85,2020,9,18346,2020-03-25,3,13,85,38,4.198895027624309
86,2020,8,18347,2020-03-26,3,13,86,46,5.082872928176796
87,2020,0,18348,2020-03-27,3,13,87,46,5.082872928176796
88,2020,0,18349,2020-03-28,3,13,88,46,5.082872928176796
89,2020,5,18350,2020-03-29,3,13,89,51,5.6353591160221
90,2020,5,18351,2020-03-30,3,13,90,56,6.1878453038674035
91,2020,13,18352,2020-03-31,3,13,91,69,7.624309392265194
92,2020,20,18353,2020-04-01,4,14,92,89,9.83425414364641
93,2020,3,18354,2020-04-02,4,14,93,92,10.165745856353592
94,2020,25,18355,2020-04-03,4,14,94,117,12.928176795580109
95,2020,22,18356,2020-04-04,4,14,95,139,15.359116022099448
96,2020,28,18357,2020-04-05,4,14,96,167,18.45303867403315
97,2020,39,18358,2020-04-06,4,14,97,206,22.76243093922652
98,2020,35,18359,2020-04-07,4,14,98,241,26.629834254143645
99,2020,73,18360,2020-04-08,4,15,99,314,34.69613259668508
100,2020,63,18361,2020-04-09,4,15,100,377,41.65745856353591
101,2020,65,18362,2020-04-10,4,15,101,442,48.83977900552486
102,2020,55,18363,2020-04-11,4,15,102,497,54.9171270718232
103,2020,56,18364,2020-04-12,4,15,103,553,61.1049723756906
104,2020,30,18365,2020-04-13,4,15,104,583,64.41988950276243
105,2020,31,18366,2020-04-14,4,15,105,614,67.84530386740332
106,2020,27,18367,2020-04-15,4,16,106,641,70.82872928176795
107,2020,0,18368,2020-04-16,4,16,107,641,70.82872928176795
108,2020,54,18369,2020-04-17,4,16,108,695,76.79558011049724
109,2020,47,18370,2020-04-18,4,16,109,742,81.98895027624309
110,2020,9,18371,2020-04-19,4,16,110,751,82.98342541436465
111,2020,18,18372,2020-04-20,4,16,111,769,84.97237569060773
112,2020,40,18373,2020-04-21,4,16,112,809,89.39226519337016
113,2020,14,18374,2020-04-22,4,17,113,823,90.93922651933701
114,2020,15,18375,2020-04-23,4,17,114,838,92.59668508287294
115,2020,0,18376,2020-04-24,4,17,115,838,92.59668508287294
116,2020,7,18377,2020-04-25,4,17,116,845,93.37016574585635
117,2020,10,18378,2020-04-26,4,17,117,855,94.47513812154696
118,2020,31,18379,2020-04-27,4,17,118,886,97.90055248618785
119,2020,16,18380,2020-04-28,4,17,119,902,99.66850828729282
120,2020,2,18381,2020-04-29,4,18,120,904,99.88950276243094
121,2020,0,18382,2020-04-30,4,18,121,904,99.88950276243094
122,2020,0,18383,2020-05-01,5,18,122,904,99.88950276243094
123,2020,0,18384,2020-05-02,5,18,123,904,99.88950276243094
124,2020,1,18385,2020-05-03,5,18,124,905,100
125,2020,0,18386,2020-05-04,5,18,125,905,100
126,2020,0,18387,2020-05-05,5,18,126,905,100
127,2020,0,18388,2020-05-06,5,19,127,905,100
128,2020,0,18389,2020-05-07,5,19,128,905,100
129,2020,0,18390,2020-05-08,5,19,129,905,100
130,2020,0,18391,2020-05-09,5,19,130,905,100
131,2020,0,18392,2020-05-10,5,19,131,905,100
132,2020,0,18393,2020-05-11,5,19,132,905,100
133,2020,0,18394,2020-05-12,5,19,133,905,100
134,2020,0,18395,2020-05-13,5,20,134,905,100
135,2020,0,18396,2020-05-14,5,20,135,905,100
136,2020,0,18397,2020-05-15,5,20,136,905,100
137,2020,0,18398,2020-05-16,5,20,137,905,100
138,2020,0,18399,2020-05-17,5,20,138,905,100
139,2020,0,18400,2020-05-18,5,20,139,905,100
140,2020,0,18401,2020-05-19,5,20,140,905,100
141,2020,0,18402,2020-05-20,5,21,141,905,100
142,2020,0,18403,2020-05-21,5,21,142,905,100
143,2020,0,18404,2020-05-22,5,21,143,905,100
144,2020,0,18405,2020-05-23,5,21,144,905,100
145,2020,0,18406,2020-05-24,5,21,145,905,100
146,2020,0,18407,2020-05-25,5,21,146,905,100
147,2020,0,18408,2020-05-26,5,21,147,905,100
148,2020,0,18409,2020-05-27,5,22,148,905,100
149,2020,0,18410,2020-05-28,5,22,149,905,100
150,2020,0,18411,2020-05-29,5,22,150,905,100
151,2020,0,18412,2020-05-30,5,22,151,905,100
152,2020,0,18413,2020-05-31,5,22,152,905,100
153,2020,0,18414,2020-06-01,6,22,153,905,100
154,2020,0,18415,2020-06-02,6,22,154,905,100
155,2020,0,18416,2020-06-03,6,23,155,905,100
156,2020,0,18417,2020-06-04,6,23,156,905,100
157,2020,0,18418,2020-06-05,6,23,157,905,100
158,2020,0,18419,2020-06-06,6,23,158,905,100
159,2020,0,18420,2020-06-07,6,23,159,905,100
160,2020,0,18421,2020-06-08,6,23,160,905,100
161,2020,0,18422,2020-06-09,6,23,161,905,100
162,2020,0,18423,2020-06-10,6,24,162,905,100
163,2020,0,18424,2020-06-11,6,24,163,905,100
164,2020,0,18425,2020-06-12,6,24,164,905,100
165,2020,0,18426,2020-06-13,6,24,165,905,100
166,2020,0,18427,2020-06-14,6,24,166,905,100
167,2020,0,18428,2020-06-15,6,24,167,905,100
168,2020,0,18429,2020-06-16,6,24,168,905,100
169,2020,0,18430,2020-06-17,6,25,169,905,100
170,2020,0,18431,2020-06-18,6,25,170,905,100
171,2020,0,18432,2020-06-19,6,25,171,905,100
172,2020,0,18433,2020-06-20,6,25,172,905,100
173,2020,0,18434,2020-06-21,6,25,173,905,100
174,2020,0,18435,2020-06-22,6,25,174,905,100
175,2020,0,18436,2020-06-23,6,25,175,905,100
176,2020,0,18437,2020-06-24,6,26,176,905,100
177,2020,0,18438,2020-06-25,6,26,177,905,100
178,2020,0,18439,2020-06-26,6,26,178,905,100
179,2020,0,18440,2020-06-27,6,26,179,905,100
180,2020,0,18441,2020-06-28,6,26,180,905,100
1,2021,0,18628,2021-01-01,1,1,1,0,0
2,2021,0,18629,2021-01-02,1,1,2,0,0
3,2021,0,18630,2021-01-03,1,1,3,0,0
4,2021,0,18631,2021-01-04,1,1,4,0,0
5,2021,0,18632,2021-01-05,1,1,5,0,0
6,2021,0,18633,2021-01-06,1,1,6,0,0
7,2021,0,18634,2021-01-07,1,1,7,0,0
8,2021,0,18635,2021-01-08,1,2,8,0,0
9,2021,0,18636,2021-01-09,1,2,9,0,0
10,2021,0,18637,2021-01-10,1,2,10,0,0
11,2021,0,18638,2021-01-11,1,2,11,0,0
12,2021,0,18639,2021-01-12,1,2,12,0,0
13,2021,0,18640,2021-01-13,1,2,13,0,0
14,2021,0,18641,2021-01-14,1,2,14,0,0
15,2021,0,18642,2021-01-15,1,3,15,0,0
16,2021,0,18643,2021-01-16,1,3,16,0,0
17,2021,0,18644,2021-01-17,1,3,17,0,0
18,2021,0,18645,2021-01-18,1,3,18,0,0
19,2021,0,18646,2021-01-19,1,3,19,0,0
20,2021,0,18647,2021-01-20,1,3,20,0,0
21,2021,0,18648,2021-01-21,1,3,21,0,0
22,2021,0,18649,2021-01-22,1,4,22,0,0
23,2021,0,18650,2021-01-23,1,4,23,0,0
24,2021,0,18651,2021-01-24,1,4,24,0,0
25,2021,0,18652,2021-01-25,1,4,25,0,0
26,2021,0,18653,2021-01-26,1,4,26,0,0
27,2021,0,18654,2021-01-27,1,4,27,0,0
28,2021,0,18655,2021-01-28,1,4,28,0,0
29,2021,0,18656,2021-01-29,1,5,29,0,0
30,2021,0,18657,2021-01-30,1,5,30,0,0
31,2021,0,18658,2021-01-31,1,5,31,0,0
32,2021,0,18659,2021-02-01,2,5,32,0,0
33,2021,0,18660,2021-02-02,2,5,33,0,0
34,2021,0,18661,2021-02-03,2,5,34,0,0
35,2021,0,18662,2021-02-04,2,5,35,0,0
36,2021,0,18663,2021-02-05,2,6,36,0,0
37,2021,0,18664,2021-02-06,2,6,37,0,0
38,2021,0,18665,2021-02-07,2,6,38,0,0
39,2021,0,18666,2021-02-08,2,6,39,0,0
40,2021,0,18667,2021-02-09,2,6,40,0,0
41,2021,0,18668,2021-02-10,2,6,41,0,0
42,2021,0,18669,2021-02-11,2,6,42,0,0
43,2021,0,18670,2021-02-12,2,7,43,0,0
44,2021,0,18671,2021-02-13,2,7,44,0,0
45,2021,0,18672,2021-02-14,2,7,45,0,0
46,2021,0,18673,2021-02-15,2,7,46,0,0
47,2021,0,18674,2021-02-16,2,7,47,0,0
48,2021,0,18675,2021-02-17,2,7,48,0,0
49,2021,0,18676,2021-02-18,2,7,49,0,0
50,2021,0,18677,2021-02-19,2,8,50,0,0
51,2021,0,18678,2021-02-20,2,8,51,0,0
52,2021,0,18679,2021-02-21,2,8,52,0,0
53,2021,0,18680,2021-02-22,2,8,53,0,0
54,2021,0,18681,2021-02-23,2,8,54,0,0
55,2021,0,18682,2021-02-24,2,8,55,0,0
56,2021,0,18683,2021-02-25,2,8,56,0,0
57,2021,0,18684,2021-02-26,2,9,57,0,0
58,2021,0,18685,2021-02-27,2,9,58,0,0
59,2021,0,18686,2021-02-28,2,9,59,0,0
60,2021,0,18687,2021-03-01,3,9,60,0,0
61,2021,0,18688,2021-03-02,3,9,61,0,0
62,2021,0,18689,2021-03-03,3,9,62,0,0
63,2021,0,18690,2021-03-04,3,9,63,0,0
64,2021,0,18691,2021-03-05,3,10,64,0,0
65,2021,0,18692,2021-03-06,3,10,65,0,0
66,2021,0,18693,2021-03-07,3,10,66,0,0
67,2021,2,18694,2021-03-08,3,10,67,2,0.182648401826484
68,2021,1,18695,2021-03-09,3,10,68,3,0.273972602739726
69,2021,3,18696,2021-03-10,3,10,69,6,0.547945205479452
70,2021,4,18697,2021-03-11,3,10,70,10,0.91324200913242
71,2021,18,18698,2021-03-12,3,11,71,28,2.5570776255707766
72,2021,12,18699,2021-03-13,3,11,72,40,3.65296803652968
73,2021,1,18700,2021-03-14,3,11,73,41,3.744292237442922
74,2021,2,18701,2021-03-15,3,11,74,43,3.9269406392694064
75,2021,1,18702,2021-03-16,3,11,75,44,4.018264840182648
76,2021,5,18703,2021-03-17,3,11,76,49,4.474885844748858
77,2021,2,18704,2021-03-18,3,11,77,51,4.657534246575342
78,2021,4,18705,2021-03-19,3,12,78,55,5.0228310502283104
79,2021,2,18706,2021-03-20,3,12,79,57,5.205479452054795
80,2021,1,18707,2021-03-21,3,12,80,58,5.296803652968037
81,2021,3,18708,2021-03-22,3,12,81,61,5.570776255707763
82,2021,0,18709,2021-03-23,3,12,82,61,5.570776255707763
83,2021,3,18710,2021-03-24,3,12,83,64,5.844748858447488
84,2021,7,18711,2021-03-25,3,12,84,71,6.4840182648401825
85,2021,32,18712,2021-03-26,3,13,85,103,9.406392694063927
86,2021,6,18713,2021-03-27,3,13,86,109,9.954337899543379
87,2021,6,18714,2021-03-28,3,13,87,115,10.50228310502283
88,2021,11,18715,2021-03-29,3,13,88,126,11.506849315068493
89,2021,18,18716,2021-03-30,3,13,89,144,13.150684931506849
90,2021,27,18717,2021-03-31,3,13,90,171,15.616438356164384
91,2021,10,18718,2021-04-01,4,13,91,181,16.5296803652968
92,2021,28,18719,2021-04-02,4,14,92,209,19.086757990867582
93,2021,10,18720,2021-04-03,4,14,93,219,20
94,2021,23,18721,2021-04-04,4,14,94,242,22.100456621004565
95,2021,18,18722,2021-04-05,4,14,95,260,23.74429223744292
96,2021,7,18723,2021-04-06,4,14,96,267,24.383561643835616
97,2021,15,18724,2021-04-07,4,14,97,282,25.753424657534246
98,2021,30,18725,2021-04-08,4,14,98,312,28.493150684931507
99,2021,19,18726,2021-04-09,4,15,99,331,30.228310502283108
100,2021,235,18727,2021-04-10,4,15,100,566,51.68949771689497
101,2021,27,18728,2021-04-11,4,15,101,593,54.155251141552505
102,2021,29,18729,2021-04-12,4,15,102,622,56.80365296803653
103,2021,31,18730,2021-04-13,4,15,103,653,59.634703196347026
104,2021,19,18731,2021-04-14,4,15,104,672,61.369863013698634
105,2021,10,18732,2021-04-15,4,15,105,682,62.28310502283105
106,2021,14,18733,2021-04-16,4,16,106,696,63.561643835616444
107,2021,14,18734,2021-04-17,4,16,107,710,64.84018264840182
108,2021,9,18735,2021-04-18,4,16,108,719,65.662100456621
109,2021,21,18736,2021-04-19,4,16,109,740,67.57990867579909
110,2021,7,18737,2021-04-20,4,16,110,747,68.21917808219177
111,2021,18,18738,2021-04-21,4,16,111,765,69.86301369863014
112,2021,33,18739,2021-04-22,4,16,112,798,72.87671232876713
113,2021,27,18740,2021-04-23,4,17,113,825,75.34246575342466
114,2021,25,18741,2021-04-24,4,17,114,850,77.6255707762557
115,2021,17,18742,2021-04-25,4,17,115,867,79.17808219178082
116,2021,10,18743,2021-04-26,4,17,116,877,80.09132420091323
117,2021,26,18744,2021-04-27,4,17,117,903,82.46575342465754
118,2021,24,18745,2021-04-28,4,17,118,927,84.65753424657534
119,2021,24,18746,2021-04-29,4,17,119,951,86.84931506849315
120,2021,10,18747,2021-04-30,4,18,120,961,87.76255707762557
121,2021,13,18748,2021-05-01,5,18,121,974,88.94977168949771
122,2021,21,18749,2021-05-02,5,18,122,995,90.8675799086758
123,2021,13,18750,2021-05-03,5,18,123,1008,92.05479452054794
124,2021,10,18751,2021-05-04,5,18,124,1018,92.96803652968036
125,2021,16,18752,2021-05-05,5,18,125,1034,94.42922374429223
126,2021,30,18753,2021-05-06,5,18,126,1064,97.1689497716895
127,2021,5,18754,2021-05-07,5,19,127,1069,97.62557077625571
128,2021,11,18755,2021-05-08,5,19,128,1080,98.63013698630137
129,2021,3,18756,2021-05-09,5,19,129,1083,98.9041095890411
130,2021,2,18757,2021-05-10,5,19,130,1085,99.08675799086758
131,2021,0,18758,2021-05-11,5,19,131,1085,99.08675799086758
132,2021,7,18759,2021-05-12,5,19,132,1092,99.72602739726028
133,2021,1,18760,2021-05-13,5,19,133,1093,99.81735159817352
134,2021,1,18761,2021-05-14,5,20,134,1094,99.90867579908675
135,2021,0,18762,2021-05-15,5,20,135,1094,99.90867579908675
136,2021,1,18763,2021-05-16,5,20,136,1095,100
137,2021,0,18764,2021-05-17,5,20,137,1095,100
138,2021,0,18765,2021-05-18,5,20,138,1095,100
139,2021,0,18766,2021-05-19,5,20,139,1095,100
140,2021,0,18767,2021-05-20,5,20,140,1095,100
141,2021,0,18768,2021-05-21,5,21,141,1095,100
142,2021,0,18769,2021-05-22,5,21,142,1095,100
143,2021,0,18770,2021-05-23,5,21,143,1095,100
144,2021,0,18771,2021-05-24,5,21,144,1095,100
145,2021,0,18772,2021-05-25,5,21,145,1095,100
146,2021,0,18773,2021-05-26,5,21,146,1095,100
147,2021,0,18774,2021-05-27,5,21,147,1095,100
148,2021,0,18775,2021-05-28,5,22,148,1095,100
149,2021,0,18776,2021-05-29,5,22,149,1095,100
150,2021,0,18777,2021-05-30,5,22,150,1095,100
151,2021,0,18778,2021-05-31,5,22,151,1095,100
152,2021,0,18779,2021-06-01,6,22,152,1095,100
153,2021,0,18780,2021-06-02,6,22,153,1095,100
154,2021,0,18781,2021-06-03,6,22,154,1095,100
155,2021,0,18782,2021-06-04,6,23,155,1095,100
156,2021,0,18783,2021-06-05,6,23,156,1095,100
157,2021,0,18784,2021-06-06,6,23,157,1095,100
158,2021,0,18785,2021-06-07,6,23,158,1095,100
159,2021,0,18786,2021-06-08,6,23,159,1095,100
160,2021,0,18787,2021-06-09,6,23,160,1095,100
161,2021,0,18788,2021-06-10,6,23,161,1095,100
162,2021,0,18789,2021-06-11,6,24,162,1095,100
163,2021,0,18790,2021-06-12,6,24,163,1095,100
164,2021,0,18791,2021-06-13,6,24,164,1095,100
165,2021,0,18792,2021-06-14,6,24,165,1095,100
166,2021,0,18793,2021-06-15,6,24,166,1095,100
167,2021,0,18794,2021-06-16,6,24,167,1095,100
168,2021,0,18795,2021-06-17,6,24,168,1095,100
169,2021,0,18796,2021-06-18,6,25,169,1095,100
170,2021,0,18797,2021-06-19,6,25,170,1095,100
171,2021,0,18798,2021-06-20,6,25,171,1095,100
172,2021,0,18799,2021-06-21,6,25,172,1095,100
173,2021,0,18800,2021-06-22,6,25,173,1095,100
174,2021,0,18801,2021-06-23,6,25,174,1095,100
175,2021,0,18802,2021-06-24,6,25,175,1095,100
176,2021,0,18803,2021-06-25,6,26,176,1095,100
177,2021,0,18804,2021-06-26,6,26,177,1095,100
178,2021,0,18805,2021-06-27,6,26,178,1095,100
179,2021,0,18806,2021-06-28,6,26,179,1095,100
180,2021,0,18807,2021-06-29,6,26,180,1095,100
